{"type":"FeatureCollection", "features": [
{"type":"Feature","geometry":{"type":"MultiPolygon","coordinates":[[[[-102.45642,23.12245],[-102.45371,23.12731],[-102.45261,23.13897],[-102.45687,23.1323],[-102.45566,23.12643],[-102.45822,23.12983],[-102.46024,23.12461],[-102.45642,23.12245]]],[[[-102.46762,23.10358],[-102.46798,23.10242],[-102.46966,23.09709],[-102.47001,23.09597],[-102.47026,23.09488],[-102.47015,23.09441],[-102.46245,23.10242],[-102.45926,23.10743],[-102.45872,23.11501],[-102.46367,23.11554],[-102.46762,23.10358]]],[[[-102.5311,23.63697],[-102.53039,23.63697],[-102.52956,23.6378],[-102.52873,23.63863],[-102.52706,23.63947],[-102.52623,23.6403],[-102.52623,23.64082],[-102.5295,23.64085],[-102.5311,23.63697]]],[[[-102.53282,23.63281],[-102.53206,23.63281],[-102.53206,23.63366],[-102.53282,23.63281]]],[[[-102.55177,23.56703],[-102.55121,23.56703],[-102.54954,23.56786],[-102.54954,23.56808],[-102.55177,23.56703]]],[[[-102.55206,23.56619],[-102.55204,23.56619],[-102.55204,23.56627],[-102.55206,23.56619]]],[[[-102.49093,23.08351],[-102.49071,23.08393],[-102.4895,23.08707],[-102.49286,23.08717],[-102.49232,23.08172],[-102.49093,23.08351]]],[[[-103.49816,23.02876],[-103.50412,23.03277],[-103.50659,23.02773],[-103.49615,23.02703],[-103.49816,23.02876]]],[[[-103.50282,23.02206],[-103.50441,23.02513],[-103.50495,23.01965],[-103.50282,23.02206]]],[[[-103.48982,23.01677],[-103.4934,23.02178],[-103.49847,23.02181],[-103.49959,23.01682],[-103.50322,23.018],[-103.50658,23.01418],[-103.49828,23.01184],[-103.49069,23.01154],[-103.48982,23.01677]]],[[[-103.50096,23.01126],[-103.49812,23.00919],[-103.49695,23.00436],[-103.5004,23.00359],[-103.50305,22.99854],[-103.49878,22.99591],[-103.50543,22.99758],[-103.50709,22.98774],[-103.50432,22.98726],[-103.49964,22.99149],[-103.49437,22.98475],[-103.49046,22.98378],[-103.49162,22.9807],[-103.50124,22.98257],[-103.50062,22.97801],[-103.48825,22.97631],[-103.49047,22.9747],[-103.49487,22.97679],[-103.49651,22.97304],[-103.4913,22.97056],[-103.49135,22.96696],[-103.48407,22.96546],[-103.48841,22.96172],[-103.46715,22.95722],[-103.4669,22.95497],[-103.4606,22.9644],[-103.45949,22.97189],[-103.46348,22.97155],[-103.46486,22.9688],[-103.46888,22.97382],[-103.46626,22.97568],[-103.46874,22.97919],[-103.47606,22.98402],[-103.47525,22.98562],[-103.46469,22.97763],[-103.47031,22.9843],[-103.4696,22.98902],[-103.47331,22.99432],[-103.47901,22.99396],[-103.48048,23.00048],[-103.48439,23.00325],[-103.48554,23.00755],[-103.50096,23.01126]],[[-103.49043,22.9971],[-103.49135,22.9937],[-103.495,22.99392],[-103.49441,22.99854],[-103.49043,22.9971]],[[-103.47665,22.97951],[-103.47429,22.97415],[-103.48247,22.9745],[-103.4801,22.97834],[-103.47665,22.97951]]],[[[-103.46207,22.97609],[-103.46413,22.97709],[-103.46738,22.97289],[-103.46448,22.97019],[-103.46207,22.97609]]],[[[-103.50118,22.97594],[-103.50309,22.97596],[-103.50111,22.97037],[-103.50125,22.96427],[-103.49153,22.96233],[-103.49591,22.9647],[-103.49295,22.97071],[-103.49856,22.97296],[-103.50011,22.96941],[-103.50118,22.97594]]],[[[-103.50675,23.00279],[-103.50731,23.00173],[-103.50265,22.99974],[-103.5058,23.00458],[-103.50627,23.0037],[-103.50675,23.00279]]],[[[-103.47196,22.94862],[-103.47609,22.9467],[-103.47979,22.94237],[-103.48319,22.9312],[-103.48217,22.92702],[-103.48751,22.92286],[-103.48619,22.91744],[-103.49041,22.89736],[-103.49188,22.89468],[-103.4892,22.89133],[-103.48246,22.89387],[-103.47346,22.89417],[-103.46077,22.91203],[-103.46539,22.91431],[-103.46712,22.919],[-103.47204,22.9193],[-103.47784,22.91531],[-103.4763,22.92476],[-103.47151,22.93528],[-103.46948,22.94334],[-103.47196,22.94862]]],[[[-103.49592,22.92455],[-103.50045,22.91731],[-103.49915,22.91546],[-103.49083,22.91576],[-103.48966,22.91333],[-103.48946,22.92356],[-103.49592,22.92455]]],[[[-103.53993,22.87679],[-103.54517,22.87447],[-103.53874,22.87496],[-103.53993,22.87679]]],[[[-103.54463,22.86651],[-103.54501,22.87079],[-103.54886,22.86767],[-103.54648,22.86188],[-103.54008,22.86443],[-103.54463,22.86651]]],[[[-103.3955,22.82458],[-103.38701,22.82509],[-103.38342,22.82898],[-103.38814,22.83192],[-103.3955,22.82458]]],[[[-104.0901,22.65454],[-104.09024,22.65782],[-104.09506,22.65639],[-104.09281,22.65173],[-104.09737,22.64803],[-104.10014,22.65149],[-104.10136,22.64758],[-104.09755,22.64087],[-104.10038,22.64128],[-104.09728,22.63027],[-104.08917,22.62975],[-104.08761,22.63657],[-104.08997,22.63803],[-104.0901,22.65454]]],[[[-103.40407,22.72686],[-103.40539,22.73148],[-103.40696,22.72864],[-103.40407,22.72686]]],[[[-103.56892,23.99605],[-103.56848,23.99324],[-103.56792,23.99079],[-103.56333,23.99167],[-103.56417,23.99632],[-103.56892,23.99605]]],[[[-103.45077,23.98697],[-103.45111,23.98322],[-103.43903,23.98598],[-103.43836,23.9855],[-103.43569,23.98594],[-103.43763,23.99695],[-103.43817,23.99997],[-103.43266,23.9992],[-103.4301,24.00167],[-103.43011,24.01186],[-103.43453,24.01263],[-103.43393,24.00844],[-103.43968,24.00838],[-103.43906,24.00518],[-103.45386,24.00501],[-103.45937,24.00352],[-103.45962,23.99774],[-103.45231,23.99363],[-103.45077,23.98697]]],[[[-103.31561,23.98984],[-103.31428,23.98876],[-103.31157,23.98656],[-103.31369,23.99153],[-103.31371,23.99162],[-103.31477,23.99857],[-103.31954,24.00019],[-103.32011,24.00036],[-103.32428,24.00162],[-103.32287,24.00405],[-103.31415,24.00788],[-103.31466,24.01417],[-103.3132,24.01623],[-103.31242,24.01817],[-103.30944,24.02467],[-103.30937,24.02483],[-103.30965,24.02565],[-103.31169,24.0227],[-103.31531,24.02394],[-103.31388,24.02732],[-103.32,24.02962],[-103.31846,24.03299],[-103.32862,24.03691],[-103.33279,24.03256],[-103.33514,24.02757],[-103.31993,24.0257],[-103.32142,24.02235],[-103.31685,24.02064],[-103.32681,23.99904],[-103.32146,23.99459],[-103.31561,23.98984]]],[[[-103.85044,23.75294],[-103.85431,23.76035],[-103.85631,23.7608],[-103.85723,23.75915],[-103.85044,23.75294]]],[[[-103.4079,23.96586],[-103.41232,23.96493],[-103.41029,23.95337],[-103.40669,23.95217],[-103.4059,23.94797],[-103.39599,23.94522],[-103.39478,23.94887],[-103.38798,23.94778],[-103.38672,23.95051],[-103.38083,23.94827],[-103.37976,23.95609],[-103.37619,23.95969],[-103.39409,23.96594],[-103.39454,23.96496],[-103.4079,23.96586]]],[[[-103.3061,23.94162],[-103.31333,23.94419],[-103.31542,23.9405],[-103.31924,23.94183],[-103.32119,23.93792],[-103.31699,23.93655],[-103.31963,23.93328],[-103.31153,23.9347],[-103.31573,23.93615],[-103.314,23.93986],[-103.30809,23.93802],[-103.3061,23.94162]]],[[[-103.54924,23.93532],[-103.54763,23.93933],[-103.55123,23.93852],[-103.54924,23.93532]]],[[[-103.54803,23.94103],[-103.54878,23.94256],[-103.55437,23.93985],[-103.54803,23.94103]]],[[[-103.66831,23.92416],[-103.67237,23.92414],[-103.67347,23.91979],[-103.66947,23.9197],[-103.66831,23.92416]]],[[[-103.71364,23.90759],[-103.71805,23.91037],[-103.71912,23.90376],[-103.71507,23.90339],[-103.71364,23.90759]]],[[[-103.76943,23.88541],[-103.77244,23.88851],[-103.77471,23.88526],[-103.76943,23.88541]]],[[[-103.62899,23.86522],[-103.63266,23.86511],[-103.6325,23.86227],[-103.62899,23.86522]]],[[[-103.75319,23.73406],[-103.75062,23.73569],[-103.74997,23.74055],[-103.75813,23.74004],[-103.75864,23.73331],[-103.75351,23.72854],[-103.75059,23.73045],[-103.75319,23.73406]]],[[[-103.40364,23.64651],[-103.40094,23.64662],[-103.40261,23.65309],[-103.40797,23.6541],[-103.4034,23.64999],[-103.40378,23.64718],[-103.40364,23.64651]]],[[[-103.62583,23.22072],[-103.63308,23.22016],[-103.6309,23.21384],[-103.63227,23.21116],[-103.62861,23.20966],[-103.63296,23.20852],[-103.63493,23.20473],[-103.63188,23.19972],[-103.6294,23.20047],[-103.62607,23.2106],[-103.62109,23.21651],[-103.62323,23.22058],[-103.62583,23.22072]]],[[[-103.63055,23.19163],[-103.62993,23.18809],[-103.62707,23.19037],[-103.63055,23.19163]]],[[[-103.62304,23.18217],[-103.62177,23.18196],[-103.62298,23.18504],[-103.62757,23.1845],[-103.62304,23.18217]]],[[[-103.3149,23.98196],[-103.32097,23.97744],[-103.31783,23.97616],[-103.3149,23.98196]]],[[[-103.33399,23.66059],[-103.34398,23.65845],[-103.32995,23.65698],[-103.33399,23.66059]]],[[[-103.37251,23.65668],[-103.3824,23.65885],[-103.38139,23.65629],[-103.38899,23.65621],[-103.38997,23.65396],[-103.38181,23.65345],[-103.38112,23.64866],[-103.38452,23.64629],[-103.38085,23.63954],[-103.37172,23.63877],[-103.37395,23.64559],[-103.37076,23.65604],[-103.37251,23.65668]]],[[[-103.33726,23.64894],[-103.3397,23.65299],[-103.34737,23.65276],[-103.34218,23.64788],[-103.33726,23.64894]]],[[[-103.12132,23.62115],[-103.12056,23.61892],[-103.11792,23.6212],[-103.11882,23.62439],[-103.12132,23.62115]]],[[[-103.23862,23.61613],[-103.24329,23.61379],[-103.24706,23.61488],[-103.24803,23.60857],[-103.25746,23.61227],[-103.25589,23.60856],[-103.25986,23.60817],[-103.25061,23.59964],[-103.24501,23.59632],[-103.23808,23.60305],[-103.23446,23.60298],[-103.23805,23.61181],[-103.2422,23.61174],[-103.23862,23.61613]]],[[[-103.11398,23.61298],[-103.11383,23.60969],[-103.10842,23.61072],[-103.11283,23.61496],[-103.11398,23.61298]]],[[[-103.31661,23.60089],[-103.32011,23.60223],[-103.32048,23.59911],[-103.31661,23.60089]]],[[[-103.20648,23.62693],[-103.20152,23.62753],[-103.19826,23.63419],[-103.20064,23.63354],[-103.20233,23.6285],[-103.20648,23.62693]]],[[[-103.32181,23.62749],[-103.325,23.62791],[-103.32742,23.62483],[-103.32394,23.62165],[-103.32061,23.62379],[-103.32181,23.62749]]],[[[-103.35713,23.62611],[-103.36786,23.62739],[-103.36617,23.62424],[-103.35576,23.62468],[-103.35713,23.62611]]],[[[-103.21641,23.58867],[-103.21976,23.58843],[-103.2123,23.58178],[-103.21003,23.5857],[-103.21331,23.58538],[-103.21641,23.58867]]],[[[-103.2672,23.55354],[-103.27152,23.54693],[-103.26629,23.54745],[-103.26309,23.55002],[-103.2672,23.55354]]],[[[-103.29409,23.97235],[-103.29348,23.97326],[-103.29247,23.97925],[-103.29494,23.98106],[-103.29557,23.9818],[-103.29559,23.98182],[-103.29698,23.98279],[-103.29798,23.98291],[-103.29939,23.97992],[-103.3003,23.98317],[-103.30863,23.98413],[-103.30864,23.98413],[-103.3026,23.97911],[-103.3044,23.97587],[-103.29409,23.97235]]],[[[-102.49788,23.03738],[-102.48903,23.03863],[-102.48602,23.042],[-102.48428,23.05174],[-102.48771,23.05147],[-102.49788,23.03738]]],[[[-102.48982,23.02322],[-102.48947,23.02898],[-102.49173,23.03528],[-102.49555,23.03195],[-102.49697,23.0307],[-102.50189,23.02792],[-102.50163,23.03227],[-102.50492,23.02775],[-102.49351,23.02205],[-102.48982,23.02322]]],[[[-103.20399,21.24968],[-103.2109,21.24706],[-103.20494,21.24557],[-103.20399,21.24968]]],[[[-103.58031,24.17906],[-103.57956,24.17992],[-103.58093,24.17955],[-103.58031,24.17906]]],[[[-103.60396,24.15303],[-103.60577,24.15115],[-103.61955,24.12256],[-103.62201,24.11746],[-103.62202,24.11746],[-103.63597,24.11029],[-103.64043,24.11738],[-103.64079,24.11796],[-103.64501,24.12466],[-103.64518,24.12494],[-103.65439,24.13956],[-103.65603,24.14224],[-103.65806,24.14554],[-103.66007,24.14884],[-103.66036,24.14933],[-103.67673,24.1404],[-103.67693,24.14029],[-103.67898,24.13917],[-103.68007,24.13859],[-103.68538,24.13572],[-103.68032,24.1353],[-103.68239,24.13266],[-103.68393,24.12348],[-103.68782,24.12153],[-103.69072,24.11565],[-103.68727,24.1103],[-103.67077,24.1136],[-103.65921,24.10331],[-103.65913,24.09967],[-103.65669,24.09874],[-103.65596,24.09862],[-103.65065,24.09866],[-103.64751,24.09539],[-103.64098,24.09269],[-103.6382,24.09603],[-103.63681,24.09269],[-103.63147,24.09449],[-103.62925,24.09219],[-103.62041,24.09462],[-103.6195,24.09744],[-103.61058,24.10231],[-103.60785,24.10923],[-103.60658,24.11157],[-103.60449,24.11466],[-103.60018,24.11606],[-103.59501,24.11681],[-103.59243,24.12124],[-103.59411,24.12849],[-103.58536,24.13404],[-103.57634,24.13966],[-103.57318,24.14767],[-103.56737,24.15723],[-103.56934,24.16675],[-103.57661,24.16777],[-103.58668,24.17104],[-103.60396,24.15303]]],[[[-103.36864,24.06081],[-103.37835,24.05641],[-103.36861,24.05649],[-103.36864,24.06081]]],[[[-103.32919,24.01755],[-103.33909,24.01927],[-103.34247,24.01183],[-103.33953,24.00928],[-103.33318,24.00875],[-103.32919,24.01755]]],[[[-103.12451,21.4398],[-103.12467,21.43895],[-103.12481,21.43882],[-103.12532,21.43833],[-103.12061,21.43816],[-103.11758,21.43491],[-103.11718,21.4294],[-103.12137,21.42593],[-103.12592,21.41806],[-103.12484,21.40831],[-103.12821,21.39551],[-103.13612,21.3876],[-103.14303,21.38728],[-103.14015,21.38314],[-103.13343,21.38712],[-103.13084,21.3867],[-103.12883,21.3907],[-103.12517,21.39268],[-103.1243,21.40202],[-103.12219,21.40573],[-103.12402,21.40798],[-103.12132,21.41931],[-103.11742,21.42705],[-103.11269,21.4307],[-103.1062,21.44166],[-103.10575,21.44001],[-103.10476,21.43863],[-103.11072,21.43009],[-103.1119,21.42766],[-103.11709,21.4262],[-103.11749,21.4218],[-103.12084,21.41506],[-103.11775,21.41576],[-103.11521,21.42193],[-103.11346,21.41949],[-103.10939,21.42692],[-103.10554,21.428],[-103.10295,21.43407],[-103.10309,21.43363],[-103.10325,21.43313],[-103.10425,21.42572],[-103.10184,21.42391],[-103.09734,21.42512],[-103.09762,21.42882],[-103.10395,21.4259],[-103.09986,21.42951],[-103.10172,21.43351],[-103.09927,21.43489],[-103.10165,21.43891],[-103.09468,21.44684],[-103.09388,21.45263],[-103.09203,21.44844],[-103.0858,21.44659],[-103.07932,21.44979],[-103.09022,21.45067],[-103.09132,21.45477],[-103.08679,21.46012],[-103.09136,21.46057],[-103.09261,21.47236],[-103.08937,21.47592],[-103.09567,21.47634],[-103.09153,21.47995],[-103.08508,21.48255],[-103.09019,21.48621],[-103.08929,21.49117],[-103.09309,21.49351],[-103.09341,21.49698],[-103.09933,21.50177],[-103.10512,21.4989],[-103.10278,21.49798],[-103.10133,21.4974],[-103.09539,21.49506],[-103.09281,21.48922],[-103.09525,21.48669],[-103.09841,21.48775],[-103.09469,21.48133],[-103.0999,21.48466],[-103.10471,21.4855],[-103.09806,21.47943],[-103.10407,21.48055],[-103.10359,21.47881],[-103.10343,21.47864],[-103.10474,21.47795],[-103.10622,21.47729],[-103.10431,21.47427],[-103.10887,21.47169],[-103.10095,21.46861],[-103.10929,21.46946],[-103.11175,21.46574],[-103.10795,21.46559],[-103.10792,21.4617],[-103.11106,21.45838],[-103.10976,21.45155],[-103.11116,21.44243],[-103.11582,21.44227],[-103.11702,21.44223],[-103.11263,21.43584],[-103.11681,21.43737],[-103.12037,21.44245],[-103.12451,21.4398]]],[[[-103.85584,23.30545],[-103.85952,23.30208],[-103.85395,23.29542],[-103.84855,23.29474],[-103.85302,23.30369],[-103.85584,23.30545]]],[[[-102.93792,21.70788],[-102.93826,21.71095],[-102.93828,21.71098],[-102.94002,21.71264],[-102.94067,21.71327],[-102.94132,21.71517],[-102.94251,21.7155],[-102.94573,21.71594],[-102.94613,21.71739],[-102.94727,21.71495],[-102.94795,21.71118],[-102.94383,21.70848],[-102.94694,21.70095],[-102.94151,21.70718],[-102.94718,21.71214],[-102.94638,21.71373],[-102.93792,21.70788]]],[[[-103.06256,21.52175],[-103.06364,21.51855],[-103.06187,21.52111],[-103.05997,21.52477],[-103.06256,21.52175]]],[[[-103.07708,21.52941],[-103.07899,21.52968],[-103.08143,21.51941],[-103.07544,21.51513],[-103.07296,21.5173],[-103.06962,21.51699],[-103.07248,21.51995],[-103.07566,21.51769],[-103.07772,21.52462],[-103.07704,21.52918],[-103.07708,21.52941]]],[[[-103.09091,21.52],[-103.09123,21.51999],[-103.09603,21.52066],[-103.09093,21.51988],[-103.09091,21.52]]],[[[-102.94134,21.69428],[-102.94131,21.70021],[-102.94745,21.69811],[-102.94577,21.69647],[-102.94285,21.68953],[-102.93994,21.69182],[-102.93568,21.69389],[-102.94134,21.69428]]],[[[-102.93864,21.68651],[-102.93985,21.68902],[-102.93998,21.68959],[-102.94009,21.69004],[-102.94174,21.68912],[-102.94474,21.68935],[-102.93819,21.68222],[-102.93864,21.68651]]],[[[-102.93694,21.69621],[-102.93772,21.69581],[-102.93791,21.69571],[-102.93596,21.69636],[-102.93694,21.69621]]],[[[-102.97046,21.64809],[-102.97064,21.64508],[-102.97094,21.64023],[-102.9701,21.64346],[-102.96888,21.64491],[-102.96484,21.64524],[-102.96244,21.64756],[-102.96596,21.65094],[-102.97043,21.64846],[-102.97046,21.64809]]],[[[-102.96145,21.65041],[-102.96543,21.65136],[-102.96203,21.64774],[-102.96141,21.64592],[-102.96145,21.65041]]],[[[-102.95622,21.65162],[-102.96255,21.65304],[-102.95976,21.64905],[-102.95656,21.65129],[-102.95622,21.65162]]],[[[-102.96202,21.65368],[-102.96534,21.65467],[-102.96558,21.65159],[-102.96202,21.65368]]],[[[-102.95534,21.67616],[-102.95315,21.67722],[-102.94383,21.67486],[-102.94371,21.6748],[-102.94305,21.67446],[-102.93757,21.67869],[-102.9442,21.68637],[-102.94427,21.68573],[-102.95082,21.68424],[-102.95461,21.68014],[-102.95553,21.67982],[-102.96245,21.67551],[-102.95534,21.67616]]],[[[-102.96163,21.66159],[-102.96516,21.65759],[-102.95972,21.65903],[-102.96163,21.66159]]],[[[-102.95714,21.66622],[-102.96048,21.66886],[-102.95845,21.67465],[-102.95575,21.67596],[-102.95833,21.67586],[-102.96239,21.67257],[-102.96558,21.66658],[-102.96196,21.66272],[-102.95802,21.66117],[-102.95783,21.65653],[-102.95486,21.66102],[-102.95714,21.66622]]],[[[-102.94828,21.6947],[-102.94854,21.69394],[-102.94805,21.69068],[-102.94583,21.68855],[-102.94482,21.69159],[-102.94828,21.6947]]],[[[-102.97121,21.63576],[-102.97129,21.63442],[-102.96654,21.63882],[-102.96468,21.64481],[-102.96811,21.64462],[-102.96968,21.64341],[-102.97121,21.63576]]],[[[-102.97258,21.62919],[-102.97303,21.62898],[-102.97129,21.62789],[-102.9715,21.63102],[-102.97225,21.62936],[-102.97258,21.62919]]],[[[-102.97424,21.62839],[-102.98002,21.62444],[-102.98156,21.62408],[-102.98225,21.61855],[-102.98229,21.61799],[-102.97774,21.6186],[-102.97719,21.61975],[-102.977,21.62014],[-102.97652,21.62113],[-102.97423,21.6284],[-102.97424,21.62839]]],[[[-102.98978,21.6131],[-102.98979,21.6131],[-102.99041,21.61269],[-102.99055,21.6126],[-102.99292,21.60907],[-102.98982,21.60497],[-102.98736,21.60635],[-102.98731,21.60683],[-102.98697,21.6132],[-102.98251,21.61594],[-102.98599,21.61601],[-102.98652,21.6155],[-102.98592,21.61473],[-102.98978,21.6131]]],[[[-102.98676,21.60602],[-102.98668,21.60616],[-102.98685,21.60621],[-102.98676,21.60602]]],[[[-102.98681,21.60663],[-102.98668,21.60616],[-102.98631,21.60623],[-102.98681,21.60663]]],[[[-103.01579,21.59864],[-103.01844,21.60032],[-103.01382,21.59442],[-103.01137,21.59651],[-103.01502,21.5978],[-103.01579,21.59864]]],[[[-103.04127,21.64901],[-103.0412,21.64537],[-103.03381,21.63659],[-103.04127,21.64901]]],[[[-103.01472,21.58959],[-103.01185,21.59367],[-103.01533,21.5938],[-103.01472,21.58959]]],[[[-103.03224,21.5586],[-103.03417,21.55811],[-103.03435,21.5505],[-103.03184,21.54879],[-103.02755,21.55256],[-103.03224,21.5586]]],[[[-103.03753,21.55493],[-103.04059,21.55509],[-103.04169,21.55093],[-103.04675,21.5499],[-103.04221,21.54667],[-103.03524,21.55047],[-103.03753,21.55493]]],[[[-103.02964,21.54077],[-103.02902,21.54598],[-103.03277,21.54672],[-103.02964,21.54077]]],[[[-103.05057,21.55377],[-103.05433,21.55259],[-103.05542,21.54809],[-103.05057,21.55377]]],[[[-103.06786,21.5416],[-103.06796,21.54143],[-103.06418,21.53353],[-103.06586,21.53059],[-103.06473,21.52451],[-103.06181,21.52892],[-103.06268,21.53332],[-103.06011,21.53972],[-103.06211,21.54352],[-103.06546,21.54485],[-103.06786,21.5416]]],[[[-103.05589,21.54675],[-103.05685,21.54051],[-103.05281,21.54051],[-103.05106,21.54552],[-103.05589,21.54675]]],[[[-103.05767,21.52869],[-103.05549,21.53239],[-103.06,21.5347],[-103.05767,21.52869]]],[[[-103.20635,24.12169],[-103.20749,24.12287],[-103.21626,24.11545],[-103.20853,24.10669],[-103.20219,24.11361],[-103.19845,24.11285],[-103.20192,24.11663],[-103.19935,24.11878],[-103.20322,24.12238],[-103.20635,24.12169]]],[[[-103.23905,24.05224],[-103.23894,24.05649],[-103.2427,24.05646],[-103.24269,24.05225],[-103.23905,24.05224]]],[[[-102.7903,23.47943],[-102.78812,23.48831],[-102.79104,23.49389],[-102.79353,23.4886],[-102.79784,23.48447],[-102.7968,23.48056],[-102.79498,23.47366],[-102.79209,23.47254],[-102.7903,23.47943]]],[[[-102.78018,23.47947],[-102.7831,23.48365],[-102.78439,23.47836],[-102.78823,23.47892],[-102.78927,23.47545],[-102.78377,23.4734],[-102.78018,23.47947]]],[[[-102.91343,23.52737],[-102.91595,23.5333],[-102.92026,23.53328],[-102.92033,23.52673],[-102.91343,23.52737]]],[[[-102.91223,23.50385],[-102.91624,23.50441],[-102.91676,23.50016],[-102.91285,23.49958],[-102.91223,23.50385]]],[[[-102.90958,23.49738],[-102.91746,23.49781],[-102.91696,23.49356],[-102.91426,23.49639],[-102.91073,23.49491],[-102.90958,23.49738]]],[[[-102.82228,23.46657],[-102.83078,23.46531],[-102.83337,23.45059],[-102.81862,23.45067],[-102.80869,23.45459],[-102.81081,23.46109],[-102.82337,23.46022],[-102.82228,23.46657]]],[[[-102.98724,23.45544],[-102.99289,23.45637],[-102.99304,23.45149],[-102.98862,23.45166],[-102.98724,23.45544]]],[[[-102.99754,23.46707],[-103.00117,23.46836],[-103.0048,23.46207],[-102.9997,23.46175],[-102.99825,23.4575],[-102.99393,23.45904],[-102.99754,23.46707]]],[[[-103.01554,23.4453],[-103.02223,23.44183],[-103.01546,23.44191],[-103.01554,23.4453]]],[[[-102.83357,23.4331],[-102.8368,23.4367],[-102.83812,23.43223],[-102.8352,23.42987],[-102.82894,23.42982],[-102.82916,23.43353],[-102.83357,23.4331]]],[[[-102.98253,23.43015],[-102.98532,23.43301],[-102.99159,23.43487],[-102.99277,23.42978],[-102.99579,23.4307],[-102.99802,23.42767],[-102.99455,23.42411],[-102.99854,23.42341],[-102.99923,23.41952],[-103.0032,23.41574],[-102.9899,23.41432],[-102.99355,23.41751],[-102.99103,23.42075],[-102.98651,23.41725],[-102.98268,23.42036],[-102.98436,23.42685],[-102.97967,23.42541],[-102.98253,23.43015]]],[[[-102.8318,23.42895],[-102.8398,23.42864],[-102.84084,23.42568],[-102.85046,23.42532],[-102.85094,23.41909],[-102.8389,23.41782],[-102.83764,23.42516],[-102.8257,23.42397],[-102.82582,23.42751],[-102.8318,23.42895]]],[[[-102.92299,23.41523],[-102.92721,23.41578],[-102.92748,23.40915],[-102.92582,23.4065],[-102.91567,23.40576],[-102.91568,23.40821],[-102.91132,23.41026],[-102.91556,23.41261],[-102.92282,23.413],[-102.92299,23.41523]]],[[[-102.92762,23.40692],[-102.93182,23.40473],[-102.92776,23.40432],[-102.92762,23.40692]]],[[[-102.93979,23.4049],[-102.93588,23.40485],[-102.93591,23.40874],[-102.9466,23.40989],[-102.94713,23.40586],[-102.93979,23.4049]]],[[[-102.99553,23.40464],[-103.00389,23.40674],[-103.00421,23.40314],[-102.99531,23.40281],[-102.99553,23.40464]]],[[[-102.93234,23.40033],[-102.93614,23.40037],[-102.93661,23.39699],[-102.93216,23.39673],[-102.93234,23.40033]]],[[[-102.88302,23.39569],[-102.88311,23.39836],[-102.89398,23.39808],[-102.8941,23.39534],[-102.88302,23.39569]]],[[[-103.03042,23.403],[-103.02997,23.3995],[-103.03356,23.39768],[-103.03279,23.39491],[-103.02166,23.39332],[-103.02848,23.40593],[-103.02998,23.404],[-103.03042,23.403]]],[[[-103.02521,23.4182],[-103.02943,23.41683],[-103.03159,23.40987],[-103.0284,23.40652],[-103.02333,23.39746],[-103.01915,23.39752],[-103.01988,23.40144],[-103.01561,23.40886],[-103.02179,23.41019],[-103.02521,23.4182]]],[[[-103.00705,23.40294],[-103.00998,23.40313],[-103.01228,23.40702],[-103.01256,23.40125],[-103.01627,23.40129],[-103.0154,23.39751],[-102.99942,23.39705],[-102.99953,23.39903],[-103.00965,23.39926],[-103.00705,23.40294]]],[[[-103.00308,23.39453],[-103.00832,23.39323],[-103.00307,23.39251],[-103.00308,23.39453]]],[[[-102.96123,23.39317],[-102.97247,23.39236],[-102.97686,23.37802],[-102.97426,23.37434],[-102.96786,23.37486],[-102.96799,23.37154],[-102.95919,23.37063],[-102.9592,23.37789],[-102.96212,23.37824],[-102.96192,23.38458],[-102.95929,23.38449],[-102.96123,23.39317]]],[[[-102.95287,23.38608],[-102.95279,23.3915],[-102.95882,23.3914],[-102.95287,23.38608]]],[[[-102.92737,23.38762],[-102.93058,23.39025],[-102.93619,23.38946],[-102.94004,23.3861],[-102.93782,23.38121],[-102.93314,23.38107],[-102.93293,23.37767],[-102.92717,23.37609],[-102.92737,23.38762]]],[[[-102.88509,23.38529],[-102.89154,23.38683],[-102.89272,23.37706],[-102.90047,23.37753],[-102.9005,23.3818],[-102.90661,23.38263],[-102.90656,23.37565],[-102.89983,23.37552],[-102.89874,23.37178],[-102.90371,23.3684],[-102.89937,23.36336],[-102.8954,23.36672],[-102.89674,23.37098],[-102.89151,23.37407],[-102.88521,23.37491],[-102.8845,23.38027],[-102.88104,23.37678],[-102.87719,23.37951],[-102.87269,23.37971],[-102.8734,23.38287],[-102.88314,23.38259],[-102.88509,23.38529]]],[[[-102.62442,23.37254],[-102.62966,23.36749],[-102.62837,23.36423],[-102.62554,23.36733],[-102.62442,23.37254]]],[[[-102.85741,23.3682],[-102.8611,23.36813],[-102.8622,23.36432],[-102.85283,23.36491],[-102.85291,23.36748],[-102.85741,23.3682]]],[[[-102.95928,23.36402],[-102.97263,23.363],[-102.9727,23.359],[-102.97951,23.35895],[-102.97874,23.35723],[-102.97007,23.35752],[-102.96671,23.35079],[-102.9594,23.35072],[-102.95928,23.36402]]],[[[-102.95324,23.33655],[-102.95024,23.34298],[-102.93487,23.34387],[-102.93485,23.35093],[-102.94718,23.35093],[-102.94683,23.34589],[-102.95865,23.34511],[-102.95854,23.33649],[-102.95324,23.33655]]],[[[-102.95923,23.33649],[-102.95925,23.34509],[-102.96919,23.34496],[-102.97002,23.33637],[-102.95923,23.33649]]],[[[-102.9924,23.33665],[-102.99213,23.33042],[-102.98434,23.33047],[-102.98531,23.32581],[-102.98098,23.32587],[-102.97951,23.32897],[-102.98487,23.33683],[-102.9924,23.33665]]],[[[-102.92181,23.33955],[-102.92507,23.34013],[-102.9251,23.34542],[-102.92848,23.34529],[-102.92845,23.34071],[-102.93495,23.34031],[-102.93467,23.33683],[-102.92947,23.3371],[-102.92942,23.33074],[-102.9189,23.33188],[-102.92138,23.33379],[-102.92181,23.33955]]],[[[-102.92461,23.32731],[-102.92679,23.3277],[-102.92691,23.31693],[-102.92299,23.31621],[-102.92266,23.31241],[-102.91767,23.31209],[-102.91683,23.31671],[-102.90344,23.31607],[-102.90345,23.32514],[-102.92443,23.32551],[-102.92461,23.32731]]],[[[-102.87839,23.32282],[-102.88109,23.31902],[-102.877,23.31898],[-102.87839,23.32282]]],[[[-102.96083,23.31556],[-102.95992,23.32094],[-102.96763,23.3211],[-102.96635,23.31117],[-102.96179,23.31084],[-102.96083,23.31556]]],[[[-102.99222,23.31459],[-102.99013,23.32063],[-102.99346,23.32056],[-102.99222,23.31459]]],[[[-102.9839,23.32049],[-102.98009,23.31152],[-102.97271,23.31515],[-102.96962,23.30983],[-102.97295,23.30433],[-102.97209,23.30239],[-102.96513,23.30206],[-102.96548,23.308],[-102.97457,23.32103],[-102.9839,23.32049]]],[[[-103.06649,23.3557],[-103.06948,23.3529],[-103.07542,23.35399],[-103.08321,23.34378],[-103.08632,23.34362],[-103.08151,23.34046],[-103.08287,23.33901],[-103.05087,23.31791],[-103.0548,23.31349],[-103.07294,23.31837],[-103.08012,23.30661],[-103.06048,23.3008],[-103.04758,23.29272],[-103.04218,23.28801],[-103.04853,23.29018],[-103.05306,23.28628],[-103.0617,23.28986],[-103.0675,23.27905],[-103.06192,23.27855],[-103.05165,23.27395],[-103.05281,23.2706],[-103.04874,23.26942],[-103.04827,23.27288],[-103.04357,23.27828],[-103.04054,23.27622],[-103.03787,23.28189],[-103.04226,23.28491],[-103.03746,23.28449],[-103.0307,23.29684],[-103.02408,23.29535],[-103.01736,23.30803],[-103.01263,23.30772],[-103.00882,23.31228],[-103.01254,23.31797],[-103.02625,23.32543],[-103.02098,23.32457],[-103.02024,23.32909],[-103.02744,23.33389],[-103.04171,23.34181],[-103.04158,23.34266],[-103.05849,23.35182],[-103.05817,23.34691],[-103.06311,23.3483],[-103.06746,23.35179],[-103.06116,23.35222],[-103.06649,23.3557]]],[[[-103.05057,23.38121],[-103.05274,23.38224],[-103.05997,23.37583],[-103.06015,23.37259],[-103.05477,23.36686],[-103.05456,23.36122],[-103.06057,23.36267],[-103.06244,23.36014],[-103.05937,23.3578],[-103.05833,23.35292],[-103.03737,23.34214],[-103.03718,23.34589],[-103.03284,23.34469],[-103.03232,23.34925],[-103.02613,23.34591],[-103.02629,23.33812],[-103.02179,23.33743],[-103.01976,23.34021],[-103.01841,23.36051],[-103.02938,23.35741],[-103.0288,23.36111],[-103.03142,23.36211],[-103.03102,23.36711],[-103.03295,23.37171],[-103.03521,23.36934],[-103.04228,23.37272],[-103.04325,23.3681],[-103.04863,23.37478],[-103.05057,23.38121]]],[[[-103.00158,23.36445],[-103.00201,23.37337],[-103.00546,23.38006],[-103.00334,23.38364],[-103.00636,23.38044],[-103.01787,23.38757],[-103.00515,23.36462],[-103.00158,23.36445]]],[[[-103.00748,23.36699],[-103.01169,23.36944],[-103.01156,23.37503],[-103.01708,23.37626],[-103.01784,23.36863],[-103.00738,23.36516],[-103.00748,23.36699]]],[[[-103.01511,23.38151],[-103.01978,23.38307],[-103.01915,23.37944],[-103.01348,23.37845],[-103.01511,23.38151]]],[[[-102.99771,23.39278],[-102.99785,23.39318],[-103.00136,23.39321],[-103.00032,23.38606],[-102.99776,23.38991],[-102.99771,23.39278]]],[[[-102.98944,23.37952],[-102.98979,23.37482],[-102.98763,23.36534],[-102.98241,23.36552],[-102.98079,23.36072],[-102.97337,23.36113],[-102.97865,23.37021],[-102.9781,23.37504],[-102.98612,23.37568],[-102.98944,23.37952]]],[[[-102.93303,23.37069],[-102.93325,23.37536],[-102.93619,23.3751],[-102.9364,23.37073],[-102.93303,23.37069]]],[[[-102.92127,23.37168],[-102.9211,23.37405],[-102.92716,23.37412],[-102.9272,23.37165],[-102.92127,23.37168]]],[[[-103.27393,23.36493],[-103.27029,23.36806],[-103.27589,23.36918],[-103.27965,23.36705],[-103.28166,23.35752],[-103.27873,23.3605],[-103.2797,23.36402],[-103.27485,23.36284],[-103.27393,23.36493]]],[[[-103.09056,23.3592],[-103.09371,23.36121],[-103.09243,23.35652],[-103.09056,23.3592]]],[[[-102.90609,23.29569],[-102.90643,23.30522],[-102.90951,23.30511],[-102.90856,23.29589],[-102.90609,23.29569]]],[[[-102.89447,23.30717],[-102.89824,23.30825],[-102.8981,23.30511],[-102.89432,23.30399],[-102.89447,23.30717]]],[[[-103.07429,23.25932],[-103.07908,23.26242],[-103.08146,23.26065],[-103.07601,23.25736],[-103.07429,23.25932]]],[[[-102.81048,23.19117],[-102.80988,23.19158],[-102.81136,23.19591],[-102.82242,23.19442],[-102.8229,23.18838],[-102.81041,23.19227],[-102.81048,23.19117]]],[[[-102.84264,23.18354],[-102.84656,23.18301],[-102.85398,23.18238],[-102.8529,23.17763],[-102.84848,23.17759],[-102.84583,23.17507],[-102.83802,23.1736],[-102.83094,23.18218],[-102.83521,23.19307],[-102.84018,23.19451],[-102.84128,23.19267],[-102.83723,23.19002],[-102.84066,23.18689],[-102.84264,23.18354]]],[[[-103.24593,23.16218],[-103.25079,23.16534],[-103.25725,23.16078],[-103.26289,23.16402],[-103.26613,23.15921],[-103.26179,23.16173],[-103.25562,23.15095],[-103.25111,23.15387],[-103.2557,23.15913],[-103.24843,23.16026],[-103.24593,23.16218]]],[[[-103.238,23.17124],[-103.24554,23.17184],[-103.24568,23.16493],[-103.2375,23.16342],[-103.23708,23.16508],[-103.22973,23.16494],[-103.22906,23.16641],[-103.24134,23.16722],[-103.238,23.17124]]],[[[-103.3454,23.1639],[-103.34444,23.16717],[-103.34802,23.17167],[-103.35305,23.16581],[-103.34762,23.16285],[-103.3454,23.1639]]],[[[-103.2493,23.16748],[-103.24925,23.17187],[-103.2532,23.17322],[-103.25943,23.16834],[-103.24868,23.16558],[-103.2493,23.16748]]],[[[-103.27258,23.19431],[-103.27432,23.19671],[-103.28403,23.18941],[-103.28546,23.19167],[-103.29034,23.18754],[-103.27627,23.17187],[-103.27296,23.1724],[-103.2629,23.18066],[-103.27421,23.19311],[-103.27258,23.19431]]],[[[-103.24627,23.13623],[-103.24888,23.13796],[-103.25449,23.13209],[-103.24899,23.13215],[-103.24627,23.13623]]],[[[-103.25767,23.13789],[-103.26233,23.14335],[-103.26462,23.14186],[-103.2615,23.13692],[-103.25767,23.13789]]],[[[-103.23908,23.13917],[-103.23915,23.14114],[-103.24531,23.13903],[-103.24285,23.13664],[-103.23908,23.13917]]],[[[-103.18362,23.1147],[-103.18493,23.12152],[-103.18857,23.11518],[-103.18362,23.1147]]],[[[-102.82456,23.18052],[-102.82378,23.18494],[-102.82908,23.1865],[-102.82911,23.17992],[-102.82456,23.18052]]],[[[-103.27838,23.20812],[-103.28341,23.21125],[-103.28637,23.20864],[-103.28036,23.20509],[-103.27838,23.20812]]],[[[-103.3267,23.22638],[-103.33183,23.23053],[-103.34216,23.23662],[-103.34709,23.23636],[-103.35696,23.22815],[-103.34171,23.21537],[-103.3267,23.22638]]],[[[-103.1039,23.21339],[-103.10328,23.2167],[-103.11054,23.21437],[-103.1039,23.21339]]],[[[-103.08335,23.23966],[-103.08763,23.24209],[-103.08874,23.23979],[-103.08493,23.23702],[-103.08335,23.23966]]],[[[-103.06946,23.24255],[-103.07492,23.2456],[-103.07612,23.24292],[-103.0708,23.23998],[-103.06946,23.24255]]],[[[-103.07189,23.25196],[-103.07222,23.24768],[-103.06899,23.24621],[-103.06643,23.24989],[-103.07189,23.25196]]],[[[-102.93185,23.27049],[-102.93677,23.27006],[-102.93462,23.26689],[-102.93185,23.27049]]],[[[-103.29459,23.28615],[-103.3014,23.2848],[-103.30869,23.28488],[-103.31004,23.27954],[-103.3048,23.27785],[-103.30504,23.27475],[-103.30146,23.27471],[-103.30098,23.27774],[-103.29252,23.27853],[-103.29459,23.28615]]],[[[-103.08715,23.29477],[-103.10729,23.30062],[-103.11113,23.29399],[-103.10818,23.29048],[-103.10846,23.28695],[-103.10436,23.29198],[-103.09306,23.28871],[-103.09761,23.28227],[-103.09546,23.28134],[-103.08715,23.29477]]],[[[-103.13516,23.3326],[-103.13843,23.33429],[-103.13353,23.32856],[-103.13794,23.33096],[-103.14306,23.3286],[-103.14154,23.3255],[-103.13627,23.32593],[-103.13394,23.32342],[-103.13172,23.32938],[-103.13516,23.3326]]],[[[-103.12194,23.32944],[-103.125,23.33469],[-103.12692,23.33399],[-103.12345,23.32845],[-103.12194,23.32944]]],[[[-103.13114,23.33437],[-103.13501,23.34017],[-103.13611,23.33683],[-103.13402,23.33276],[-103.13114,23.33437]]],[[[-103.14042,23.33529],[-103.14382,23.33704],[-103.14379,23.33337],[-103.14042,23.33529]]],[[[-102.94652,23.32127],[-102.95317,23.32112],[-102.95338,23.31558],[-102.94661,23.3149],[-102.94652,23.32127]]],[[[-102.91189,23.38782],[-102.91945,23.38767],[-102.9199,23.38091],[-102.91159,23.38108],[-102.90937,23.38565],[-102.91189,23.38782]]],[[[-102.8536,23.38644],[-102.85356,23.38802],[-102.86072,23.3878],[-102.86057,23.38606],[-102.8536,23.38644]]],[[[-102.92206,23.42641],[-102.93033,23.42535],[-102.93123,23.42066],[-102.93637,23.41854],[-102.92684,23.41788],[-102.92625,23.42256],[-102.92234,23.42172],[-102.92206,23.42641]]],[[[-103.03209,23.42703],[-103.03323,23.43082],[-103.03718,23.43153],[-103.03457,23.42491],[-103.03566,23.42147],[-103.02965,23.41992],[-103.03209,23.42703]]],[[[-103.26699,23.10513],[-103.26685,23.11101],[-103.27066,23.10488],[-103.27016,23.1097],[-103.27501,23.10889],[-103.27947,23.10524],[-103.28466,23.106],[-103.27572,23.10016],[-103.27037,23.10059],[-103.26699,23.10513]]],[[[-103.18345,23.09531],[-103.18529,23.10012],[-103.18919,23.10133],[-103.19007,23.09515],[-103.18345,23.09531]]],[[[-103.8939,23.35489],[-103.89782,23.35597],[-103.89655,23.35087],[-103.8939,23.35489]]],[[[-103.94473,23.44514],[-103.94634,23.43864],[-103.95382,23.43639],[-103.96144,23.43639],[-103.95722,23.43425],[-103.95035,23.43463],[-103.95162,23.43207],[-103.95584,23.43381],[-103.95503,23.42984],[-103.94999,23.43175],[-103.9541,23.42599],[-103.95435,23.42212],[-103.95102,23.42511],[-103.95417,23.41875],[-103.94493,23.42259],[-103.93953,23.41989],[-103.93899,23.41767],[-103.93403,23.42174],[-103.93238,23.41837],[-103.92722,23.42009],[-103.92762,23.41637],[-103.93113,23.41295],[-103.92944,23.40931],[-103.92145,23.40729],[-103.92054,23.40216],[-103.92322,23.40153],[-103.92092,23.39381],[-103.91586,23.39473],[-103.91656,23.39108],[-103.90886,23.39471],[-103.9173,23.38845],[-103.91571,23.38225],[-103.91203,23.38196],[-103.91045,23.37237],[-103.90638,23.36915],[-103.9012,23.36895],[-103.89932,23.3726],[-103.89492,23.3726],[-103.89334,23.37005],[-103.88842,23.37222],[-103.88458,23.366],[-103.88581,23.36018],[-103.88007,23.36104],[-103.87685,23.35685],[-103.87363,23.36932],[-103.87935,23.36952],[-103.88205,23.3765],[-103.88559,23.38165],[-103.89309,23.38558],[-103.89556,23.39347],[-103.89687,23.39019],[-103.90396,23.38933],[-103.9023,23.39906],[-103.90839,23.40225],[-103.9062,23.4092],[-103.90633,23.40381],[-103.89649,23.39999],[-103.90115,23.40335],[-103.90627,23.41192],[-103.90965,23.42187],[-103.91531,23.4311],[-103.91503,23.4341],[-103.92288,23.4367],[-103.92945,23.43729],[-103.93319,23.43284],[-103.93013,23.44383],[-103.93607,23.43821],[-103.93833,23.44074],[-103.93987,23.43643],[-103.93998,23.44464],[-103.94473,23.44514]],[[-103.91693,23.42864],[-103.92064,23.42742],[-103.92366,23.43357],[-103.91882,23.43479],[-103.91693,23.42864]]],[[[-103.89264,23.38876],[-103.88877,23.39051],[-103.89077,23.39272],[-103.89264,23.38876]]],[[[-103.89298,23.35838],[-103.89334,23.36737],[-103.89635,23.37003],[-103.89839,23.36806],[-103.89846,23.35923],[-103.89298,23.35838]]],[[[-103.90279,23.36475],[-103.90661,23.36667],[-103.90378,23.36226],[-103.90279,23.36475]]],[[[-103.91652,23.37609],[-103.92189,23.37441],[-103.92307,23.37159],[-103.91781,23.36844],[-103.91332,23.36805],[-103.91188,23.37055],[-103.91652,23.37609]]],[[[-102.75882,23.51563],[-102.75833,23.51776],[-102.76745,23.51858],[-102.76848,23.51509],[-102.75991,23.51398],[-102.75882,23.51563]]],[[[-102.77057,22.94279],[-102.78304,22.94272],[-102.78535,22.93845],[-102.77837,22.93818],[-102.77822,22.94047],[-102.77069,22.9403],[-102.77057,22.94279]]],[[[-102.7946,22.92391],[-102.79853,22.92408],[-102.79815,22.92985],[-102.80214,22.92965],[-102.80261,22.92092],[-102.80053,22.92313],[-102.7946,22.92391]]],[[[-102.80687,22.91423],[-102.81068,22.91658],[-102.81082,22.91205],[-102.80687,22.91423]]],[[[-103.10104,21.52573],[-103.10218,21.52664],[-103.10394,21.52668],[-103.10395,21.52661],[-103.1036,21.52561],[-103.1003,21.51888],[-103.10121,21.51618],[-103.09615,21.50675],[-103.08965,21.50603],[-103.08592,21.50157],[-103.08285,21.50242],[-103.08729,21.50782],[-103.09315,21.50732],[-103.0973,21.51382],[-103.10019,21.52485],[-103.10104,21.52573]]],[[[-103.07377,21.50993],[-103.06993,21.51618],[-103.07479,21.51569],[-103.07697,21.51149],[-103.08143,21.51089],[-103.08795,21.51346],[-103.09024,21.51064],[-103.08403,21.50611],[-103.08489,21.51156],[-103.08074,21.50586],[-103.07935,21.51056],[-103.07543,21.50915],[-103.07377,21.50993]]],[[[-103.09325,21.50315],[-103.09903,21.50195],[-103.08941,21.4964],[-103.08411,21.49014],[-103.07938,21.49532],[-103.08052,21.49675],[-103.08491,21.49285],[-103.08576,21.50076],[-103.09171,21.50089],[-103.09325,21.50315]]],[[[-103.08448,21.46868],[-103.08438,21.47132],[-103.07943,21.4759],[-103.08267,21.47704],[-103.08775,21.47499],[-103.08884,21.47057],[-103.08448,21.46868]]],[[[-103.08273,21.4636],[-103.08451,21.46806],[-103.08794,21.46761],[-103.08676,21.46392],[-103.08273,21.4636]]]]},"properties":{"POTENCIAL":"MEDIO"}},
{"type":"Feature","geometry":{"type":"MultiPolygon","coordinates":[[[[-103.4576,21.50026],[-103.45921,21.50081],[-103.45984,21.50104],[-103.46368,21.50043],[-103.4666,21.49706],[-103.46322,21.49658],[-103.46481,21.49299],[-103.46749,21.49456],[-103.47008,21.49205],[-103.46772,21.48577],[-103.46757,21.49142],[-103.46563,21.49042],[-103.46611,21.48402],[-103.47028,21.48176],[-103.4763,21.48148],[-103.47571,21.48113],[-103.47456,21.48045],[-103.46964,21.47585],[-103.46923,21.47485],[-103.4696,21.47151],[-103.46781,21.46925],[-103.46789,21.47546],[-103.46108,21.48035],[-103.46171,21.48645],[-103.45745,21.48614],[-103.45555,21.48171],[-103.4582,21.47703],[-103.46486,21.47523],[-103.46564,21.47074],[-103.463,21.46866],[-103.45961,21.4709],[-103.45742,21.46818],[-103.45208,21.47273],[-103.45502,21.47854],[-103.45002,21.48378],[-103.44587,21.48268],[-103.44109,21.48623],[-103.44196,21.4895],[-103.44657,21.49194],[-103.44939,21.48567],[-103.45365,21.48638],[-103.455,21.48941],[-103.45139,21.49341],[-103.45053,21.49784],[-103.453,21.50395],[-103.45748,21.50338],[-103.4576,21.50026]]],[[[-103.38126,21.5151],[-103.38325,21.51261],[-103.38107,21.50606],[-103.38224,21.5017],[-103.37945,21.49986],[-103.37696,21.50266],[-103.37344,21.50181],[-103.374,21.50517],[-103.38073,21.50792],[-103.37776,21.51197],[-103.38126,21.5151]]],[[[-103.41172,21.5284],[-103.41894,21.52105],[-103.42392,21.52362],[-103.43106,21.52072],[-103.43373,21.51802],[-103.43021,21.51773],[-103.42094,21.50753],[-103.41258,21.5056],[-103.40174,21.50555],[-103.40408,21.50196],[-103.40244,21.49987],[-103.39737,21.50647],[-103.39318,21.50761],[-103.38761,21.5049],[-103.39169,21.50997],[-103.39032,21.51143],[-103.39492,21.51606],[-103.38914,21.51793],[-103.39126,21.51922],[-103.38649,21.52707],[-103.39007,21.52738],[-103.39384,21.52213],[-103.3973,21.52136],[-103.39887,21.51763],[-103.40638,21.52015],[-103.40639,21.51688],[-103.40301,21.51637],[-103.39934,21.51042],[-103.40448,21.51193],[-103.40389,21.50944],[-103.40986,21.50722],[-103.41686,21.51044],[-103.42013,21.50928],[-103.4191,21.51307],[-103.4143,21.50964],[-103.41419,21.5122],[-103.40954,21.51538],[-103.40956,21.519],[-103.40448,21.52198],[-103.40638,21.52408],[-103.40838,21.52082],[-103.41172,21.5284]]],[[[-103.38004,21.51921],[-103.38628,21.51827],[-103.38639,21.51573],[-103.38004,21.51921]]],[[[-103.45046,21.51917],[-103.45455,21.51758],[-103.45375,21.51015],[-103.44734,21.5076],[-103.45046,21.51917]]],[[[-103.45702,21.53712],[-103.46087,21.53708],[-103.46001,21.53136],[-103.46385,21.52381],[-103.45891,21.52404],[-103.46089,21.51172],[-103.45552,21.51844],[-103.45344,21.52297],[-103.44813,21.52353],[-103.45552,21.52653],[-103.45866,21.5319],[-103.45702,21.53712]]],[[[-103.45397,21.55126],[-103.45602,21.55513],[-103.45739,21.55003],[-103.45397,21.55126]]],[[[-102.22822,22.80064],[-102.2245,22.81221],[-102.22426,22.81296],[-102.22367,22.81479],[-102.22781,22.81535],[-102.23501,22.80703],[-102.2318,22.80098],[-102.22822,22.80064]]],[[[-102.30983,22.69036],[-102.29809,22.67405],[-102.28598,22.6734],[-102.28136,22.67562],[-102.2834,22.67786],[-102.27906,22.67862],[-102.28376,22.68268],[-102.2871,22.68229],[-102.28435,22.67812],[-102.29166,22.67892],[-102.30008,22.69021],[-102.30618,22.69309],[-102.31136,22.69279],[-102.30983,22.69036]]],[[[-102.28266,22.82095],[-102.28544,22.82357],[-102.28744,22.81995],[-102.29065,22.81928],[-102.29265,22.81886],[-102.29269,22.80886],[-102.29038,22.80515],[-102.29052,22.79774],[-102.29291,22.79331],[-102.2893,22.78976],[-102.28398,22.793],[-102.28437,22.80538],[-102.27715,22.80345],[-102.27392,22.8071],[-102.27443,22.81281],[-102.27709,22.80966],[-102.28455,22.80991],[-102.27711,22.81324],[-102.28218,22.81595],[-102.28266,22.82095]]],[[[-102.25985,22.82573],[-102.26222,22.82523],[-102.26238,22.82136],[-102.25946,22.82198],[-102.25518,22.81917],[-102.25985,22.82573]]],[[[-102.2321,22.81094],[-102.22883,22.81479],[-102.2318,22.8209],[-102.24121,22.81814],[-102.23661,22.81045],[-102.2321,22.81094]]],[[[-102.26226,22.81191],[-102.26521,22.80705],[-102.27103,22.80881],[-102.27323,22.80144],[-102.268,22.79874],[-102.26377,22.79881],[-102.25809,22.80907],[-102.26226,22.81191]]],[[[-102.27374,22.79169],[-102.273,22.79651],[-102.27651,22.7982],[-102.28087,22.79488],[-102.27944,22.78477],[-102.28049,22.77939],[-102.2783,22.77877],[-102.27584,22.78472],[-102.27621,22.78878],[-102.27374,22.79169]]],[[[-102.26039,22.81845],[-102.26184,22.81598],[-102.25949,22.8125],[-102.25803,22.81534],[-102.26039,22.81845]]],[[[-102.24711,22.82208],[-102.24804,22.82665],[-102.25033,22.82293],[-102.24711,22.82208]]],[[[-102.30229,22.79832],[-102.30757,22.79398],[-102.30041,22.79387],[-102.30229,22.79832]]],[[[-102.30118,22.80566],[-102.30728,22.80747],[-102.30747,22.80337],[-102.30331,22.80324],[-102.30126,22.8],[-102.30118,22.80566]]],[[[-102.29293,22.80938],[-102.29872,22.81042],[-102.2988,22.80652],[-102.29295,22.80655],[-102.29293,22.80938]]],[[[-102.28392,22.74701],[-102.27921,22.75787],[-102.28389,22.75758],[-102.28392,22.74701]]],[[[-102.32236,22.73594],[-102.32024,22.74011],[-102.32344,22.74062],[-102.32759,22.73293],[-102.32431,22.73205],[-102.32236,22.73594]]],[[[-102.3081,22.72627],[-102.30823,22.72723],[-102.32824,22.73259],[-102.3317,22.72662],[-102.32307,22.72429],[-102.32558,22.72023],[-102.3037,22.71639],[-102.2994,22.71695],[-102.30021,22.72339],[-102.29758,22.71512],[-102.29313,22.71436],[-102.29094,22.717],[-102.29227,22.72251],[-102.30388,22.72611],[-102.3081,22.72627]]],[[[-102.31529,22.71779],[-102.32611,22.71871],[-102.32574,22.71317],[-102.31719,22.70101],[-102.31249,22.70127],[-102.30883,22.69906],[-102.30639,22.70274],[-102.30392,22.69612],[-102.3099,22.69476],[-102.29891,22.69078],[-102.30007,22.69664],[-102.28986,22.69793],[-102.29033,22.70722],[-102.28731,22.70794],[-102.28863,22.71301],[-102.31529,22.71779]]],[[[-102.3213,22.69593],[-102.32294,22.69867],[-102.31741,22.70049],[-102.32122,22.7059],[-102.3243,22.70372],[-102.32311,22.69867],[-102.32489,22.69799],[-102.3213,22.69593]]],[[[-102.33231,22.71201],[-102.3367,22.71847],[-102.34009,22.71738],[-102.34346,22.71148],[-102.33555,22.71414],[-102.33873,22.71125],[-102.33668,22.70842],[-102.33231,22.71201]]],[[[-102.30674,22.73867],[-102.31001,22.73912],[-102.30924,22.7335],[-102.30674,22.73867]]],[[[-102.67805,22.81622],[-102.68223,22.81679],[-102.68225,22.81679],[-102.68392,22.81544],[-102.68157,22.81013],[-102.67739,22.80948],[-102.67805,22.81622]]],[[[-102.69721,22.80645],[-102.71117,22.807],[-102.71168,22.80212],[-102.70794,22.80217],[-102.70909,22.79761],[-102.70751,22.79293],[-102.70005,22.79431],[-102.69998,22.80012],[-102.69721,22.80645]]],[[[-102.69433,22.79995],[-102.69839,22.79744],[-102.69679,22.79286],[-102.6936,22.79277],[-102.69425,22.78815],[-102.69871,22.79048],[-102.70021,22.78472],[-102.69543,22.78336],[-102.69518,22.78097],[-102.68943,22.78377],[-102.67412,22.78072],[-102.66967,22.78343],[-102.678,22.78609],[-102.67915,22.78987],[-102.6852,22.79253],[-102.6934,22.79413],[-102.69433,22.79995]]],[[[-102.71249,22.77611],[-102.71196,22.78067],[-102.71424,22.78062],[-102.71477,22.77605],[-102.71249,22.77611]]],[[[-102.68647,22.7727],[-102.69608,22.77533],[-102.69697,22.76969],[-102.70236,22.76843],[-102.70192,22.76148],[-102.69813,22.76192],[-102.67516,22.75651],[-102.67518,22.75342],[-102.67899,22.75085],[-102.67138,22.7508],[-102.66918,22.75769],[-102.67344,22.75609],[-102.67179,22.76548],[-102.66975,22.76402],[-102.66552,22.76983],[-102.67823,22.77206],[-102.67859,22.76877],[-102.68347,22.77303],[-102.68647,22.7727]]],[[[-102.6577,22.76621],[-102.65966,22.765],[-102.65248,22.76377],[-102.6577,22.76621]]],[[[-102.63407,22.75402],[-102.63687,22.75299],[-102.63068,22.75111],[-102.63407,22.75402]]],[[[-102.65176,22.75074],[-102.65871,22.75474],[-102.66203,22.74613],[-102.66594,22.74779],[-102.66213,22.75074],[-102.66534,22.75259],[-102.67354,22.7403],[-102.6701,22.73837],[-102.67501,22.73796],[-102.68919,22.71488],[-102.67776,22.71225],[-102.67501,22.72887],[-102.67159,22.73363],[-102.6691,22.73356],[-102.66671,22.73969],[-102.65804,22.73807],[-102.65234,22.74403],[-102.65176,22.75074]]],[[[-102.60756,22.74837],[-102.61487,22.7447],[-102.61052,22.74538],[-102.60756,22.74837]]],[[[-102.70826,22.71392],[-102.71273,22.71545],[-102.71248,22.72216],[-102.70041,22.72199],[-102.70013,22.72609],[-102.70622,22.72755],[-102.72913,22.72779],[-102.72931,22.73058],[-102.72169,22.7297],[-102.72316,22.75797],[-102.72706,22.76627],[-102.72363,22.76849],[-102.73174,22.76797],[-102.73431,22.76164],[-102.73175,22.76197],[-102.73154,22.7569],[-102.72931,22.75535],[-102.73515,22.75035],[-102.72395,22.74384],[-102.73194,22.74038],[-102.7326,22.73342],[-102.73655,22.72965],[-102.73609,22.72166],[-102.73116,22.72026],[-102.73089,22.71511],[-102.73564,22.71769],[-102.7323,22.7132],[-102.72087,22.71375],[-102.71923,22.70911],[-102.71157,22.70863],[-102.71429,22.71411],[-102.70826,22.71392]]],[[[-102.70826,22.71392],[-102.71005,22.70607],[-102.70713,22.70634],[-102.70676,22.71388],[-102.70826,22.71392]]],[[[-102.69127,22.72034],[-102.69897,22.71915],[-102.69757,22.71355],[-102.69141,22.71604],[-102.69127,22.72034]]],[[[-102.70044,22.71916],[-102.705,22.71934],[-102.70367,22.71377],[-102.70062,22.71363],[-102.70044,22.71916]]],[[[-102.69899,22.71161],[-102.7039,22.70818],[-102.70562,22.69961],[-102.69945,22.69936],[-102.69197,22.71136],[-102.69899,22.71161]]],[[[-102.70714,22.70538],[-102.71187,22.69988],[-102.70735,22.701],[-102.70714,22.70538]]],[[[-102.72577,22.70322],[-102.72018,22.70299],[-102.72027,22.70605],[-102.72577,22.70322]]],[[[-102.71395,22.76672],[-102.71428,22.76891],[-102.72239,22.76855],[-102.72313,22.76635],[-102.71395,22.76672]]],[[[-102.67945,22.73889],[-102.67672,22.7426],[-102.68338,22.74267],[-102.68356,22.74036],[-102.69007,22.74045],[-102.69056,22.73568],[-102.67833,22.73606],[-102.67945,22.73889]]],[[[-102.68318,22.7273],[-102.68415,22.72908],[-102.69098,22.72931],[-102.69115,22.72275],[-102.68804,22.72263],[-102.68318,22.7273]]],[[[-102.6906,22.6795],[-102.69173,22.68105],[-102.7069,22.68629],[-102.72904,22.66662],[-102.72624,22.66481],[-102.71979,22.66637],[-102.72196,22.67011],[-102.71359,22.66776],[-102.70725,22.66861],[-102.70571,22.67113],[-102.7126,22.67325],[-102.71056,22.67592],[-102.70618,22.6762],[-102.70343,22.67235],[-102.70373,22.67905],[-102.69976,22.67852],[-102.69958,22.67428],[-102.69482,22.67515],[-102.69278,22.67129],[-102.68949,22.67351],[-102.6803,22.67181],[-102.68249,22.67545],[-102.68874,22.67679],[-102.68684,22.67994],[-102.6906,22.6795]]],[[[-102.72491,22.66428],[-102.7292,22.66554],[-102.73094,22.66071],[-102.72714,22.66016],[-102.72491,22.66428]]],[[[-102.86864,22.03505],[-102.87276,22.0311],[-102.87522,22.02307],[-102.87938,22.02262],[-102.88702,22.01407],[-102.88226,22.01043],[-102.87824,22.01284],[-102.87957,22.00911],[-102.88384,22.00694],[-102.88128,22.00485],[-102.88174,21.99745],[-102.87767,22.00115],[-102.87746,22.00431],[-102.871,22.00351],[-102.87097,22.00345],[-102.87474,22.0022],[-102.87688,21.99416],[-102.87578,21.98687],[-102.87796,21.98217],[-102.87345,21.97909],[-102.86335,21.99342],[-102.86421,21.9963],[-102.86031,22.00211],[-102.85993,22.00207],[-102.8637,21.9964],[-102.86175,21.99357],[-102.86352,21.98893],[-102.86799,21.98376],[-102.86455,21.98078],[-102.86059,21.98541],[-102.85549,21.9837],[-102.85013,21.98887],[-102.84582,21.98846],[-102.84703,21.99399],[-102.84402,22.00334],[-102.84389,22.00336],[-102.84291,22.0035],[-102.84571,22.0057],[-102.8396,22.00853],[-102.84064,22.01282],[-102.84465,22.01288],[-102.84714,22.00853],[-102.84608,22.00576],[-102.85111,21.99923],[-102.84741,22.01332],[-102.84399,22.0141],[-102.84155,22.01895],[-102.83786,22.01989],[-102.83841,22.02524],[-102.84279,22.02836],[-102.84738,22.02746],[-102.85177,22.02353],[-102.85427,22.02554],[-102.85575,22.01442],[-102.85256,22.01167],[-102.85711,22.00163],[-102.85902,22.00514],[-102.85575,22.00787],[-102.85509,22.01316],[-102.85842,22.01754],[-102.85416,22.02736],[-102.85501,22.03278],[-102.8508,22.03939],[-102.84827,22.0459],[-102.8471,22.04206],[-102.85204,22.03744],[-102.84816,22.03246],[-102.85206,22.02784],[-102.84552,22.02991],[-102.8404,22.03818],[-102.8439,22.03944],[-102.84215,22.04552],[-102.84537,22.05053],[-102.84067,22.05377],[-102.84397,22.0538],[-102.84478,22.0587],[-102.83798,22.06539],[-102.83995,22.06697],[-102.84701,22.0616],[-102.84837,22.05565],[-102.85176,22.05702],[-102.85399,22.05213],[-102.85923,22.0505],[-102.86042,22.04572],[-102.86864,22.03505]]],[[[-102.87706,22.03486],[-102.87523,22.03557],[-102.87437,22.03605],[-102.8729,22.03763],[-102.87036,22.03824],[-102.86779,22.0481],[-102.86765,22.05332],[-102.87183,22.05738],[-102.87633,22.0531],[-102.87862,22.04817],[-102.87875,22.04178],[-102.88188,22.03763],[-102.87706,22.03486]]],[[[-102.75024,22.63079],[-102.74887,22.63509],[-102.75517,22.63001],[-102.75469,22.6221],[-102.76062,22.6223],[-102.76129,22.61888],[-102.75809,22.61782],[-102.75217,22.62196],[-102.75431,22.62922],[-102.75024,22.63079]]],[[[-102.76377,22.62416],[-102.77616,22.62308],[-102.77677,22.61783],[-102.78087,22.61932],[-102.77985,22.61638],[-102.7746,22.61518],[-102.7658,22.61824],[-102.76377,22.62416]]],[[[-102.74724,22.60841],[-102.75343,22.61078],[-102.75404,22.60916],[-102.74797,22.60622],[-102.74724,22.60841]]],[[[-102.76161,22.60072],[-102.76036,22.60834],[-102.7656,22.59909],[-102.76161,22.60072]]],[[[-102.75465,22.60165],[-102.75482,22.60377],[-102.75931,22.6001],[-102.75465,22.60165]]],[[[-102.77288,22.59944],[-102.77599,22.598],[-102.76955,22.59561],[-102.76829,22.59813],[-102.77288,22.59944]]],[[[-102.77441,22.59602],[-102.78336,22.60051],[-102.7846,22.59859],[-102.77287,22.59312],[-102.77441,22.59602]]],[[[-102.7552,22.62216],[-102.7557,22.62594],[-102.75843,22.62369],[-102.7552,22.62216]]],[[[-102.77569,22.59096],[-102.78025,22.59017],[-102.78111,22.58665],[-102.77616,22.5862],[-102.77328,22.58907],[-102.77569,22.59096]]],[[[-102.76688,22.58415],[-102.77382,22.58219],[-102.7678,22.58082],[-102.76688,22.58415]]],[[[-102.78589,22.58753],[-102.79087,22.58828],[-102.79185,22.58461],[-102.78659,22.58399],[-102.78589,22.58753]]],[[[-102.80589,22.56497],[-102.81044,22.56471],[-102.80851,22.5514],[-102.80218,22.55359],[-102.80665,22.55913],[-102.80311,22.55778],[-102.80589,22.56497]]],[[[-102.78106,22.56019],[-102.78563,22.56038],[-102.78636,22.55768],[-102.78131,22.55749],[-102.78106,22.56019]]],[[[-102.79868,22.55303],[-102.8042,22.55066],[-102.79997,22.54933],[-102.79868,22.55303]]],[[[-102.77866,22.54299],[-102.78829,22.54485],[-102.79087,22.54351],[-102.77935,22.5414],[-102.77866,22.54299]]],[[[-102.79054,22.49561],[-102.79336,22.49609],[-102.79338,22.48981],[-102.79102,22.48925],[-102.79054,22.49561]]],[[[-102.86188,22.4348],[-102.86107,22.44496],[-102.85799,22.45014],[-102.86591,22.44904],[-102.87151,22.44616],[-102.87351,22.43935],[-102.87416,22.43121],[-102.86687,22.43176],[-102.86188,22.4348]]],[[[-102.82525,22.43735],[-102.82686,22.43652],[-102.82723,22.4346],[-102.83156,22.43064],[-102.8343,22.43337],[-102.83594,22.43369],[-102.83662,22.43386],[-102.83888,22.43444],[-102.84296,22.43158],[-102.84454,22.42893],[-102.84742,22.43181],[-102.84289,22.4251],[-102.83965,22.42735],[-102.83286,22.42209],[-102.83341,22.42639],[-102.8384,22.42928],[-102.83171,22.42856],[-102.82505,22.43198],[-102.82525,22.43735]]],[[[-102.83113,22.43432],[-102.83387,22.43338],[-102.82996,22.43263],[-102.82734,22.43627],[-102.83038,22.43471],[-102.83113,22.43432]]],[[[-102.86775,22.39882],[-102.86859,22.40324],[-102.87474,22.39065],[-102.87416,22.38481],[-102.8639,22.38855],[-102.86631,22.3967],[-102.86775,22.39882]]],[[[-102.86947,22.37967],[-102.86654,22.385],[-102.87489,22.38306],[-102.87657,22.379],[-102.86947,22.37967]]],[[[-102.90213,22.38224],[-102.91181,22.38283],[-102.91559,22.37808],[-102.91572,22.37466],[-102.91953,22.37597],[-102.92148,22.37199],[-102.91943,22.36739],[-102.92201,22.35836],[-102.90478,22.36242],[-102.90515,22.35965],[-102.89862,22.35777],[-102.89861,22.35591],[-102.9048,22.35509],[-102.90597,22.34776],[-102.89602,22.34887],[-102.89658,22.35774],[-102.89306,22.35703],[-102.89344,22.36901],[-102.88959,22.37606],[-102.90057,22.37794],[-102.89763,22.38249],[-102.90213,22.38224]]],[[[-102.86999,22.37663],[-102.87873,22.37154],[-102.87939,22.36846],[-102.87553,22.36706],[-102.86999,22.37663]]],[[[-102.86528,22.3534],[-102.86941,22.35232],[-102.87178,22.34544],[-102.86922,22.34225],[-102.85924,22.34253],[-102.85513,22.34377],[-102.85359,22.34739],[-102.85798,22.3482],[-102.85914,22.35071],[-102.86528,22.3534]]],[[[-102.88889,22.34131],[-102.89281,22.34276],[-102.90888,22.31374],[-102.89625,22.31341],[-102.89366,22.31422],[-102.89298,22.32154],[-102.89898,22.32208],[-102.89827,22.32507],[-102.89397,22.32517],[-102.89213,22.3277],[-102.89162,22.33387],[-102.88889,22.34131]]],[[[-102.87057,22.31526],[-102.87358,22.31698],[-102.8787,22.3156],[-102.88002,22.30923],[-102.87358,22.30681],[-102.86954,22.31022],[-102.86906,22.30569],[-102.86696,22.31093],[-102.86377,22.31196],[-102.86405,22.31639],[-102.87057,22.31526]]],[[[-102.92614,22.30789],[-102.9267,22.31443],[-102.93361,22.31499],[-102.9314,22.31266],[-102.93233,22.30661],[-102.92614,22.30789]]],[[[-102.86881,22.29743],[-102.87102,22.29964],[-102.87681,22.29892],[-102.87611,22.29222],[-102.87383,22.29278],[-102.86688,22.28892],[-102.86523,22.29079],[-102.86881,22.29743]]],[[[-102.80113,22.28511],[-102.80576,22.28515],[-102.8052,22.28208],[-102.79673,22.27326],[-102.78779,22.27321],[-102.79,22.27544],[-102.78517,22.27529],[-102.78258,22.2822],[-102.78872,22.28438],[-102.795,22.28223],[-102.80113,22.28511]]],[[[-102.87885,22.29801],[-102.8808,22.29624],[-102.88073,22.29088],[-102.87684,22.29153],[-102.87885,22.29801]]],[[[-102.88008,22.16395],[-102.88403,22.16139],[-102.88438,22.15848],[-102.87761,22.15361],[-102.8775,22.16204],[-102.88008,22.16395]]],[[[-102.88753,22.16272],[-102.89281,22.16344],[-102.88732,22.15986],[-102.88525,22.15578],[-102.88848,22.15361],[-102.88029,22.15119],[-102.87448,22.15096],[-102.87227,22.15382],[-102.87179,22.15993],[-102.87473,22.16154],[-102.87451,22.15241],[-102.87769,22.153],[-102.88316,22.15592],[-102.88753,22.16272]]],[[[-102.85837,22.15791],[-102.86681,22.15825],[-102.86537,22.15314],[-102.85515,22.15028],[-102.85535,22.15576],[-102.85837,22.15791]]],[[[-102.82569,22.10237],[-102.83502,22.09842],[-102.83549,22.09336],[-102.82512,22.09839],[-102.82569,22.10237]]],[[[-102.86275,22.09025],[-102.86069,22.09855],[-102.86333,22.09437],[-102.86708,22.09267],[-102.86749,22.08746],[-102.87136,22.08563],[-102.87376,22.07964],[-102.86655,22.08421],[-102.86275,22.09025]]],[[[-102.87986,22.09403],[-102.88433,22.09149],[-102.87868,22.08699],[-102.88247,22.0858],[-102.8859,22.08119],[-102.88775,22.07503],[-102.8908,22.07684],[-102.88697,22.06921],[-102.8838,22.07398],[-102.88432,22.077],[-102.87364,22.08269],[-102.87667,22.08691],[-102.87773,22.09277],[-102.87986,22.09403]]],[[[-101.77859,22.29894],[-101.7891,22.29786],[-101.7889,22.29594],[-101.77985,22.29656],[-101.77497,22.29376],[-101.77303,22.29811],[-101.77859,22.29894]]],[[[-101.76752,22.32316],[-101.76538,22.32773],[-101.76538,22.32774],[-101.76388,22.33123],[-101.76097,22.34482],[-101.76022,22.34821],[-101.75988,22.35275],[-101.76171,22.35258],[-101.7621,22.35254],[-101.77655,22.35116],[-101.78073,22.34856],[-101.78109,22.35118],[-101.7815,22.35121],[-101.78477,22.3514],[-101.78673,22.35144],[-101.79125,22.35163],[-101.79338,22.35174],[-101.79568,22.35184],[-101.78997,22.35762],[-101.79569,22.36399],[-101.79953,22.3595],[-101.80254,22.35202],[-101.80762,22.35221],[-101.80799,22.35223],[-101.8093,22.34729],[-101.81236,22.3452],[-101.8188,22.34886],[-101.82035,22.35145],[-101.81928,22.34101],[-101.81726,22.33804],[-101.8209,22.3351],[-101.81935,22.33085],[-101.82502,22.3281],[-101.82793,22.33067],[-101.83023,22.32875],[-101.83703,22.31872],[-101.84647,22.30287],[-101.84414,22.30271],[-101.84913,22.29776],[-101.85287,22.29287],[-101.85763,22.2919],[-101.86002,22.28797],[-101.86612,22.28939],[-101.8726,22.28773],[-101.87461,22.2823],[-101.86979,22.28052],[-101.87182,22.27608],[-101.86862,22.2731],[-101.87028,22.26726],[-101.87322,22.26601],[-101.87158,22.26277],[-101.87528,22.2591],[-101.86897,22.26099],[-101.86607,22.26364],[-101.866,22.26757],[-101.86123,22.27323],[-101.85326,22.27917],[-101.85157,22.27449],[-101.84776,22.27495],[-101.8445,22.28272],[-101.8492,22.2956],[-101.8389,22.29645],[-101.84135,22.27733],[-101.83503,22.27509],[-101.83273,22.26791],[-101.83696,22.26645],[-101.83458,22.2608],[-101.83616,22.25743],[-101.83519,22.25155],[-101.83252,22.25075],[-101.83017,22.24368],[-101.82077,22.25024],[-101.8189,22.25336],[-101.81935,22.26863],[-101.82583,22.26962],[-101.82647,22.27653],[-101.82237,22.27908],[-101.81624,22.27509],[-101.8203,22.27088],[-101.80472,22.26626],[-101.80285,22.27195],[-101.81236,22.27695],[-101.81006,22.27863],[-101.80404,22.27845],[-101.79744,22.27455],[-101.79596,22.27667],[-101.7953,22.28055],[-101.79423,22.2871],[-101.79418,22.28741],[-101.7936,22.29107],[-101.79345,22.29207],[-101.79325,22.29374],[-101.79225,22.29938],[-101.78591,22.29979],[-101.7859,22.29979],[-101.77799,22.30032],[-101.76752,22.32316]],[[-101.78404,22.34209],[-101.77757,22.34051],[-101.78702,22.33907],[-101.78999,22.34138],[-101.78404,22.34209]],[[-101.81742,22.30598],[-101.81855,22.303],[-101.82435,22.3029],[-101.81742,22.30598]],[[-101.8611,22.28573],[-101.86436,22.27951],[-101.87042,22.28439],[-101.86462,22.28645],[-101.8611,22.28573]]],[[[-101.77177,22.45494],[-101.77634,22.45642],[-101.77734,22.45331],[-101.78311,22.45338],[-101.78465,22.44291],[-101.77549,22.44196],[-101.76174,22.4417],[-101.76189,22.44519],[-101.76502,22.44718],[-101.76412,22.45238],[-101.77177,22.45494]]],[[[-101.75073,22.39746],[-101.75495,22.39545],[-101.7565,22.38724],[-101.75844,22.38595],[-101.75658,22.38187],[-101.761,22.38384],[-101.76647,22.37852],[-101.73789,22.36735],[-101.73822,22.37348],[-101.74141,22.37624],[-101.74288,22.38655],[-101.74973,22.38998],[-101.75235,22.38955],[-101.75073,22.39746]]],[[[-101.72852,22.36456],[-101.72986,22.36719],[-101.73154,22.35694],[-101.71586,22.35524],[-101.71625,22.35856],[-101.72017,22.35955],[-101.71625,22.3639],[-101.7253,22.36631],[-101.72852,22.36456]]],[[[-101.71182,22.34859],[-101.71641,22.349],[-101.71778,22.3463],[-101.71632,22.33902],[-101.71182,22.34859]]],[[[-101.73507,22.32719],[-101.73436,22.3323],[-101.75432,22.33985],[-101.75388,22.3299],[-101.73625,22.32371],[-101.73507,22.32719]]],[[[-101.75598,22.3376],[-101.75789,22.33866],[-101.76062,22.33287],[-101.75944,22.32941],[-101.75598,22.3376]]],[[[-101.74218,22.31557],[-101.74156,22.32108],[-101.74344,22.32198],[-101.74657,22.31674],[-101.74218,22.31557]]],[[[-102.01936,22.44022],[-102.01979,22.4378],[-102.02459,22.43821],[-102.03204,22.43884],[-102.032,22.43657],[-102.03542,22.43542],[-102.03881,22.43465],[-102.04004,22.42712],[-102.04139,22.42277],[-102.03309,22.42176],[-102.03414,22.4161],[-102.03056,22.41054],[-102.03346,22.40687],[-102.02501,22.39824],[-102.00927,22.41375],[-102.00903,22.39421],[-101.99913,22.39392],[-101.99683,22.39521],[-101.99717,22.41428],[-101.99058,22.41448],[-101.98969,22.41752],[-102.00888,22.41732],[-102.00616,22.44092],[-102.01703,22.4409],[-102.01936,22.44022]]],[[[-102.03871,22.56572],[-102.03716,22.57123],[-102.04585,22.57451],[-102.05605,22.57234],[-102.05182,22.57065],[-102.05536,22.5628],[-102.05713,22.56355],[-102.05569,22.55328],[-102.04915,22.55101],[-102.04841,22.55966],[-102.04405,22.55868],[-102.04045,22.56129],[-102.03871,22.56572]]],[[[-101.95114,22.51655],[-101.95484,22.51617],[-101.95224,22.51324],[-101.95531,22.51035],[-101.95308,22.50825],[-101.95631,22.50639],[-101.95428,22.50297],[-101.95043,22.50408],[-101.94752,22.50047],[-101.93922,22.50353],[-101.94219,22.51144],[-101.9492,22.51309],[-101.95114,22.51655]]],[[[-101.92299,22.51113],[-101.92608,22.51264],[-101.93197,22.50868],[-101.93,22.5053],[-101.91783,22.51117],[-101.92299,22.51113]]],[[[-101.95748,22.49195],[-101.9538,22.4962],[-101.95864,22.50138],[-101.96308,22.49863],[-101.95748,22.49195]]],[[[-101.97043,22.48548],[-101.97033,22.48932],[-101.97338,22.48945],[-101.97395,22.48399],[-101.97043,22.48548]]],[[[-101.86031,22.16885],[-101.8618,22.1696],[-101.86219,22.16982],[-101.86223,22.16984],[-101.86832,22.16702],[-101.87671,22.15698],[-101.87958,22.15639],[-101.87994,22.15112],[-101.88244,22.15209],[-101.89279,22.14295],[-101.90468,22.14187],[-101.90236,22.14322],[-101.90655,22.14863],[-101.90957,22.14095],[-101.91141,22.14135],[-101.90705,22.14977],[-101.90871,22.1539],[-101.91225,22.15213],[-101.91293,22.14752],[-101.91652,22.14655],[-101.91859,22.14259],[-101.92392,22.13884],[-101.93198,22.13838],[-101.93551,22.14272],[-101.93524,22.14843],[-101.93947,22.14983],[-101.93654,22.14552],[-101.93709,22.138],[-101.93456,22.13514],[-101.93647,22.13104],[-101.94035,22.13109],[-101.93758,22.12655],[-101.93511,22.12775],[-101.94251,22.11803],[-101.9371,22.11729],[-101.9332,22.12236],[-101.92364,22.12098],[-101.92165,22.11556],[-101.9231,22.11228],[-101.91808,22.11251],[-101.91812,22.1097],[-101.92406,22.10537],[-101.92805,22.10036],[-101.93382,22.09861],[-101.93523,22.09511],[-101.93882,22.0934],[-101.93607,22.0919],[-101.91761,22.09843],[-101.9163,22.10058],[-101.90954,22.10163],[-101.90286,22.09932],[-101.8869,22.10171],[-101.89448,22.10157],[-101.89051,22.10528],[-101.8935,22.10673],[-101.90021,22.11348],[-101.90469,22.11596],[-101.9074,22.11222],[-101.91182,22.11135],[-101.91005,22.11557],[-101.90321,22.11835],[-101.89575,22.13505],[-101.89158,22.14022],[-101.88726,22.14315],[-101.88568,22.14071],[-101.8778,22.1408],[-101.87887,22.144],[-101.88302,22.14589],[-101.87503,22.1465],[-101.872,22.14451],[-101.87053,22.15008],[-101.8774,22.14888],[-101.87959,22.15098],[-101.87214,22.16174],[-101.86866,22.16474],[-101.86031,22.16885]],[[-101.90401,22.12569],[-101.90954,22.1188],[-101.91081,22.12315],[-101.90401,22.12569]],[[-101.92063,22.12324],[-101.91628,22.11919],[-101.91201,22.12236],[-101.91314,22.11691],[-101.91727,22.11502],[-101.91963,22.11748],[-101.92063,22.12324]],[[-101.90263,22.10801],[-101.89801,22.10765],[-101.9023,22.10482],[-101.90897,22.10771],[-101.90289,22.11154],[-101.90263,22.10801]]],[[[-101.85417,22.04433],[-101.85495,22.0418],[-101.85055,22.04343],[-101.85043,22.04325],[-101.84988,22.04362],[-101.84962,22.04341],[-101.84887,22.04282],[-101.84864,22.04165],[-101.84739,22.04089],[-101.84729,22.04073],[-101.8361,22.03977],[-101.83413,22.04032],[-101.83363,22.03997],[-101.83304,22.03956],[-101.83296,22.03918],[-101.8331,22.04378],[-101.8286,22.0459],[-101.82946,22.04797],[-101.83415,22.0452],[-101.84475,22.0519],[-101.85417,22.04433]]],[[[-101.97751,22.11642],[-101.97375,22.11448],[-101.97049,22.11275],[-101.97295,22.11405],[-101.96611,22.12242],[-101.95923,22.12373],[-101.96102,22.13072],[-101.95732,22.1355],[-101.95705,22.13909],[-101.94929,22.14609],[-101.94917,22.1531],[-101.94489,22.14833],[-101.94336,22.15502],[-101.94695,22.15768],[-101.95306,22.15803],[-101.95433,22.1542],[-101.9584,22.15036],[-101.9568,22.15464],[-101.9594,22.15894],[-101.96189,22.15883],[-101.95859,22.15266],[-101.95943,22.14943],[-101.95736,22.14519],[-101.9625,22.1412],[-101.96698,22.13135],[-101.97039,22.1308],[-101.9694,22.12642],[-101.97751,22.11642]]],[[[-102.01399,22.16836],[-102.02497,22.16858],[-102.03163,22.16344],[-102.03382,22.15893],[-102.03386,22.15364],[-102.03301,22.15366],[-102.03131,22.15369],[-102.02201,22.15387],[-102.01708,22.15396],[-102.013,22.15724],[-102.01917,22.15774],[-102.01827,22.16512],[-102.0158,22.16366],[-102.01399,22.16836]]],[[[-101.95803,22.19306],[-101.96303,22.19307],[-101.96515,22.18722],[-101.96143,22.18298],[-101.96612,22.18182],[-101.96274,22.17629],[-101.95756,22.17611],[-101.95897,22.17057],[-101.95579,22.16999],[-101.95629,22.16673],[-101.95281,22.16725],[-101.95554,22.172],[-101.95274,22.17479],[-101.95107,22.1809],[-101.94739,22.18555],[-101.95084,22.18738],[-101.9537,22.18309],[-101.95769,22.18285],[-101.95455,22.18723],[-101.95803,22.19306]]],[[[-101.94029,22.19696],[-101.94465,22.19602],[-101.94721,22.18663],[-101.93942,22.18418],[-101.93643,22.18489],[-101.94209,22.18807],[-101.94466,22.19141],[-101.94029,22.19696]]],[[[-101.97493,22.15401],[-101.97825,22.15386],[-101.97554,22.14873],[-101.97604,22.14485],[-101.97407,22.13802],[-101.97759,22.13585],[-101.97025,22.13545],[-101.97515,22.14898],[-101.97493,22.15401]]],[[[-101.86754,22.0723],[-101.86552,22.07899],[-101.86621,22.08384],[-101.86749,22.07678],[-101.87019,22.07227],[-101.87642,22.07261],[-101.88001,22.07037],[-101.8772,22.06837],[-101.88012,22.06431],[-101.86754,22.0723]]],[[[-101.813,22.05388],[-101.81422,22.04912],[-101.81033,22.05244],[-101.813,22.05388]]],[[[-101.81639,22.04788],[-101.81664,22.05155],[-101.82074,22.04425],[-101.82441,22.04718],[-101.82448,22.04408],[-101.82026,22.04382],[-101.81817,22.0401],[-101.80925,22.04713],[-101.8178,22.04274],[-101.81639,22.04788]]],[[[-102.29136,23.31587],[-102.2941,23.31843],[-102.29928,23.31105],[-102.29384,23.3079],[-102.29002,23.31458],[-102.29136,23.31587]]],[[[-102.3599,23.02301],[-102.35983,23.02129],[-102.35681,23.01994],[-102.35657,23.01993],[-102.35642,23.01992],[-102.3555,23.01841],[-102.35437,23.01654],[-102.355,23.01302],[-102.35252,23.01295],[-102.35462,23.0084],[-102.35506,23.00766],[-102.35592,23.00587],[-102.35666,23.00484],[-102.35672,23.00467],[-102.35694,23.0033],[-102.35808,23.00036],[-102.35827,22.99977],[-102.35899,22.99769],[-102.36232,23.00495],[-102.36864,23.00344],[-102.3638,23.00048],[-102.37099,23.00157],[-102.36498,23.0087],[-102.37258,23.00597],[-102.37195,22.99749],[-102.36917,22.99944],[-102.36776,22.99634],[-102.37175,22.99473],[-102.36132,22.99171],[-102.38104,22.95418],[-102.38281,22.95072],[-102.37709,22.95004],[-102.37813,22.94783],[-102.38414,22.94827],[-102.38635,22.94418],[-102.38192,22.94444],[-102.38256,22.93715],[-102.38082,22.93211],[-102.39532,22.93184],[-102.39402,22.92625],[-102.39383,22.92545],[-102.38904,22.91317],[-102.3847,22.91117],[-102.37835,22.91217],[-102.37914,22.9163],[-102.37194,22.91642],[-102.36253,22.92695],[-102.35942,22.93372],[-102.35887,22.93492],[-102.35084,22.94303],[-102.34101,22.94981],[-102.34064,22.95007],[-102.33167,22.95243],[-102.32422,22.95707],[-102.32364,22.95773],[-102.31673,22.96043],[-102.31568,22.95482],[-102.31552,22.95395],[-102.31485,22.95115],[-102.31276,22.95129],[-102.3123,22.95704],[-102.30236,22.95776],[-102.30191,22.96335],[-102.31181,22.96258],[-102.31548,22.96789],[-102.32135,22.96934],[-102.32044,22.97308],[-102.31694,22.97533],[-102.31191,22.97385],[-102.31188,22.97385],[-102.31131,22.97416],[-102.31102,22.98506],[-102.30963,22.99228],[-102.302,22.99201],[-102.29928,22.99918],[-102.29007,22.99994],[-102.28922,23.00256],[-102.29486,23.00476],[-102.27731,23.02371],[-102.27239,23.02427],[-102.27126,23.0277],[-102.27556,23.02649],[-102.26976,23.03583],[-102.26017,23.03607],[-102.2542,23.03497],[-102.25201,23.04219],[-102.25228,23.04662],[-102.26005,23.04592],[-102.25645,23.0561],[-102.26029,23.05952],[-102.2602,23.06445],[-102.27009,23.06614],[-102.27022,23.06858],[-102.2746,23.0687],[-102.27306,23.07229],[-102.27005,23.07221],[-102.27046,23.0757],[-102.28057,23.07672],[-102.28144,23.07891],[-102.2861,23.07847],[-102.287,23.0848],[-102.28343,23.08681],[-102.28261,23.09229],[-102.29842,23.11666],[-102.30057,23.11539],[-102.30186,23.10515],[-102.30593,23.10498],[-102.30459,23.10049],[-102.30742,23.10229],[-102.30874,23.09606],[-102.30621,23.09556],[-102.3179,23.08632],[-102.3232,23.0904],[-102.33554,23.0802],[-102.34324,23.0898],[-102.34371,23.08511],[-102.3474,23.08023],[-102.35211,23.07819],[-102.35042,23.06843],[-102.34917,23.06744],[-102.35534,23.06231],[-102.3581,23.05369],[-102.35707,23.04155],[-102.35537,23.03827],[-102.36011,23.0382],[-102.36139,23.03459],[-102.35842,23.0345],[-102.36,23.02821],[-102.35434,23.02742],[-102.35199,23.03442],[-102.34842,23.03434],[-102.34953,23.02375],[-102.3599,23.02301]],[[-102.28753,23.0457],[-102.29085,23.04015],[-102.29534,23.04113],[-102.29335,23.04658],[-102.28753,23.0457]],[[-102.34636,22.99966],[-102.34354,22.9976],[-102.35007,22.99206],[-102.34794,23.00332],[-102.34636,22.99966]],[[-102.36037,22.94608],[-102.36163,22.94122],[-102.36414,22.9407],[-102.36229,22.94665],[-102.36037,22.94608]]],[[[-102.43099,23.09463],[-102.42842,23.08456],[-102.43417,23.08504],[-102.43306,23.08961],[-102.43963,23.09038],[-102.44668,23.08942],[-102.44739,23.08245],[-102.45347,23.0864],[-102.4494,23.0861],[-102.44948,23.08893],[-102.45346,23.08787],[-102.45356,23.09094],[-102.45926,23.09057],[-102.48087,23.06052],[-102.48334,23.05339],[-102.48428,23.05174],[-102.48602,23.042],[-102.48903,23.03863],[-102.49788,23.03738],[-102.50163,23.03227],[-102.50189,23.02792],[-102.49697,23.0307],[-102.49555,23.03195],[-102.49173,23.03528],[-102.48947,23.02898],[-102.48982,23.02322],[-102.48222,23.0215],[-102.45963,23.01905],[-102.45917,23.02287],[-102.44742,23.02262],[-102.4475,23.04367],[-102.43763,23.04214],[-102.43748,23.04872],[-102.43405,23.04818],[-102.43215,23.05108],[-102.4375,23.05197],[-102.43772,23.06123],[-102.435,23.07175],[-102.42182,23.06986],[-102.42135,23.0716],[-102.40413,23.06901],[-102.40161,23.0717],[-102.40323,23.07479],[-102.3998,23.07743],[-102.40067,23.08029],[-102.4115,23.08045],[-102.41044,23.08468],[-102.40612,23.08451],[-102.40605,23.09079],[-102.39978,23.09081],[-102.39956,23.09478],[-102.41392,23.09475],[-102.41393,23.09724],[-102.42011,23.09776],[-102.41603,23.11539],[-102.40858,23.11586],[-102.40657,23.11846],[-102.40553,23.1266],[-102.4034,23.12889],[-102.39376,23.12775],[-102.39381,23.13317],[-102.39689,23.13091],[-102.42372,23.13516],[-102.42837,23.13281],[-102.43346,23.12633],[-102.45639,23.0946],[-102.43099,23.09463]]],[[[-102.43734,23.16263],[-102.43818,23.16169],[-102.43586,23.16046],[-102.44162,23.15784],[-102.44314,23.15665],[-102.44572,23.15398],[-102.44264,23.15146],[-102.44393,23.14769],[-102.44752,23.146],[-102.44846,23.14478],[-102.44344,23.1391],[-102.44496,23.13706],[-102.44033,23.13168],[-102.44157,23.12992],[-102.4482,23.13895],[-102.45261,23.13897],[-102.45371,23.12731],[-102.45642,23.12245],[-102.45709,23.12149],[-102.4578,23.12047],[-102.45822,23.11806],[-102.45213,23.11528],[-102.45479,23.11095],[-102.45558,23.1144],[-102.45872,23.11501],[-102.45926,23.10743],[-102.46245,23.10242],[-102.47015,23.09441],[-102.457,23.09456],[-102.45378,23.09912],[-102.42821,23.13441],[-102.43686,23.13645],[-102.4388,23.13377],[-102.44293,23.13851],[-102.44074,23.14092],[-102.43777,23.13765],[-102.43564,23.14025],[-102.42485,23.13905],[-102.41568,23.15279],[-102.43734,23.16263]]],[[[-102.41115,23.7569],[-102.41914,23.74931],[-102.41543,23.73777],[-102.42186,23.736],[-102.42202,23.7293],[-102.41235,23.73197],[-102.41247,23.7123],[-102.40639,23.71559],[-102.41007,23.73059],[-102.40955,23.73937],[-102.41416,23.75048],[-102.41115,23.7569]]],[[[-102.39188,23.74164],[-102.39158,23.74422],[-102.40106,23.74172],[-102.403,23.71742],[-102.39364,23.72001],[-102.39263,23.73234],[-102.38978,23.73685],[-102.39188,23.74164]]],[[[-102.4396,23.78277],[-102.43565,23.77977],[-102.43494,23.78582],[-102.4396,23.78277]]],[[[-102.44272,23.7796],[-102.44313,23.77972],[-102.44183,23.77823],[-102.44227,23.77941],[-102.44272,23.7796]]],[[[-102.4373,23.75952],[-102.4417,23.7636],[-102.43923,23.77121],[-102.44132,23.77684],[-102.44271,23.76774],[-102.44259,23.75893],[-102.4373,23.75952]]],[[[-102.43921,23.7493],[-102.43341,23.75387],[-102.43574,23.75807],[-102.43732,23.75487],[-102.45198,23.7572],[-102.45074,23.75342],[-102.44313,23.75163],[-102.4426,23.74779],[-102.44625,23.74581],[-102.44949,23.74902],[-102.44733,23.74182],[-102.44113,23.74616],[-102.43921,23.7493]]],[[[-102.46331,23.76825],[-102.46343,23.76492],[-102.45888,23.76144],[-102.45984,23.76696],[-102.46331,23.76825]]],[[[-102.37332,23.80149],[-102.36794,23.80691],[-102.36962,23.80942],[-102.37565,23.8071],[-102.37332,23.80149]]],[[[-102.4364,23.80269],[-102.43671,23.81222],[-102.43812,23.81253],[-102.4389,23.80313],[-102.4364,23.80269]]],[[[-102.43214,23.82556],[-102.42792,23.8238],[-102.42813,23.82705],[-102.43214,23.82556]]],[[[-102.35468,23.83202],[-102.35217,23.83601],[-102.35617,23.83494],[-102.35468,23.83202]]],[[[-102.31728,23.86692],[-102.30985,23.86108],[-102.30852,23.86598],[-102.31331,23.86497],[-102.31406,23.87131],[-102.31728,23.86692]]],[[[-102.31899,23.88863],[-102.32209,23.88424],[-102.32847,23.88959],[-102.33631,23.8878],[-102.3374,23.88585],[-102.33838,23.88386],[-102.34063,23.87788],[-102.34631,23.87624],[-102.34521,23.87386],[-102.33401,23.88217],[-102.33021,23.87307],[-102.3269,23.87137],[-102.32269,23.87634],[-102.31991,23.87545],[-102.31899,23.88863]]],[[[-102.3676,23.8773],[-102.371,23.88216],[-102.37093,23.88545],[-102.3736,23.88496],[-102.37406,23.87926],[-102.37754,23.88347],[-102.37617,23.87631],[-102.3676,23.8773]]],[[[-102.33015,23.89134],[-102.32799,23.89419],[-102.33193,23.89462],[-102.33015,23.89134]]],[[[-102.29774,23.86874],[-102.29477,23.87469],[-102.29681,23.88019],[-102.29706,23.88807],[-102.30096,23.88745],[-102.30254,23.88288],[-102.30193,23.87654],[-102.30557,23.87574],[-102.30557,23.86672],[-102.29774,23.86874]]],[[[-102.36951,23.92323],[-102.36471,23.9229],[-102.36762,23.92546],[-102.36951,23.92323]]],[[[-101.99071,23.67839],[-101.99134,23.68115],[-101.99492,23.68035],[-101.99434,23.67354],[-101.99146,23.67429],[-101.99071,23.67839]]],[[[-101.99007,23.6625],[-101.99679,23.65884],[-101.99219,23.65157],[-101.98543,23.65701],[-101.99007,23.6625]]],[[[-101.98689,23.6526],[-101.98698,23.65516],[-101.99095,23.65206],[-101.98689,23.6526]]],[[[-101.99665,23.64989],[-102.00009,23.6518],[-102.00076,23.64731],[-101.99729,23.64673],[-101.99665,23.64989]]],[[[-101.99155,23.64575],[-101.99231,23.64591],[-101.99244,23.62584],[-101.99144,23.62553],[-101.99155,23.64575]]],[[[-102.05981,23.63463],[-102.06774,23.63567],[-102.07009,23.62363],[-102.06377,23.62314],[-102.06224,23.63101],[-102.05981,23.63463]]],[[[-102.52623,23.64082],[-102.52623,23.6403],[-102.5254,23.64081],[-102.52623,23.64082]]],[[[-102.53122,23.63666],[-102.53122,23.63614],[-102.53039,23.63697],[-102.5311,23.63697],[-102.53122,23.63666]]],[[[-102.53356,23.63197],[-102.53206,23.63281],[-102.53282,23.63281],[-102.53356,23.63197]]],[[[-102.35863,23.64386],[-102.36481,23.64247],[-102.36208,23.63804],[-102.35456,23.64097],[-102.35863,23.64386]]],[[[-102.08199,23.65546],[-102.08264,23.65242],[-102.09104,23.65357],[-102.09075,23.64808],[-102.09311,23.6456],[-102.09476,23.64845],[-102.09969,23.65016],[-102.10193,23.64525],[-102.10179,23.63575],[-102.08737,23.63569],[-102.08757,23.63116],[-102.0823,23.63104],[-102.08241,23.63573],[-102.0796,23.63565],[-102.08071,23.64942],[-102.0754,23.65351],[-102.08199,23.65546]]],[[[-102.03981,23.63435],[-102.0375,23.63873],[-102.0458,23.63966],[-102.04877,23.63534],[-102.03981,23.63435]]],[[[-102.18074,23.65262],[-102.17326,23.65713],[-102.17349,23.65857],[-102.18217,23.6575],[-102.18467,23.65206],[-102.18074,23.65262]]],[[[-102.04218,23.66319],[-102.04631,23.65959],[-102.03944,23.659],[-102.03477,23.66239],[-102.04218,23.66319]]],[[[-102.00767,23.61459],[-102.01303,23.61653],[-102.01299,23.61461],[-102.00767,23.61459]]],[[[-101.99161,23.60596],[-102.00293,23.60666],[-102.0052,23.60299],[-101.99425,23.5987],[-101.99161,23.60596]]],[[[-102.00759,23.60239],[-102.02182,23.59038],[-102.01876,23.57769],[-102.01726,23.57785],[-102.01584,23.56954],[-102.00785,23.56943],[-102.00763,23.57688],[-102.00976,23.57692],[-102.00984,23.58694],[-102.00774,23.58761],[-102.00759,23.60239]]],[[[-102.08018,23.56378],[-102.07376,23.56439],[-102.07102,23.58115],[-102.0687,23.58633],[-102.07478,23.58769],[-102.07461,23.59465],[-102.06937,23.59473],[-102.06397,23.60121],[-102.06467,23.60511],[-102.08692,23.60642],[-102.08723,23.60035],[-102.08553,23.60025],[-102.08638,23.58455],[-102.07794,23.58402],[-102.08108,23.58009],[-102.08772,23.58047],[-102.08881,23.57446],[-102.08571,23.57432],[-102.08931,23.56977],[-102.08016,23.56975],[-102.08018,23.56378]]],[[[-102.12813,23.55508],[-102.12694,23.55666],[-102.12716,23.56743],[-102.12486,23.56748],[-102.12068,23.55991],[-102.11874,23.57261],[-102.12444,23.57556],[-102.14161,23.57618],[-102.14179,23.56677],[-102.13616,23.56642],[-102.13655,23.56236],[-102.13141,23.55917],[-102.12813,23.55508]]],[[[-102.13698,23.55136],[-102.14711,23.55156],[-102.14826,23.55714],[-102.15445,23.55741],[-102.15549,23.54695],[-102.13717,23.54718],[-102.13698,23.55136]]],[[[-102.12839,23.54688],[-102.12848,23.54698],[-102.1354,23.54717],[-102.13565,23.54131],[-102.13269,23.54119],[-102.13298,23.53399],[-102.12633,23.53376],[-102.12803,23.53663],[-102.12839,23.54688]]],[[[-102.14798,23.54015],[-102.15495,23.54039],[-102.15416,23.53814],[-102.1473,23.53799],[-102.14798,23.54015]]],[[[-102.09182,23.53781],[-102.09004,23.53324],[-102.08048,23.54143],[-102.08439,23.54164],[-102.08511,23.5508],[-102.08242,23.55077],[-102.08222,23.54663],[-102.07555,23.54666],[-102.07684,23.55359],[-102.08866,23.5535],[-102.09034,23.55077],[-102.08868,23.54755],[-102.09187,23.54188],[-102.08726,23.54165],[-102.09182,23.53781]]],[[[-102.08797,23.53063],[-102.08282,23.53073],[-102.08199,23.53075],[-102.08181,23.53075],[-102.07693,23.53553],[-102.07967,23.54141],[-102.08985,23.53267],[-102.08978,23.53243],[-102.08797,23.53063]]],[[[-102.1665,23.52962],[-102.16379,23.53148],[-102.16968,23.53124],[-102.1665,23.52962]]],[[[-102.53241,23.55975],[-102.53468,23.55755],[-102.52783,23.55579],[-102.5282,23.55932],[-102.53241,23.55975]]],[[[-102.55204,23.56627],[-102.55204,23.56619],[-102.55121,23.56703],[-102.55177,23.56703],[-102.55204,23.56627]]],[[[-102.55204,23.56585],[-102.55204,23.56619],[-102.55206,23.56619],[-102.55204,23.56585]]],[[[-102.13193,23.60135],[-102.14099,23.6011],[-102.1411,23.59194],[-102.13986,23.59136],[-102.14132,23.58364],[-102.12926,23.58353],[-102.13026,23.59232],[-102.12637,23.59283],[-102.1264,23.59853],[-102.13193,23.60135]]],[[[-102.47351,23.51386],[-102.4734,23.50756],[-102.4667,23.5046],[-102.46721,23.51179],[-102.47351,23.51386]]],[[[-102.46647,23.50412],[-102.4746,23.50772],[-102.47468,23.50508],[-102.46605,23.50135],[-102.46205,23.50222],[-102.46647,23.50412]]],[[[-102.48943,23.5035],[-102.48964,23.49998],[-102.48742,23.49914],[-102.48565,23.50427],[-102.48943,23.5035]]],[[[-102.18748,23.45902],[-102.19123,23.46162],[-102.19268,23.45611],[-102.18915,23.45195],[-102.18928,23.45902],[-102.18748,23.45902]]],[[[-102.18007,23.45935],[-102.18478,23.45827],[-102.18244,23.45421],[-102.18007,23.45935]]],[[[-102.3614,23.37938],[-102.36461,23.3805],[-102.36607,23.37655],[-102.37095,23.3746],[-102.37163,23.3663],[-102.3745,23.36332],[-102.36967,23.36155],[-102.36682,23.36499],[-102.36376,23.36274],[-102.35971,23.36589],[-102.36326,23.37366],[-102.3614,23.37938]]],[[[-102.36139,23.33267],[-102.36708,23.33309],[-102.36725,23.32511],[-102.36181,23.32547],[-102.36139,23.33267]]],[[[-102.38407,23.32623],[-102.38394,23.32892],[-102.37758,23.33033],[-102.37752,23.33312],[-102.38565,23.33312],[-102.38407,23.32623]]],[[[-102.38525,23.32098],[-102.38929,23.31898],[-102.38514,23.31833],[-102.38525,23.32098]]],[[[-102.32648,23.30062],[-102.32638,23.3039],[-102.32972,23.29985],[-102.32648,23.30062]]],[[[-102.38718,23.30017],[-102.3888,23.30444],[-102.39322,23.30046],[-102.39638,23.30039],[-102.39827,23.29711],[-102.39358,23.29691],[-102.38889,23.29382],[-102.38718,23.30017]]],[[[-102.33172,23.29687],[-102.33543,23.29843],[-102.33849,23.29521],[-102.33459,23.29345],[-102.33584,23.28763],[-102.32904,23.28864],[-102.32664,23.29249],[-102.33172,23.29687]]],[[[-102.44956,23.28941],[-102.45442,23.28766],[-102.45835,23.28859],[-102.46059,23.2855],[-102.45875,23.27827],[-102.4562,23.2791],[-102.45227,23.2753],[-102.4484,23.27492],[-102.45124,23.28401],[-102.44956,23.28941]]],[[[-102.28201,23.28001],[-102.28551,23.2733],[-102.28081,23.27298],[-102.27762,23.27508],[-102.27582,23.27976],[-102.28201,23.28001]]],[[[-102.33729,23.27637],[-102.33905,23.27413],[-102.33563,23.27271],[-102.33729,23.27637]]],[[[-102.34818,23.27685],[-102.35204,23.27974],[-102.35161,23.2747],[-102.34818,23.27685]]],[[[-102.39226,23.28909],[-102.39222,23.29097],[-102.39863,23.29072],[-102.39883,23.28888],[-102.39226,23.28909]]],[[[-102.43219,23.25794],[-102.44653,23.25639],[-102.44216,23.24852],[-102.44197,23.23593],[-102.44029,23.22754],[-102.4373,23.22451],[-102.42895,23.23282],[-102.4256,23.23076],[-102.43268,23.22376],[-102.42794,23.22027],[-102.42323,23.21409],[-102.41155,23.21397],[-102.41151,23.21878],[-102.40286,23.21866],[-102.40276,23.21414],[-102.39951,23.21423],[-102.39956,23.2214],[-102.40178,23.2231],[-102.4115,23.22308],[-102.41168,23.23213],[-102.40773,23.23219],[-102.40855,23.23743],[-102.41793,23.22922],[-102.42649,23.23599],[-102.42933,23.23585],[-102.42995,23.2406],[-102.42184,23.2407],[-102.41963,23.24647],[-102.41183,23.24961],[-102.41284,23.25459],[-102.41941,23.25205],[-102.42006,23.25391],[-102.43159,23.25374],[-102.43219,23.25794]]],[[[-102.35789,23.2394],[-102.36665,23.23011],[-102.35915,23.22958],[-102.35517,23.23512],[-102.35815,23.23542],[-102.35789,23.2394]]],[[[-102.34933,23.23134],[-102.35209,23.23284],[-102.35659,23.23004],[-102.35156,23.22771],[-102.34933,23.23134]]],[[[-102.36254,23.22531],[-102.36644,23.2281],[-102.36783,23.22532],[-102.36254,23.22531]]],[[[-102.35314,23.2221],[-102.3598,23.22179],[-102.36267,23.21971],[-102.36566,23.21128],[-102.35482,23.20955],[-102.35252,23.21507],[-102.34899,23.21779],[-102.35249,23.21821],[-102.35591,23.21412],[-102.35579,23.21812],[-102.35314,23.2221]]],[[[-102.40965,23.20453],[-102.40999,23.20511],[-102.4284,23.20498],[-102.42684,23.19597],[-102.40998,23.19646],[-102.40965,23.20453]]],[[[-102.2877,23.17502],[-102.28734,23.17665],[-102.29233,23.17892],[-102.28797,23.18567],[-102.28366,23.18885],[-102.30389,23.19199],[-102.30026,23.20098],[-102.30725,23.20129],[-102.3045,23.19819],[-102.30492,23.19426],[-102.30787,23.19575],[-102.31011,23.2018],[-102.31236,23.19499],[-102.30886,23.19267],[-102.31776,23.19404],[-102.32113,23.19109],[-102.33017,23.19362],[-102.33061,23.18893],[-102.33853,23.18945],[-102.34135,23.17971],[-102.34211,23.18435],[-102.35204,23.18235],[-102.3499,23.17679],[-102.34128,23.17518],[-102.34055,23.17874],[-102.33641,23.17747],[-102.33498,23.1805],[-102.33269,23.178],[-102.3292,23.18266],[-102.32786,23.17812],[-102.32001,23.1779],[-102.31571,23.1792],[-102.31495,23.17405],[-102.30552,23.17282],[-102.30634,23.17853],[-102.3005,23.17804],[-102.30086,23.17468],[-102.29636,23.17381],[-102.29813,23.16457],[-102.2997,23.17151],[-102.30232,23.16876],[-102.31279,23.16701],[-102.31407,23.16806],[-102.31838,23.1626],[-102.31656,23.16218],[-102.32006,23.15237],[-102.31709,23.14709],[-102.31042,23.14735],[-102.29126,23.13654],[-102.29776,23.11609],[-102.28319,23.09383],[-102.27777,23.09534],[-102.27735,23.09086],[-102.2736,23.09272],[-102.27374,23.09783],[-102.2777,23.10228],[-102.28199,23.10182],[-102.2795,23.11261],[-102.26693,23.1124],[-102.2666,23.11753],[-102.26954,23.1196],[-102.26988,23.12396],[-102.26807,23.13273],[-102.27184,23.13583],[-102.26778,23.13654],[-102.26627,23.12719],[-102.26386,23.12823],[-102.26544,23.13398],[-102.26344,23.14508],[-102.26045,23.14747],[-102.26753,23.14687],[-102.2707,23.14954],[-102.26666,23.15538],[-102.2786,23.15614],[-102.28172,23.1584],[-102.28403,23.15526],[-102.27956,23.16606],[-102.2828,23.16949],[-102.28789,23.16925],[-102.29029,23.17415],[-102.2877,23.17502]]],[[[-102.25096,23.14582],[-102.25072,23.15399],[-102.25502,23.15196],[-102.25459,23.14706],[-102.25096,23.14582]]],[[[-102.24467,23.12327],[-102.24646,23.12557],[-102.25278,23.12292],[-102.24902,23.12057],[-102.24467,23.12327]]],[[[-102.24625,23.11617],[-102.24958,23.11255],[-102.25374,23.11572],[-102.25385,23.11177],[-102.25001,23.11084],[-102.24625,23.11617]]],[[[-102.25764,23.1132],[-102.26355,23.111],[-102.26086,23.10913],[-102.25764,23.1132]]],[[[-102.25642,23.10002],[-102.26105,23.09837],[-102.2594,23.09651],[-102.25642,23.10002]]],[[[-102.26706,23.09693],[-102.27106,23.0975],[-102.27392,23.08572],[-102.26872,23.08401],[-102.26706,23.09693]]],[[[-102.25519,23.09441],[-102.26233,23.09348],[-102.26088,23.09091],[-102.25493,23.08957],[-102.25172,23.08366],[-102.24996,23.08751],[-102.25083,23.09307],[-102.25519,23.09441]]],[[[-102.31665,23.14614],[-102.32266,23.14542],[-102.32138,23.14237],[-102.3243,23.13721],[-102.31589,23.13615],[-102.31503,23.1429],[-102.31665,23.14614]]],[[[-102.40824,23.15688],[-102.40883,23.15404],[-102.41217,23.15572],[-102.41636,23.15002],[-102.40674,23.14699],[-102.40233,23.15329],[-102.40824,23.15688]]],[[[-102.41788,23.16001],[-102.42157,23.15981],[-102.42373,23.15682],[-102.41913,23.15659],[-102.41788,23.16001]]],[[[-102.39468,23.155],[-102.39168,23.15906],[-102.39477,23.16108],[-102.39775,23.15678],[-102.39468,23.155]]],[[[-102.43343,23.18397],[-102.43432,23.18207],[-102.42419,23.17988],[-102.42498,23.18406],[-102.43343,23.18397]]],[[[-102.40932,23.10765],[-102.41632,23.10688],[-102.41771,23.10211],[-102.40917,23.10121],[-102.40932,23.10765]]],[[[-102.3969,22.89755],[-102.40347,22.89461],[-102.40376,22.89056],[-102.4008,22.88864],[-102.40782,22.8896],[-102.40903,22.88598],[-102.4087,22.89533],[-102.40459,22.89493],[-102.40597,22.90086],[-102.40819,22.90285],[-102.40821,22.90287],[-102.40804,22.90227],[-102.41097,22.89864],[-102.41287,22.88836],[-102.41303,22.87892],[-102.4185,22.87995],[-102.41868,22.87194],[-102.42296,22.87192],[-102.42013,22.86806],[-102.42031,22.86234],[-102.41857,22.85617],[-102.412,22.86023],[-102.4044,22.86232],[-102.40352,22.87345],[-102.39928,22.87092],[-102.40273,22.86858],[-102.39857,22.86826],[-102.40263,22.86351],[-102.40238,22.86381],[-102.40208,22.86418],[-102.39934,22.8677],[-102.40273,22.86777],[-102.40315,22.86289],[-102.40294,22.85477],[-102.39943,22.85478],[-102.39645,22.86939],[-102.39668,22.86934],[-102.39731,22.86876],[-102.39823,22.8682],[-102.39827,22.86836],[-102.39827,22.86837],[-102.398,22.86855],[-102.39587,22.87055],[-102.39563,22.87121],[-102.39974,22.87429],[-102.40725,22.87548],[-102.40832,22.87195],[-102.41256,22.87288],[-102.40808,22.876],[-102.40108,22.8748],[-102.40785,22.87964],[-102.40139,22.87986],[-102.39724,22.88685],[-102.39457,22.89605],[-102.3969,22.89755]]],[[[-102.40664,22.84608],[-102.40799,22.84618],[-102.40912,22.84627],[-102.41053,22.84513],[-102.40908,22.85031],[-102.41448,22.85304],[-102.41577,22.84355],[-102.41459,22.83815],[-102.41512,22.83695],[-102.41616,22.83518],[-102.41752,22.8351],[-102.42376,22.8352],[-102.42462,22.82872],[-102.42092,22.82639],[-102.4275,22.82694],[-102.42808,22.82427],[-102.42231,22.8248],[-102.42304,22.81989],[-102.42585,22.81711],[-102.42772,22.80879],[-102.42974,22.79103],[-102.43454,22.79146],[-102.43731,22.78689],[-102.4359,22.78119],[-102.44206,22.77334],[-102.44946,22.77115],[-102.45356,22.76276],[-102.45499,22.76361],[-102.45859,22.75867],[-102.45779,22.75496],[-102.45377,22.75172],[-102.44694,22.7534],[-102.44571,22.75177],[-102.43783,22.75293],[-102.43885,22.75761],[-102.431,22.75847],[-102.42603,22.75276],[-102.43183,22.76357],[-102.42778,22.7755],[-102.43173,22.77656],[-102.42879,22.78465],[-102.42562,22.78427],[-102.42489,22.78924],[-102.4195,22.79503],[-102.41654,22.80235],[-102.41394,22.80469],[-102.41341,22.80906],[-102.40871,22.81021],[-102.40741,22.81501],[-102.41105,22.8169],[-102.40974,22.8204],[-102.41254,22.82313],[-102.41838,22.82381],[-102.41675,22.83],[-102.41346,22.82478],[-102.41086,22.82805],[-102.40809,22.82458],[-102.40261,22.83275],[-102.40155,22.82931],[-102.3987,22.83286],[-102.40018,22.8473],[-102.40528,22.84739],[-102.40664,22.84608]]],[[[-102.42815,22.89828],[-102.43087,22.90349],[-102.43418,22.89995],[-102.42814,22.89818],[-102.42815,22.89828]]],[[[-102.42263,22.89439],[-102.42465,22.89082],[-102.42078,22.89265],[-102.42263,22.89439]]],[[[-102.42929,22.86658],[-102.43326,22.86572],[-102.43189,22.86121],[-102.42888,22.86114],[-102.42887,22.85713],[-102.42525,22.85529],[-102.42405,22.86189],[-102.42806,22.86313],[-102.42929,22.86658]]],[[[-102.40414,22.85981],[-102.40978,22.86037],[-102.40994,22.85119],[-102.4042,22.85451],[-102.40414,22.85981]]],[[[-102.43842,22.86256],[-102.43589,22.85963],[-102.44131,22.85993],[-102.44442,22.85712],[-102.43271,22.85637],[-102.43363,22.85951],[-102.43842,22.86256]]],[[[-102.4185,22.87995],[-102.41758,22.88943],[-102.42015,22.89246],[-102.42469,22.88966],[-102.42622,22.87998],[-102.42887,22.88004],[-102.42608,22.87681],[-102.426,22.87998],[-102.4185,22.87995]]],[[[-102.42608,22.87681],[-102.42498,22.87293],[-102.42097,22.87664],[-102.42608,22.87681]]],[[[-103.83024,22.58641],[-103.83191,22.58559],[-103.83249,22.58558],[-103.83287,22.58573],[-103.83287,22.5859],[-103.83867,22.58192],[-103.83898,22.58196],[-103.84074,22.58116],[-103.8417,22.57996],[-103.84214,22.57959],[-103.84268,22.57925],[-103.84383,22.5791],[-103.8452,22.57959],[-103.84535,22.57904],[-103.8456,22.57869],[-103.84758,22.57395],[-103.83909,22.57249],[-103.83668,22.57552],[-103.83197,22.57182],[-103.82501,22.57097],[-103.82623,22.57282],[-103.81793,22.57595],[-103.82056,22.58099],[-103.82261,22.5777],[-103.83106,22.57489],[-103.83485,22.57808],[-103.83024,22.58641]]],[[[-103.50297,22.8745],[-103.50869,22.87078],[-103.50782,22.86647],[-103.50354,22.86084],[-103.50061,22.86765],[-103.50001,22.87319],[-103.50297,22.8745]]],[[[-103.50373,22.85223],[-103.50622,22.85698],[-103.50623,22.84852],[-103.50294,22.84435],[-103.50373,22.85223]]],[[[-103.5207,22.85053],[-103.52458,22.84982],[-103.51881,22.84344],[-103.50871,22.84335],[-103.50865,22.84622],[-103.5207,22.85053]]],[[[-103.39808,22.82448],[-103.40101,22.8263],[-103.39833,22.81862],[-103.39552,22.81884],[-103.39355,22.82258],[-103.3915,22.82009],[-103.38878,22.82075],[-103.3864,22.82103],[-103.38101,22.82175],[-103.38046,22.82205],[-103.38322,22.82346],[-103.38701,22.82509],[-103.3955,22.82458],[-103.39808,22.82448]]],[[[-103.40836,22.81784],[-103.40465,22.81945],[-103.41099,22.81945],[-103.41208,22.81561],[-103.40911,22.81737],[-103.40836,22.81784]]],[[[-103.41344,22.81521],[-103.4126,22.81896],[-103.41023,22.82021],[-103.4119,22.8232],[-103.41426,22.81504],[-103.42657,22.81241],[-103.43184,22.81002],[-103.43194,22.80675],[-103.43651,22.80375],[-103.43412,22.80043],[-103.42983,22.80352],[-103.43006,22.80614],[-103.42596,22.81074],[-103.41634,22.81138],[-103.41344,22.81521]]],[[[-103.43702,22.80024],[-103.4402,22.80485],[-103.44457,22.79956],[-103.43876,22.79622],[-103.43702,22.80024]]],[[[-103.54762,22.8261],[-103.54797,22.82258],[-103.54244,22.81812],[-103.54499,22.81594],[-103.54288,22.80756],[-103.53835,22.8137],[-103.52761,22.8193],[-103.53201,22.82028],[-103.53539,22.81746],[-103.54044,22.81916],[-103.54403,22.82251],[-103.5418,22.82392],[-103.54762,22.8261]]],[[[-103.52775,22.82181],[-103.52347,22.82631],[-103.52554,22.82806],[-103.53301,22.82364],[-103.53364,22.82083],[-103.52775,22.82181]]],[[[-103.50479,22.7851],[-103.5144,22.78413],[-103.51551,22.78011],[-103.50439,22.7818],[-103.50479,22.7851]]],[[[-103.51987,22.78147],[-103.52721,22.78123],[-103.52383,22.7761],[-103.5178,22.7803],[-103.51987,22.78147]]],[[[-103.57874,22.78701],[-103.57057,22.77928],[-103.57135,22.78626],[-103.57874,22.78701]]],[[[-103.56284,22.76547],[-103.56502,22.76884],[-103.5668,22.76455],[-103.56892,22.76528],[-103.57315,22.75647],[-103.56921,22.75751],[-103.56284,22.76547]]],[[[-103.57341,22.7439],[-103.57259,22.75392],[-103.57433,22.75442],[-103.5776,22.74264],[-103.58084,22.73726],[-103.58546,22.73662],[-103.57808,22.73451],[-103.57341,22.7439]]],[[[-103.58479,22.75194],[-103.58515,22.75436],[-103.60444,22.74507],[-103.6029,22.74377],[-103.60498,22.73896],[-103.59401,22.74079],[-103.59396,22.73802],[-103.59007,22.73462],[-103.59089,22.7381],[-103.58884,22.74244],[-103.58619,22.74204],[-103.58754,22.75181],[-103.58479,22.75194]]],[[[-103.57187,22.7321],[-103.57726,22.73059],[-103.57841,22.72602],[-103.57087,22.72487],[-103.56712,22.72581],[-103.57187,22.7321]]],[[[-103.62381,22.71281],[-103.62047,22.70921],[-103.62,22.71282],[-103.62381,22.71281]]],[[[-103.57567,22.70783],[-103.58013,22.70488],[-103.58221,22.70714],[-103.59192,22.7038],[-103.59529,22.6986],[-103.59695,22.69205],[-103.59323,22.69519],[-103.58418,22.69698],[-103.58336,22.70512],[-103.5754,22.70331],[-103.57567,22.70783]]],[[[-103.59001,22.68627],[-103.59751,22.68571],[-103.59256,22.67884],[-103.59214,22.68226],[-103.58862,22.68414],[-103.59001,22.68627]]],[[[-103.49505,22.57802],[-103.49816,22.57893],[-103.49382,22.57241],[-103.49505,22.57802]]],[[[-103.80871,22.52895],[-103.81382,22.53024],[-103.8182,22.52873],[-103.82067,22.52372],[-103.82391,22.52123],[-103.82354,22.51515],[-103.81587,22.51983],[-103.80893,22.52616],[-103.80871,22.52895]]],[[[-103.84552,22.51376],[-103.84859,22.51834],[-103.84937,22.51419],[-103.84552,22.51376]]],[[[-103.82465,22.49629],[-103.83437,22.49564],[-103.83109,22.49185],[-103.82146,22.49024],[-103.81899,22.48596],[-103.81553,22.4936],[-103.81907,22.49227],[-103.82263,22.4972],[-103.82465,22.49629]]],[[[-103.84137,22.48991],[-103.84397,22.48944],[-103.84936,22.48276],[-103.84163,22.4846],[-103.84652,22.47762],[-103.84132,22.47378],[-103.84123,22.46461],[-103.83705,22.46572],[-103.83271,22.46376],[-103.83537,22.46897],[-103.83003,22.47026],[-103.82811,22.47434],[-103.83166,22.47447],[-103.83219,22.47985],[-103.83578,22.47948],[-103.83653,22.48678],[-103.84137,22.48991]]],[[[-103.29458,21.89646],[-103.29123,21.89819],[-103.29066,21.89847],[-103.29067,21.89847],[-103.29106,21.89833],[-103.2902,21.89979],[-103.2855,21.89926],[-103.28201,21.90046],[-103.26972,21.89807],[-103.27223,21.90049],[-103.2783,21.90167],[-103.27851,21.90408],[-103.28794,21.90403],[-103.29238,21.90522],[-103.29024,21.90818],[-103.28289,21.9079],[-103.2888,21.91068],[-103.29338,21.90966],[-103.29405,21.90583],[-103.30165,21.9021],[-103.30107,21.8985],[-103.30618,21.89906],[-103.31202,21.89295],[-103.31002,21.89223],[-103.31376,21.89245],[-103.31296,21.89386],[-103.31511,21.89465],[-103.31706,21.89236],[-103.31305,21.88888],[-103.31272,21.88273],[-103.30958,21.87896],[-103.31313,21.87923],[-103.31348,21.88693],[-103.31868,21.89335],[-103.31861,21.89046],[-103.31671,21.88841],[-103.31347,21.87707],[-103.30675,21.8765],[-103.30537,21.87451],[-103.31517,21.8738],[-103.31388,21.86511],[-103.31609,21.86253],[-103.31446,21.85567],[-103.31417,21.85462],[-103.31326,21.85239],[-103.31264,21.84858],[-103.31196,21.84781],[-103.31131,21.8473],[-103.31024,21.84614],[-103.31067,21.8445],[-103.31076,21.84401],[-103.31084,21.84358],[-103.30752,21.8419],[-103.30777,21.83805],[-103.31001,21.84096],[-103.31067,21.84204],[-103.31372,21.83582],[-103.31274,21.83407],[-103.31115,21.83416],[-103.31007,21.83416],[-103.3086,21.83511],[-103.30852,21.83518],[-103.30669,21.83225],[-103.3131,21.83244],[-103.3171,21.83158],[-103.31135,21.82832],[-103.311,21.82768],[-103.31074,21.82741],[-103.31053,21.82666],[-103.31452,21.82551],[-103.31096,21.82252],[-103.31107,21.82234],[-103.31264,21.82149],[-103.31515,21.81494],[-103.31021,21.81331],[-103.3148,21.80152],[-103.31997,21.80108],[-103.32336,21.79415],[-103.3222,21.79017],[-103.30951,21.78963],[-103.31488,21.78801],[-103.32246,21.78769],[-103.32782,21.79054],[-103.32391,21.78414],[-103.32861,21.77894],[-103.32437,21.77251],[-103.32837,21.77089],[-103.33126,21.7653],[-103.32773,21.76066],[-103.3308,21.75145],[-103.33038,21.74929],[-103.31914,21.7437],[-103.31996,21.74018],[-103.32398,21.74007],[-103.32556,21.73409],[-103.32878,21.72901],[-103.32698,21.71641],[-103.33133,21.7127],[-103.32881,21.71242],[-103.32266,21.70452],[-103.32681,21.70374],[-103.3256,21.70253],[-103.32521,21.70284],[-103.32498,21.70301],[-103.32493,21.70303],[-103.32442,21.70303],[-103.32334,21.70133],[-103.32521,21.69043],[-103.32143,21.68957],[-103.32109,21.695],[-103.31536,21.69325],[-103.31774,21.68642],[-103.32181,21.68769],[-103.32711,21.68675],[-103.33046,21.683],[-103.33664,21.68823],[-103.33318,21.69189],[-103.33296,21.68838],[-103.33012,21.6922],[-103.33195,21.69584],[-103.33576,21.69243],[-103.33773,21.68799],[-103.33557,21.68291],[-103.33715,21.67981],[-103.33148,21.68025],[-103.33081,21.67712],[-103.33692,21.67528],[-103.3349,21.66595],[-103.34062,21.65378],[-103.34368,21.65227],[-103.34742,21.64552],[-103.34319,21.64658],[-103.34199,21.64973],[-103.33852,21.6468],[-103.34046,21.64006],[-103.33739,21.64113],[-103.33248,21.63845],[-103.33046,21.64325],[-103.33584,21.64313],[-103.33803,21.64719],[-103.33536,21.64837],[-103.33595,21.65189],[-103.33384,21.65765],[-103.33024,21.66052],[-103.33261,21.66348],[-103.32682,21.66072],[-103.3284,21.65457],[-103.32739,21.64801],[-103.33054,21.6484],[-103.32872,21.65494],[-103.3333,21.65662],[-103.33508,21.6522],[-103.33396,21.64505],[-103.32752,21.64635],[-103.32215,21.64235],[-103.32214,21.63452],[-103.32713,21.63122],[-103.32481,21.63637],[-103.32557,21.6407],[-103.33142,21.6366],[-103.33275,21.63032],[-103.33523,21.63097],[-103.33644,21.63549],[-103.33745,21.63064],[-103.3437,21.63392],[-103.34239,21.63912],[-103.34973,21.63893],[-103.35116,21.63374],[-103.34731,21.63218],[-103.34757,21.62501],[-103.34456,21.62477],[-103.34519,21.62146],[-103.34017,21.62062],[-103.34441,21.61557],[-103.34023,21.61502],[-103.3377,21.61095],[-103.3339,21.61511],[-103.33313,21.60863],[-103.33617,21.6079],[-103.3354,21.60479],[-103.34108,21.60211],[-103.33965,21.59821],[-103.33626,21.60005],[-103.3273,21.59879],[-103.32241,21.60841],[-103.32679,21.60308],[-103.32873,21.60859],[-103.32673,21.61388],[-103.32448,21.6105],[-103.31954,21.61255],[-103.31887,21.61067],[-103.31477,21.61425],[-103.3178,21.61466],[-103.31692,21.61953],[-103.31134,21.62535],[-103.31276,21.62757],[-103.3194,21.62954],[-103.31498,21.63191],[-103.31107,21.64101],[-103.30678,21.64062],[-103.30327,21.64353],[-103.29427,21.64234],[-103.29705,21.64695],[-103.30805,21.64557],[-103.30931,21.64842],[-103.30823,21.65645],[-103.30653,21.65591],[-103.3068,21.64959],[-103.30068,21.64992],[-103.29835,21.65763],[-103.30754,21.65951],[-103.30972,21.66418],[-103.31281,21.66589],[-103.31417,21.67186],[-103.31767,21.67004],[-103.31461,21.66508],[-103.31678,21.66332],[-103.32069,21.66818],[-103.32079,21.66413],[-103.32392,21.66365],[-103.32402,21.66021],[-103.31778,21.66087],[-103.319,21.65894],[-103.31449,21.6575],[-103.31735,21.65266],[-103.31986,21.65707],[-103.32661,21.66069],[-103.32713,21.66667],[-103.33036,21.6677],[-103.33293,21.67176],[-103.33209,21.67614],[-103.3274,21.67395],[-103.32025,21.67417],[-103.31433,21.67692],[-103.31763,21.68484],[-103.31423,21.68919],[-103.31357,21.68172],[-103.30956,21.68149],[-103.30236,21.68923],[-103.30804,21.68972],[-103.31251,21.69242],[-103.3101,21.69938],[-103.30075,21.69918],[-103.30041,21.70214],[-103.31341,21.70137],[-103.31144,21.70997],[-103.30987,21.7243],[-103.31069,21.72747],[-103.3075,21.73047],[-103.30171,21.73127],[-103.29604,21.73573],[-103.29393,21.73337],[-103.28589,21.73278],[-103.29249,21.73781],[-103.29842,21.73717],[-103.29886,21.7422],[-103.30271,21.74478],[-103.29882,21.74743],[-103.30424,21.74765],[-103.30577,21.75312],[-103.3,21.75317],[-103.294,21.75882],[-103.2986,21.76247],[-103.29852,21.75619],[-103.30469,21.75475],[-103.30246,21.76054],[-103.30633,21.76089],[-103.30544,21.7559],[-103.30797,21.75794],[-103.30703,21.76814],[-103.31065,21.76519],[-103.30941,21.77079],[-103.31419,21.77481],[-103.31176,21.77669],[-103.31175,21.78088],[-103.31427,21.78166],[-103.3124,21.78653],[-103.30748,21.78436],[-103.30297,21.78649],[-103.29921,21.792],[-103.30283,21.79408],[-103.3034,21.79904],[-103.29571,21.79619],[-103.2945,21.79991],[-103.2838,21.79988],[-103.2875,21.80357],[-103.27927,21.80431],[-103.27188,21.80361],[-103.27047,21.81107],[-103.27445,21.82033],[-103.27122,21.82604],[-103.26586,21.82474],[-103.26594,21.82222],[-103.2556,21.82094],[-103.2541,21.82426],[-103.2617,21.82438],[-103.26155,21.82692],[-103.25748,21.82569],[-103.24997,21.82602],[-103.25007,21.83138],[-103.25216,21.83275],[-103.25815,21.82924],[-103.26679,21.83453],[-103.27753,21.83386],[-103.27507,21.83814],[-103.27046,21.83848],[-103.27012,21.84111],[-103.26287,21.84385],[-103.26702,21.84404],[-103.26652,21.84686],[-103.26022,21.84955],[-103.25531,21.84971],[-103.25654,21.85341],[-103.26428,21.85177],[-103.27139,21.84693],[-103.26844,21.8458],[-103.27481,21.84321],[-103.27376,21.84701],[-103.27957,21.84605],[-103.27633,21.85024],[-103.28509,21.853],[-103.2845,21.85934],[-103.29135,21.85612],[-103.29556,21.85716],[-103.29987,21.86072],[-103.29293,21.8582],[-103.287,21.86325],[-103.28246,21.86302],[-103.28351,21.86573],[-103.2922,21.86584],[-103.294,21.86829],[-103.29682,21.86603],[-103.3006,21.86726],[-103.29795,21.87256],[-103.2988,21.87755],[-103.29469,21.87801],[-103.29394,21.88181],[-103.28765,21.88313],[-103.2855,21.88575],[-103.28904,21.88722],[-103.28979,21.88365],[-103.29322,21.88413],[-103.29165,21.88718],[-103.29446,21.89033],[-103.29745,21.89006],[-103.29458,21.89646]],[[-103.30281,21.88144],[-103.30259,21.87537],[-103.30734,21.87758],[-103.30619,21.88174],[-103.30281,21.88144]],[[-103.30694,21.87142],[-103.30119,21.85982],[-103.30899,21.86035],[-103.30967,21.86693],[-103.31203,21.86352],[-103.30903,21.85511],[-103.30477,21.85507],[-103.30383,21.84788],[-103.30205,21.84596],[-103.30283,21.84059],[-103.30513,21.84114],[-103.30397,21.83628],[-103.29893,21.83535],[-103.29879,21.82881],[-103.30123,21.82586],[-103.30122,21.81759],[-103.29727,21.81661],[-103.29793,21.81013],[-103.29996,21.81311],[-103.2977,21.81544],[-103.30842,21.81066],[-103.29784,21.80526],[-103.29763,21.7991],[-103.29975,21.80073],[-103.29884,21.80497],[-103.30208,21.80521],[-103.30392,21.80216],[-103.30575,21.80697],[-103.30881,21.80699],[-103.30945,21.80993],[-103.30793,21.81379],[-103.30243,21.81603],[-103.30354,21.82708],[-103.30532,21.83257],[-103.30137,21.83069],[-103.30556,21.83911],[-103.30555,21.84165],[-103.30431,21.84365],[-103.30543,21.85169],[-103.31275,21.85577],[-103.313,21.86894],[-103.30584,21.87403],[-103.30694,21.87142]],[[-103.29427,21.85374],[-103.28999,21.85157],[-103.29661,21.84993],[-103.29944,21.84737],[-103.29931,21.85254],[-103.29427,21.85374]],[[-103.28309,21.83233],[-103.28122,21.82904],[-103.28657,21.82857],[-103.28309,21.83233]],[[-103.28003,21.82185],[-103.28433,21.82537],[-103.2816,21.8274],[-103.28003,21.82185]],[[-103.28882,21.81892],[-103.28493,21.81509],[-103.28348,21.81879],[-103.27988,21.81683],[-103.28472,21.80919],[-103.28916,21.81249],[-103.29213,21.8116],[-103.29073,21.81948],[-103.28882,21.81892]],[[-103.31748,21.76026],[-103.32112,21.75507],[-103.31877,21.75015],[-103.32344,21.75315],[-103.32534,21.75761],[-103.32205,21.76186],[-103.31748,21.76026]],[[-103.30749,21.74623],[-103.30232,21.74267],[-103.3049,21.74111],[-103.3042,21.73715],[-103.31314,21.73977],[-103.30749,21.74623]],[[-103.31638,21.7425],[-103.31478,21.73914],[-103.31814,21.73154],[-103.31262,21.72795],[-103.31071,21.72424],[-103.31763,21.72204],[-103.31339,21.72545],[-103.31978,21.72952],[-103.31638,21.7425]],[[-103.33601,21.62592],[-103.34032,21.6229],[-103.33985,21.62925],[-103.33601,21.62592]],[[-103.32634,21.62547],[-103.32661,21.62386],[-103.33449,21.62027],[-103.33357,21.62294],[-103.32634,21.62547]]],[[[-103.27878,21.91005],[-103.27717,21.91385],[-103.28331,21.91224],[-103.2858,21.9165],[-103.29514,21.91837],[-103.29726,21.92186],[-103.30431,21.9199],[-103.30642,21.92225],[-103.30985,21.92037],[-103.30037,21.91721],[-103.30502,21.91093],[-103.3014,21.91229],[-103.29952,21.91671],[-103.29456,21.91666],[-103.29618,21.91292],[-103.29155,21.91558],[-103.28748,21.91085],[-103.28049,21.90933],[-103.28035,21.90886],[-103.27878,21.91005]]],[[[-103.31822,21.89433],[-103.30827,21.89775],[-103.30636,21.90412],[-103.31117,21.90995],[-103.31342,21.90953],[-103.31438,21.91598],[-103.316,21.91628],[-103.316,21.90762],[-103.32004,21.89928],[-103.31859,21.89384],[-103.31822,21.89433]]],[[[-103.42756,21.43328],[-103.42965,21.43007],[-103.42564,21.43073],[-103.42756,21.43328]]],[[[-103.45084,21.45999],[-103.45388,21.46217],[-103.45767,21.45672],[-103.4584,21.45135],[-103.45466,21.44665],[-103.45256,21.45075],[-103.4547,21.45242],[-103.45399,21.45676],[-103.44524,21.44983],[-103.44488,21.45288],[-103.44856,21.45556],[-103.44667,21.45981],[-103.45084,21.45999]]],[[[-103.43742,21.46048],[-103.4413,21.46354],[-103.44291,21.46014],[-103.43955,21.45691],[-103.43521,21.45604],[-103.43742,21.46048]]],[[[-103.44549,21.47983],[-103.45039,21.47877],[-103.44666,21.47352],[-103.45036,21.47309],[-103.45174,21.46814],[-103.45659,21.46727],[-103.45482,21.46441],[-103.45122,21.46492],[-103.4508,21.46777],[-103.44025,21.47146],[-103.43959,21.46501],[-103.4344,21.47153],[-103.42738,21.47045],[-103.43059,21.46576],[-103.42005,21.45848],[-103.41504,21.45793],[-103.41278,21.46273],[-103.42599,21.46819],[-103.4241,21.47347],[-103.417,21.47004],[-103.41425,21.47296],[-103.41914,21.47213],[-103.42095,21.47411],[-103.42901,21.47629],[-103.43694,21.4743],[-103.43687,21.47688],[-103.44504,21.4767],[-103.44549,21.47983]]],[[[-103.05624,22.5415],[-103.05638,22.54235],[-103.05692,22.54383],[-103.05714,22.54424],[-103.0572,22.54435],[-103.05548,22.54289],[-103.0549,22.53995],[-103.03453,22.57553],[-103.04387,22.55836],[-103.05006,22.54805],[-103.04616,22.54641],[-103.04707,22.54402],[-103.05128,22.54577],[-103.05453,22.53946],[-103.05335,22.53515],[-103.05637,22.53354],[-103.05633,22.53701],[-103.06284,22.5257],[-103.05603,22.52448],[-103.05843,22.51835],[-103.05634,22.51161],[-103.05141,22.51559],[-103.05035,22.52001],[-103.04538,22.52854],[-103.04297,22.52595],[-103.04557,22.51629],[-103.04385,22.51503],[-103.04312,22.51626],[-103.03768,22.5198],[-103.04058,22.52296],[-103.04039,22.52331],[-103.04027,22.52798],[-103.03684,22.53489],[-103.04594,22.53888],[-103.04303,22.54662],[-103.04713,22.54842],[-103.04523,22.55324],[-103.0416,22.55156],[-103.04155,22.5487],[-103.03148,22.57653],[-103.03257,22.58074],[-103.03868,22.58522],[-103.0376,22.58858],[-103.04855,22.59152],[-103.05328,22.58935],[-103.05783,22.59147],[-103.06172,22.58413],[-103.07569,22.576],[-103.07242,22.57377],[-103.0775,22.5651],[-103.07997,22.56591],[-103.08304,22.55955],[-103.07886,22.55766],[-103.07185,22.55758],[-103.0679,22.56142],[-103.06353,22.5592],[-103.06617,22.55386],[-103.06308,22.55142],[-103.06011,22.55772],[-103.06132,22.5505],[-103.05889,22.5465],[-103.06042,22.54855],[-103.06198,22.54963],[-103.06164,22.54588],[-103.07438,22.55084],[-103.07249,22.55376],[-103.07579,22.55495],[-103.07854,22.55251],[-103.08208,22.55402],[-103.08488,22.55041],[-103.08424,22.55487],[-103.08479,22.55501],[-103.09099,22.55739],[-103.09364,22.54995],[-103.09807,22.54992],[-103.09271,22.54738],[-103.09189,22.54109],[-103.09571,22.54282],[-103.09591,22.53978],[-103.08931,22.54079],[-103.09153,22.53597],[-103.08541,22.53643],[-103.08412,22.53999],[-103.07971,22.54072],[-103.07378,22.53923],[-103.07682,22.5373],[-103.0753,22.53248],[-103.06932,22.53183],[-103.06594,22.52784],[-103.06466,22.53289],[-103.06681,22.53518],[-103.06083,22.53465],[-103.06349,22.53758],[-103.06355,22.54184],[-103.07308,22.54156],[-103.07243,22.54523],[-103.06902,22.54294],[-103.06288,22.54226],[-103.05649,22.54],[-103.05624,22.5415]],[[-103.05114,22.58615],[-103.05262,22.58164],[-103.05608,22.58245],[-103.05114,22.58615]],[[-103.0453,22.58135],[-103.0505,22.5771],[-103.05061,22.57975],[-103.04585,22.58416],[-103.0453,22.58135]],[[-103.06856,22.57657],[-103.06601,22.57322],[-103.07181,22.56963],[-103.07069,22.57569],[-103.06856,22.57657]],[[-103.05317,22.53246],[-103.05419,22.52871],[-103.05665,22.53175],[-103.05317,22.53246]]],[[[-103.05491,22.50672],[-103.05699,22.50693],[-103.06012,22.51262],[-103.06471,22.51534],[-103.05872,22.51713],[-103.06329,22.52012],[-103.06373,22.5238],[-103.06834,22.52288],[-103.06974,22.51967],[-103.06604,22.52082],[-103.06893,22.51374],[-103.06541,22.51284],[-103.06823,22.51053],[-103.06547,22.50853],[-103.07032,22.50265],[-103.0702,22.49793],[-103.07459,22.49448],[-103.07421,22.49893],[-103.07912,22.49498],[-103.07513,22.49316],[-103.0809,22.48557],[-103.07842,22.48122],[-103.07409,22.4806],[-103.07131,22.47539],[-103.07769,22.469],[-103.08158,22.46039],[-103.07342,22.46078],[-103.07762,22.45668],[-103.0819,22.45734],[-103.0849,22.44866],[-103.07959,22.43906],[-103.08391,22.43525],[-103.08263,22.43047],[-103.07961,22.43672],[-103.07503,22.43503],[-103.07215,22.44441],[-103.06805,22.45112],[-103.07471,22.45173],[-103.07146,22.46144],[-103.0678,22.4611],[-103.06961,22.45252],[-103.06717,22.45126],[-103.05705,22.45529],[-103.05197,22.46044],[-103.04852,22.47375],[-103.04484,22.47235],[-103.03907,22.47687],[-103.03635,22.47569],[-103.03345,22.48335],[-103.03479,22.48616],[-103.03154,22.48853],[-103.0323,22.49127],[-103.02818,22.49487],[-103.03251,22.49593],[-103.03563,22.49399],[-103.04641,22.49352],[-103.05017,22.49144],[-103.04613,22.48819],[-103.04824,22.48722],[-103.05858,22.49349],[-103.05933,22.49745],[-103.06258,22.49885],[-103.0594,22.49945],[-103.05942,22.50192],[-103.05579,22.50314],[-103.05491,22.50672]],[[-103.05568,22.48382],[-103.05629,22.47265],[-103.05971,22.47363],[-103.05909,22.483],[-103.05568,22.48382]],[[-103.06246,22.47377],[-103.06641,22.47095],[-103.07127,22.47025],[-103.07005,22.47362],[-103.06246,22.47377]]],[[[-103.21501,22.3058],[-103.21502,22.30556],[-103.21692,22.302],[-103.21745,22.30172],[-103.21747,22.30161],[-103.21763,22.30146],[-103.21766,22.30115],[-103.21736,22.30095],[-103.217,22.30049],[-103.2167,22.29998],[-103.21707,22.29948],[-103.21809,22.29875],[-103.22037,22.2964],[-103.22081,22.29256],[-103.22057,22.29225],[-103.21898,22.29041],[-103.2195,22.28847],[-103.21899,22.28783],[-103.22079,22.28506],[-103.22099,22.28395],[-103.22185,22.28362],[-103.22244,22.28258],[-103.22024,22.28022],[-103.21357,22.2893],[-103.20922,22.30098],[-103.21501,22.3058]]],[[[-103.09831,22.49368],[-103.10395,22.49215],[-103.1004,22.49125],[-103.09831,22.49368]]],[[[-103.0977,22.47711],[-103.09912,22.48113],[-103.10065,22.47596],[-103.0977,22.47711]]],[[[-103.10133,22.47927],[-103.10523,22.47724],[-103.10452,22.47334],[-103.10063,22.4735],[-103.10133,22.47927]]],[[[-103.09883,22.47377],[-103.10797,22.46788],[-103.10935,22.47187],[-103.11256,22.46803],[-103.11205,22.4633],[-103.11444,22.4601],[-103.11854,22.46011],[-103.11629,22.46591],[-103.1228,22.4643],[-103.1218,22.46722],[-103.12699,22.46971],[-103.12559,22.46354],[-103.12667,22.46081],[-103.11993,22.46156],[-103.12312,22.45764],[-103.12249,22.45402],[-103.12605,22.45463],[-103.12667,22.44987],[-103.11761,22.44817],[-103.11655,22.44605],[-103.12119,22.44065],[-103.11541,22.44112],[-103.11369,22.44369],[-103.10667,22.44334],[-103.10304,22.44106],[-103.09838,22.44239],[-103.09794,22.44551],[-103.10718,22.44885],[-103.10131,22.45173],[-103.10471,22.4622],[-103.09963,22.47214],[-103.10375,22.4616],[-103.10181,22.4582],[-103.09804,22.46436],[-103.09883,22.47377]]],[[[-103.10935,22.43489],[-103.11581,22.43809],[-103.12444,22.42696],[-103.13837,22.4069],[-103.12927,22.40315],[-103.12689,22.40658],[-103.11936,22.40329],[-103.11263,22.41473],[-103.12087,22.41701],[-103.11595,22.42381],[-103.11912,22.42556],[-103.11831,22.43158],[-103.1123,22.42885],[-103.10935,22.43489]]],[[[-103.15095,22.38383],[-103.15579,22.38294],[-103.15559,22.37824],[-103.15912,22.37245],[-103.15809,22.36987],[-103.15373,22.37174],[-103.15061,22.37066],[-103.14786,22.3752],[-103.15339,22.38123],[-103.15095,22.38383]]],[[[-103.109,22.34272],[-103.10908,22.3404],[-103.09965,22.33663],[-103.10216,22.34008],[-103.109,22.34272]]],[[[-103.11781,22.34313],[-103.11993,22.34259],[-103.12019,22.33509],[-103.11578,22.33781],[-103.11704,22.33968],[-103.1093,22.33913],[-103.11121,22.34193],[-103.11781,22.34313]]],[[[-103.04488,22.51017],[-103.04595,22.51262],[-103.05131,22.50812],[-103.05823,22.49982],[-103.05889,22.49591],[-103.0547,22.49976],[-103.04872,22.50256],[-103.04282,22.50929],[-103.04488,22.51017]]],[[[-103.39591,21.64303],[-103.39038,21.63967],[-103.39016,21.63654],[-103.39608,21.63688],[-103.39783,21.63459],[-103.39489,21.62489],[-103.39217,21.62772],[-103.38873,21.62747],[-103.38962,21.62458],[-103.37808,21.62268],[-103.38543,21.63055],[-103.38589,21.63691],[-103.38012,21.63688],[-103.38057,21.64143],[-103.38577,21.63854],[-103.39284,21.64291],[-103.39591,21.64303]],[[-103.38765,21.63455],[-103.38889,21.63082],[-103.39308,21.63069],[-103.39053,21.63436],[-103.38765,21.63455]]],[[[-103.38883,21.61198],[-103.39272,21.61485],[-103.39401,21.61246],[-103.38883,21.61198]]],[[[-102.93366,21.81657],[-102.93703,21.81426],[-102.93693,21.80741],[-102.93137,21.80563],[-102.92633,21.80885],[-102.93077,21.81279],[-102.92985,21.81336],[-102.92977,21.81341],[-102.9287,21.81518],[-102.92872,21.81523],[-102.92937,21.81656],[-102.92961,21.8169],[-102.93366,21.81657]]],[[[-102.96453,21.9988],[-102.96355,22.00037],[-102.97185,22.00304],[-102.97045,21.99672],[-102.96665,21.99759],[-102.9601,21.99541],[-102.96453,21.9988]]],[[[-102.95487,21.99295],[-102.96209,21.9941],[-102.96284,21.99245],[-102.95523,21.98991],[-102.95487,21.99295]]],[[[-102.87928,21.9751],[-102.88083,21.97634],[-102.8838,21.96947],[-102.88891,21.97104],[-102.89046,21.96857],[-102.88631,21.966],[-102.889,21.95784],[-102.89182,21.95487],[-102.89005,21.9508],[-102.88281,21.94944],[-102.87825,21.95971],[-102.87293,21.96474],[-102.8665,21.96807],[-102.86433,21.97305],[-102.87313,21.97616],[-102.87442,21.97387],[-102.87928,21.9751]]],[[[-102.8867,21.94922],[-102.88919,21.94287],[-102.89288,21.94025],[-102.88966,21.93578],[-102.89547,21.93726],[-102.89345,21.94042],[-102.89083,21.94213],[-102.8903,21.94642],[-102.88923,21.94406],[-102.88811,21.94943],[-102.89583,21.94486],[-102.89753,21.94032],[-102.90375,21.93418],[-102.90278,21.93007],[-102.9065,21.92791],[-102.90649,21.92509],[-102.91055,21.929],[-102.91146,21.92542],[-102.90896,21.92166],[-102.91072,21.91375],[-102.91501,21.91412],[-102.911,21.90733],[-102.91635,21.90512],[-102.91065,21.90346],[-102.91177,21.89742],[-102.90785,21.89784],[-102.90742,21.90106],[-102.90402,21.89965],[-102.90629,21.89432],[-102.91534,21.88167],[-102.91749,21.88195],[-102.91758,21.87286],[-102.91019,21.8795],[-102.90813,21.88421],[-102.901,21.8939],[-102.90011,21.89947],[-102.9014,21.90243],[-102.90197,21.90671],[-102.89878,21.91754],[-102.89753,21.91583],[-102.89433,21.92046],[-102.88823,21.92189],[-102.88941,21.91767],[-102.88109,21.91751],[-102.87889,21.9212],[-102.86926,21.91927],[-102.8717,21.922],[-102.8677,21.92749],[-102.87544,21.92952],[-102.87602,21.93151],[-102.88315,21.92974],[-102.88095,21.92389],[-102.88921,21.92417],[-102.89505,21.92254],[-102.89798,21.93162],[-102.89515,21.93239],[-102.88585,21.93035],[-102.88538,21.93688],[-102.87804,21.93342],[-102.87374,21.93537],[-102.86305,21.93522],[-102.85791,21.94396],[-102.86342,21.94634],[-102.87953,21.94686],[-102.87984,21.94431],[-102.88423,21.9442],[-102.88352,21.94713],[-102.8867,21.94922]]],[[[-102.88943,21.92839],[-102.89464,21.92956],[-102.89386,21.92629],[-102.88904,21.92551],[-102.88567,21.92765],[-102.88943,21.92839]]],[[[-102.88742,21.915],[-102.89189,21.91426],[-102.89052,21.91111],[-102.89723,21.91404],[-102.89938,21.91309],[-102.90144,21.90378],[-102.89832,21.90317],[-102.89418,21.90373],[-102.8973,21.9078],[-102.88909,21.9075],[-102.88914,21.90998],[-102.88493,21.9097],[-102.88246,21.91525],[-102.88742,21.915]]],[[[-102.91237,21.87483],[-102.91228,21.87029],[-102.91806,21.86828],[-102.92154,21.86887],[-102.9182,21.86528],[-102.91653,21.86734],[-102.9089,21.86897],[-102.90681,21.87338],[-102.91237,21.87483]]],[[[-102.96127,21.87455],[-102.96602,21.87414],[-102.96414,21.87143],[-102.97113,21.87],[-102.96737,21.85939],[-102.95971,21.85969],[-102.95774,21.86218],[-102.96207,21.86631],[-102.95854,21.8714],[-102.9546,21.87058],[-102.9546,21.87566],[-102.96065,21.87135],[-102.96127,21.87455]]],[[[-102.91806,21.86393],[-102.91924,21.86003],[-102.92164,21.86122],[-102.93131,21.84867],[-102.92398,21.83832],[-102.93017,21.8395],[-102.93458,21.8377],[-102.92517,21.83534],[-102.93452,21.83514],[-102.92949,21.83174],[-102.92201,21.83024],[-102.92064,21.83494],[-102.92367,21.842],[-102.92107,21.84908],[-102.91571,21.85569],[-102.91571,21.86229],[-102.91806,21.86393]]],[[[-102.9249,21.82437],[-102.92076,21.8302],[-102.92638,21.82811],[-102.93072,21.82071],[-102.93052,21.81821],[-102.9249,21.82437]]],[[[-102.93878,21.83693],[-102.94854,21.83211],[-102.95261,21.82404],[-102.95267,21.82111],[-102.94754,21.82197],[-102.9377,21.8355],[-102.93878,21.83693]]],[[[-102.98488,21.86925],[-102.98649,21.86797],[-102.99414,21.87001],[-102.98053,21.86328],[-102.98488,21.86925]]],[[[-102.98406,21.89567],[-102.99234,21.89415],[-102.98815,21.88541],[-102.9837,21.88927],[-102.98662,21.88296],[-102.97676,21.88158],[-102.97527,21.87811],[-102.97218,21.88534],[-102.97621,21.88742],[-102.96662,21.88547],[-102.97537,21.89269],[-102.97304,21.8952],[-102.97735,21.89632],[-102.97949,21.89386],[-102.98406,21.89567]]],[[[-102.89464,21.95132],[-102.89882,21.94728],[-102.89324,21.94648],[-102.89464,21.95132]]],[[[-103.31049,23.98567],[-103.30971,23.98502],[-103.30944,23.98479],[-103.30864,23.98413],[-103.30863,23.98413],[-103.3003,23.98317],[-103.3005,23.98806],[-103.29697,23.99618],[-103.29978,24.00068],[-103.30533,24.0038],[-103.30119,24.00621],[-103.30156,24.00838],[-103.30016,24.01489],[-103.30355,24.01364],[-103.30676,24.01642],[-103.3132,24.01623],[-103.31466,24.01417],[-103.31415,24.00788],[-103.32287,24.00405],[-103.32428,24.00162],[-103.32011,24.00036],[-103.31954,24.00019],[-103.31477,23.99857],[-103.31371,23.99162],[-103.31369,23.99153],[-103.31157,23.98656],[-103.31049,23.98567]]],[[[-103.85468,23.76247],[-103.85631,23.7608],[-103.85431,23.76035],[-103.85044,23.75294],[-103.84356,23.74864],[-103.8399,23.7487],[-103.8436,23.75584],[-103.85468,23.76247]]],[[[-103.85383,23.76344],[-103.85441,23.76277],[-103.84724,23.75875],[-103.84991,23.76364],[-103.85383,23.76344]]],[[[-103.65097,23.8311],[-103.65322,23.83334],[-103.6568,23.82996],[-103.64962,23.82565],[-103.65097,23.8311]]],[[[-103.6373,23.80624],[-103.63655,23.81175],[-103.63961,23.81259],[-103.64236,23.80333],[-103.63972,23.80268],[-103.6373,23.80624]]],[[[-103.64121,23.78487],[-103.64385,23.78504],[-103.64365,23.77478],[-103.64052,23.77785],[-103.64121,23.78487]]],[[[-103.5503,23.76958],[-103.55151,23.76725],[-103.54509,23.76313],[-103.54725,23.75865],[-103.54404,23.75638],[-103.54087,23.76274],[-103.5503,23.76958]]],[[[-103.66116,23.76823],[-103.66654,23.7679],[-103.67017,23.76246],[-103.66396,23.75889],[-103.66116,23.76823]]],[[[-103.5326,23.75199],[-103.53554,23.75434],[-103.53692,23.75166],[-103.5326,23.75199]]],[[[-103.11678,23.67626],[-103.11667,23.67627],[-103.11621,23.6833],[-103.11839,23.68415],[-103.12591,23.67948],[-103.13312,23.68024],[-103.13251,23.68857],[-103.13726,23.69046],[-103.14286,23.68573],[-103.14677,23.68522],[-103.14702,23.67879],[-103.14122,23.67573],[-103.13686,23.67634],[-103.12764,23.6712],[-103.12564,23.67528],[-103.11797,23.67476],[-103.11678,23.67626]]],[[[-103.22034,23.71609],[-103.21965,23.71992],[-103.2232,23.71976],[-103.22034,23.71609]]],[[[-103.13516,23.64949],[-103.13708,23.64437],[-103.14124,23.63973],[-103.13894,23.63376],[-103.13508,23.63281],[-103.13364,23.63726],[-103.12484,23.63913],[-103.12639,23.64497],[-103.12489,23.64596],[-103.13109,23.6494],[-103.13516,23.64949]]],[[[-103.1576,23.62243],[-103.14868,23.62564],[-103.14272,23.63207],[-103.1467,23.63227],[-103.15146,23.62567],[-103.1585,23.62416],[-103.1576,23.62243]]],[[[-103.1596,23.62479],[-103.16217,23.62658],[-103.16706,23.62507],[-103.17292,23.61733],[-103.16956,23.6148],[-103.16487,23.62057],[-103.16091,23.61967],[-103.1596,23.62479]]],[[[-103.11686,23.61438],[-103.11952,23.61587],[-103.12006,23.61745],[-103.12056,23.61892],[-103.12132,23.62115],[-103.12456,23.61582],[-103.12109,23.61378],[-103.11478,23.61337],[-103.11686,23.61438]]],[[[-103.11383,23.60969],[-103.11398,23.61298],[-103.12076,23.60959],[-103.1248,23.60026],[-103.13401,23.59349],[-103.13021,23.5929],[-103.119,23.60163],[-103.1155,23.6102],[-103.11383,23.60969]]],[[[-103.20181,23.60646],[-103.19988,23.60361],[-103.19545,23.60522],[-103.20181,23.60646]]],[[[-103.19826,23.63419],[-103.20152,23.62753],[-103.20648,23.62693],[-103.20309,23.61906],[-103.19681,23.61709],[-103.19535,23.6202],[-103.19574,23.62784],[-103.19826,23.63419]]],[[[-103.15071,23.63886],[-103.15384,23.63854],[-103.15943,23.63351],[-103.15786,23.62857],[-103.14596,23.63601],[-103.15071,23.63886]]],[[[-103.14686,23.63811],[-103.1421,23.64136],[-103.1438,23.64575],[-103.14729,23.64472],[-103.14686,23.63811]]],[[[-102.99756,23.58789],[-102.99699,23.59],[-102.99097,23.59218],[-103.00076,23.59156],[-103.00091,23.5862],[-102.99756,23.58789]]],[[[-102.96017,23.57535],[-102.96191,23.57084],[-102.96748,23.56957],[-102.96417,23.54895],[-102.96006,23.54884],[-102.96004,23.56508],[-102.96337,23.56486],[-102.96012,23.56923],[-102.96017,23.57535]]],[[[-103.27152,23.54693],[-103.2672,23.55354],[-103.27287,23.54788],[-103.27152,23.54693]]],[[[-103.32244,23.55678],[-103.32494,23.55928],[-103.32589,23.55525],[-103.32191,23.5514],[-103.31453,23.55414],[-103.31523,23.55764],[-103.31829,23.55531],[-103.32244,23.55678]]],[[[-102.9996,23.86969],[-102.99926,23.86933],[-103.00625,23.86754],[-103.00744,23.8627],[-102.99873,23.85846],[-102.99191,23.85808],[-102.98766,23.86311],[-102.99038,23.86472],[-102.98379,23.86775],[-102.98094,23.86648],[-102.9783,23.87306],[-102.98017,23.87611],[-102.98495,23.87731],[-102.97693,23.87857],[-102.97126,23.88504],[-102.97496,23.88634],[-102.98242,23.88351],[-102.98427,23.88702],[-102.98972,23.88692],[-102.99312,23.89345],[-102.99708,23.88703],[-102.99733,23.87911],[-103.00191,23.87968],[-103.00681,23.87558],[-103.00905,23.8738],[-103.008,23.86913],[-102.9996,23.86969]]],[[[-103.07526,23.78614],[-103.07501,23.78798],[-103.07497,23.7883],[-103.07653,23.79537],[-103.07011,23.79358],[-103.06931,23.79395],[-103.07032,23.79609],[-103.06512,23.79781],[-103.06566,23.80582],[-103.05934,23.80651],[-103.05585,23.80444],[-103.05182,23.80849],[-103.05296,23.81077],[-103.05783,23.80796],[-103.05372,23.81486],[-103.04833,23.81546],[-103.04422,23.82508],[-103.03557,23.82692],[-103.03575,23.82972],[-103.04119,23.83469],[-103.03953,23.83711],[-103.03302,23.83857],[-103.03056,23.84285],[-103.02369,23.84173],[-103.01728,23.84449],[-103.0235,23.83906],[-103.01757,23.83881],[-103.0122,23.83029],[-103.01022,23.83034],[-103.00928,23.84001],[-103.01175,23.8442],[-103.01461,23.84415],[-103.01795,23.84976],[-103.01527,23.8522],[-103.00895,23.85357],[-102.99854,23.85312],[-102.99572,23.85108],[-102.99318,23.85491],[-102.99755,23.85796],[-102.99997,23.8557],[-103.01017,23.85421],[-103.02044,23.85763],[-103.0304,23.84863],[-103.02887,23.84698],[-103.03638,23.83891],[-103.04069,23.83922],[-103.0475,23.83094],[-103.03914,23.82896],[-103.04519,23.82779],[-103.0488,23.83024],[-103.05157,23.82764],[-103.06031,23.82763],[-103.06363,23.82474],[-103.06952,23.82641],[-103.07138,23.83011],[-103.07648,23.83028],[-103.07975,23.83672],[-103.08447,23.83559],[-103.07908,23.83141],[-103.0797,23.82843],[-103.06957,23.82207],[-103.06745,23.81773],[-103.06874,23.80817],[-103.07177,23.80751],[-103.07321,23.80318],[-103.08041,23.80172],[-103.0855,23.79485],[-103.08415,23.78975],[-103.09161,23.78299],[-103.10236,23.79039],[-103.10546,23.79001],[-103.10774,23.7861],[-103.11267,23.78522],[-103.11546,23.78679],[-103.11579,23.7825],[-103.10535,23.78567],[-103.10083,23.78269],[-103.09651,23.78225],[-103.09963,23.77662],[-103.09912,23.77386],[-103.10272,23.76755],[-103.10064,23.76763],[-103.09838,23.75868],[-103.09455,23.75951],[-103.09189,23.76453],[-103.09224,23.75875],[-103.10234,23.75752],[-103.11131,23.75456],[-103.10636,23.74672],[-103.10332,23.74431],[-103.10487,23.74043],[-103.10858,23.7364],[-103.10326,23.73956],[-103.09922,23.7479],[-103.09546,23.74883],[-103.08771,23.7544],[-103.08438,23.76028],[-103.08651,23.76539],[-103.0851,23.76873],[-103.08798,23.77425],[-103.08347,23.77888],[-103.08811,23.78078],[-103.07994,23.77971],[-103.07535,23.78552],[-103.07526,23.78614]]],[[[-103.10661,23.7461],[-103.10774,23.74119],[-103.11235,23.73845],[-103.11542,23.73393],[-103.10991,23.73535],[-103.10479,23.74135],[-103.10661,23.7461]]],[[[-103.11399,23.73039],[-103.11164,23.73395],[-103.11608,23.73281],[-103.11399,23.73039]]],[[[-103.13706,23.83796],[-103.13519,23.84426],[-103.13735,23.84918],[-103.14034,23.84688],[-103.14126,23.83462],[-103.14046,23.83195],[-103.13706,23.83796]]],[[[-103.12598,23.84745],[-103.12847,23.84537],[-103.12449,23.84345],[-103.12715,23.84198],[-103.12851,23.84514],[-103.13546,23.83826],[-103.12981,23.83607],[-103.13001,23.83937],[-103.1232,23.83896],[-103.12166,23.8417],[-103.12598,23.84745]]],[[[-103.09866,23.71995],[-103.10313,23.71819],[-103.10285,23.71529],[-103.09862,23.71163],[-103.10095,23.70162],[-103.09511,23.71036],[-103.09989,23.71795],[-103.09866,23.71995]]],[[[-101.40938,21.94663],[-101.40512,21.94864],[-101.40465,21.95037],[-101.40463,21.95044],[-101.4043,21.95279],[-101.40406,21.95333],[-101.40402,21.95343],[-101.40382,21.95378],[-101.40154,21.95677],[-101.40067,21.95776],[-101.40041,21.95944],[-101.40065,21.96015],[-101.40092,21.96082],[-101.40093,21.96086],[-101.3986,21.96514],[-101.39834,21.96531],[-101.39713,21.9681],[-101.3937,21.96799],[-101.39357,21.96809],[-101.39162,21.96982],[-101.38862,21.97136],[-101.38809,21.97385],[-101.38636,21.97388],[-101.38399,21.97399],[-101.38392,21.97409],[-101.38392,21.97412],[-101.38395,21.9748],[-101.38401,21.97604],[-101.38444,21.9823],[-101.38352,21.98217],[-101.37659,21.98118],[-101.37657,21.98127],[-101.37631,21.98172],[-101.37606,21.98201],[-101.37595,21.98226],[-101.37575,21.98271],[-101.37567,21.983],[-101.38911,21.98428],[-101.39076,21.99821],[-101.40263,21.99781],[-101.40314,22.002],[-101.4143,22.00156],[-101.41338,21.99759],[-101.40271,21.99781],[-101.40238,21.98323],[-101.41615,21.98524],[-101.41558,21.97993],[-101.41215,21.97568],[-101.41529,21.97618],[-101.41729,21.96993],[-101.41403,21.96178],[-101.41596,21.96089],[-101.41385,21.95427],[-101.41654,21.9544],[-101.41621,21.94858],[-101.40938,21.94663]],[[-101.39468,21.98864],[-101.39676,21.98489],[-101.39889,21.98832],[-101.39468,21.98864]],[[-101.40324,21.97875],[-101.40049,21.97547],[-101.40539,21.97365],[-101.40631,21.97715],[-101.40324,21.97875]]],[[[-101.68647,22.30781],[-101.68601,22.31307],[-101.69052,22.31202],[-101.68993,22.30045],[-101.6877,22.30001],[-101.68647,22.30781]]],[[[-101.65858,22.29351],[-101.65571,22.29076],[-101.65872,22.28695],[-101.65572,22.2828],[-101.64582,22.28589],[-101.6488,22.28722],[-101.65249,22.28401],[-101.65468,22.29312],[-101.65858,22.29351]]],[[[-101.67598,22.25063],[-101.68,22.24872],[-101.6789,22.2371],[-101.67627,22.23457],[-101.68192,22.23493],[-101.67955,22.22985],[-101.67309,22.22975],[-101.67598,22.25063]]],[[[-101.73277,22.25001],[-101.74032,22.24015],[-101.73403,22.23435],[-101.73489,22.2327],[-101.72538,22.22681],[-101.71847,22.22777],[-101.71685,22.23256],[-101.71033,22.22845],[-101.7087,22.23244],[-101.70553,22.23116],[-101.70148,22.23769],[-101.69708,22.24203],[-101.70825,22.24502],[-101.71307,22.24958],[-101.71723,22.24552],[-101.7255,22.2412],[-101.72599,22.23971],[-101.73277,22.25001]]],[[[-101.74965,22.22656],[-101.7499,22.22187],[-101.74553,22.21928],[-101.74329,22.22624],[-101.74965,22.22656]]],[[[-101.73597,22.21324],[-101.74414,22.21477],[-101.74359,22.20857],[-101.74663,22.20745],[-101.74261,22.20518],[-101.73781,22.20527],[-101.73597,22.21324]]],[[[-101.47122,22.10747],[-101.47561,22.10766],[-101.48364,22.10128],[-101.48385,22.09393],[-101.48559,22.09078],[-101.48032,22.08947],[-101.47737,22.09248],[-101.46592,22.09335],[-101.46208,22.0962],[-101.4656,22.10149],[-101.47012,22.1007],[-101.4692,22.10698],[-101.47122,22.10747]]],[[[-101.49253,22.06088],[-101.49104,22.06622],[-101.50242,22.05949],[-101.50858,22.05682],[-101.50406,22.05093],[-101.50706,22.04692],[-101.49786,22.04718],[-101.5,22.05398],[-101.49567,22.05829],[-101.49227,22.0577],[-101.49253,22.06088]]],[[[-101.70777,22.04696],[-101.72006,22.04366],[-101.72221,22.03815],[-101.72689,22.03743],[-101.71969,22.03258],[-101.72218,22.02864],[-101.72442,22.03068],[-101.72939,22.02778],[-101.72851,22.02607],[-101.73319,22.0237],[-101.73209,22.01988],[-101.72396,22.02428],[-101.72488,22.00676],[-101.72085,22.00377],[-101.71511,22.00401],[-101.71423,21.99997],[-101.70639,22.00183],[-101.70669,22.01995],[-101.70987,22.01957],[-101.70992,22.02293],[-101.70407,22.02275],[-101.70248,22.02959],[-101.70016,22.02916],[-101.69937,22.04058],[-101.70149,22.04471],[-101.70777,22.04696]]],[[[-101.40256,22.02631],[-101.41086,22.0243],[-101.40946,22.00611],[-101.39107,22.00682],[-101.37456,22.00825],[-101.36859,22.01093],[-101.37625,22.01392],[-101.38594,22.01456],[-101.38833,22.01336],[-101.38726,22.02009],[-101.39196,22.02072],[-101.3918,22.02485],[-101.40256,22.02631]]],[[[-102.41023,22.96773],[-102.41021,22.9673],[-102.41004,22.96409],[-102.40999,22.96328],[-102.40997,22.96281],[-102.41284,22.96375],[-102.41817,22.96168],[-102.41641,22.95643],[-102.40985,22.96078],[-102.40263,22.96076],[-102.40278,22.96666],[-102.39898,22.96602],[-102.39917,22.95985],[-102.39538,22.96138],[-102.39559,22.97338],[-102.40284,22.9761],[-102.41058,22.97737],[-102.41023,22.96773]]],[[[-102.41443,22.96793],[-102.41285,22.96819],[-102.41221,22.97732],[-102.41536,22.97677],[-102.41443,22.96793]]],[[[-102.44494,22.92489],[-102.43749,22.92835],[-102.43451,22.93281],[-102.43685,22.93759],[-102.44831,22.93564],[-102.44788,22.93774],[-102.45395,22.93807],[-102.4572,22.92884],[-102.44494,22.92489]]],[[[-102.62585,22.97406],[-102.63136,22.97417],[-102.63144,22.97179],[-102.62588,22.97173],[-102.62585,22.97406]]],[[[-102.62568,22.99293],[-102.62826,22.99301],[-102.62951,22.97958],[-102.6258,22.97958],[-102.62281,22.97966],[-102.62239,22.99323],[-102.62568,22.99293]]],[[[-102.62536,23.01712],[-102.62534,23.01857],[-102.62532,23.02044],[-102.62587,23.02088],[-102.62573,23.02506],[-102.62016,23.02743],[-102.61152,23.0269],[-102.61121,23.03729],[-102.61426,23.0374],[-102.61467,23.04109],[-102.61037,23.04713],[-102.61442,23.04849],[-102.60754,23.05143],[-102.61239,23.05279],[-102.61136,23.05981],[-102.61373,23.07086],[-102.61483,23.07532],[-102.6151,23.08165],[-102.61695,23.08731],[-102.61726,23.08806],[-102.62089,23.09042],[-102.62129,23.09065],[-102.62128,23.09067],[-102.61837,23.09507],[-102.61906,23.10019],[-102.62277,23.09832],[-102.62772,23.10152],[-102.62934,23.09935],[-102.62203,23.09451],[-102.62376,23.09229],[-102.62643,23.08891],[-102.62402,23.08736],[-102.6266,23.08387],[-102.62423,23.08229],[-102.62981,23.0747],[-102.63131,23.07736],[-102.62822,23.08164],[-102.63297,23.08483],[-102.64136,23.08405],[-102.64169,23.075],[-102.64379,23.07503],[-102.64364,23.08292],[-102.64533,23.08874],[-102.64117,23.08868],[-102.64293,23.09688],[-102.63617,23.09528],[-102.63775,23.09312],[-102.63196,23.09101],[-102.63106,23.09703],[-102.63355,23.09867],[-102.63012,23.10308],[-102.63731,23.10785],[-102.6348,23.11192],[-102.64061,23.11586],[-102.64252,23.11617],[-102.64862,23.10867],[-102.64942,23.10768],[-102.6553,23.10073],[-102.65505,23.08897],[-102.65313,23.08898],[-102.65333,23.08279],[-102.66327,23.08024],[-102.66014,23.06655],[-102.66034,23.05651],[-102.66196,23.05257],[-102.65839,23.05244],[-102.65848,23.04785],[-102.6526,23.04766],[-102.65262,23.0431],[-102.66235,23.0433],[-102.66116,23.0345],[-102.65675,23.03404],[-102.65736,23.03846],[-102.65082,23.03837],[-102.65071,23.04302],[-102.64495,23.04278],[-102.64781,23.01634],[-102.64857,23.00446],[-102.64646,23.00145],[-102.64307,23.00815],[-102.64219,23.02022],[-102.63918,23.02013],[-102.63982,23.00931],[-102.63466,23.01596],[-102.63463,23.01266],[-102.63821,23.0098],[-102.63856,23.00387],[-102.63561,23.00648],[-102.63452,23.01246],[-102.62812,23.01175],[-102.63041,23.01519],[-102.62537,23.01568],[-102.62536,23.01712]],[[-102.63229,23.06535],[-102.62743,23.06409],[-102.62856,23.06089],[-102.62855,23.0472],[-102.63247,23.04715],[-102.63258,23.04241],[-102.63472,23.04249],[-102.6344,23.04869],[-102.63245,23.04838],[-102.63234,23.05657],[-102.63444,23.05649],[-102.63435,23.06425],[-102.63928,23.0644],[-102.63782,23.07474],[-102.63396,23.07457],[-102.63229,23.06535]],[[-102.64453,23.05716],[-102.65039,23.05668],[-102.65015,23.06138],[-102.6443,23.06101],[-102.64453,23.05716]],[[-102.63661,23.05465],[-102.63449,23.05095],[-102.6401,23.05189],[-102.6402,23.06092],[-102.63622,23.06076],[-102.63661,23.05465]]],[[[-102.57434,23.06854],[-102.57862,23.06995],[-102.58105,23.06712],[-102.57674,23.06555],[-102.57434,23.06854]]],[[[-102.59769,23.0616],[-102.60161,23.06466],[-102.60533,23.06047],[-102.60147,23.05724],[-102.59769,23.0616]]],[[[-102.60075,23.04315],[-102.60495,23.04525],[-102.60355,23.04211],[-102.60075,23.04315]]],[[[-102.60142,23.03707],[-102.6018,23.02448],[-102.59985,23.02435],[-102.59919,23.03692],[-102.60142,23.03707]]],[[[-102.46007,23.01526],[-102.46477,23.01752],[-102.46395,23.00913],[-102.46176,23.00912],[-102.4602,23.01381],[-102.45274,23.00869],[-102.45259,23.01024],[-102.46007,23.01526]]],[[[-102.62145,23.01592],[-102.62152,23.01363],[-102.61359,23.01343],[-102.61329,23.01576],[-102.62145,23.01592]]],[[[-102.58989,23.00941],[-102.59245,23.0095],[-102.59255,23.0053],[-102.59739,23.00543],[-102.59763,22.99598],[-102.5951,22.99595],[-102.59502,23.00223],[-102.59257,23.0052],[-102.58906,23.00497],[-102.58989,23.00941]]],[[[-102.44725,23.00385],[-102.46181,23.00298],[-102.46303,22.99819],[-102.46288,22.98874],[-102.45987,22.98555],[-102.44731,22.98782],[-102.44725,23.00385]]],[[[-102.59716,22.98954],[-102.59968,22.99052],[-102.60497,22.98224],[-102.60254,22.98119],[-102.59716,22.98954]]],[[[-102.58919,22.98284],[-102.59178,22.98376],[-102.59584,22.97786],[-102.59137,22.97925],[-102.58919,22.98284]]],[[[-102.60652,22.97947],[-102.60928,22.98437],[-102.61424,22.97641],[-102.60966,22.97417],[-102.60652,22.97947]]],[[[-102.42411,22.94078],[-102.42493,22.94375],[-102.42761,22.94017],[-102.42411,22.94078]]],[[[-102.58961,22.93383],[-102.59014,22.93514],[-102.60165,22.93565],[-102.60483,22.93003],[-102.59161,22.92926],[-102.58961,22.93383]]],[[[-102.46126,22.93294],[-102.46503,22.93088],[-102.46141,22.92992],[-102.46126,22.93294]]],[[[-102.37413,23.03452],[-102.37636,23.03192],[-102.37059,23.02962],[-102.36956,23.03246],[-102.37413,23.03452]]],[[[-102.40404,23.04908],[-102.4156,23.0512],[-102.41562,23.04651],[-102.41137,23.04589],[-102.41301,23.04135],[-102.40704,23.04017],[-102.40404,23.04908]]],[[[-102.17028,22.68721],[-102.17275,22.68478],[-102.17603,22.68549],[-102.18178,22.6843],[-102.17793,22.68037],[-102.17472,22.68398],[-102.16721,22.68089],[-102.16692,22.68811],[-102.16876,22.6892],[-102.17028,22.68721]]],[[[-102.12788,22.55745],[-102.12816,22.55332],[-102.12828,22.55168],[-102.12919,22.53849],[-102.13981,22.5403],[-102.14137,22.53629],[-102.14324,22.52361],[-102.13015,22.52197],[-102.13159,22.51784],[-102.1364,22.51828],[-102.13845,22.50682],[-102.1383,22.50038],[-102.13431,22.49909],[-102.13311,22.50496],[-102.12678,22.50362],[-102.12296,22.52268],[-102.12273,22.52896],[-102.12271,22.52896],[-102.10617,22.52623],[-102.10255,22.52568],[-102.0985,22.52506],[-102.09008,22.52383],[-102.07717,22.5243],[-102.07414,22.52567],[-102.07647,22.52799],[-102.0769,22.53358],[-102.06788,22.53117],[-102.06822,22.52808],[-102.0654,22.52318],[-102.0599,22.52391],[-102.05765,22.52783],[-102.05831,22.53566],[-102.08173,22.53642],[-102.08859,22.54769],[-102.08817,22.54986],[-102.08713,22.55442],[-102.09157,22.55359],[-102.09921,22.55231],[-102.10237,22.55528],[-102.10945,22.55476],[-102.10458,22.56056],[-102.11657,22.56327],[-102.1206,22.55838],[-102.12787,22.5575],[-102.12788,22.55745]]],[[[-102.21126,22.44702],[-102.21126,22.44701],[-102.20804,22.4457],[-102.20759,22.45011],[-102.21126,22.44702]]],[[[-102.29413,22.55854],[-102.29552,22.55827],[-102.29491,22.55048],[-102.29144,22.54874],[-102.29106,22.54415],[-102.28752,22.54402],[-102.28818,22.53776],[-102.30408,22.53854],[-102.30417,22.53419],[-102.29498,22.53397],[-102.29356,22.53086],[-102.2898,22.53062],[-102.28772,22.514],[-102.2913,22.51452],[-102.29286,22.50967],[-102.29164,22.5008],[-102.28765,22.49706],[-102.28777,22.49258],[-102.29419,22.4909],[-102.29433,22.48857],[-102.30386,22.48744],[-102.30006,22.46855],[-102.29851,22.45954],[-102.29848,22.45955],[-102.29831,22.45959],[-102.29739,22.45527],[-102.29586,22.44777],[-102.29554,22.44622],[-102.29537,22.4455],[-102.29441,22.44078],[-102.29009,22.41994],[-102.29008,22.41992],[-102.28992,22.41985],[-102.28912,22.4194],[-102.28842,22.41833],[-102.2881,22.41728],[-102.28742,22.41615],[-102.2872,22.41611],[-102.28493,22.41684],[-102.28437,22.41627],[-102.28335,22.41595],[-102.28254,22.41563],[-102.28184,22.4138],[-102.27761,22.41411],[-102.27725,22.4139],[-102.27696,22.41368],[-102.27684,22.41338],[-102.2766,22.41334],[-102.27642,22.41332],[-102.27335,22.41391],[-102.27161,22.41255],[-102.27099,22.41206],[-102.27254,22.40964],[-102.27301,22.40883],[-102.2704,22.40791],[-102.26878,22.40748],[-102.26838,22.4072],[-102.2681,22.407],[-102.2674,22.40657],[-102.2664,22.40449],[-102.26571,22.4042],[-102.26397,22.39911],[-102.26076,22.39868],[-102.26055,22.39537],[-102.25866,22.39326],[-102.25788,22.39279],[-102.24997,22.38729],[-102.24964,22.38714],[-102.24943,22.38668],[-102.24908,22.38609],[-102.24904,22.3854],[-102.25044,22.3789],[-102.25313,22.37861],[-102.25205,22.37435],[-102.25132,22.37435],[-102.24624,22.37418],[-102.24483,22.37421],[-102.23674,22.37401],[-102.23632,22.37386],[-102.23558,22.37354],[-102.22889,22.37443],[-102.23264,22.37857],[-102.2386,22.38052],[-102.24104,22.38315],[-102.23933,22.38803],[-102.24184,22.39901],[-102.23516,22.39814],[-102.23251,22.40287],[-102.23006,22.40162],[-102.22706,22.40678],[-102.22097,22.40624],[-102.21832,22.41031],[-102.21561,22.40969],[-102.21412,22.41511],[-102.22468,22.41617],[-102.22869,22.40929],[-102.23917,22.41195],[-102.23888,22.41755],[-102.24546,22.41806],[-102.24623,22.4253],[-102.25706,22.42347],[-102.25787,22.42671],[-102.25283,22.43143],[-102.25115,22.43926],[-102.25408,22.44589],[-102.24895,22.44643],[-102.2505,22.4508],[-102.24536,22.45158],[-102.2464,22.45557],[-102.25607,22.45422],[-102.25616,22.45148],[-102.26148,22.45079],[-102.26418,22.45962],[-102.28014,22.45688],[-102.27866,22.45597],[-102.27682,22.44752],[-102.28423,22.44586],[-102.28678,22.45074],[-102.28686,22.45491],[-102.29387,22.4541],[-102.29637,22.46011],[-102.29059,22.46079],[-102.26233,22.46588],[-102.2659,22.46916],[-102.26805,22.4746],[-102.25684,22.47667],[-102.24998,22.47684],[-102.24877,22.4805],[-102.25207,22.48615],[-102.25608,22.48629],[-102.24942,22.50834],[-102.25009,22.51955],[-102.25161,22.55966],[-102.25363,22.56459],[-102.25703,22.56236],[-102.26077,22.56829],[-102.26115,22.57262],[-102.26762,22.57102],[-102.26865,22.57475],[-102.27108,22.57314],[-102.27309,22.56251],[-102.27492,22.57147],[-102.26838,22.57545],[-102.27544,22.57455],[-102.2828,22.57531],[-102.28594,22.57769],[-102.28634,22.57373],[-102.29281,22.57198],[-102.30431,22.57231],[-102.30171,22.56886],[-102.29362,22.56428],[-102.29413,22.55854]],[[-102.26401,22.5111],[-102.26713,22.51154],[-102.26777,22.51902],[-102.26454,22.51746],[-102.26274,22.52029],[-102.26357,22.5129],[-102.26226,22.51071],[-102.26382,22.51106],[-102.26401,22.5111]],[[-102.25111,22.50414],[-102.25249,22.49948],[-102.25549,22.50099],[-102.25519,22.50488],[-102.25111,22.50414]],[[-102.27497,22.50344],[-102.2794,22.50314],[-102.28357,22.49953],[-102.28354,22.50415],[-102.27497,22.50344]],[[-102.26864,22.49913],[-102.26495,22.4968],[-102.26776,22.49503],[-102.26955,22.48573],[-102.27658,22.49336],[-102.27343,22.49288],[-102.27122,22.48917],[-102.27084,22.49498],[-102.26652,22.49616],[-102.26864,22.49913]],[[-102.25724,22.48702],[-102.25911,22.48213],[-102.26323,22.48625],[-102.25724,22.48702]],[[-102.26463,22.4276],[-102.26741,22.42711],[-102.26934,22.43238],[-102.26511,22.43238],[-102.26463,22.4276]]],[[[-102.22168,22.68967],[-102.22788,22.68803],[-102.2308,22.68502],[-102.22041,22.68033],[-102.21636,22.68539],[-102.22168,22.68967]]],[[[-102.33146,22.65386],[-102.34687,22.65205],[-102.34705,22.64817],[-102.34099,22.64663],[-102.34056,22.64156],[-102.33545,22.6404],[-102.33541,22.64792],[-102.33074,22.64997],[-102.33146,22.65386]]],[[[-102.23503,22.64737],[-102.2592,22.65203],[-102.26036,22.64518],[-102.25846,22.64398],[-102.25906,22.62683],[-102.25366,22.62685],[-102.25347,22.62484],[-102.26177,22.62294],[-102.25224,22.6089],[-102.23463,22.60754],[-102.22956,22.61013],[-102.23092,22.61526],[-102.22912,22.6218],[-102.24149,22.62207],[-102.24634,22.62335],[-102.24886,22.62701],[-102.25324,22.62708],[-102.2544,22.63229],[-102.25193,22.64037],[-102.2417,22.64037],[-102.24147,22.63875],[-102.23154,22.63877],[-102.23168,22.64199],[-102.23644,22.64184],[-102.23503,22.64737]]],[[[-102.22782,22.62176],[-102.22697,22.616],[-102.22402,22.6166],[-102.22614,22.61161],[-102.21728,22.6161],[-102.21418,22.62125],[-102.22782,22.62176]]],[[[-102.31758,22.60893],[-102.32495,22.6059],[-102.32196,22.60108],[-102.31762,22.60185],[-102.30889,22.59843],[-102.31293,22.59874],[-102.31683,22.59615],[-102.32246,22.59663],[-102.32092,22.59224],[-102.32092,22.58548],[-102.31636,22.58506],[-102.31709,22.57928],[-102.31056,22.57865],[-102.30997,22.59028],[-102.30559,22.59228],[-102.30557,22.5972],[-102.30156,22.59625],[-102.30274,22.60585],[-102.31193,22.60789],[-102.31235,22.60496],[-102.31758,22.60893]]],[[[-102.24552,22.57984],[-102.24153,22.58396],[-102.2473,22.59439],[-102.24983,22.59407],[-102.25042,22.5822],[-102.24552,22.57984]]],[[[-102.23308,22.58294],[-102.23556,22.58486],[-102.24084,22.58304],[-102.24343,22.57791],[-102.23682,22.57804],[-102.23308,22.58294]]],[[[-102.26507,22.58315],[-102.27472,22.58117],[-102.26689,22.5777],[-102.26507,22.58315]]],[[[-102.26803,22.62503],[-102.27747,22.6251],[-102.27737,22.62185],[-102.27265,22.62123],[-102.2727,22.61479],[-102.27542,22.61485],[-102.27573,22.61053],[-102.26784,22.60959],[-102.26803,22.62503]]],[[[-102.33173,22.61155],[-102.3314,22.61581],[-102.34243,22.61537],[-102.34135,22.61115],[-102.33173,22.61155]]],[[[-102.31814,22.6191],[-102.32154,22.61906],[-102.31981,22.61504],[-102.31814,22.6191]]],[[[-102.32284,22.57354],[-102.33027,22.57313],[-102.3216,22.56956],[-102.32284,22.57354]]],[[[-102.24496,22.57181],[-102.24685,22.56719],[-102.24166,22.56587],[-102.24033,22.57057],[-102.24496,22.57181]]],[[[-102.19815,22.44261],[-102.20184,22.44139],[-102.20633,22.44267],[-102.20792,22.44064],[-102.20109,22.43567],[-102.19815,22.44261]]],[[[-101.88868,22.32681],[-101.88906,22.32697],[-101.89034,22.32753],[-101.8907,22.32766],[-101.893,22.32767],[-101.88936,22.32652],[-101.88747,22.3192],[-101.88357,22.32542],[-101.88255,22.32965],[-101.87649,22.32932],[-101.86937,22.3375],[-101.87505,22.33563],[-101.87953,22.33595],[-101.88868,22.32681]]],[[[-101.96343,22.35292],[-101.96662,22.35306],[-101.97845,22.35343],[-101.98482,22.35358],[-102.0084,22.35383],[-102.00904,22.3814],[-102.02069,22.38151],[-102.02078,22.38315],[-102.03867,22.38318],[-102.04499,22.37768],[-102.04604,22.38118],[-102.0557,22.38112],[-102.05502,22.37566],[-102.05851,22.37559],[-102.06113,22.37903],[-102.07005,22.38137],[-102.07139,22.38577],[-102.07931,22.38613],[-102.08583,22.38817],[-102.08827,22.37238],[-102.0858,22.37013],[-102.08741,22.36619],[-102.08407,22.36088],[-102.08653,22.35371],[-102.09054,22.34919],[-102.08694,22.34775],[-102.08217,22.34892],[-102.08262,22.33776],[-102.07904,22.32659],[-102.0827,22.3249],[-102.07628,22.32092],[-102.07926,22.31993],[-102.07903,22.31117],[-102.07294,22.30977],[-102.07562,22.30607],[-102.06324,22.30187],[-102.06248,22.30161],[-102.05861,22.30064],[-102.0567,22.29993],[-102.0576,22.29615],[-102.05566,22.29531],[-102.0565,22.2948],[-102.0576,22.29414],[-102.05841,22.29365],[-102.05121,22.29121],[-102.04179,22.29523],[-102.04155,22.29545],[-102.03734,22.29909],[-102.03179,22.2889],[-102.03076,22.28893],[-102.0288,22.27863],[-102.03105,22.27432],[-102.02981,22.27057],[-102.02921,22.26901],[-102.02916,22.26903],[-102.02907,22.26906],[-102.02856,22.26922],[-102.02821,22.2679],[-102.02814,22.26764],[-102.0283,22.26646],[-102.0284,22.26599],[-102.02581,22.25624],[-102.02376,22.25146],[-102.02249,22.24164],[-102.00965,22.24154],[-102.00487,22.24141],[-102.00212,22.24136],[-102.00151,22.23898],[-101.99975,22.23173],[-101.9893,22.23192],[-101.98744,22.22649],[-101.98511,22.22724],[-101.983,22.23452],[-101.98706,22.23674],[-101.98156,22.23665],[-101.97972,22.23288],[-101.98197,22.23171],[-101.9689,22.23146],[-101.97647,22.23277],[-101.97484,22.23645],[-101.96427,22.23623],[-101.96702,22.24036],[-101.97206,22.2414],[-101.96864,22.24291],[-101.9708,22.24624],[-101.96685,22.25229],[-101.97248,22.25353],[-101.96737,22.25558],[-101.9696,22.25946],[-101.96948,22.26522],[-101.96543,22.26452],[-101.96384,22.26926],[-101.95916,22.27157],[-101.95989,22.27652],[-101.95683,22.2815],[-101.95369,22.28226],[-101.95631,22.29001],[-101.96336,22.28855],[-101.9676,22.292],[-101.96998,22.28584],[-101.96317,22.28306],[-101.97311,22.27727],[-101.97421,22.27296],[-101.97138,22.27459],[-101.96897,22.27098],[-101.97257,22.26903],[-101.9738,22.26509],[-101.9782,22.26711],[-101.9775,22.26265],[-101.9864,22.26238],[-101.98866,22.26451],[-101.9911,22.2591],[-101.99282,22.26389],[-102.00208,22.26694],[-101.99768,22.27219],[-101.99965,22.27469],[-101.99378,22.27331],[-101.99447,22.27615],[-101.9909,22.28528],[-101.98285,22.2835],[-101.97531,22.29805],[-101.97059,22.29722],[-101.97065,22.29986],[-101.96445,22.3075],[-101.96046,22.30755],[-101.95762,22.31423],[-101.96617,22.3141],[-101.96542,22.31138],[-101.96919,22.31035],[-101.96384,22.32068],[-101.95908,22.3237],[-101.95083,22.32356],[-101.95317,22.3271],[-101.9533,22.33173],[-101.95666,22.33225],[-101.95712,22.3386],[-101.95367,22.34803],[-101.94996,22.35232],[-101.95581,22.35263],[-101.96343,22.35292]],[[-102.05881,22.34743],[-102.06117,22.34038],[-102.06347,22.34487],[-102.06991,22.34481],[-102.06847,22.35439],[-102.06206,22.35257],[-102.05881,22.34743]],[[-101.96283,22.34878],[-101.96332,22.32746],[-101.97318,22.32782],[-101.97287,22.33973],[-101.97935,22.33941],[-101.97776,22.34921],[-101.96283,22.34878]],[[-101.98804,22.34561],[-101.9859,22.33898],[-101.98371,22.33912],[-101.98393,22.3328],[-101.99814,22.33325],[-101.99882,22.33536],[-101.99027,22.33579],[-101.98804,22.34561]],[[-102.04959,22.33684],[-102.04315,22.33543],[-102.03751,22.33161],[-102.03216,22.33169],[-102.03328,22.32263],[-102.03461,22.32186],[-102.04013,22.33083],[-102.04716,22.33159],[-102.05132,22.33583],[-102.04959,22.33684]],[[-101.97569,22.3029],[-101.97844,22.30083],[-101.98316,22.29153],[-101.9892,22.29221],[-101.98874,22.29672],[-101.99286,22.29689],[-101.99241,22.30153],[-101.98429,22.30103],[-101.97967,22.31006],[-101.97319,22.30971],[-101.97569,22.3029]]],[[[-101.9667,22.36001],[-101.96791,22.36839],[-101.97533,22.36964],[-101.97447,22.36055],[-101.9667,22.36001]]],[[[-101.93095,22.3561],[-101.93606,22.35494],[-101.92919,22.35216],[-101.9172,22.35295],[-101.92227,22.35557],[-101.92635,22.35435],[-101.93095,22.3561]]],[[[-102.85882,21.2707],[-102.85836,21.27079],[-102.86036,21.27327],[-102.86203,21.27243],[-102.85882,21.2707]]],[[[-102.86346,21.26121],[-102.86239,21.26255],[-102.86624,21.26405],[-102.86201,21.26847],[-102.86536,21.27284],[-102.86771,21.26836],[-102.86674,21.26146],[-102.86874,21.25954],[-102.87495,21.26329],[-102.87345,21.26823],[-102.87884,21.27191],[-102.8829,21.26931],[-102.87829,21.26799],[-102.87686,21.2583],[-102.86632,21.25784],[-102.86346,21.26121]]],[[[-102.86636,21.38078],[-102.87084,21.37859],[-102.86404,21.37679],[-102.85632,21.37222],[-102.85326,21.3683],[-102.85106,21.37091],[-102.85545,21.37886],[-102.8594,21.37856],[-102.86343,21.38131],[-102.86636,21.38078]]],[[[-102.85734,21.3704],[-102.86319,21.36914],[-102.86186,21.36529],[-102.86888,21.36736],[-102.87025,21.36459],[-102.86333,21.36415],[-102.8623,21.35797],[-102.85598,21.35687],[-102.85211,21.35266],[-102.84929,21.34161],[-102.85612,21.34027],[-102.85369,21.33544],[-102.85447,21.33117],[-102.85076,21.33755],[-102.83718,21.34367],[-102.82773,21.35291],[-102.8226,21.35215],[-102.81035,21.35285],[-102.79907,21.3488],[-102.79367,21.34583],[-102.79289,21.34812],[-102.78776,21.34857],[-102.7879,21.35479],[-102.79968,21.35665],[-102.80664,21.35467],[-102.81155,21.35434],[-102.82599,21.35672],[-102.82858,21.35475],[-102.83587,21.36007],[-102.83585,21.35655],[-102.84016,21.35443],[-102.84285,21.35571],[-102.84636,21.35197],[-102.84867,21.357],[-102.85675,21.36153],[-102.85326,21.36412],[-102.85734,21.3704]]],[[[-102.81945,21.36648],[-102.82215,21.3658],[-102.82045,21.35799],[-102.81746,21.35607],[-102.80838,21.3549],[-102.80863,21.3572],[-102.81379,21.3628],[-102.81817,21.36248],[-102.81945,21.36648]]],[[[-102.86827,21.34506],[-102.89182,21.34307],[-102.88576,21.3391],[-102.87628,21.34276],[-102.87117,21.33989],[-102.86852,21.33244],[-102.86319,21.33274],[-102.86726,21.33871],[-102.86827,21.34506]]],[[[-102.90891,21.30479],[-102.90583,21.30909],[-102.91395,21.30902],[-102.91461,21.30058],[-102.91711,21.30297],[-102.91953,21.30079],[-102.91458,21.30018],[-102.91423,21.29773],[-102.90905,21.29325],[-102.90737,21.29899],[-102.91146,21.29966],[-102.90891,21.30479]]],[[[-102.89914,21.28189],[-102.90263,21.27953],[-102.89919,21.27841],[-102.89914,21.28189]]],[[[-103.13664,21.09088],[-103.13758,21.08774],[-103.14638,21.085],[-103.14883,21.08756],[-103.15099,21.08563],[-103.14672,21.08267],[-103.14047,21.08231],[-103.13409,21.07135],[-103.13279,21.07371],[-103.13693,21.08427],[-103.13042,21.08324],[-103.12718,21.08913],[-103.13198,21.08717],[-103.13664,21.09088]]],[[[-103.11121,21.08639],[-103.11304,21.08719],[-103.12667,21.08073],[-103.12128,21.08008],[-103.11972,21.07677],[-103.11331,21.07891],[-103.11121,21.08639]]],[[[-102.73841,22.87819],[-102.74041,22.8783],[-102.74279,22.87843],[-102.74409,22.87846],[-102.74468,22.8751],[-102.73608,22.87481],[-102.73841,22.87819]]],[[[-102.70197,22.8964],[-102.70299,22.89634],[-102.70577,22.88875],[-102.70162,22.88718],[-102.70208,22.8836],[-102.70697,22.8832],[-102.70838,22.87145],[-102.69265,22.87273],[-102.69233,22.87701],[-102.69794,22.87811],[-102.69777,22.88037],[-102.70229,22.88183],[-102.69633,22.88292],[-102.68929,22.89528],[-102.69318,22.89332],[-102.7023,22.89246],[-102.70197,22.8964]]],[[[-102.68623,22.90628],[-102.69367,22.9062],[-102.69368,22.90268],[-102.68621,22.90269],[-102.68288,22.90631],[-102.68623,22.90628]]],[[[-102.66554,22.8557],[-102.66488,22.86032],[-102.67233,22.86144],[-102.67324,22.85688],[-102.66947,22.85626],[-102.67025,22.85205],[-102.66649,22.85156],[-102.66554,22.8557]]],[[[-102.68975,22.85122],[-102.69244,22.84906],[-102.69636,22.8497],[-102.69523,22.8444],[-102.69231,22.84404],[-102.68975,22.85122]]],[[[-102.68195,22.84908],[-102.68503,22.84956],[-102.68574,22.84504],[-102.68273,22.84467],[-102.68195,22.84908]]],[[[-102.67439,22.84803],[-102.67746,22.84388],[-102.67518,22.84363],[-102.67439,22.84803]]],[[[-102.70858,22.84581],[-102.71114,22.84611],[-102.71366,22.84179],[-102.71289,22.83606],[-102.70127,22.84255],[-102.70895,22.84348],[-102.70858,22.84581]]],[[[-102.67525,22.83178],[-102.67604,22.83406],[-102.68729,22.83581],[-102.68797,22.83151],[-102.68411,22.83071],[-102.68483,22.82624],[-102.68113,22.82576],[-102.6804,22.8301],[-102.67557,22.82954],[-102.67525,22.83178]]],[[[-102.7286,22.85512],[-102.73148,22.85517],[-102.73242,22.85062],[-102.72947,22.85058],[-102.7286,22.85512]]],[[[-102.69432,22.86954],[-102.70363,22.87],[-102.70556,22.86295],[-102.70391,22.85955],[-102.69394,22.86034],[-102.69432,22.86954]]],[[[-102.66652,22.87369],[-102.67121,22.86983],[-102.67352,22.86407],[-102.66984,22.86358],[-102.66652,22.87369]]],[[[-102.63262,22.87013],[-102.63942,22.87424],[-102.63427,22.86832],[-102.63262,22.87013]]],[[[-102.66854,22.88694],[-102.67,22.89147],[-102.67219,22.88317],[-102.67459,22.88352],[-102.67785,22.87539],[-102.67368,22.87911],[-102.6593,22.87724],[-102.65903,22.87253],[-102.65611,22.87979],[-102.65853,22.88555],[-102.66207,22.88176],[-102.67011,22.8829],[-102.66854,22.88694]]],[[[-102.64803,22.88389],[-102.64949,22.8801],[-102.65336,22.88068],[-102.65389,22.87636],[-102.64435,22.87489],[-102.64295,22.87831],[-102.64803,22.88389]]],[[[-102.68874,22.87879],[-102.67841,22.8773],[-102.67709,22.88216],[-102.68862,22.88353],[-102.68874,22.87879]]],[[[-102.65377,22.86338],[-102.6556,22.86766],[-102.6568,22.86362],[-102.65377,22.86338]]],[[[-102.71561,22.87414],[-102.72137,22.87447],[-102.72269,22.8677],[-102.71973,22.86743],[-102.71909,22.87087],[-102.71618,22.87068],[-102.71561,22.87414]]],[[[-102.75718,22.8721],[-102.76093,22.86891],[-102.75784,22.86869],[-102.75718,22.8721]]],[[[-102.68757,22.8577],[-102.69272,22.85971],[-102.69315,22.85667],[-102.68772,22.85528],[-102.68757,22.8577]]],[[[-102.71207,22.86396],[-102.71574,22.86182],[-102.71706,22.8571],[-102.71432,22.85702],[-102.71207,22.86396]]],[[[-102.66805,22.89855],[-102.67639,22.89805],[-102.68252,22.89548],[-102.6697,22.89506],[-102.66805,22.89855]]],[[[-102.67086,22.91111],[-102.67398,22.90942],[-102.6717,22.90426],[-102.66672,22.90558],[-102.67086,22.91111]]],[[[-102.66167,22.91048],[-102.66404,22.90617],[-102.65863,22.90726],[-102.66167,22.91048]]],[[[-102.68018,22.82097],[-102.68397,22.82151],[-102.6849,22.81797],[-102.68071,22.81823],[-102.68018,22.82097]]],[[[-103.26711,21.97368],[-103.26712,21.97369],[-103.26735,21.9742],[-103.26866,21.97568],[-103.26932,21.97602],[-103.27015,21.97644],[-103.27052,21.97678],[-103.27091,21.97715],[-103.27695,21.9896],[-103.27728,21.98981],[-103.27822,21.98969],[-103.28408,21.98498],[-103.28598,21.98354],[-103.28755,21.98234],[-103.28521,21.97562],[-103.28835,21.97242],[-103.29111,21.97427],[-103.29188,21.97876],[-103.2952,21.97611],[-103.29246,21.9749],[-103.2924,21.9665],[-103.2883,21.96882],[-103.28235,21.96664],[-103.28507,21.96446],[-103.29065,21.96691],[-103.29222,21.96063],[-103.28296,21.96533],[-103.2791,21.96409],[-103.27335,21.96736],[-103.2704,21.97249],[-103.26711,21.97368]]],[[[-103.26155,21.97177],[-103.26165,21.97187],[-103.26184,21.97226],[-103.26332,21.97198],[-103.26351,21.97194],[-103.26424,21.97181],[-103.26472,21.97185],[-103.26509,21.97216],[-103.26611,21.97276],[-103.26968,21.97189],[-103.27457,21.96431],[-103.27906,21.96225],[-103.2771,21.96085],[-103.27329,21.96471],[-103.27239,21.9621],[-103.26485,21.96048],[-103.26586,21.96374],[-103.27228,21.96456],[-103.26579,21.96692],[-103.26155,21.97177]]],[[[-103.27937,21.96166],[-103.2868,21.95914],[-103.29612,21.9519],[-103.30012,21.95068],[-103.29693,21.94643],[-103.29138,21.95205],[-103.28876,21.9515],[-103.27937,21.96166]]],[[[-103.2768,21.95894],[-103.28654,21.9517],[-103.28253,21.9483],[-103.27191,21.95],[-103.27673,21.95456],[-103.2768,21.95894]]],[[[-103.30139,21.94664],[-103.30443,21.94824],[-103.30803,21.942],[-103.30804,21.9384],[-103.31263,21.9315],[-103.30475,21.93827],[-103.30139,21.94664]]],[[[-103.31373,21.93076],[-103.31892,21.92358],[-103.31718,21.91914],[-103.3134,21.91554],[-103.31261,21.91106],[-103.30556,21.91165],[-103.30593,21.91507],[-103.30945,21.91667],[-103.31744,21.92316],[-103.31244,21.92942],[-103.31373,21.93076]]],[[[-103.29101,21.95801],[-103.29687,21.95526],[-103.29461,21.95449],[-103.29101,21.95801]]],[[[-103.48541,24.30686],[-103.48607,24.30006],[-103.49285,24.29799],[-103.49685,24.29837],[-103.50408,24.29605],[-103.50429,24.2922],[-103.49472,24.29276],[-103.48128,24.28876],[-103.4792,24.28954],[-103.4794,24.29466],[-103.47552,24.30608],[-103.4808,24.30889],[-103.48161,24.31305],[-103.4783,24.31592],[-103.48184,24.31871],[-103.48406,24.31834],[-103.48634,24.31218],[-103.48629,24.31209],[-103.4865,24.31017],[-103.48541,24.30966],[-103.48491,24.30867],[-103.48541,24.30686]]],[[[-103.56953,24.18345],[-103.57956,24.17992],[-103.58031,24.17906],[-103.57956,24.17846],[-103.58668,24.17104],[-103.57661,24.16777],[-103.56934,24.16675],[-103.56737,24.15723],[-103.57318,24.14767],[-103.57634,24.13966],[-103.58536,24.13404],[-103.59411,24.12849],[-103.59243,24.12124],[-103.59501,24.11681],[-103.58913,24.11468],[-103.58212,24.11654],[-103.57649,24.12466],[-103.57495,24.1209],[-103.56909,24.12333],[-103.56363,24.13008],[-103.56783,24.12908],[-103.56468,24.13302],[-103.56166,24.14528],[-103.5626,24.15175],[-103.56141,24.15512],[-103.55639,24.15722],[-103.55158,24.16231],[-103.55512,24.17575],[-103.55821,24.18192],[-103.55898,24.18739],[-103.56198,24.19136],[-103.56511,24.18682],[-103.56953,24.18345]]],[[[-103.64098,24.09269],[-103.64751,24.09539],[-103.65065,24.09866],[-103.65596,24.09862],[-103.65011,24.09382],[-103.64715,24.09414],[-103.64073,24.09053],[-103.64098,24.09269]]],[[[-103.62925,24.09219],[-103.63147,24.09449],[-103.63681,24.09269],[-103.63503,24.09065],[-103.62925,24.09219]]],[[[-103.60785,24.10923],[-103.61058,24.10231],[-103.6195,24.09744],[-103.62041,24.09462],[-103.60745,24.10279],[-103.60785,24.10923]]],[[[-103.60018,24.11606],[-103.60449,24.11466],[-103.60658,24.11157],[-103.60018,24.11606]]],[[[-103.53199,24.29374],[-103.5347,24.29161],[-103.53062,24.28904],[-103.53199,24.29374]]],[[[-103.47062,24.32108],[-103.47031,24.32078],[-103.47062,24.32108],[-103.47104,24.32142],[-103.47135,24.32153],[-103.47103,24.3213],[-103.47062,24.32108]]],[[[-103.46893,24.32042],[-103.46921,24.32057],[-103.46936,24.32065],[-103.46984,24.32068],[-103.46893,24.32042]]],[[[-103.34765,24.09291],[-103.35431,24.10126],[-103.37154,24.11533],[-103.36694,24.11804],[-103.3667,24.12088],[-103.37076,24.12675],[-103.37619,24.12215],[-103.38453,24.12438],[-103.38687,24.12178],[-103.39202,24.12195],[-103.39247,24.11882],[-103.3991,24.11895],[-103.39979,24.11295],[-103.42781,24.11333],[-103.4267,24.11576],[-103.4342,24.11794],[-103.43629,24.11354],[-103.44943,24.11347],[-103.4471,24.10889],[-103.44646,24.10104],[-103.43752,24.10097],[-103.43771,24.09629],[-103.43573,24.09088],[-103.43085,24.0908],[-103.43003,24.08674],[-103.42535,24.08373],[-103.42515,24.07817],[-103.42272,24.07541],[-103.40829,24.07629],[-103.40839,24.06389],[-103.41086,24.06323],[-103.41092,24.05888],[-103.38826,24.05881],[-103.38836,24.05632],[-103.37835,24.05641],[-103.36864,24.06081],[-103.36869,24.06936],[-103.3655,24.07042],[-103.35203,24.08355],[-103.34449,24.0753],[-103.3381,24.08166],[-103.34726,24.09242],[-103.34765,24.09291]],[[-103.39705,24.10328],[-103.39509,24.10009],[-103.41221,24.10009],[-103.40856,24.10193],[-103.39691,24.1008],[-103.39705,24.10328]],[[-103.4153,24.1054],[-103.42034,24.10288],[-103.42033,24.10638],[-103.4153,24.1054]],[[-103.39386,24.10274],[-103.38982,24.10003],[-103.39476,24.10006],[-103.39386,24.10274]],[[-103.41638,24.0997],[-103.4124,24.099],[-103.3969,24.09895],[-103.40318,24.09666],[-103.41636,24.09815],[-103.41638,24.0997]],[[-103.3869,24.09887],[-103.38589,24.09404],[-103.38908,24.09387],[-103.39014,24.0971],[-103.39677,24.09349],[-103.39651,24.09889],[-103.3869,24.09887]],[[-103.36713,24.08737],[-103.36262,24.08424],[-103.36607,24.08346],[-103.36713,24.08737]],[[-103.39854,24.07803],[-103.38731,24.07712],[-103.38833,24.07439],[-103.40511,24.07417],[-103.40591,24.07746],[-103.39854,24.07803]]],[[[-103.39052,24.13466],[-103.39432,24.1345],[-103.39118,24.13181],[-103.39052,24.13466]]],[[[-103.38731,24.14915],[-103.38425,24.15211],[-103.39573,24.15236],[-103.4009,24.14521],[-103.38852,24.14496],[-103.38731,24.14915]]],[[[-103.38563,24.23503],[-103.38768,24.23389],[-103.38351,24.22765],[-103.37911,24.23014],[-103.38563,24.23503]]],[[[-101.57236,24.84201],[-101.5786,24.84192],[-101.58231,24.83784],[-101.57212,24.8405],[-101.57236,24.84201]]],[[[-101.5956,24.82233],[-101.59208,24.82399],[-101.59174,24.82396],[-101.59051,24.82358],[-101.59139,24.82615],[-101.59806,24.82282],[-101.59752,24.82077],[-101.5962,24.82188],[-101.5956,24.82233]]],[[[-101.73399,24.1313],[-101.74518,24.12921],[-101.74963,24.12614],[-101.74813,24.11968],[-101.73896,24.12562],[-101.73436,24.12647],[-101.73399,24.1313]]],[[[-101.56942,24.11096],[-101.56881,24.11688],[-101.57353,24.11683],[-101.57389,24.11359],[-101.57764,24.11138],[-101.5734,24.10782],[-101.57006,24.10781],[-101.56942,24.11096]]],[[[-101.74067,24.11792],[-101.74434,24.11949],[-101.74446,24.11657],[-101.74067,24.11792]]],[[[-101.39156,24.10705],[-101.38998,24.11177],[-101.39366,24.11261],[-101.39456,24.1074],[-101.39156,24.10705]]],[[[-102.18897,22.3994],[-102.19447,22.40143],[-102.19706,22.39936],[-102.199,22.38875],[-102.18864,22.38889],[-102.18665,22.39366],[-102.17669,22.3928],[-102.17666,22.40018],[-102.1865,22.40114],[-102.18897,22.3994]]],[[[-102.20869,22.39383],[-102.21209,22.39505],[-102.21288,22.38999],[-102.20321,22.38825],[-102.20222,22.3929],[-102.20869,22.39383]]],[[[-102.21491,22.40014],[-102.21746,22.40148],[-102.22028,22.39664],[-102.22511,22.39894],[-102.22758,22.3945],[-102.22047,22.39065],[-102.21491,22.40014]]],[[[-101.91522,22.2517],[-101.91737,22.25386],[-101.91946,22.25032],[-101.91616,22.24822],[-101.91522,22.2517]]],[[[-101.85821,22.23814],[-101.86186,22.23532],[-101.86277,22.23154],[-101.85989,22.22918],[-101.85926,22.23465],[-101.85592,22.23439],[-101.85821,22.23814]]],[[[-103.42072,24.3902],[-103.42188,24.39119],[-103.42519,24.3901],[-103.42761,24.3846],[-103.4277,24.38427],[-103.42766,24.38423],[-103.42688,24.3835],[-103.42634,24.383],[-103.42454,24.37972],[-103.42014,24.38409],[-103.42072,24.3902]]],[[[-103.42105,24.42165],[-103.42466,24.41555],[-103.4221,24.41605],[-103.42105,24.42165]]],[[[-102.9955,22.83329],[-102.99852,22.83341],[-102.99784,22.82444],[-102.996,22.82173],[-102.99151,22.82423],[-102.99187,22.83313],[-102.9955,22.83329]]],[[[-102.94975,22.82263],[-102.95275,22.81694],[-102.94999,22.81202],[-102.94938,22.80664],[-102.95166,22.79615],[-102.95488,22.79259],[-102.95428,22.78972],[-102.94677,22.79443],[-102.93963,22.79536],[-102.93827,22.79698],[-102.94529,22.81004],[-102.94587,22.81564],[-102.94792,22.8144],[-102.94693,22.8217],[-102.94975,22.82263]]],[[[-102.93153,22.80245],[-102.93442,22.79842],[-102.93483,22.80178],[-102.93764,22.79564],[-102.94683,22.79416],[-102.95581,22.78759],[-102.95659,22.77928],[-102.95882,22.76905],[-102.95801,22.76763],[-102.95915,22.75426],[-102.96333,22.74925],[-102.96508,22.7442],[-102.9676,22.72758],[-102.97056,22.71928],[-102.97002,22.71542],[-102.97946,22.70758],[-102.98224,22.7085],[-102.98074,22.69975],[-102.98386,22.69296],[-102.98608,22.68386],[-102.98222,22.68137],[-102.98156,22.67398],[-102.98341,22.67153],[-102.98133,22.66688],[-102.98077,22.67107],[-102.97803,22.67314],[-102.97352,22.67018],[-102.97666,22.66898],[-102.97752,22.66474],[-102.97259,22.66489],[-102.97157,22.66847],[-102.96154,22.67482],[-102.96335,22.67768],[-102.95909,22.68156],[-102.95823,22.68879],[-102.9546,22.68768],[-102.95414,22.68222],[-102.9499,22.68315],[-102.95118,22.68857],[-102.96397,22.69262],[-102.96361,22.69658],[-102.95647,22.70461],[-102.95627,22.70853],[-102.95268,22.71106],[-102.95836,22.71121],[-102.96071,22.71551],[-102.96333,22.7146],[-102.9568,22.7215],[-102.94739,22.7277],[-102.94774,22.73066],[-102.94459,22.73301],[-102.93422,22.73567],[-102.9316,22.73919],[-102.92693,22.73725],[-102.92458,22.74179],[-102.91869,22.74755],[-102.92149,22.74926],[-102.92641,22.74747],[-102.93037,22.7415],[-102.92771,22.74966],[-102.92378,22.74911],[-102.92206,22.7534],[-102.9165,22.75719],[-102.9102,22.7565],[-102.90686,22.75896],[-102.91047,22.7597],[-102.90961,22.76445],[-102.91184,22.76935],[-102.91539,22.7673],[-102.9195,22.76809],[-102.92037,22.77233],[-102.92414,22.77162],[-102.92653,22.77482],[-102.92793,22.77063],[-102.931,22.77014],[-102.92961,22.77714],[-102.93156,22.77803],[-102.93373,22.76699],[-102.92794,22.76594],[-102.92847,22.76263],[-102.93486,22.76369],[-102.93173,22.77954],[-102.93308,22.78437],[-102.93221,22.79012],[-102.93421,22.78944],[-102.93548,22.79584],[-102.9311,22.79529],[-102.93153,22.80245]],[[-102.96305,22.71089],[-102.96245,22.70747],[-102.95787,22.70843],[-102.96422,22.70186],[-102.96817,22.70077],[-102.96543,22.70622],[-102.9688,22.70545],[-102.97054,22.70933],[-102.96305,22.71089]]],[[[-102.88316,22.77031],[-102.88438,22.77322],[-102.88868,22.7676],[-102.88316,22.77031]]],[[[-102.93409,22.69161],[-102.93637,22.68816],[-102.94136,22.68584],[-102.93189,22.68322],[-102.93409,22.69161]]],[[[-102.89088,22.68905],[-102.89867,22.68868],[-102.90647,22.68201],[-102.90645,22.67949],[-102.9105,22.6791],[-102.91313,22.67576],[-102.90974,22.67427],[-102.91346,22.67266],[-102.91596,22.67807],[-102.91111,22.68223],[-102.93345,22.68085],[-102.93697,22.68263],[-102.9365,22.67934],[-102.94092,22.67868],[-102.9439,22.67381],[-102.94262,22.66392],[-102.94028,22.66474],[-102.93863,22.66964],[-102.93068,22.67075],[-102.93006,22.66709],[-102.93308,22.66542],[-102.92775,22.6649],[-102.9262,22.65796],[-102.92138,22.65664],[-102.91811,22.65815],[-102.91805,22.6613],[-102.92317,22.66613],[-102.91171,22.66928],[-102.9037,22.6746],[-102.89126,22.67538],[-102.88892,22.67864],[-102.88943,22.68862],[-102.89088,22.68905]]],[[[-102.81851,22.66465],[-102.82089,22.66543],[-102.82531,22.65838],[-102.83014,22.65569],[-102.82049,22.6575],[-102.81851,22.66465]]],[[[-103.05717,22.71229],[-103.06013,22.70857],[-103.05547,22.70614],[-103.05781,22.70254],[-103.06453,22.70077],[-103.07082,22.70087],[-103.0735,22.69921],[-103.07101,22.69309],[-103.06291,22.69346],[-103.06641,22.69097],[-103.06727,22.6871],[-103.06085,22.68507],[-103.05374,22.68601],[-103.05469,22.67796],[-103.05137,22.67621],[-103.04861,22.66837],[-103.05095,22.66886],[-103.05259,22.66354],[-103.0474,22.65925],[-103.04781,22.65572],[-103.04463,22.65331],[-103.04031,22.64857],[-103.03336,22.64783],[-103.04287,22.64791],[-103.04569,22.63776],[-103.04512,22.63518],[-103.03263,22.6277],[-103.02455,22.63161],[-103.02147,22.63652],[-103.02135,22.63311],[-103.03207,22.62613],[-103.03407,22.62032],[-103.03017,22.61837],[-103.03235,22.61246],[-103.0365,22.61376],[-103.0381,22.61056],[-103.04043,22.61478],[-103.04338,22.61563],[-103.04987,22.60725],[-103.05689,22.59316],[-103.05463,22.59072],[-103.0466,22.59354],[-103.03606,22.58998],[-103.03598,22.59241],[-103.02973,22.59116],[-103.02729,22.59289],[-103.03029,22.59531],[-103.02789,22.59958],[-103.02298,22.59484],[-103.01595,22.60332],[-103.01491,22.60921],[-103.01239,22.60811],[-103.01032,22.61421],[-103.01271,22.61593],[-103.01358,22.6246],[-103.00765,22.6356],[-103.00697,22.64081],[-103.01404,22.64114],[-103.01854,22.64407],[-103.0199,22.64186],[-103.02461,22.64449],[-103.02311,22.64717],[-103.02955,22.64785],[-103.03145,22.65023],[-103.02855,22.66025],[-103.0269,22.65597],[-103.02411,22.6549],[-103.02511,22.65105],[-103.01232,22.6473],[-103.01242,22.64422],[-103.00662,22.6415],[-103.00449,22.64639],[-103.01052,22.65128],[-103.00554,22.65967],[-103.00578,22.66913],[-103.02607,22.69081],[-103.03259,22.69388],[-103.03454,22.68958],[-103.03787,22.6919],[-103.03648,22.69735],[-103.0315,22.69652],[-103.03525,22.70049],[-103.04081,22.70309],[-103.04135,22.70125],[-103.04934,22.7054],[-103.04986,22.70295],[-103.04222,22.69796],[-103.04977,22.70115],[-103.0518,22.71023],[-103.05717,22.71229]],[[-103.04054,22.63857],[-103.03924,22.63471],[-103.0439,22.63781],[-103.04198,22.64154],[-103.04054,22.63857]],[[-103.02816,22.63459],[-103.03081,22.6312],[-103.03397,22.63309],[-103.03371,22.63771],[-103.02816,22.63459]],[[-103.01621,22.63368],[-103.01884,22.62724],[-103.02215,22.62918],[-103.0198,22.63384],[-103.01621,22.63368]],[[-103.03398,22.60606],[-103.03468,22.59898],[-103.0366,22.60145],[-103.04101,22.59919],[-103.04111,22.60322],[-103.03709,22.60156],[-103.03653,22.60421],[-103.04003,22.60611],[-103.04391,22.60512],[-103.03845,22.60987],[-103.03398,22.60606]]],[[[-102.9966,22.71883],[-102.99525,22.71222],[-102.98996,22.70798],[-102.98455,22.70675],[-102.97981,22.71209],[-102.99098,22.71569],[-102.9966,22.71883]]],[[[-103.00297,22.67149],[-103.00308,22.67581],[-103.01089,22.68201],[-103.01309,22.67818],[-103.00836,22.67331],[-103.00297,22.67149]]],[[[-102.99148,22.66329],[-102.99392,22.6673],[-102.99381,22.67216],[-102.99605,22.67267],[-102.99639,22.66571],[-102.99257,22.66451],[-102.99386,22.66213],[-102.98637,22.66055],[-102.98578,22.66292],[-102.99148,22.66329]]],[[[-102.94421,22.66527],[-102.9469,22.66216],[-102.94421,22.66038],[-102.94421,22.66527]]],[[[-103.00238,22.63493],[-103.00697,22.63742],[-103.0074,22.63543],[-103.01339,22.62392],[-103.01226,22.61581],[-103.00882,22.61812],[-103.0065,22.62407],[-103.00947,22.62626],[-103.0054,22.63459],[-103.00238,22.63493]]],[[[-102.98287,22.63174],[-102.98349,22.63483],[-102.98988,22.6365],[-102.98695,22.63258],[-102.99097,22.6248],[-102.99256,22.63141],[-102.99837,22.634],[-102.99749,22.61994],[-102.99369,22.61922],[-102.98956,22.6218],[-102.98911,22.62376],[-102.98481,22.62531],[-102.98208,22.62911],[-102.98287,22.63174]]],[[[-102.98547,22.62065],[-102.98527,22.62089],[-102.98591,22.62249],[-102.98878,22.61969],[-102.98986,22.62056],[-102.99254,22.6191],[-102.99536,22.61883],[-102.9989,22.61623],[-102.99934,22.61325],[-102.99523,22.61573],[-102.99319,22.61343],[-102.9932,22.61538],[-102.99164,22.61894],[-102.9883,22.61814],[-102.98547,22.62065]]],[[[-102.99196,22.61067],[-102.98761,22.61801],[-102.99118,22.6171],[-102.99129,22.61516],[-102.99291,22.61494],[-102.99306,22.60962],[-102.99196,22.61067]]],[[[-102.78443,22.60855],[-102.79021,22.61148],[-102.7916,22.60941],[-102.78641,22.60674],[-102.78443,22.60855]]],[[[-102.99952,22.61618],[-103.00102,22.61211],[-103.00317,22.61645],[-103.0089,22.61437],[-103.00949,22.61091],[-103.01801,22.59802],[-103.02404,22.59145],[-103.01756,22.59397],[-103.01141,22.59304],[-103.01032,22.59694],[-103.00758,22.59761],[-103.00672,22.60036],[-103.00485,22.60229],[-103.00111,22.60433],[-103.00036,22.60875],[-102.99786,22.61162],[-102.99954,22.61256],[-102.99952,22.61618]]],[[[-103.00106,22.6014],[-102.99869,22.60886],[-103.00018,22.60789],[-103.00068,22.60269],[-103.00392,22.60237],[-103.01083,22.59276],[-103.00106,22.6014]]],[[[-103.05294,22.60169],[-103.05275,22.60268],[-103.06336,22.60587],[-103.06471,22.60126],[-103.06937,22.59789],[-103.06223,22.59578],[-103.0581,22.5919],[-103.05294,22.60169]]],[[[-103.04772,22.61847],[-103.05348,22.62053],[-103.05597,22.61579],[-103.0547,22.61147],[-103.04864,22.60982],[-103.04469,22.61521],[-103.04772,22.61847]]],[[[-103.04352,22.62744],[-103.04182,22.62323],[-103.04985,22.62096],[-103.0466,22.61879],[-103.0404,22.61995],[-103.03826,22.62368],[-103.04352,22.62744]]],[[[-103.03418,22.61852],[-103.03732,22.62345],[-103.03997,22.61863],[-103.03418,22.61852]]],[[[-103.05044,22.65728],[-103.05262,22.64963],[-103.05626,22.65308],[-103.05688,22.64719],[-103.04093,22.64835],[-103.04424,22.65255],[-103.05044,22.65728]]],[[[-102.96757,22.74034],[-102.97002,22.74174],[-102.97072,22.73675],[-102.96845,22.73589],[-102.96757,22.74034]]],[[[-102.95325,22.81427],[-102.95619,22.81521],[-102.95959,22.80543],[-102.96235,22.80059],[-102.96037,22.79625],[-102.96139,22.79239],[-102.95675,22.79263],[-102.95181,22.80088],[-102.94989,22.80747],[-102.95325,22.81427]]],[[[-102.87692,22.57452],[-102.87701,22.57848],[-102.88036,22.58016],[-102.88492,22.5732],[-102.87949,22.57194],[-102.8769,22.5683],[-102.87692,22.57452]]],[[[-103.03,22.54965],[-103.03024,22.55085],[-103.03274,22.55591],[-103.02942,22.56203],[-103.02932,22.56768],[-103.02692,22.56983],[-103.0328,22.5713],[-103.04227,22.54626],[-103.02789,22.54556],[-103.03,22.54965]]],[[[-103.01331,21.72948],[-103.01328,21.7292],[-103.01325,21.72892],[-103.01312,21.72874],[-103.0127,21.72831],[-103.01264,21.72828],[-103.00806,21.71958],[-103.00592,21.71799],[-103.00899,21.70917],[-103.00004,21.70722],[-103.00222,21.71105],[-103.00057,21.71543],[-103.00054,21.71591],[-103.00143,21.71611],[-103.005,21.71777],[-103.00622,21.71915],[-103.0075,21.72579],[-103.01266,21.72931],[-103.01802,21.73568],[-103.01331,21.72948]]],[[[-102.99291,21.71507],[-102.9922,21.7151],[-102.98827,21.71577],[-102.98335,21.71702],[-102.9925,21.72104],[-102.99848,21.72194],[-103.00054,21.71591],[-102.99568,21.7152],[-102.99797,21.7153],[-102.9996,21.7151],[-102.99823,21.71052],[-102.99401,21.70997],[-102.99539,21.71395],[-102.99291,21.71507]]],[[[-102.97225,21.71807],[-102.97337,21.72932],[-102.97569,21.73031],[-102.97635,21.72366],[-102.97382,21.71927],[-102.9784,21.71742],[-102.98618,21.71612],[-102.98161,21.71362],[-102.98111,21.70924],[-102.97391,21.70352],[-102.9739,21.71009],[-102.97859,21.71363],[-102.97225,21.71807]]],[[[-102.96782,21.72093],[-102.96943,21.72146],[-102.96992,21.72194],[-102.97168,21.72313],[-102.97197,21.71954],[-102.96782,21.72093]]],[[[-102.94796,21.69692],[-102.94798,21.69768],[-102.947,21.70054],[-102.94696,21.70079],[-102.94694,21.70095],[-102.94383,21.70848],[-102.94795,21.71118],[-102.94727,21.71495],[-102.94613,21.71739],[-102.94855,21.71499],[-102.95028,21.71303],[-102.94498,21.70686],[-102.94968,21.70307],[-102.94796,21.69692]]],[[[-102.93517,21.71073],[-102.93611,21.71461],[-102.94132,21.71517],[-102.94067,21.71327],[-102.94002,21.71264],[-102.93828,21.71098],[-102.93826,21.71095],[-102.93792,21.70788],[-102.93933,21.70533],[-102.93277,21.70477],[-102.93241,21.71135],[-102.93517,21.71073]]],[[[-102.92981,21.70944],[-102.92659,21.70676],[-102.92431,21.71002],[-102.92375,21.71753],[-102.93004,21.71494],[-102.92904,21.71215],[-102.92981,21.70944]]],[[[-102.8692,21.72515],[-102.86872,21.72532],[-102.86833,21.7254],[-102.86985,21.7276],[-102.86486,21.72833],[-102.86168,21.72841],[-102.86133,21.72856],[-102.86074,21.72866],[-102.85949,21.72842],[-102.85853,21.72733],[-102.85676,21.72228],[-102.85399,21.72587],[-102.84862,21.73206],[-102.84854,21.72918],[-102.85333,21.72578],[-102.85241,21.72567],[-102.84722,21.71992],[-102.84757,21.71982],[-102.8478,21.71983],[-102.8482,21.71984],[-102.84997,21.71591],[-102.85081,21.72073],[-102.85596,21.72237],[-102.85922,21.71746],[-102.85657,21.71582],[-102.85393,21.71834],[-102.85032,21.71406],[-102.84819,21.71813],[-102.84379,21.71728],[-102.84378,21.71753],[-102.84409,21.718],[-102.8338,21.72284],[-102.84558,21.7253],[-102.84218,21.72742],[-102.84581,21.73119],[-102.83939,21.72857],[-102.8386,21.73399],[-102.83571,21.73651],[-102.82964,21.73472],[-102.83361,21.73269],[-102.82952,21.73136],[-102.82666,21.73627],[-102.82636,21.74224],[-102.81875,21.73573],[-102.82316,21.74395],[-102.82391,21.75054],[-102.83309,21.74406],[-102.83828,21.74564],[-102.84351,21.74996],[-102.8465,21.74536],[-102.84903,21.74627],[-102.84962,21.7421],[-102.84529,21.74434],[-102.84667,21.74091],[-102.85141,21.74028],[-102.85288,21.74585],[-102.86029,21.74247],[-102.86293,21.74582],[-102.86362,21.74089],[-102.85759,21.73706],[-102.86662,21.73792],[-102.8682,21.7321],[-102.87036,21.73118],[-102.87263,21.73671],[-102.88015,21.7333],[-102.87868,21.73089],[-102.87511,21.73215],[-102.87249,21.72962],[-102.87228,21.72482],[-102.86948,21.72505],[-102.8692,21.72515]],[[-102.86268,21.73679],[-102.86019,21.73373],[-102.863,21.73179],[-102.86585,21.73462],[-102.86268,21.73679]]],[[[-102.83905,21.70299],[-102.83863,21.70109],[-102.83743,21.6994],[-102.83726,21.69885],[-102.83461,21.69751],[-102.83503,21.69774],[-102.83558,21.69803],[-102.83059,21.70445],[-102.83367,21.70955],[-102.83952,21.711],[-102.84079,21.70436],[-102.83905,21.70299]]],[[[-103.04992,21.52156],[-103.04832,21.52293],[-103.05171,21.52403],[-103.0519,21.52831],[-103.05595,21.52242],[-103.04992,21.52156]]],[[[-103.05997,21.52477],[-103.06187,21.52111],[-103.06364,21.51855],[-103.06068,21.51373],[-103.05488,21.51688],[-103.05322,21.51756],[-103.05267,21.51812],[-103.05852,21.51899],[-103.05566,21.52421],[-103.05997,21.52477]]],[[[-103.09317,21.52136],[-103.09367,21.52186],[-103.09368,21.52187],[-103.09378,21.52207],[-103.09384,21.52224],[-103.09603,21.52066],[-103.09123,21.51999],[-103.09091,21.52],[-103.09317,21.52136]]],[[[-103.03471,21.7167],[-103.03776,21.71665],[-103.03413,21.71308],[-103.04232,21.70932],[-103.04232,21.70654],[-103.03659,21.70929],[-103.02978,21.70992],[-103.02718,21.70432],[-103.02406,21.70204],[-103.02275,21.70612],[-103.01905,21.70819],[-103.01501,21.70701],[-103.0111,21.70902],[-103.02137,21.711],[-103.02759,21.70913],[-103.02777,21.71302],[-103.03471,21.7167]]],[[[-103.02268,21.71191],[-103.02618,21.7159],[-103.02652,21.71215],[-103.02268,21.71191]]],[[[-102.98505,21.70877],[-102.99168,21.70402],[-102.99374,21.70717],[-103.00204,21.70712],[-102.99577,21.6989],[-102.98901,21.69541],[-102.98861,21.6923],[-102.98059,21.69319],[-102.98356,21.68842],[-102.99019,21.68917],[-102.98687,21.68605],[-102.99127,21.6798],[-102.98125,21.67535],[-102.97656,21.67171],[-102.97412,21.67764],[-102.97952,21.68184],[-102.97842,21.6857],[-102.98104,21.68826],[-102.97942,21.69261],[-102.9738,21.69072],[-102.97266,21.69613],[-102.96407,21.69837],[-102.96149,21.69398],[-102.95334,21.69311],[-102.95029,21.69453],[-102.95631,21.69699],[-102.95482,21.69904],[-102.95902,21.70274],[-102.97205,21.70776],[-102.97186,21.70322],[-102.96634,21.70015],[-102.97457,21.70155],[-102.98527,21.70135],[-102.9857,21.69898],[-102.99018,21.70128],[-102.98508,21.70675],[-102.98505,21.70877]]],[[[-102.94036,21.69115],[-102.94034,21.69108],[-102.93568,21.69389],[-102.93994,21.69182],[-102.94036,21.69115]]],[[[-102.94131,21.70021],[-102.94134,21.69428],[-102.93517,21.69913],[-102.94131,21.70021]]],[[[-102.93985,21.68902],[-102.93864,21.68651],[-102.93592,21.68588],[-102.92934,21.68856],[-102.93291,21.69132],[-102.93584,21.68717],[-102.93985,21.68902]]],[[[-102.93435,21.69464],[-102.92826,21.69036],[-102.93097,21.69617],[-102.93382,21.69494],[-102.93435,21.69464]]],[[[-102.91002,21.70445],[-102.90861,21.70792],[-102.91103,21.70936],[-102.91679,21.70121],[-102.9205,21.70076],[-102.9197,21.69188],[-102.91616,21.69433],[-102.91494,21.69215],[-102.922,21.68523],[-102.9282,21.68194],[-102.9254,21.67758],[-102.93067,21.67872],[-102.92815,21.68131],[-102.93302,21.68092],[-102.93293,21.67765],[-102.92772,21.67396],[-102.93892,21.6756],[-102.9401,21.67128],[-102.93288,21.6735],[-102.92846,21.66917],[-102.92291,21.6669],[-102.92231,21.6701],[-102.92777,21.67259],[-102.92144,21.67741],[-102.92545,21.68162],[-102.91828,21.68548],[-102.90933,21.68454],[-102.91118,21.68838],[-102.91304,21.68664],[-102.91413,21.69345],[-102.91205,21.69418],[-102.91441,21.69886],[-102.91002,21.70445]]],[[[-102.88653,21.70149],[-102.88434,21.70415],[-102.88735,21.70533],[-102.88928,21.70152],[-102.88653,21.70149]]],[[[-102.86307,21.69965],[-102.8651,21.6976],[-102.85918,21.69538],[-102.85919,21.6988],[-102.86307,21.69965]]],[[[-102.86708,21.69787],[-102.87258,21.69838],[-102.87396,21.69578],[-102.86854,21.69271],[-102.86191,21.679],[-102.85582,21.68921],[-102.85871,21.69097],[-102.86386,21.68814],[-102.86708,21.69787]]],[[[-102.8858,21.68543],[-102.8895,21.68352],[-102.88557,21.6813],[-102.88478,21.67343],[-102.88045,21.6735],[-102.8795,21.68011],[-102.8858,21.68543]]],[[[-102.91171,21.67616],[-102.91473,21.67714],[-102.91804,21.67392],[-102.91372,21.66955],[-102.91729,21.6632],[-102.91222,21.658],[-102.91474,21.65377],[-102.91151,21.65356],[-102.90632,21.65648],[-102.90489,21.65499],[-102.90238,21.65948],[-102.9041,21.66561],[-102.90716,21.6675],[-102.91171,21.67616]],[[-102.90885,21.66783],[-102.91152,21.66708],[-102.91258,21.66291],[-102.91383,21.669],[-102.91047,21.67055],[-102.90885,21.66783]],[[-102.90603,21.66245],[-102.90667,21.65806],[-102.91344,21.66123],[-102.91103,21.66364],[-102.90603,21.66245]]],[[[-102.89121,21.66734],[-102.89428,21.67073],[-102.89697,21.66768],[-102.89121,21.66734]]],[[[-102.92986,21.65408],[-102.93352,21.65583],[-102.93923,21.65272],[-102.93351,21.64918],[-102.92986,21.65408]]],[[[-102.94833,21.64973],[-102.9506,21.64744],[-102.94843,21.64508],[-102.94488,21.64791],[-102.94833,21.64973]]],[[[-102.97015,21.6493],[-102.96765,21.65187],[-102.97019,21.6558],[-102.97231,21.65215],[-102.97015,21.6493]]],[[[-102.96552,21.65704],[-102.96751,21.65824],[-102.96902,21.65402],[-102.96614,21.65384],[-102.96552,21.65704]]],[[[-103.01169,21.68511],[-103.02214,21.68094],[-103.01599,21.6804],[-103.00815,21.67682],[-103.00749,21.67927],[-102.99673,21.66948],[-102.99721,21.66764],[-102.98926,21.66311],[-102.98668,21.66552],[-102.98509,21.6622],[-102.98225,21.6647],[-102.98599,21.66594],[-102.98282,21.66824],[-102.98761,21.67188],[-102.98934,21.67812],[-102.99947,21.6769],[-103.00268,21.67846],[-103.00022,21.68281],[-103.00827,21.67972],[-103.01179,21.68194],[-103.01169,21.68511]]],[[[-102.96362,21.67264],[-102.96245,21.67551],[-102.95553,21.67982],[-102.95592,21.6825],[-102.95421,21.68468],[-102.94876,21.68695],[-102.95622,21.69022],[-102.96054,21.69031],[-102.96219,21.69406],[-102.96741,21.6967],[-102.97228,21.69586],[-102.97257,21.69092],[-102.96743,21.69041],[-102.96797,21.68819],[-102.96406,21.68556],[-102.96534,21.68334],[-102.96144,21.68077],[-102.96626,21.67713],[-102.96822,21.67197],[-102.96747,21.66504],[-102.96602,21.667],[-102.96362,21.67264]]],[[[-102.94383,21.67486],[-102.95315,21.67722],[-102.95534,21.67616],[-102.94662,21.6732],[-102.94383,21.67486]]],[[[-102.95461,21.68014],[-102.95082,21.68424],[-102.95505,21.68267],[-102.95461,21.68014]]],[[[-102.96516,21.65759],[-102.96163,21.66159],[-102.96884,21.66532],[-102.97244,21.67004],[-102.9749,21.6667],[-102.96381,21.66056],[-102.96516,21.65759]]],[[[-102.95575,21.67596],[-102.95845,21.67465],[-102.96048,21.66886],[-102.95714,21.66622],[-102.95508,21.66784],[-102.94743,21.6687],[-102.94903,21.66562],[-102.93972,21.66712],[-102.94608,21.67027],[-102.94496,21.67155],[-102.95575,21.67596]]],[[[-102.96196,21.66272],[-102.96558,21.66658],[-102.96654,21.6645],[-102.96196,21.66272]]],[[[-102.95298,21.66283],[-102.9486,21.66141],[-102.95176,21.66511],[-102.954,21.66373],[-102.95298,21.66283]]],[[[-102.95542,21.65354],[-102.95125,21.65542],[-102.94767,21.65416],[-102.94214,21.65783],[-102.94087,21.66112],[-102.94428,21.66164],[-102.95012,21.65877],[-102.95304,21.65973],[-102.95277,21.65614],[-102.95542,21.65388],[-102.95542,21.65354]]],[[[-102.9743,21.68591],[-102.97766,21.68144],[-102.97307,21.67967],[-102.9743,21.68591]]],[[[-102.94633,21.68539],[-102.94569,21.6855],[-102.94583,21.68855],[-102.94805,21.69068],[-102.94633,21.68539]]],[[[-103.02724,21.65749],[-103.02153,21.65167],[-103.02285,21.65558],[-103.02724,21.65749]]],[[[-103.01173,21.65274],[-103.01556,21.6555],[-103.01512,21.65187],[-103.01173,21.65274]]],[[[-102.98807,21.65083],[-102.98939,21.64592],[-102.98638,21.64669],[-102.98807,21.65083]]],[[[-102.9811,21.64702],[-102.9855,21.64678],[-102.98358,21.64457],[-102.9811,21.64702]]],[[[-103.0123,21.64918],[-103.01985,21.64884],[-103.01685,21.64608],[-103.017,21.64116],[-103.00659,21.63873],[-103.0123,21.64918]]],[[[-102.97225,21.62936],[-102.9715,21.63102],[-102.97148,21.63141],[-102.97143,21.63216],[-102.97225,21.62936]]],[[[-102.98753,21.61457],[-102.98693,21.61511],[-102.98652,21.6155],[-102.98599,21.61601],[-102.99051,21.62001],[-102.98753,21.61457]]],[[[-102.99424,21.60909],[-103.00176,21.61115],[-102.99994,21.60911],[-102.99412,21.60822],[-102.98982,21.60497],[-102.99292,21.60907],[-102.99424,21.60909]]],[[[-102.98685,21.60621],[-102.98668,21.60616],[-102.98681,21.60663],[-102.98685,21.60621]]],[[[-102.98631,21.60623],[-102.98668,21.60616],[-102.98676,21.60602],[-102.98631,21.60623]]],[[[-103.00012,21.60837],[-103.00027,21.60401],[-102.99089,21.60459],[-102.99407,21.60734],[-103.00012,21.60837]]],[[[-103.00941,21.59643],[-103.00833,21.59639],[-103.00831,21.60322],[-103.01252,21.60379],[-103.01502,21.5978],[-103.01137,21.59651],[-103.00941,21.59643]]],[[[-103.03415,21.60757],[-103.03736,21.6077],[-103.04029,21.6014],[-103.03629,21.5968],[-103.03309,21.60608],[-103.03415,21.60757]]],[[[-103.0203,21.61197],[-103.02364,21.61677],[-103.02552,21.61232],[-103.02421,21.60797],[-103.01783,21.6071],[-103.0203,21.61197]]],[[[-103.05427,21.61661],[-103.05628,21.61458],[-103.05287,21.61137],[-103.05154,21.60654],[-103.04232,21.60499],[-103.04775,21.6135],[-103.05427,21.61661]]],[[[-103.04604,21.60456],[-103.04751,21.60164],[-103.04274,21.60326],[-103.04604,21.60456]]],[[[-103.03922,21.62245],[-103.04275,21.62154],[-103.03596,21.61978],[-103.03328,21.61661],[-103.03276,21.62043],[-103.03922,21.62245]]],[[[-103.00338,21.61744],[-102.99861,21.62126],[-103.00062,21.6232],[-103.00764,21.62434],[-103.00595,21.62954],[-103.01095,21.63188],[-103.01246,21.63532],[-103.01602,21.63549],[-103.01469,21.62927],[-103.01297,21.63039],[-103.00938,21.62477],[-103.01083,21.62132],[-103.00338,21.61744]]],[[[-103.04389,21.6286],[-103.04819,21.62413],[-103.04547,21.62256],[-103.04164,21.62664],[-103.03778,21.62785],[-103.04389,21.6286]]],[[[-103.0415,21.63351],[-103.04574,21.6335],[-103.04626,21.63018],[-103.03574,21.62953],[-103.03373,21.63329],[-103.0415,21.63351]]],[[[-103.03381,21.63659],[-103.0412,21.64537],[-103.04127,21.64901],[-103.04801,21.64578],[-103.04628,21.64054],[-103.04055,21.64343],[-103.03701,21.63769],[-103.03381,21.63659]]],[[[-103.00171,21.63245],[-103.00346,21.62775],[-102.99779,21.62465],[-103.00127,21.62859],[-102.99705,21.62795],[-102.99528,21.63301],[-103.00171,21.63245]]],[[[-102.89867,21.64391],[-102.90263,21.6406],[-102.89918,21.63648],[-102.90018,21.64194],[-102.89867,21.64391]]],[[[-103.00566,21.66921],[-103.00603,21.66713],[-103.00027,21.669],[-103.00566,21.66921]]],[[[-103.0193,21.68739],[-103.02197,21.6902],[-103.02427,21.68728],[-103.02247,21.68464],[-103.0193,21.68739]]],[[[-103.03677,21.68893],[-103.0395,21.68758],[-103.03407,21.68546],[-103.03677,21.68893]]],[[[-103.044,21.69628],[-103.04592,21.69299],[-103.03761,21.68904],[-103.0365,21.69124],[-103.044,21.69628]]],[[[-103.01973,21.69864],[-103.02345,21.70171],[-103.02761,21.69849],[-103.02733,21.69518],[-103.02104,21.69176],[-103.01973,21.69864]]],[[[-103.06154,21.56355],[-103.06419,21.56286],[-103.05869,21.55998],[-103.05658,21.56117],[-103.06154,21.56355]]],[[[-103.01719,21.55511],[-103.01822,21.55436],[-103.01467,21.55239],[-103.01595,21.55603],[-103.01685,21.55536],[-103.01719,21.55511]]],[[[-103.02902,21.54598],[-103.02964,21.54077],[-103.02534,21.54512],[-103.02902,21.54598]]],[[[-103.05542,21.54809],[-103.05433,21.55259],[-103.05057,21.55377],[-103.05567,21.559],[-103.05425,21.55494],[-103.05602,21.55073],[-103.06135,21.54887],[-103.06546,21.54485],[-103.06211,21.54352],[-103.06011,21.53972],[-103.05685,21.54051],[-103.05589,21.54675],[-103.05542,21.54809]]],[[[-103.04137,21.53275],[-103.0483,21.52911],[-103.0495,21.52542],[-103.04344,21.52908],[-103.04137,21.53275]]],[[[-103.02584,21.52919],[-103.02287,21.53208],[-103.02733,21.53288],[-103.02584,21.52919]]],[[[-103.05396,21.5337],[-103.05549,21.53239],[-103.05767,21.52869],[-103.05084,21.53322],[-103.05282,21.53423],[-103.05396,21.5337]]],[[[-102.87253,21.71199],[-102.87131,21.71552],[-102.87396,21.71913],[-102.87546,21.71438],[-102.87253,21.71199]]],[[[-102.94852,21.81568],[-102.94785,21.81993],[-102.95643,21.80829],[-102.95325,21.80663],[-102.94762,21.81367],[-102.94336,21.81535],[-102.94852,21.81568]]],[[[-102.88224,21.8034],[-102.88506,21.80075],[-102.88267,21.79674],[-102.88881,21.79489],[-102.88462,21.79245],[-102.88081,21.79557],[-102.8778,21.79314],[-102.87405,21.79438],[-102.88224,21.8034]]],[[[-102.85365,21.79391],[-102.86089,21.79099],[-102.85886,21.78623],[-102.85942,21.77903],[-102.85686,21.78359],[-102.85823,21.78786],[-102.8544,21.79059],[-102.85365,21.79391]]],[[[-103.01606,21.84259],[-103.0201,21.84242],[-103.02005,21.83755],[-103.01376,21.83528],[-103.01209,21.82541],[-103.00301,21.81848],[-102.99198,21.81553],[-102.99377,21.81153],[-102.9895,21.80498],[-102.98891,21.80892],[-102.98479,21.80818],[-102.98229,21.81053],[-102.98069,21.8034],[-102.97523,21.80408],[-102.98144,21.82178],[-102.98384,21.82033],[-102.98936,21.82236],[-102.98829,21.82643],[-102.9908,21.82944],[-102.98313,21.83386],[-102.98844,21.83647],[-102.99265,21.83488],[-102.99319,21.83725],[-103.00263,21.83498],[-103.00137,21.83673],[-103.01359,21.83684],[-103.01379,21.83987],[-103.01929,21.83961],[-103.01606,21.84259]]],[[[-102.92893,21.7594],[-102.93299,21.76266],[-102.93586,21.76851],[-102.9406,21.76689],[-102.94675,21.75843],[-102.95345,21.75709],[-102.95139,21.75455],[-102.96132,21.7556],[-102.96497,21.76079],[-102.96885,21.75696],[-102.96465,21.75707],[-102.95934,21.75063],[-102.94523,21.74528],[-102.94592,21.74366],[-102.95387,21.74824],[-102.95524,21.74666],[-102.96426,21.75305],[-102.96819,21.74422],[-102.96466,21.74077],[-102.95949,21.73919],[-102.95225,21.7349],[-102.95116,21.7395],[-102.94742,21.73869],[-102.94235,21.74455],[-102.9404,21.74252],[-102.93532,21.74242],[-102.93652,21.74864],[-102.93208,21.74288],[-102.9325,21.74746],[-102.93,21.74593],[-102.92787,21.74933],[-102.93616,21.75254],[-102.93513,21.75522],[-102.92951,21.7578],[-102.92683,21.75451],[-102.92429,21.75945],[-102.92893,21.7594]]],[[[-102.91382,21.75692],[-102.91569,21.76008],[-102.91768,21.75577],[-102.9225,21.7574],[-102.92553,21.75146],[-102.92212,21.74948],[-102.91631,21.7516],[-102.9153,21.74621],[-102.91319,21.74531],[-102.90835,21.75202],[-102.90867,21.75444],[-102.91438,21.7522],[-102.91014,21.75668],[-102.91382,21.75692]]],[[[-102.91937,21.74814],[-102.92115,21.74435],[-102.92468,21.7457],[-102.92528,21.74189],[-102.91559,21.74449],[-102.91937,21.74814]]],[[[-102.86908,21.74251],[-102.87054,21.7357],[-102.8693,21.73423],[-102.86722,21.74017],[-102.86908,21.74251]]],[[[-102.90714,21.74105],[-102.91233,21.73409],[-102.91757,21.73085],[-102.91426,21.72969],[-102.91516,21.7265],[-102.90832,21.73077],[-102.90325,21.7391],[-102.90714,21.74105]]],[[[-102.94093,21.74241],[-102.94526,21.73739],[-102.93496,21.73573],[-102.93381,21.73233],[-102.93738,21.7299],[-102.93728,21.72353],[-102.93356,21.72008],[-102.92983,21.72861],[-102.92281,21.73229],[-102.91979,21.72855],[-102.91772,21.73037],[-102.92236,21.73838],[-102.92838,21.73796],[-102.93611,21.74095],[-102.93909,21.73931],[-102.94093,21.74241]],[[-102.9281,21.73179],[-102.9254,21.73661],[-102.92223,21.73463],[-102.9281,21.73179]]],[[[-102.8245,21.71824],[-102.82973,21.71701],[-102.83043,21.71285],[-102.82685,21.7111],[-102.8234,21.71372],[-102.8245,21.71824]]],[[[-102.41001,22.90512],[-102.40675,22.91111],[-102.40561,22.91708],[-102.40853,22.9168],[-102.41001,22.90512]]],[[[-102.42111,22.9538],[-102.41822,22.94902],[-102.41614,22.94038],[-102.4189,22.93976],[-102.41838,22.93246],[-102.41263,22.93265],[-102.41493,22.9287],[-102.42612,22.92739],[-102.42253,22.92365],[-102.409,22.9239],[-102.41346,22.92582],[-102.41317,22.92817],[-102.40822,22.92786],[-102.40543,22.9319],[-102.40469,22.94597],[-102.41109,22.94598],[-102.4137,22.94049],[-102.41705,22.95133],[-102.42111,22.9538]]],[[[-102.43207,22.91645],[-102.42819,22.91385],[-102.42848,22.9188],[-102.43207,22.91645]]],[[[-102.43012,22.93322],[-102.42963,22.92824],[-102.42689,22.92876],[-102.43012,22.93322]]],[[[-102.31257,22.94566],[-102.31101,22.93993],[-102.31237,22.93506],[-102.30693,22.93549],[-102.30565,22.93895],[-102.31048,22.93855],[-102.3103,22.94213],[-102.30389,22.94071],[-102.30338,22.94633],[-102.31257,22.94566]]],[[[-102.29574,22.96701],[-102.29503,22.96943],[-102.30138,22.96899],[-102.30154,22.96665],[-102.29574,22.96701]]],[[[-102.29349,22.86949],[-102.29693,22.87166],[-102.29734,22.87436],[-102.29958,22.87715],[-102.3027,22.87565],[-102.30231,22.87074],[-102.29875,22.86397],[-102.29523,22.86421],[-102.29349,22.86949]]],[[[-102.28816,22.87953],[-102.2872,22.87555],[-102.28292,22.87427],[-102.28251,22.87889],[-102.28816,22.87953]]],[[[-102.28029,22.87446],[-102.2806,22.87652],[-102.28599,22.86828],[-102.27909,22.86683],[-102.27637,22.87231],[-102.28029,22.87446]]],[[[-102.26102,22.86436],[-102.26689,22.8643],[-102.26709,22.85475],[-102.26106,22.85456],[-102.26102,22.86436]]],[[[-102.33278,22.86295],[-102.33759,22.8624],[-102.33386,22.854],[-102.32235,22.82422],[-102.31918,22.82499],[-102.32037,22.83087],[-102.32434,22.83686],[-102.3255,22.84768],[-102.33107,22.86205],[-102.33278,22.86295]]],[[[-102.28029,22.84295],[-102.28183,22.83524],[-102.27937,22.83552],[-102.28029,22.84295]]],[[[-102.26718,22.8328],[-102.26836,22.82703],[-102.26583,22.82737],[-102.26718,22.8328]]],[[[-102.43468,22.74842],[-102.43555,22.74735],[-102.44551,22.74723],[-102.45234,22.75092],[-102.45412,22.74797],[-102.45205,22.74379],[-102.44448,22.74349],[-102.43913,22.73889],[-102.43488,22.74419],[-102.43468,22.74842]]],[[[-102.48466,22.74856],[-102.48759,22.74897],[-102.48425,22.7418],[-102.48477,22.73956],[-102.4781,22.73664],[-102.4685,22.73685],[-102.46631,22.74303],[-102.46991,22.74548],[-102.4776,22.7429],[-102.48224,22.74294],[-102.48174,22.74838],[-102.48466,22.74856]]],[[[-102.47391,22.74968],[-102.47705,22.74954],[-102.4762,22.74617],[-102.47391,22.74968]]],[[[-102.4893,22.74818],[-102.49147,22.74963],[-102.49325,22.74436],[-102.49023,22.74263],[-102.4893,22.74818]]],[[[-102.51245,22.70081],[-102.51529,22.70227],[-102.5135,22.69762],[-102.51245,22.70081]]],[[[-102.46759,22.65995],[-102.46948,22.6614],[-102.47279,22.65847],[-102.46759,22.65995]]],[[[-102.5291,22.65406],[-102.53167,22.65253],[-102.53553,22.64514],[-102.53219,22.64598],[-102.5317,22.65026],[-102.5278,22.65021],[-102.52816,22.64678],[-102.5227,22.64639],[-102.51889,22.65137],[-102.5291,22.65406]]],[[[-102.52804,22.64402],[-102.52929,22.64626],[-102.53506,22.64238],[-102.53099,22.6384],[-102.52635,22.64253],[-102.52804,22.64402]]],[[[-102.52157,22.64261],[-102.52432,22.64415],[-102.52627,22.64154],[-102.52157,22.64261]]],[[[-102.48266,22.63203],[-102.4816,22.62555],[-102.47764,22.6245],[-102.48266,22.63203]]],[[[-102.55625,22.56673],[-102.55282,22.56994],[-102.5592,22.57006],[-102.55625,22.56673]]],[[[-102.54565,22.56543],[-102.54983,22.56108],[-102.54579,22.56186],[-102.54565,22.56543]]],[[[-102.02171,22.70259],[-102.01763,22.70001],[-102.01972,22.69583],[-102.00745,22.69113],[-102.00618,22.69502],[-102.01473,22.70136],[-102.02171,22.70259]]],[[[-102.15904,22.68429],[-102.15871,22.68784],[-102.16598,22.68947],[-102.16087,22.67882],[-102.16446,22.67798],[-102.16946,22.67351],[-102.16644,22.6702],[-102.15969,22.67606],[-102.15585,22.6737],[-102.15904,22.68429]]],[[[-102.07693,22.65405],[-102.08126,22.65231],[-102.08408,22.64496],[-102.08232,22.64147],[-102.06794,22.63591],[-102.06552,22.64043],[-102.06275,22.64085],[-102.05842,22.65077],[-102.06765,22.65389],[-102.06886,22.65108],[-102.07693,22.65405]]],[[[-102.07451,22.61522],[-102.07026,22.6238],[-102.07945,22.62672],[-102.08049,22.62414],[-102.07907,22.61463],[-102.07451,22.61522]]],[[[-102.08481,22.62416],[-102.08926,22.62574],[-102.08415,22.61596],[-102.08128,22.62278],[-102.08481,22.62416]]],[[[-102.1002,22.61015],[-102.10438,22.61271],[-102.10618,22.60505],[-102.10411,22.60418],[-102.1002,22.61015]]],[[[-102.08527,22.60295],[-102.08887,22.60725],[-102.09081,22.60588],[-102.0871,22.6017],[-102.08527,22.60295]]],[[[-102.10158,22.5868],[-102.10106,22.59123],[-102.10492,22.58311],[-102.10158,22.5868]]],[[[-102.09152,22.58577],[-102.09156,22.57912],[-102.08521,22.58241],[-102.09152,22.58577]]],[[[-103.11258,23.93976],[-103.1195,23.94311],[-103.12118,23.9397],[-103.11071,23.93618],[-103.10322,23.93658],[-103.10152,23.93247],[-103.09992,23.93466],[-103.10521,23.93883],[-103.11258,23.93976]]],[[[-102.77232,23.07136],[-102.77246,23.07586],[-102.76677,23.07633],[-102.7667,23.08361],[-102.76148,23.08493],[-102.76213,23.10229],[-102.75007,23.10232],[-102.74999,23.10686],[-102.75526,23.11967],[-102.77252,23.11977],[-102.77996,23.11869],[-102.7798,23.11246],[-102.79491,23.11233],[-102.79558,23.10262],[-102.80293,23.10261],[-102.8001,23.09524],[-102.79471,23.08556],[-102.78577,23.07368],[-102.7795,23.07413],[-102.77941,23.07134],[-102.77232,23.07136]]],[[[-102.72605,23.05046],[-102.72661,23.05181],[-102.72864,23.05668],[-102.73213,23.06224],[-102.73219,23.05767],[-102.73845,23.05595],[-102.74132,23.0472],[-102.73808,23.04746],[-102.73506,23.0444],[-102.72978,23.04623],[-102.72605,23.05046]]],[[[-102.69508,23.00412],[-102.68941,23.00725],[-102.68938,23.00729],[-102.6891,23.00744],[-102.68644,23.00354],[-102.68257,23.00583],[-102.6861,23.01138],[-102.68073,23.01601],[-102.68344,23.02115],[-102.67769,23.02114],[-102.67764,23.02334],[-102.69029,23.02376],[-102.6912,23.02556],[-102.69872,23.01385],[-102.70311,23.00461],[-102.70691,23.00666],[-102.70178,22.99979],[-102.70538,22.99973],[-102.70289,22.99639],[-102.6995,23.00041],[-102.70032,23.00704],[-102.6967,23.00848],[-102.69508,23.00412]]],[[[-102.69256,22.99484],[-102.68954,22.99671],[-102.69508,23.00412],[-102.69733,23.00243],[-102.69256,22.99484]]],[[[-102.75758,23.05754],[-102.75856,23.06389],[-102.76706,23.06389],[-102.76629,23.05548],[-102.74776,23.0548],[-102.74772,23.05668],[-102.75758,23.05754]]],[[[-102.80179,23.05843],[-102.80185,23.06216],[-102.80794,23.05846],[-102.80179,23.05843]]],[[[-102.78998,23.04744],[-102.79777,23.04762],[-102.79002,23.04593],[-102.78998,23.04744]]],[[[-102.77896,23.04715],[-102.78145,23.04293],[-102.77899,23.04281],[-102.77896,23.04715]]],[[[-102.72662,23.03664],[-102.72441,23.03849],[-102.72565,23.04576],[-102.72858,23.04579],[-102.7302,23.03069],[-102.72665,23.03049],[-102.72662,23.03664]]],[[[-102.71774,23.02954],[-102.72177,23.03503],[-102.72182,23.02882],[-102.71774,23.02954]]],[[[-102.80329,23.03056],[-102.80643,23.02759],[-102.80336,23.0272],[-102.80329,23.03056]]],[[[-102.74726,23.02665],[-102.75637,23.02696],[-102.75654,23.02382],[-102.75016,23.02649],[-102.75034,23.02216],[-102.74742,23.02213],[-102.74726,23.02665]]],[[[-102.70861,23.02622],[-102.71322,23.02617],[-102.71322,23.01964],[-102.7102,23.01424],[-102.7072,23.01531],[-102.70915,23.02117],[-102.70861,23.02622]]],[[[-102.73134,23.0215],[-102.73981,23.02033],[-102.75095,23.01108],[-102.74738,23.01087],[-102.74657,23.0066],[-102.7412,23.0051],[-102.73325,23.01509],[-102.73134,23.0215]]],[[[-102.72568,23.00712],[-102.728,23.01073],[-102.73063,23.00757],[-102.72762,23.00519],[-102.72568,23.00712]]],[[[-102.78958,23.01356],[-102.79261,23.01257],[-102.79287,23.0082],[-102.78958,23.01356]]],[[[-102.76102,23.02058],[-102.76588,23.02084],[-102.76611,23.01664],[-102.77109,23.01688],[-102.77123,23.01419],[-102.76635,23.01385],[-102.76612,23.01647],[-102.76128,23.01625],[-102.76102,23.02058]]],[[[-102.84357,23.02058],[-102.84759,23.01895],[-102.83981,23.01932],[-102.84357,23.02058]]],[[[-102.81591,23.03807],[-102.8218,23.04009],[-102.82173,23.03559],[-102.816,23.03501],[-102.81591,23.03807]]],[[[-102.78691,23.03821],[-102.78672,23.04301],[-102.79154,23.04316],[-102.79174,23.03827],[-102.78691,23.03821]]],[[[-102.75336,23.04357],[-102.75373,23.03739],[-102.75081,23.03734],[-102.75061,23.04194],[-102.75336,23.04357]]],[[[-102.73513,23.04362],[-102.73854,23.04152],[-102.73364,23.04142],[-102.73513,23.04362]]],[[[-102.71319,23.0513],[-102.71654,23.04845],[-102.72533,23.04866],[-102.72413,23.04566],[-102.71437,23.04535],[-102.71319,23.0513]]],[[[-102.7093,23.04471],[-102.70862,23.04827],[-102.71353,23.04835],[-102.71321,23.04274],[-102.71528,23.03961],[-102.70938,23.04151],[-102.7093,23.04471]]],[[[-102.75777,23.00062],[-102.76242,23.00088],[-102.76254,22.99629],[-102.75798,22.99607],[-102.75777,23.00062]]],[[[-102.71669,22.98599],[-102.71865,22.98409],[-102.7158,22.98073],[-102.71137,22.98227],[-102.71669,22.98599]]],[[[-102.7032,22.97857],[-102.70051,22.97954],[-102.70615,22.98398],[-102.7032,22.97857]]],[[[-102.71615,22.97969],[-102.71762,22.98272],[-102.7223,22.98079],[-102.72063,22.97726],[-102.71615,22.97969]]],[[[-102.8078,22.98152],[-102.80772,22.98417],[-102.81257,22.98414],[-102.81265,22.98143],[-102.8078,22.98152]]],[[[-102.87029,23.5083],[-102.86788,23.51233],[-102.86443,23.51204],[-102.86778,23.51795],[-102.87634,23.51921],[-102.87815,23.51413],[-102.86939,23.51337],[-102.87029,23.5083]]],[[[-102.65858,23.12598],[-102.65724,23.12673],[-102.66136,23.1358],[-102.65751,23.13529],[-102.65622,23.13859],[-102.66096,23.13949],[-102.65919,23.14699],[-102.66268,23.14715],[-102.66259,23.15326],[-102.66509,23.16827],[-102.66399,23.17208],[-102.66729,23.17207],[-102.6667,23.17712],[-102.66114,23.18043],[-102.66132,23.18511],[-102.66374,23.18481],[-102.664,23.19123],[-102.66568,23.19104],[-102.66615,23.18412],[-102.6716,23.18327],[-102.67178,23.18016],[-102.68445,23.18007],[-102.68868,23.1812],[-102.68772,23.17342],[-102.69428,23.16909],[-102.69434,23.16633],[-102.69946,23.16655],[-102.69956,23.17085],[-102.71385,23.17061],[-102.71378,23.16547],[-102.72589,23.16514],[-102.72985,23.1668],[-102.75027,23.16685],[-102.75027,23.16362],[-102.73936,23.15496],[-102.74206,23.15076],[-102.74207,23.14058],[-102.73232,23.13874],[-102.73197,23.13368],[-102.73373,23.12902],[-102.73999,23.13321],[-102.74021,23.12775],[-102.71992,23.12761],[-102.71831,23.11405],[-102.71634,23.11417],[-102.71648,23.10739],[-102.71287,23.10726],[-102.713,23.10261],[-102.71983,23.10253],[-102.71976,23.08856],[-102.71172,23.08814],[-102.70971,23.09175],[-102.69909,23.09122],[-102.70367,23.08101],[-102.69771,23.07912],[-102.69644,23.07264],[-102.68725,23.0696],[-102.68669,23.07555],[-102.68151,23.08099],[-102.67985,23.08051],[-102.67676,23.09071],[-102.67236,23.08981],[-102.6673,23.0971],[-102.67054,23.09924],[-102.66863,23.10409],[-102.66422,23.10904],[-102.66626,23.11472],[-102.66847,23.11744],[-102.6706,23.12023],[-102.67716,23.1234],[-102.67348,23.12608],[-102.65858,23.12598]],[[-102.71389,23.16189],[-102.71396,23.15565],[-102.71931,23.15562],[-102.71709,23.15842],[-102.71986,23.16186],[-102.71389,23.16189]]],[[[-102.70524,23.05747],[-102.70401,23.05712],[-102.70216,23.0597],[-102.70047,23.05618],[-102.69817,23.04826],[-102.69441,23.05814],[-102.68878,23.06708],[-102.69742,23.06995],[-102.69965,23.06765],[-102.70833,23.07079],[-102.71211,23.07544],[-102.71594,23.07037],[-102.71069,23.06828],[-102.71556,23.06147],[-102.70524,23.05747]]],[[[-102.90351,23.5149],[-102.90587,23.51444],[-102.9057,23.50912],[-102.90375,23.50904],[-102.90351,23.5149]]],[[[-102.74458,23.35912],[-102.74928,23.36218],[-102.75322,23.36089],[-102.75357,23.35446],[-102.74609,23.35318],[-102.74458,23.35912]]],[[[-102.99213,23.33042],[-102.9924,23.33665],[-102.99613,23.33656],[-102.99631,23.33208],[-102.99213,23.33042]]],[[[-102.99013,23.32063],[-102.99222,23.31459],[-102.99326,23.30748],[-102.9852,23.30759],[-102.98473,23.30223],[-102.98216,23.30115],[-102.97209,23.30239],[-102.97295,23.30433],[-102.96962,23.30983],[-102.97271,23.31515],[-102.98009,23.31152],[-102.9839,23.32049],[-102.99013,23.32063]]],[[[-103.00847,23.31529],[-103.00247,23.3071],[-102.99805,23.30749],[-102.99329,23.31337],[-102.99997,23.31985],[-102.99627,23.32044],[-102.99628,23.32083],[-102.99988,23.32517],[-103.00193,23.32128],[-103.0091,23.32013],[-103.00847,23.31529]]],[[[-103.00277,23.38392],[-103.00333,23.38365],[-103.00334,23.38364],[-103.00546,23.38006],[-103.00201,23.37337],[-103.00158,23.36445],[-102.9979,23.36247],[-102.99677,23.36783],[-103.00091,23.37411],[-103.0017,23.38377],[-103.00277,23.38392]]],[[[-102.99664,23.38517],[-102.99776,23.38991],[-103.00032,23.38606],[-102.99664,23.38517]]],[[[-102.99664,23.38517],[-102.99869,23.38141],[-102.99449,23.38144],[-102.99664,23.38517]]],[[[-102.98735,23.36209],[-102.98763,23.36534],[-102.98979,23.37482],[-102.98944,23.37952],[-102.98906,23.38452],[-102.98809,23.38963],[-102.99171,23.38967],[-102.99447,23.385],[-102.99148,23.38112],[-102.99779,23.37319],[-102.993,23.36698],[-102.9926,23.36161],[-102.9884,23.3582],[-102.98735,23.36209]]],[[[-102.96956,23.29646],[-102.97057,23.29901],[-102.98247,23.29875],[-102.98047,23.29352],[-102.97516,23.29341],[-102.96956,23.29646]]],[[[-102.50646,23.29526],[-102.51823,23.29524],[-102.52189,23.29248],[-102.52262,23.2875],[-102.52006,23.29078],[-102.51452,23.28827],[-102.51075,23.29146],[-102.50656,23.29192],[-102.50646,23.29526]]],[[[-102.58379,23.2873],[-102.5858,23.28724],[-102.58423,23.27855],[-102.5779,23.27892],[-102.57902,23.28525],[-102.58329,23.28478],[-102.58379,23.2873]]],[[[-102.96888,23.28944],[-102.97379,23.2898],[-102.97013,23.28739],[-102.97056,23.28268],[-102.96515,23.28209],[-102.96592,23.28616],[-102.96888,23.28944]]],[[[-102.99498,23.29165],[-102.99992,23.291],[-103.00428,23.2926],[-103.00828,23.28989],[-103.01113,23.28507],[-103.00874,23.28332],[-103.00557,23.28626],[-103.00292,23.28339],[-103.00341,23.27926],[-102.99281,23.27932],[-102.98698,23.28238],[-102.98469,23.2811],[-102.97957,23.28459],[-102.98218,23.28549],[-102.98623,23.28277],[-102.99699,23.28881],[-102.99498,23.29165]]],[[[-102.96399,23.26252],[-102.96524,23.26825],[-102.96389,23.27325],[-102.97174,23.27568],[-102.97344,23.26915],[-102.96518,23.25917],[-102.96399,23.26252]]],[[[-102.97754,23.25924],[-102.97443,23.26142],[-102.97679,23.26407],[-102.97964,23.26187],[-102.97754,23.25924]]],[[[-103.01951,23.2687],[-103.0205,23.26581],[-103.03034,23.25753],[-103.02938,23.25285],[-102.99994,23.23892],[-102.99618,23.24591],[-102.99052,23.24323],[-102.98493,23.24716],[-102.97766,23.24197],[-102.97583,23.24542],[-102.97081,23.2454],[-102.97436,23.25227],[-102.97946,23.25591],[-102.9802,23.25065],[-102.99103,23.25543],[-102.99222,23.25326],[-103.00414,23.26102],[-103.01951,23.2687]]],[[[-103.00357,23.27246],[-103.00584,23.27142],[-102.9991,23.2651],[-102.99844,23.26901],[-103.00357,23.27246]]],[[[-102.98098,23.26985],[-102.98194,23.27409],[-102.98648,23.27267],[-102.98098,23.26985]]],[[[-103.02691,23.26458],[-103.02591,23.26639],[-103.03015,23.26968],[-103.03803,23.25975],[-103.03089,23.26413],[-103.02697,23.26192],[-103.02691,23.26458]]],[[[-103.00179,23.23683],[-103.00627,23.24098],[-103.01255,23.22617],[-103.0173,23.22455],[-103.01393,23.22292],[-103.01524,23.22046],[-103.00913,23.21668],[-103.00568,23.22485],[-102.99924,23.22871],[-102.99276,23.2286],[-102.99078,23.23424],[-103.00162,23.23482],[-103.00179,23.23683]]],[[[-103.05333,23.22551],[-103.05496,23.22225],[-103.05172,23.21961],[-103.05364,23.21592],[-103.05144,23.21435],[-103.05412,23.20821],[-103.04959,23.20687],[-103.0441,23.20208],[-103.04064,23.20931],[-103.03123,23.21153],[-103.03163,23.21333],[-103.04095,23.21903],[-103.0395,23.22293],[-103.04467,23.22535],[-103.04682,23.22159],[-103.05333,23.22551]]],[[[-103.02289,23.20227],[-103.02641,23.20348],[-103.02504,23.20752],[-103.02927,23.20961],[-103.03393,23.19845],[-103.02869,23.19669],[-103.02748,23.20037],[-103.02404,23.19902],[-103.02289,23.20227]]],[[[-103.00645,23.20092],[-103.00838,23.20665],[-103.01196,23.20863],[-103.01709,23.20317],[-103.00556,23.19507],[-103.00645,23.20092]]],[[[-102.80668,23.20182],[-102.80844,23.20125],[-102.81136,23.19591],[-102.80988,23.19158],[-102.81048,23.19117],[-102.81077,23.18647],[-102.8156,23.18549],[-102.81547,23.18059],[-102.80177,23.18506],[-102.80134,23.19256],[-102.79697,23.1922],[-102.79664,23.20047],[-102.80668,23.20182]]],[[[-102.84066,23.18689],[-102.83723,23.19002],[-102.84128,23.19267],[-102.84066,23.18689]]],[[[-103.07769,23.20486],[-103.08529,23.21007],[-103.09084,23.21096],[-103.09382,23.21383],[-103.09887,23.20936],[-103.09737,23.20283],[-103.10189,23.19856],[-103.10098,23.19352],[-103.09763,23.19348],[-103.09206,23.1704],[-103.08098,23.17164],[-103.08214,23.17665],[-103.07334,23.17786],[-103.07371,23.19218],[-103.07551,23.19579],[-103.07415,23.20121],[-103.07769,23.20486]]],[[[-103.05519,23.18592],[-103.05351,23.1896],[-103.06408,23.19577],[-103.06657,23.19246],[-103.06174,23.18544],[-103.05519,23.18592]]],[[[-102.92667,23.17806],[-102.92866,23.17469],[-102.92304,23.17427],[-102.92667,23.17806]]],[[[-102.8155,23.17895],[-102.81438,23.17273],[-102.81696,23.17268],[-102.81467,23.16657],[-102.80703,23.16592],[-102.80618,23.18066],[-102.80206,23.18038],[-102.80167,23.18457],[-102.81565,23.18015],[-102.8155,23.17895]]],[[[-102.70021,23.18015],[-102.70007,23.18462],[-102.72012,23.18452],[-102.71969,23.18001],[-102.71366,23.17994],[-102.71104,23.17563],[-102.70314,23.17499],[-102.70021,23.18015]]],[[[-102.82212,23.16184],[-102.82718,23.17262],[-102.83088,23.17158],[-102.8346,23.16381],[-102.82711,23.16133],[-102.82212,23.16184]]],[[[-103.07443,23.16867],[-103.07494,23.17117],[-103.08002,23.17061],[-103.07946,23.16847],[-103.08373,23.16662],[-103.08154,23.16135],[-103.0775,23.16293],[-103.075,23.15608],[-103.07306,23.159],[-103.07518,23.16552],[-103.07443,23.16867]]],[[[-103.17621,23.15122],[-103.17589,23.14903],[-103.15914,23.14592],[-103.15924,23.14819],[-103.15122,23.14748],[-103.14566,23.15072],[-103.14677,23.14646],[-103.13418,23.15205],[-103.13592,23.15913],[-103.13447,23.16296],[-103.12974,23.16256],[-103.13232,23.1589],[-103.13062,23.15486],[-103.1236,23.15794],[-103.12226,23.16329],[-103.11907,23.16033],[-103.11654,23.16333],[-103.12038,23.16448],[-103.12074,23.16802],[-103.12952,23.16842],[-103.12938,23.17216],[-103.12467,23.17286],[-103.12335,23.17758],[-103.12737,23.17669],[-103.13088,23.1721],[-103.13107,23.1684],[-103.13801,23.16661],[-103.13977,23.17207],[-103.14159,23.17124],[-103.14351,23.16275],[-103.1538,23.16275],[-103.15845,23.1599],[-103.16019,23.15463],[-103.16407,23.15272],[-103.1709,23.15485],[-103.17671,23.15481],[-103.17621,23.15134],[-103.17621,23.15122]]],[[[-103.18887,23.15655],[-103.1808,23.16027],[-103.18617,23.16016],[-103.18761,23.16484],[-103.19645,23.16353],[-103.19088,23.15698],[-103.18887,23.15655]]],[[[-103.19863,23.16603],[-103.20364,23.16649],[-103.20297,23.16238],[-103.19956,23.16246],[-103.19863,23.16603]]],[[[-103.14245,23.17478],[-103.14038,23.17566],[-103.14178,23.18083],[-103.14638,23.17573],[-103.14245,23.17478]]],[[[-103.16139,23.15772],[-103.158,23.1625],[-103.1652,23.16612],[-103.16776,23.15777],[-103.16139,23.15772]]],[[[-103.09322,23.16455],[-103.09098,23.1682],[-103.09665,23.16587],[-103.09322,23.16455]]],[[[-103.11504,23.15615],[-103.11659,23.15462],[-103.11459,23.14892],[-103.11145,23.15171],[-103.11504,23.15615]]],[[[-103.13409,23.15169],[-103.14691,23.14578],[-103.14792,23.14074],[-103.14439,23.13846],[-103.14444,23.13514],[-103.12752,23.13447],[-103.12322,23.14047],[-103.11699,23.13974],[-103.11755,23.14411],[-103.131,23.14],[-103.13409,23.15169]]],[[[-103.17295,23.13946],[-103.17909,23.13837],[-103.17877,23.13486],[-103.17466,23.13547],[-103.17326,23.13127],[-103.16745,23.13079],[-103.16293,23.13435],[-103.17295,23.13946]]],[[[-103.12096,23.12929],[-103.12623,23.13171],[-103.12388,23.12476],[-103.11387,23.12709],[-103.11457,23.12987],[-103.12096,23.12929]]],[[[-103.18605,23.12316],[-103.17646,23.12364],[-103.17723,23.13098],[-103.18785,23.13335],[-103.19062,23.13261],[-103.19146,23.12835],[-103.18654,23.12388],[-103.18605,23.12316]]],[[[-103.12069,23.11637],[-103.12247,23.12409],[-103.12607,23.12343],[-103.12385,23.11553],[-103.12069,23.11637]]],[[[-103.18493,23.12152],[-103.18362,23.1147],[-103.18064,23.12032],[-103.18493,23.12152]]],[[[-103.05883,23.17301],[-103.06083,23.17693],[-103.06602,23.17604],[-103.0661,23.1723],[-103.05883,23.17301]]],[[[-103.07138,23.22495],[-103.07552,23.22622],[-103.07914,23.22057],[-103.08815,23.21611],[-103.08944,23.21391],[-103.08256,23.20945],[-103.07769,23.21511],[-103.06917,23.21163],[-103.07195,23.20823],[-103.06569,23.20553],[-103.06393,23.21044],[-103.06081,23.20982],[-103.05905,23.21451],[-103.06696,23.21777],[-103.06552,23.22355],[-103.07138,23.22495]]],[[[-103.05935,23.23217],[-103.05612,23.23716],[-103.06324,23.24136],[-103.06797,23.23759],[-103.06893,23.23095],[-103.06347,23.22684],[-103.05935,23.23217]]],[[[-103.03867,23.24571],[-103.04267,23.2485],[-103.04593,23.24439],[-103.04183,23.24079],[-103.03867,23.24571]]],[[[-103.02829,23.2452],[-103.03548,23.25051],[-103.03681,23.24753],[-103.0296,23.24332],[-103.02829,23.2452]]],[[[-103.18529,23.10012],[-103.18345,23.09531],[-103.18068,23.09868],[-103.18529,23.10012]]],[[[-103.16338,23.09696],[-103.16097,23.10635],[-103.17079,23.10767],[-103.1719,23.09714],[-103.17428,23.09602],[-103.17032,23.08812],[-103.17409,23.07882],[-103.16524,23.0763],[-103.15982,23.07994],[-103.14877,23.07834],[-103.14829,23.08225],[-103.15492,23.0834],[-103.158,23.08668],[-103.16484,23.08526],[-103.16373,23.08899],[-103.16067,23.08963],[-103.15979,23.09569],[-103.16338,23.09696]]],[[[-102.73275,23.07943],[-102.73679,23.0779],[-102.73446,23.07114],[-102.73263,23.07126],[-102.73275,23.07943]]],[[[-103.90373,23.59866],[-103.90199,23.5947],[-103.90178,23.59452],[-103.90171,23.59446],[-103.90099,23.59385],[-103.89878,23.59199],[-103.89777,23.59114],[-103.89747,23.5909],[-103.89747,23.59089],[-103.89748,23.59082],[-103.89748,23.59081],[-103.89503,23.58767],[-103.89439,23.5874],[-103.89269,23.58488],[-103.89554,23.5917],[-103.90373,23.59866]]],[[[-103.90492,23.6031],[-103.90687,23.60187],[-103.89603,23.59252],[-103.89904,23.5997],[-103.90496,23.60131],[-103.90492,23.6031]]],[[[-103.86177,23.58653],[-103.87726,23.58606],[-103.87859,23.58255],[-103.88425,23.58135],[-103.8877,23.58283],[-103.89057,23.58075],[-103.88655,23.578],[-103.87767,23.57647],[-103.86092,23.57902],[-103.86177,23.58653]]],[[[-102.32118,22.40057],[-102.32117,22.40431],[-102.32116,22.40529],[-102.32116,22.4053],[-102.3211,22.40991],[-102.3211,22.40992],[-102.32109,22.40999],[-102.32105,22.41439],[-102.32103,22.41829],[-102.321,22.41836],[-102.31929,22.42287],[-102.31896,22.42374],[-102.32412,22.42632],[-102.32129,22.43331],[-102.32418,22.43314],[-102.33461,22.42664],[-102.32745,22.43463],[-102.34414,22.43907],[-102.34935,22.43792],[-102.35103,22.43207],[-102.35319,22.4333],[-102.357,22.42868],[-102.35379,22.4175],[-102.35255,22.40674],[-102.3513,22.4116],[-102.34724,22.41053],[-102.34438,22.40419],[-102.33651,22.39675],[-102.33209,22.39675],[-102.32118,22.40057]]],[[[-102.31259,22.52831],[-102.32562,22.52906],[-102.32961,22.52504],[-102.33694,22.52851],[-102.33518,22.5241],[-102.3293,22.521],[-102.33061,22.50916],[-102.32912,22.50702],[-102.32608,22.50987],[-102.31875,22.50882],[-102.3171,22.51063],[-102.31594,22.50397],[-102.30727,22.50316],[-102.30572,22.51966],[-102.29599,22.51993],[-102.29585,22.52446],[-102.31145,22.52372],[-102.31259,22.52831]]],[[[-102.34407,22.47917],[-102.34588,22.4759],[-102.34468,22.47091],[-102.34717,22.47188],[-102.34649,22.46525],[-102.34937,22.46386],[-102.34627,22.45267],[-102.34199,22.45356],[-102.34558,22.45957],[-102.33976,22.45949],[-102.3433,22.45704],[-102.33924,22.45559],[-102.33954,22.45252],[-102.32371,22.45826],[-102.31921,22.46372],[-102.32258,22.46882],[-102.32769,22.46766],[-102.32849,22.47149],[-102.33603,22.47754],[-102.34407,22.47917]]],[[[-102.35165,22.44633],[-102.35275,22.44889],[-102.36096,22.44606],[-102.35165,22.44633]]],[[[-101.18975,24.63207],[-101.1877,24.62279],[-101.17849,24.60449],[-101.17378,24.60559],[-101.17398,24.613],[-101.17784,24.61761],[-101.18484,24.62205],[-101.18756,24.63041],[-101.18975,24.63207]]],[[[-101.18313,24.57911],[-101.18305,24.57776],[-101.1796,24.57655],[-101.17681,24.58234],[-101.18227,24.58341],[-101.18313,24.57911]]],[[[-101.33232,24.40023],[-101.33487,24.40755],[-101.34227,24.40691],[-101.34151,24.39708],[-101.33205,24.39701],[-101.33232,24.40023]]],[[[-102.79784,23.48447],[-102.79353,23.4886],[-102.79104,23.49389],[-102.7988,23.48811],[-102.79784,23.48447]]],[[[-102.7282,23.5935],[-102.7316,23.59231],[-102.73471,23.58392],[-102.7303,23.5832],[-102.7282,23.5935]]],[[[-102.76529,23.56614],[-102.7778,23.55637],[-102.77278,23.55147],[-102.76779,23.55378],[-102.76603,23.55821],[-102.75987,23.56506],[-102.76529,23.56614]]],[[[-102.76646,23.54662],[-102.75364,23.55471],[-102.75974,23.55663],[-102.76889,23.55147],[-102.7736,23.54462],[-102.77467,23.54065],[-102.76931,23.54417],[-102.76646,23.54662]]],[[[-102.77727,23.53503],[-102.78846,23.53509],[-102.78932,23.53175],[-102.78369,23.53177],[-102.7843,23.52883],[-102.77892,23.52851],[-102.77727,23.53503]]],[[[-102.82763,23.53037],[-102.83205,23.52876],[-102.83484,23.51731],[-102.83274,23.51516],[-102.8358,23.51245],[-102.8287,23.50956],[-102.82305,23.51516],[-102.8182,23.51422],[-102.82223,23.52077],[-102.82506,23.52841],[-102.82763,23.53037]]],[[[-102.81963,23.50946],[-102.82085,23.51239],[-102.82524,23.51027],[-102.81963,23.50946]]],[[[-102.83516,23.51947],[-102.84426,23.5233],[-102.84825,23.51806],[-102.84825,23.51299],[-102.83979,23.51414],[-102.84105,23.51778],[-102.83711,23.51588],[-102.83516,23.51947]]],[[[-102.85531,23.51867],[-102.85696,23.51656],[-102.86158,23.51812],[-102.86189,23.51341],[-102.85566,23.51194],[-102.85531,23.51867]]],[[[-102.8342,23.52485],[-102.84025,23.52789],[-102.84045,23.52488],[-102.83506,23.52178],[-102.8342,23.52485]]],[[[-102.86989,23.49742],[-102.86963,23.50178],[-102.87208,23.50122],[-102.86989,23.49742]]],[[[-102.85096,23.49669],[-102.85343,23.49789],[-102.8551,23.49317],[-102.85246,23.49239],[-102.85096,23.49669]]],[[[-102.67464,23.04795],[-102.67626,23.05258],[-102.67864,23.04811],[-102.6845,23.04849],[-102.6854,23.03964],[-102.67506,23.03905],[-102.67464,23.04795]]],[[[-102.67464,23.04795],[-102.67077,23.04784],[-102.67036,23.05265],[-102.67422,23.05258],[-102.67464,23.04795]]],[[[-102.68663,23.0449],[-102.68649,23.04843],[-102.68965,23.0448],[-102.68663,23.0449]]],[[[-102.66884,23.03161],[-102.67031,23.02623],[-102.66815,23.02597],[-102.66884,23.03161]]],[[[-102.6708,23.02541],[-102.67506,23.02111],[-102.67073,23.02091],[-102.6708,23.02541]]],[[[-102.65691,23.0229],[-102.65734,23.02063],[-102.66914,23.02082],[-102.68099,23.01417],[-102.67632,23.01025],[-102.6688,23.01439],[-102.6678,23.01293],[-102.65453,23.02033],[-102.65691,23.0229]]],[[[-102.65693,23.00833],[-102.65812,23.01014],[-102.65339,23.01287],[-102.656,23.01657],[-102.66126,23.01373],[-102.65858,23.00985],[-102.66772,23.00315],[-102.66649,23.00091],[-102.65791,23.00575],[-102.65693,23.00833]]],[[[-102.6451,23.00017],[-102.64809,22.99782],[-102.64892,22.97748],[-102.6551,22.97433],[-102.65007,22.9745],[-102.64331,22.97857],[-102.64349,22.96941],[-102.63958,22.96887],[-102.63963,22.9819],[-102.64142,22.98139],[-102.64106,22.9892],[-102.64426,22.98926],[-102.64362,22.99718],[-102.6451,23.00017]]],[[[-102.6803,22.97396],[-102.68699,22.96479],[-102.68597,22.96172],[-102.68025,22.96716],[-102.6803,22.97396]]],[[[-102.65555,22.96501],[-102.65183,22.96852],[-102.65685,22.96674],[-102.65555,22.96501]]],[[[-102.63602,22.96807],[-102.63933,22.96848],[-102.63964,22.96231],[-102.63617,22.96219],[-102.63602,22.96807]]],[[[-102.6721,22.95139],[-102.67177,22.95608],[-102.67469,22.9519],[-102.6721,22.95139]]],[[[-102.6721,22.95139],[-102.67885,22.94629],[-102.67729,22.94273],[-102.67156,22.94469],[-102.6721,22.95139]]],[[[-102.65337,22.95058],[-102.65773,22.94877],[-102.65353,22.94653],[-102.65337,22.95058]]],[[[-102.68466,22.94],[-102.68172,22.94124],[-102.68616,22.94323],[-102.68466,22.94]]],[[[-102.66874,22.93121],[-102.67109,22.93691],[-102.67223,22.93095],[-102.66874,22.93121]]],[[[-102.71949,22.96569],[-102.71842,22.96897],[-102.72254,22.96746],[-102.71949,22.96569]]],[[[-102.68425,22.97999],[-102.68896,22.98064],[-102.69398,22.97759],[-102.68738,22.97302],[-102.68425,22.97999]]],[[[-102.672,22.98862],[-102.67546,22.98663],[-102.67281,22.98275],[-102.67726,22.98199],[-102.67557,22.9795],[-102.6681,22.98358],[-102.672,22.98862]]],[[[-102.6804,22.99443],[-102.68369,22.99254],[-102.68118,22.9887],[-102.6777,22.99072],[-102.6804,22.99443]]],[[[-102.68884,22.98388],[-102.69152,22.98876],[-102.69408,22.98787],[-102.69392,22.98326],[-102.68884,22.98388]]],[[[-102.72965,22.91578],[-102.73427,22.91615],[-102.73564,22.90946],[-102.73089,22.90909],[-102.72965,22.91578]]],[[[-102.71062,22.91168],[-102.71537,22.91217],[-102.7162,22.90834],[-102.71138,22.90792],[-102.71062,22.91168]]],[[[-102.69627,22.91131],[-102.70391,22.91035],[-102.69959,22.9069],[-102.70133,22.89796],[-102.69623,22.89833],[-102.69727,22.90207],[-102.69627,22.91131]]],[[[-102.73414,22.89665],[-102.73325,22.90096],[-102.73737,22.90128],[-102.73414,22.89665]]],[[[-102.74416,22.90196],[-102.74679,22.89824],[-102.75083,22.9002],[-102.75302,22.89573],[-102.75545,22.89587],[-102.75677,22.8901],[-102.74859,22.88872],[-102.74597,22.89182],[-102.74416,22.90196]]],[[[-102.72331,22.89099],[-102.72528,22.8912],[-102.72642,22.8858],[-102.72415,22.88544],[-102.72331,22.89099]]],[[[-102.73062,22.88445],[-102.73284,22.88688],[-102.73431,22.87909],[-102.73149,22.87893],[-102.73062,22.88445]]],[[[-102.65291,21.4115],[-102.65265,21.41339],[-102.6527,21.41363],[-102.65271,21.41363],[-102.65565,21.41831],[-102.65626,21.41911],[-102.65627,21.41913],[-102.65637,21.4193],[-102.65638,21.41931],[-102.65666,21.42166],[-102.65752,21.42221],[-102.65576,21.42391],[-102.65564,21.42379],[-102.65547,21.42363],[-102.65529,21.42246],[-102.6552,21.42227],[-102.65463,21.42199],[-102.65391,21.42153],[-102.65389,21.42152],[-102.65355,21.42156],[-102.65459,21.42611],[-102.65396,21.42636],[-102.65364,21.42617],[-102.65286,21.42586],[-102.65241,21.42773],[-102.65242,21.42774],[-102.65277,21.42825],[-102.65298,21.42856],[-102.65205,21.43225],[-102.65206,21.43225],[-102.65413,21.43193],[-102.65594,21.43266],[-102.65636,21.43802],[-102.65398,21.43634],[-102.65373,21.43634],[-102.65372,21.43634],[-102.65314,21.43615],[-102.65245,21.43597],[-102.6514,21.43703],[-102.6516,21.43713],[-102.65178,21.43721],[-102.65424,21.43727],[-102.65467,21.43761],[-102.65436,21.44126],[-102.6508,21.44111],[-102.65139,21.44344],[-102.65247,21.44681],[-102.65172,21.44724],[-102.65131,21.44867],[-102.65125,21.44867],[-102.65073,21.44867],[-102.64631,21.44877],[-102.64604,21.44897],[-102.64592,21.44905],[-102.64473,21.45012],[-102.6511,21.45546],[-102.64714,21.45674],[-102.64803,21.46248],[-102.64824,21.46268],[-102.64827,21.46275],[-102.64908,21.4678],[-102.65487,21.4707],[-102.66553,21.46507],[-102.65734,21.46048],[-102.66424,21.46203],[-102.66889,21.46888],[-102.67194,21.46343],[-102.66378,21.4537],[-102.65892,21.43815],[-102.66245,21.44288],[-102.667,21.44179],[-102.66902,21.44364],[-102.67072,21.43892],[-102.66114,21.43863],[-102.66722,21.43734],[-102.66757,21.43422],[-102.66079,21.43411],[-102.66749,21.43171],[-102.66541,21.42871],[-102.66658,21.42522],[-102.6628,21.42599],[-102.65834,21.42399],[-102.65596,21.41657],[-102.66098,21.41238],[-102.65407,21.41335],[-102.65291,21.4115]]],[[[-102.64763,21.39536],[-102.64751,21.3967],[-102.64788,21.39761],[-102.64892,21.39925],[-102.6492,21.3997],[-102.6497,21.40017],[-102.64763,21.39536]]],[[[-102.6792,21.45365],[-102.6751,21.45038],[-102.67666,21.44852],[-102.68039,21.45076],[-102.67868,21.44619],[-102.68031,21.44269],[-102.67374,21.44565],[-102.66888,21.44373],[-102.66175,21.44335],[-102.66814,21.44782],[-102.67089,21.44666],[-102.6756,21.44859],[-102.67198,21.45019],[-102.6792,21.45365]]],[[[-102.66481,21.45239],[-102.66945,21.45204],[-102.66605,21.44806],[-102.66286,21.4478],[-102.66481,21.45239]]],[[[-102.67863,21.35413],[-102.6838,21.35215],[-102.68653,21.3457],[-102.68287,21.3465],[-102.68437,21.34308],[-102.68208,21.33952],[-102.67954,21.34372],[-102.68297,21.34535],[-102.67857,21.35141],[-102.67863,21.35413]]],[[[-102.64122,21.46083],[-102.64529,21.46084],[-102.64027,21.45834],[-102.64122,21.46083]]],[[[-102.64215,21.45757],[-102.64632,21.45772],[-102.64307,21.45463],[-102.64215,21.45757]]],[[[-103.08522,21.44567],[-103.08292,21.44332],[-103.07939,21.44496],[-103.07932,21.44979],[-103.0858,21.44659],[-103.08522,21.44567]]],[[[-103.1074,21.50029],[-103.10995,21.50223],[-103.11623,21.49707],[-103.11038,21.49399],[-103.10401,21.49458],[-103.10278,21.49798],[-103.10512,21.4989],[-103.1074,21.50029]]],[[[-103.09841,21.48775],[-103.09525,21.48669],[-103.09281,21.48922],[-103.09539,21.49506],[-103.10133,21.4974],[-103.10114,21.49209],[-103.09679,21.49276],[-103.09841,21.48775]]],[[[-103.10359,21.47881],[-103.10407,21.48055],[-103.11113,21.4843],[-103.10359,21.47881]]],[[[-103.10394,21.52668],[-103.10218,21.52664],[-103.10871,21.53251],[-103.10791,21.5288],[-103.10394,21.52668]]],[[[-103.0696,21.50291],[-103.07184,21.50262],[-103.06936,21.49845],[-103.0696,21.50291]]],[[[-103.07943,21.4759],[-103.08438,21.47132],[-103.08448,21.46868],[-103.07431,21.46958],[-103.07199,21.47183],[-103.06613,21.46907],[-103.06379,21.47048],[-103.06838,21.47462],[-103.07667,21.47293],[-103.07943,21.4759]]],[[[-103.08451,21.46806],[-103.08273,21.4636],[-103.08012,21.46173],[-103.07689,21.46674],[-103.0793,21.46854],[-103.08451,21.46806]]]]},"properties":{"POTENCIAL":"ALTO"}}
]}