{"type":"FeatureCollection", "features": [
{"type":"Feature","geometry":{"type":"MultiPolygon","coordinates":[[[[-103.46945,21.58575],[-103.46391,21.58593],[-103.46343,21.58889],[-103.45659,21.59292],[-103.45308,21.59366],[-103.45405,21.59595],[-103.45822,21.59206],[-103.46098,21.59296],[-103.46539,21.58663],[-103.47019,21.58588],[-103.46945,21.58575]]],[[[-103.42381,21.55431],[-103.42381,21.55454],[-103.42444,21.55454],[-103.42381,21.55431]]],[[[-103.41799,21.55452],[-103.41965,21.55454],[-103.4193,21.55371],[-103.41799,21.55452]]],[[[-103.41689,21.55287],[-103.41632,21.55287],[-103.41632,21.5535],[-103.41689,21.55287]]],[[[-103.43641,21.53539],[-103.43547,21.53539],[-103.43678,21.53622],[-103.43641,21.53539]]],[[[-103.42953,21.53039],[-103.43131,21.53039],[-103.43131,21.52978],[-103.42953,21.53039]]],[[[-103.41226,21.50791],[-103.41465,21.50791],[-103.41425,21.50708],[-103.41377,21.50708],[-103.41216,21.50708],[-103.41216,21.50745],[-103.41226,21.50791]]],[[[-103.41743,21.50958],[-103.41715,21.50958],[-103.41715,21.51],[-103.41743,21.50958]]],[[[-103.43297,21.5193],[-103.43214,21.51873],[-103.43278,21.51957],[-103.43297,21.5193]]],[[[-103.43109,21.5179],[-103.42548,21.5179],[-103.42548,21.51873],[-103.43214,21.51873],[-103.43214,21.51809],[-103.43109,21.5179]]],[[[-103.4108,21.50624],[-103.41132,21.50624],[-103.41132,21.50602],[-103.4108,21.50624]]],[[[-103.4023,21.50458],[-103.39883,21.50458],[-103.40182,21.50541],[-103.4023,21.50458]]],[[[-103.44086,21.5612],[-103.44047,21.5612],[-103.44116,21.56203],[-103.44086,21.5612]]],[[[-103.43969,21.56037],[-103.44047,21.56037],[-103.44047,21.55997],[-103.43969,21.56037]]],[[[-103.45397,21.55126],[-103.4544,21.55555],[-103.45602,21.55513],[-103.45739,21.55003],[-103.45414,21.5487],[-103.45397,21.55126]]],[[[-103.4413,21.53812],[-103.4438,21.53872],[-103.44213,21.53789],[-103.4413,21.53812]]],[[[-103.44528,21.52174],[-103.44419,21.52353],[-103.44813,21.52353],[-103.45552,21.52653],[-103.4581,21.52898],[-103.45866,21.5319],[-103.45642,21.53516],[-103.46087,21.53708],[-103.46174,21.53255],[-103.46001,21.53136],[-103.46385,21.52381],[-103.45891,21.52404],[-103.46015,21.52117],[-103.4599,21.51485],[-103.46089,21.51172],[-103.45552,21.51844],[-103.45646,21.51918],[-103.45344,21.52297],[-103.44781,21.5223],[-103.44528,21.52174]]],[[[-103.45391,21.51617],[-103.45216,21.51519],[-103.45105,21.50906],[-103.44734,21.5076],[-103.44606,21.51082],[-103.44793,21.51177],[-103.44973,21.51697],[-103.44993,21.52056],[-103.45379,21.51921],[-103.45391,21.51617]]],[[[-103.4502,21.53236],[-103.45299,21.53127],[-103.44704,21.53026],[-103.4502,21.53236]]],[[[-103.43843,21.52176],[-103.43854,21.52429],[-103.44091,21.52229],[-103.43843,21.52176]]],[[[-103.43164,21.50153],[-103.43131,21.50125],[-103.43195,21.50413],[-103.42987,21.50496],[-103.4236,21.50228],[-103.42544,21.50437],[-103.42628,21.50497],[-103.43065,21.50728],[-103.43353,21.50702],[-103.43259,21.50243],[-103.43164,21.50153]]],[[[-103.43109,21.50042],[-103.43047,21.50042],[-103.43131,21.50125],[-103.43131,21.50076],[-103.43109,21.50042]]],[[[-103.42131,21.50131],[-103.41959,21.50057],[-103.42354,21.49508],[-103.42303,21.49452],[-103.41851,21.49924],[-103.41848,21.50164],[-103.42131,21.50131]]],[[[-102.84389,22.00336],[-102.84291,22.0035],[-102.84571,22.0057],[-102.8396,22.00853],[-102.84082,22.01384],[-102.8426,22.00988],[-102.8471,22.00836],[-102.84608,22.00576],[-102.84881,22.00285],[-102.84803,21.9986],[-102.84544,21.99579],[-102.84513,21.99997],[-102.84253,22.0015],[-102.84402,22.00334],[-102.84389,22.00336]]],[[[-102.95017,22.16141],[-102.94962,22.16089],[-102.94911,22.16008],[-102.94874,22.15949],[-102.94895,22.16195],[-102.94979,22.16231],[-102.95017,22.16141]]],[[[-102.95673,22.16258],[-102.95645,22.16268],[-102.95649,22.16278],[-102.95789,22.16371],[-102.95756,22.16228],[-102.95727,22.16239],[-102.95673,22.16258]]],[[[-102.97349,22.24023],[-102.97216,22.23963],[-102.97301,22.23585],[-102.97277,22.23458],[-102.97731,22.23305],[-102.97744,22.23124],[-102.97206,22.22934],[-102.97133,22.23273],[-102.97207,22.23399],[-102.96915,22.23577],[-102.97129,22.24013],[-102.97349,22.24023]]],[[[-102.97855,22.23571],[-102.98287,22.23706],[-102.9834,22.23408],[-102.98018,22.23328],[-102.97855,22.23571]]],[[[-102.98047,22.2472],[-102.98206,22.25003],[-102.97972,22.25071],[-102.97929,22.25507],[-102.98276,22.25721],[-102.98545,22.25727],[-102.98411,22.25484],[-102.98295,22.25655],[-102.98121,22.25411],[-102.98296,22.24807],[-102.98047,22.2472]]],[[[-102.98402,22.24787],[-102.98286,22.25215],[-102.98475,22.24949],[-102.98402,22.24787]]],[[[-102.99985,22.23736],[-103,22.2373],[-103,22.23691],[-102.99985,22.23736]]],[[[-103.921,22.33507],[-103.92208,22.33516],[-103.92221,22.33514],[-103.92243,22.3351],[-103.92486,22.33319],[-103.92063,22.33504],[-103.921,22.33507]]],[[[-103.49713,22.55332],[-103.49929,22.55328],[-103.50174,22.54933],[-103.50118,22.54795],[-103.50058,22.54802],[-103.4987,22.55057],[-103.4982,22.55125],[-103.49672,22.55327],[-103.49713,22.55332]]],[[[-103.91231,22.32806],[-103.91257,22.32873],[-103.91265,22.32889],[-103.91341,22.32973],[-103.91408,22.32954],[-103.91437,22.32498],[-103.90943,22.3214],[-103.91231,22.32806]]],[[[-103.86198,22.48962],[-103.86156,22.4879],[-103.85902,22.48189],[-103.85799,22.48432],[-103.85988,22.48673],[-103.85847,22.48834],[-103.86198,22.48962]]],[[[-103.87592,22.52098],[-103.8763,22.5194],[-103.8756,22.52043],[-103.87592,22.52098]]],[[[-103.86541,22.53784],[-103.86516,22.53894],[-103.86588,22.53853],[-103.86541,22.53784]]],[[[-103.85712,22.57095],[-103.85718,22.57085],[-103.85698,22.57075],[-103.85635,22.57071],[-103.85712,22.57095]]],[[[-103.85548,22.57461],[-103.85598,22.57172],[-103.85372,22.57042],[-103.85582,22.56593],[-103.85414,22.56529],[-103.85167,22.56799],[-103.85075,22.56475],[-103.84915,22.56856],[-103.85049,22.57112],[-103.85548,22.57461]]],[[[-103.8472,22.57861],[-103.84763,22.57886],[-103.84766,22.57919],[-103.85174,22.57795],[-103.85548,22.57461],[-103.85323,22.57471],[-103.84797,22.57723],[-103.8472,22.57861]]],[[[-103.84546,22.57792],[-103.83423,22.57914],[-103.83102,22.58435],[-103.83024,22.58641],[-103.83287,22.58573],[-103.83286,22.58599],[-103.83467,22.5837],[-103.83868,22.58192],[-103.84026,22.58139],[-103.84321,22.57912],[-103.84668,22.5786],[-103.84546,22.57792]]],[[[-103.83738,22.57412],[-103.84561,22.57408],[-103.84555,22.57663],[-103.84816,22.576],[-103.84758,22.57395],[-103.84048,22.57229],[-103.83738,22.57412]]],[[[-103.81808,22.57734],[-103.8184,22.57734],[-103.81916,22.57721],[-103.83168,22.574],[-103.83538,22.57408],[-103.83197,22.57182],[-103.82501,22.57097],[-103.82623,22.57282],[-103.81793,22.57595],[-103.81808,22.57734]]],[[[-103.81104,22.59845],[-103.81164,22.59824],[-103.81184,22.59774],[-103.81104,22.59845]]],[[[-103.80421,22.59474],[-103.80202,22.59597],[-103.80555,22.59671],[-103.80421,22.59474]]],[[[-103.71823,22.58167],[-103.72217,22.5811],[-103.72178,22.57929],[-103.71823,22.58167]]],[[[-104.09843,22.66928],[-104.09868,22.66676],[-104.1029,22.6652],[-104.10244,22.66034],[-104.09924,22.66084],[-104.0967,22.66592],[-104.09843,22.66928]]],[[[-104.09388,22.64542],[-104.09772,22.64729],[-104.10189,22.65155],[-104.10301,22.65229],[-104.10356,22.65201],[-104.10153,22.65068],[-104.10136,22.64758],[-104.09954,22.64338],[-104.09694,22.64346],[-104.09755,22.64087],[-104.10038,22.64128],[-104.09728,22.63027],[-104.09508,22.63035],[-104.09648,22.6336],[-104.09481,22.63388],[-104.09432,22.63061],[-104.09047,22.62892],[-104.08917,22.62975],[-104.08761,22.63657],[-104.09133,22.63632],[-104.08997,22.63803],[-104.09091,22.64235],[-104.08985,22.64359],[-104.09024,22.65782],[-104.09408,22.65868],[-104.09506,22.65639],[-104.0932,22.65041],[-104.09279,22.64555],[-104.09388,22.64542]]],[[[-104.09202,22.62371],[-104.09414,22.628],[-104.09554,22.62766],[-104.09353,22.62329],[-104.09202,22.62371]]],[[[-104.0306,22.6202],[-104.03138,22.62125],[-104.03426,22.61266],[-104.03295,22.61255],[-104.03084,22.61654],[-104.0306,22.6202]]],[[[-104.0314,22.60668],[-104.03268,22.61129],[-104.03413,22.60575],[-104.0314,22.60668]]],[[[-104.01939,22.59725],[-104.0195,22.59737],[-104.01997,22.59785],[-104.02212,22.59858],[-104.02173,22.59579],[-104.01851,22.59655],[-104.01939,22.59725]]],[[[-104.05556,22.57023],[-104.05736,22.57243],[-104.05782,22.56614],[-104.05556,22.57023]]],[[[-103.99634,22.55299],[-103.99917,22.5514],[-104.00126,22.55247],[-104.00045,22.54723],[-103.99645,22.54881],[-103.99634,22.55299]]],[[[-104.02705,22.54075],[-104.02299,22.54178],[-104.02337,22.5438],[-104.02701,22.54299],[-104.02705,22.54075]]],[[[-104.14505,22.53352],[-104.1414,22.53568],[-104.14563,22.53567],[-104.14505,22.53352]]],[[[-104.15042,22.51627],[-104.15039,22.5163],[-104.15005,22.51655],[-104.15063,22.51912],[-104.15042,22.51627]]],[[[-103.96811,22.50509],[-103.96408,22.50501],[-103.96599,22.5072],[-103.96811,22.50509]]],[[[-103.95467,22.48926],[-103.95463,22.48736],[-103.9535,22.49057],[-103.95413,22.49025],[-103.95467,22.48926]]],[[[-103.95283,22.47176],[-103.95164,22.47514],[-103.95442,22.47628],[-103.95516,22.47295],[-103.95348,22.47113],[-103.95283,22.47176]]],[[[-103.81844,22.56905],[-103.81851,22.57113],[-103.82116,22.57211],[-103.82034,22.56887],[-103.81844,22.56905]]],[[[-103.81024,22.56083],[-103.8092,22.5676],[-103.81083,22.57085],[-103.81024,22.56083]]],[[[-103.83089,22.55333],[-103.83364,22.55489],[-103.8327,22.55843],[-103.83572,22.55554],[-103.83089,22.55333]]],[[[-103.84471,22.56139],[-103.84759,22.56422],[-103.8484,22.56034],[-103.84515,22.55968],[-103.84471,22.56139]]],[[[-103.84368,22.56329],[-103.84478,22.56574],[-103.84644,22.56473],[-103.84368,22.56329]]],[[[-103.83267,22.56728],[-103.82924,22.56385],[-103.82837,22.56541],[-103.83267,22.56728]]],[[[-103.83918,22.55172],[-103.84169,22.55187],[-103.83812,22.54964],[-103.83918,22.55172]]],[[[-103.84648,22.51612],[-103.84859,22.51834],[-103.84937,22.51419],[-103.8456,22.51427],[-103.84648,22.51612]]],[[[-103.851,22.52897],[-103.85174,22.53066],[-103.85233,22.52455],[-103.85372,22.52282],[-103.84995,22.5237],[-103.851,22.52897]]],[[[-103.84538,22.55134],[-103.84262,22.54841],[-103.84083,22.54973],[-103.84538,22.55134]]],[[[-103.85541,22.49668],[-103.85768,22.49723],[-103.85829,22.49188],[-103.86155,22.49187],[-103.86028,22.48935],[-103.85712,22.49077],[-103.85496,22.4948],[-103.85541,22.49668]]],[[[-103.8492,22.45973],[-103.85173,22.4587],[-103.85028,22.45731],[-103.8492,22.45973]]],[[[-103.84743,22.47471],[-103.84939,22.47786],[-103.85265,22.47759],[-103.85276,22.47956],[-103.85642,22.48224],[-103.85592,22.47759],[-103.85403,22.47499],[-103.85752,22.47565],[-103.85505,22.47201],[-103.85364,22.47395],[-103.85107,22.46971],[-103.85041,22.47175],[-103.85288,22.47314],[-103.85056,22.47505],[-103.84773,22.46924],[-103.84467,22.46592],[-103.84332,22.46692],[-103.84659,22.47029],[-103.84671,22.47274],[-103.84743,22.47471]]],[[[-103.85209,22.55599],[-103.8501,22.55375],[-103.84421,22.55707],[-103.8497,22.55889],[-103.85209,22.55599]]],[[[-103.25717,21.67777],[-103.25729,21.67777],[-103.25645,21.67694],[-103.25645,21.67773],[-103.25717,21.67777]]],[[[-103.25768,21.6786],[-103.25812,21.6786],[-103.25729,21.67777],[-103.25729,21.67785],[-103.25768,21.6786]]],[[[-103.25895,21.67904],[-103.25812,21.6786],[-103.25873,21.67943],[-103.25895,21.67904]]],[[[-103.26314,21.68609],[-103.26311,21.68609],[-103.26395,21.68693],[-103.26395,21.68654],[-103.26314,21.68609]]],[[[-103.26236,21.68443],[-103.26228,21.68443],[-103.26311,21.68526],[-103.26311,21.68472],[-103.26236,21.68443]]],[[[-103.26228,21.68366],[-103.26145,21.6836],[-103.26228,21.68443],[-103.26228,21.68431],[-103.26228,21.68366]]],[[[-103.26062,21.68207],[-103.26145,21.68276],[-103.26117,21.68193],[-103.26062,21.68207]]],[[[-103.26426,21.68859],[-103.26478,21.68859],[-103.26478,21.68793],[-103.26426,21.68859]]],[[[-103.28026,21.73189],[-103.28211,21.73189],[-103.28216,21.73106],[-103.27983,21.73106],[-103.28026,21.73189]]],[[[-103.27851,21.73106],[-103.2781,21.73189],[-103.2784,21.73189],[-103.27851,21.73106]]],[[[-103.27684,21.73272],[-103.2781,21.73189],[-103.27728,21.73189],[-103.27684,21.73272]]],[[[-103.30442,21.71524],[-103.30558,21.71524],[-103.30308,21.7144],[-103.30308,21.71513],[-103.30442,21.71524]]],[[[-103.30641,21.71454],[-103.30641,21.71524],[-103.30724,21.71466],[-103.30641,21.71454]]],[[[-103.30641,21.75834],[-103.30641,21.75853],[-103.30674,21.75853],[-103.30641,21.75834]]],[[[-103.30665,21.76436],[-103.30724,21.76353],[-103.30654,21.76353],[-103.30665,21.76436]]],[[[-103.2914,21.7904],[-103.29103,21.78866],[-103.29104,21.78859],[-103.29111,21.78819],[-103.28619,21.78896],[-103.28778,21.78381],[-103.28626,21.78506],[-103.28458,21.78099],[-103.2829,21.78334],[-103.27996,21.784],[-103.28183,21.78063],[-103.28134,21.78036],[-103.27531,21.78122],[-103.27532,21.78279],[-103.27209,21.78245],[-103.2704,21.78658],[-103.27354,21.78702],[-103.27281,21.79232],[-103.27088,21.79111],[-103.26988,21.79382],[-103.26806,21.79201],[-103.26333,21.79195],[-103.26371,21.79005],[-103.26857,21.78968],[-103.26469,21.78812],[-103.26572,21.78362],[-103.26815,21.78383],[-103.26875,21.78039],[-103.26641,21.77873],[-103.26439,21.77837],[-103.26917,21.77587],[-103.26908,21.77468],[-103.26658,21.77287],[-103.26226,21.77031],[-103.26086,21.77136],[-103.25687,21.76796],[-103.25286,21.76592],[-103.25586,21.76319],[-103.24853,21.76019],[-103.24787,21.76335],[-103.24505,21.76168],[-103.24125,21.76239],[-103.23223,21.76054],[-103.23059,21.76151],[-103.22676,21.75993],[-103.2296,21.76318],[-103.2367,21.76405],[-103.24269,21.76366],[-103.24525,21.76563],[-103.24449,21.76876],[-103.24844,21.77135],[-103.24917,21.77347],[-103.25405,21.77759],[-103.25472,21.77974],[-103.25189,21.77913],[-103.24653,21.78077],[-103.24878,21.77673],[-103.24484,21.77769],[-103.23819,21.78166],[-103.23843,21.77687],[-103.23503,21.77872],[-103.23456,21.78201],[-103.23802,21.78396],[-103.23317,21.78513],[-103.23821,21.78605],[-103.24096,21.78367],[-103.2457,21.78423],[-103.25088,21.78324],[-103.25084,21.78157],[-103.25397,21.78067],[-103.254,21.78245],[-103.25734,21.78211],[-103.2563,21.78684],[-103.25011,21.78957],[-103.25118,21.79155],[-103.24926,21.79316],[-103.25183,21.7936],[-103.25662,21.79179],[-103.25972,21.79197],[-103.25972,21.79629],[-103.26331,21.79663],[-103.26468,21.79426],[-103.26682,21.7946],[-103.27007,21.79958],[-103.26944,21.80135],[-103.27321,21.80229],[-103.27097,21.79917],[-103.27541,21.80195],[-103.27676,21.79914],[-103.27605,21.79612],[-103.28307,21.79833],[-103.2864,21.79783],[-103.28999,21.80082],[-103.2838,21.79988],[-103.2875,21.80357],[-103.28378,21.80485],[-103.27927,21.80431],[-103.27775,21.80626],[-103.27501,21.80329],[-103.27188,21.80361],[-103.27099,21.80779],[-103.26783,21.8053],[-103.26337,21.80776],[-103.26515,21.80431],[-103.26784,21.80475],[-103.26781,21.80293],[-103.26215,21.80287],[-103.25858,21.79999],[-103.25487,21.79942],[-103.25237,21.80315],[-103.25596,21.80496],[-103.25467,21.80861],[-103.24917,21.80603],[-103.24393,21.80544],[-103.24884,21.80732],[-103.25036,21.80902],[-103.25167,21.8105],[-103.25247,21.81139],[-103.25334,21.81236],[-103.25673,21.81419],[-103.25767,21.81462],[-103.25822,21.81488],[-103.25915,21.8153],[-103.25948,21.81545],[-103.26047,21.81669],[-103.26051,21.81673],[-103.26058,21.81682],[-103.2574,21.81758],[-103.26346,21.81932],[-103.26119,21.82238],[-103.25939,21.81924],[-103.25889,21.82156],[-103.25922,21.82425],[-103.2617,21.82438],[-103.26155,21.82692],[-103.25751,21.82578],[-103.25115,21.83199],[-103.25489,21.83212],[-103.25497,21.83033],[-103.25815,21.82924],[-103.25765,21.83137],[-103.26137,21.83091],[-103.25863,21.83483],[-103.26021,21.8356],[-103.26218,21.83158],[-103.26439,21.83387],[-103.2651,21.83014],[-103.26694,21.83208],[-103.2692,21.8303],[-103.26679,21.83453],[-103.27128,21.83383],[-103.27112,21.83505],[-103.27753,21.83386],[-103.27751,21.83588],[-103.27507,21.83814],[-103.27046,21.83848],[-103.27012,21.84111],[-103.26287,21.84385],[-103.25985,21.8432],[-103.26326,21.84571],[-103.26702,21.84404],[-103.26652,21.84686],[-103.26361,21.84707],[-103.26022,21.84955],[-103.25531,21.84971],[-103.25654,21.85341],[-103.25981,21.8534],[-103.26428,21.85177],[-103.26412,21.85051],[-103.27139,21.84693],[-103.26844,21.8458],[-103.27481,21.84321],[-103.27376,21.84701],[-103.27648,21.84513],[-103.27957,21.84605],[-103.27938,21.84789],[-103.27633,21.85024],[-103.28225,21.85106],[-103.28509,21.853],[-103.2845,21.85934],[-103.28634,21.8573],[-103.29239,21.85594],[-103.28963,21.85481],[-103.28882,21.85455],[-103.28864,21.85434],[-103.28609,21.85349],[-103.28805,21.85164],[-103.28976,21.85338],[-103.29152,21.85304],[-103.28999,21.85157],[-103.29353,21.85061],[-103.29268,21.84637],[-103.28935,21.84317],[-103.29007,21.83864],[-103.28924,21.84167],[-103.28716,21.84323],[-103.28442,21.84259],[-103.28867,21.84036],[-103.29137,21.8357],[-103.29142,21.83561],[-103.29139,21.83461],[-103.28897,21.82976],[-103.2867,21.82971],[-103.28242,21.83028],[-103.27919,21.83094],[-103.26937,21.82699],[-103.27268,21.82642],[-103.27272,21.82467],[-103.2677,21.81986],[-103.26888,21.81725],[-103.27101,21.81721],[-103.27942,21.82472],[-103.28045,21.82362],[-103.28006,21.82196],[-103.27891,21.81974],[-103.28375,21.82276],[-103.27868,21.81774],[-103.28444,21.82082],[-103.28682,21.82438],[-103.28745,21.82403],[-103.28771,21.82389],[-103.28809,21.82368],[-103.28828,21.82358],[-103.28986,21.82273],[-103.29023,21.81934],[-103.28493,21.81509],[-103.28538,21.81763],[-103.28348,21.81879],[-103.27988,21.81683],[-103.28127,21.81366],[-103.28311,21.81371],[-103.28472,21.80919],[-103.28916,21.81249],[-103.29151,21.81124],[-103.29215,21.80936],[-103.29215,21.80934],[-103.29238,21.80841],[-103.29249,21.80794],[-103.29264,21.80733],[-103.29274,21.80692],[-103.29293,21.80615],[-103.29302,21.80576],[-103.29356,21.80372],[-103.29376,21.80314],[-103.29438,21.7998],[-103.29053,21.79866],[-103.29308,21.79627],[-103.28926,21.79356],[-103.29343,21.79489],[-103.29289,21.79304],[-103.28808,21.79155],[-103.2914,21.7904]],[[-103.2864,21.847],[-103.28535,21.84457],[-103.28857,21.84536],[-103.2864,21.847]],[[-103.27855,21.84127],[-103.27833,21.83918],[-103.28358,21.8381],[-103.28306,21.83455],[-103.28545,21.83349],[-103.28579,21.83687],[-103.28338,21.83978],[-103.27855,21.84127]],[[-103.27809,21.81042],[-103.28028,21.81186],[-103.27765,21.81279],[-103.27809,21.81042]],[[-103.27821,21.78712],[-103.28182,21.78562],[-103.27925,21.78851],[-103.27821,21.78712]]],[[[-103.27236,21.76351],[-103.27097,21.76275],[-103.26953,21.76731],[-103.26454,21.76643],[-103.26381,21.76913],[-103.2702,21.77034],[-103.27116,21.7676],[-103.27266,21.76387],[-103.27236,21.76351]]],[[[-103.25574,21.7547],[-103.24726,21.75288],[-103.23934,21.75254],[-103.2376,21.75522],[-103.23967,21.75623],[-103.24024,21.75384],[-103.24439,21.75563],[-103.25118,21.75517],[-103.25107,21.75817],[-103.24821,21.75892],[-103.25512,21.76085],[-103.2555,21.75966],[-103.26076,21.76192],[-103.25956,21.7644],[-103.25679,21.76361],[-103.25798,21.76759],[-103.26213,21.76713],[-103.26223,21.76336],[-103.26742,21.76429],[-103.27031,21.76239],[-103.25692,21.75508],[-103.25574,21.7547]],[[-103.25957,21.7595],[-103.25579,21.7573],[-103.25781,21.75599],[-103.25957,21.7595]]],[[[-103.23146,21.76628],[-103.2315,21.76636],[-103.23275,21.76805],[-103.23495,21.76534],[-103.22975,21.76336],[-103.23075,21.76471],[-103.23146,21.76628]]],[[[-103.30038,21.86751],[-103.30267,21.86555],[-103.3018,21.86215],[-103.30006,21.86082],[-103.29985,21.8607],[-103.2975,21.86128],[-103.29293,21.8582],[-103.29027,21.86167],[-103.287,21.86325],[-103.28246,21.86302],[-103.28351,21.86573],[-103.28852,21.86642],[-103.2922,21.86584],[-103.294,21.86829],[-103.29682,21.86603],[-103.30038,21.86751]]],[[[-103.29015,21.88385],[-103.28585,21.88634],[-103.28904,21.88722],[-103.29015,21.88385]]],[[[-103.29455,21.89039],[-103.29708,21.88896],[-103.29913,21.8878],[-103.30164,21.88661],[-103.30056,21.88472],[-103.29962,21.8831],[-103.29177,21.88294],[-103.29322,21.88413],[-103.29165,21.88718],[-103.29455,21.88807],[-103.29455,21.89039]]],[[[-103.23314,21.87365],[-103.23314,21.874],[-103.23352,21.87427],[-103.23397,21.87461],[-103.23465,21.8751],[-103.2348,21.87522],[-103.23702,21.87532],[-103.23836,21.87246],[-103.24329,21.87317],[-103.24295,21.876],[-103.24646,21.88056],[-103.24646,21.88093],[-103.24813,21.88154],[-103.24839,21.88177],[-103.24859,21.88177],[-103.2497,21.88177],[-103.25062,21.8826],[-103.25182,21.88352],[-103.25399,21.88131],[-103.25709,21.88192],[-103.25923,21.88035],[-103.25906,21.88457],[-103.2639,21.8849],[-103.26391,21.88327],[-103.25997,21.88102],[-103.26041,21.87733],[-103.26389,21.87641],[-103.26895,21.87764],[-103.26929,21.87562],[-103.26519,21.8747],[-103.26922,21.87355],[-103.26665,21.8718],[-103.26567,21.86633],[-103.2624,21.86648],[-103.25912,21.86963],[-103.25557,21.87087],[-103.25666,21.8656],[-103.25436,21.86524],[-103.25487,21.86093],[-103.25037,21.8629],[-103.24912,21.86531],[-103.24251,21.86604],[-103.24156,21.86414],[-103.23532,21.86248],[-103.23347,21.8628],[-103.23315,21.86569],[-103.23622,21.86722],[-103.23727,21.86536],[-103.2414,21.8668],[-103.23851,21.86994],[-103.23382,21.87004],[-103.23231,21.87177],[-103.23231,21.87261],[-103.23314,21.87344],[-103.23314,21.87351],[-103.23314,21.87365]],[[-103.25145,21.88008],[-103.24971,21.87606],[-103.2544,21.87515],[-103.25437,21.87989],[-103.25145,21.88008]],[[-103.24889,21.8742],[-103.2518,21.87175],[-103.25165,21.8736],[-103.24889,21.8742]],[[-103.24367,21.86823],[-103.24377,21.86634],[-103.2476,21.86758],[-103.2435,21.86966],[-103.24367,21.86823]]],[[[-103.26574,21.86544],[-103.26826,21.86542],[-103.27192,21.86321],[-103.26574,21.86544]]],[[[-103.27974,21.86547],[-103.27523,21.86612],[-103.27745,21.86728],[-103.27974,21.86547]]],[[[-103.29074,21.87464],[-103.29081,21.87227],[-103.29401,21.87242],[-103.29357,21.8701],[-103.2879,21.87186],[-103.28736,21.87452],[-103.29074,21.87464]]],[[[-103.29277,21.87832],[-103.29306,21.87656],[-103.2885,21.87732],[-103.29,21.879],[-103.29277,21.87832]]],[[[-103.27192,21.88113],[-103.27404,21.88019],[-103.27003,21.87946],[-103.27192,21.88113]]],[[[-103.23652,21.78846],[-103.23896,21.78987],[-103.23716,21.78654],[-103.23652,21.78846]]],[[[-103.23606,21.79379],[-103.23614,21.79387],[-103.23776,21.79568],[-103.23782,21.79575],[-103.23808,21.79604],[-103.23831,21.79635],[-103.23911,21.7981],[-103.24059,21.79589],[-103.23946,21.79236],[-103.23576,21.79344],[-103.23606,21.79379]]],[[[-103.23764,21.76],[-103.2411,21.75838],[-103.23826,21.75746],[-103.23764,21.76]]],[[[-103.24263,21.77631],[-103.24195,21.77835],[-103.24597,21.77435],[-103.24478,21.77247],[-103.24118,21.77439],[-103.23868,21.77404],[-103.23894,21.77126],[-103.23377,21.77254],[-103.23671,21.77563],[-103.24396,21.77496],[-103.24263,21.77631]]],[[[-103.26956,21.73022],[-103.26978,21.73022],[-103.26978,21.72973],[-103.26956,21.73022]]],[[[-103.27049,21.73106],[-103.27311,21.73022],[-103.27301,21.73022],[-103.27147,21.73022],[-103.26978,21.73022],[-103.26978,21.73096],[-103.27049,21.73106]]],[[[-103.27313,21.73017],[-103.27311,21.73022],[-103.27337,21.73022],[-103.27313,21.73017]]],[[[-103.26788,21.72881],[-103.26728,21.72937],[-103.2676,21.72939],[-103.26768,21.72939],[-103.26788,21.72881]]],[[[-103.3531,21.89488],[-103.35307,21.89509],[-103.35368,21.89509],[-103.35387,21.89509],[-103.35318,21.89425],[-103.3531,21.89488]]],[[[-103.31756,21.88945],[-103.31886,21.89293],[-103.31901,21.8932],[-103.32109,21.89047],[-103.31861,21.89046],[-103.31756,21.88945]]],[[[-103.31206,21.87678],[-103.31393,21.87937],[-103.31555,21.88666],[-103.31662,21.88815],[-103.31347,21.87707],[-103.31206,21.87678]]],[[[-103.31393,21.86544],[-103.31383,21.87181],[-103.31211,21.8742],[-103.31517,21.8738],[-103.31561,21.87145],[-103.31393,21.86544]]],[[[-103.31446,21.85567],[-103.31417,21.85462],[-103.31187,21.8532],[-103.31353,21.8555],[-103.3141,21.86483],[-103.31609,21.86253],[-103.31693,21.86424],[-103.31946,21.86326],[-103.31466,21.85992],[-103.31446,21.85567]]],[[[-103.31326,21.85239],[-103.31264,21.84858],[-103.31196,21.84781],[-103.31141,21.84738],[-103.31147,21.84746],[-103.31143,21.85259],[-103.31326,21.85239]]],[[[-103.31076,21.84401],[-103.31084,21.84358],[-103.30861,21.84307],[-103.31018,21.84566],[-103.31024,21.84575],[-103.31067,21.8445],[-103.31076,21.84401]]],[[[-103.30777,21.83805],[-103.30865,21.83806],[-103.31098,21.83416],[-103.31007,21.83416],[-103.3086,21.83511],[-103.30852,21.83518],[-103.30689,21.83456],[-103.30559,21.83613],[-103.30608,21.84097],[-103.30743,21.84209],[-103.30777,21.83805]]],[[[-103.31067,21.84204],[-103.31181,21.83918],[-103.30984,21.83943],[-103.31001,21.84096],[-103.31067,21.84204]]],[[[-103.37144,21.71827],[-103.37485,21.71737],[-103.38461,21.72517],[-103.38719,21.72366],[-103.38624,21.71607],[-103.38719,21.70842],[-103.3894,21.70391],[-103.38887,21.69963],[-103.38727,21.69691],[-103.38251,21.6975],[-103.37657,21.69491],[-103.37552,21.69858],[-103.37552,21.70108],[-103.37635,21.70192],[-103.37885,21.70275],[-103.37885,21.70358],[-103.37968,21.70441],[-103.37922,21.71349],[-103.37639,21.7145],[-103.37319,21.71338],[-103.37144,21.71827]]],[[[-103.37476,21.75488],[-103.36733,21.75513],[-103.37386,21.75604],[-103.37476,21.75488]]],[[[-103.38958,21.75361],[-103.38197,21.75122],[-103.38329,21.75229],[-103.38958,21.75361]]],[[[-103.39817,21.76039],[-103.39844,21.7598],[-103.39573,21.75573],[-103.39496,21.75633],[-103.39817,21.76039]]],[[[-103.40165,21.7475],[-103.39653,21.74912],[-103.39181,21.74884],[-103.39648,21.75486],[-103.39997,21.75371],[-103.39949,21.74949],[-103.40199,21.74947],[-103.40165,21.7475]]],[[[-103.30096,21.7144],[-103.30308,21.7144],[-103.30058,21.71357],[-103.30058,21.71389],[-103.30096,21.7144]]],[[[-103.25542,21.67527],[-103.25312,21.6761],[-103.25586,21.6761],[-103.25542,21.67527]]],[[[-103.53371,21.27697],[-103.53299,21.27553],[-103.52775,21.27523],[-103.53195,21.27711],[-103.53371,21.27697]]],[[[-103.50213,21.40721],[-103.50265,21.40775],[-103.50276,21.40786],[-103.50289,21.40713],[-103.5029,21.40525],[-103.50289,21.40389],[-103.50213,21.40721]]],[[[-103.45826,21.47505],[-103.46342,21.4725],[-103.46342,21.47231],[-103.46388,21.46893],[-103.45961,21.4709],[-103.45984,21.46775],[-103.45742,21.46818],[-103.45208,21.47273],[-103.45414,21.47588],[-103.45712,21.47528],[-103.45826,21.47505]]],[[[-103.45791,21.45246],[-103.45619,21.44694],[-103.45466,21.44665],[-103.45256,21.45075],[-103.4547,21.45242],[-103.45399,21.45676],[-103.45129,21.45406],[-103.44524,21.44983],[-103.44488,21.45288],[-103.44856,21.45556],[-103.44667,21.45981],[-103.45084,21.45999],[-103.45388,21.46217],[-103.45685,21.45829],[-103.45803,21.45883],[-103.45791,21.45246]]],[[[-103.44038,21.46323],[-103.44271,21.46093],[-103.43955,21.45691],[-103.43521,21.45604],[-103.43545,21.46062],[-103.43668,21.46028],[-103.44038,21.46323]]],[[[-103.4513,21.46484],[-103.45193,21.46813],[-103.45532,21.46858],[-103.45659,21.46727],[-103.45482,21.46441],[-103.4513,21.46484]]],[[[-103.43831,21.45335],[-103.44166,21.45281],[-103.44029,21.45138],[-103.43831,21.45335]]],[[[-103.61116,21.30157],[-103.61116,21.30225],[-103.61116,21.30308],[-103.61459,21.30176],[-103.61388,21.29977],[-103.61116,21.30157]]],[[[-103.66816,21.30223],[-103.66915,21.30276],[-103.67135,21.30293],[-103.66749,21.30186],[-103.66816,21.30223]]],[[[-103.67436,21.29827],[-103.67531,21.29764],[-103.6693,21.29657],[-103.66908,21.29801],[-103.67436,21.29827]]],[[[-103.60433,21.29604],[-103.60688,21.29591],[-103.60714,21.29298],[-103.60433,21.29604]]],[[[-103.53183,21.29212],[-103.53073,21.29359],[-103.53411,21.29405],[-103.53422,21.29032],[-103.53183,21.29212]]],[[[-103.64061,21.29282],[-103.64037,21.29335],[-103.64116,21.29179],[-103.64066,21.29271],[-103.64061,21.29282]]],[[[-103.60212,21.26736],[-103.60569,21.26642],[-103.60202,21.26558],[-103.60212,21.26736]]],[[[-103.56817,21.25284],[-103.57006,21.2558],[-103.57,21.25235],[-103.56817,21.25284]]],[[[-103.62864,21.21054],[-103.62864,21.21066],[-103.62948,21.21057],[-103.62864,21.21054]]],[[[-103.6249,21.21066],[-103.62531,21.21066],[-103.62519,21.21034],[-103.6249,21.21066]]],[[[-103.41394,21.30774],[-103.41416,21.30788],[-103.41473,21.30825],[-103.41537,21.30884],[-103.41761,21.30714],[-103.41442,21.30622],[-103.41394,21.30774]]],[[[-103.1311,22.31551],[-103.13233,22.31733],[-103.12764,22.3181],[-103.13273,22.32162],[-103.13161,22.32388],[-103.13504,22.32146],[-103.13305,22.31491],[-103.13575,22.31474],[-103.14371,22.31112],[-103.14541,22.31171],[-103.14676,22.30738],[-103.14441,22.3066],[-103.14208,22.30483],[-103.1403,22.30348],[-103.13643,22.30816],[-103.13509,22.31212],[-103.1311,22.31551]]],[[[-103.15311,22.29665],[-103.15028,22.30016],[-103.15033,22.30237],[-103.15375,22.30359],[-103.15583,22.29965],[-103.16003,22.30098],[-103.15771,22.29696],[-103.15465,22.29841],[-103.15311,22.29665]]],[[[-103.21501,22.3058],[-103.21502,22.30556],[-103.21494,22.30211],[-103.21692,22.302],[-103.21745,22.30172],[-103.21747,22.30161],[-103.21763,22.30146],[-103.21766,22.30115],[-103.21736,22.30095],[-103.217,22.30049],[-103.2167,22.29998],[-103.21707,22.29948],[-103.21809,22.29875],[-103.22037,22.2964],[-103.2204,22.29212],[-103.22006,22.29195],[-103.21933,22.2907],[-103.21898,22.29041],[-103.2195,22.28847],[-103.21899,22.28783],[-103.22079,22.28506],[-103.22099,22.28395],[-103.22185,22.28362],[-103.22244,22.28258],[-103.22024,22.28022],[-103.21357,22.2893],[-103.20922,22.30098],[-103.21285,22.30241],[-103.21353,22.30666],[-103.21501,22.3058]]],[[[-103.19544,22.32989],[-103.19781,22.32932],[-103.20224,22.3338],[-103.2069,22.33198],[-103.20916,22.32846],[-103.20514,22.32732],[-103.19853,22.32062],[-103.19608,22.32121],[-103.19251,22.32634],[-103.18847,22.32399],[-103.18975,22.32642],[-103.18616,22.33038],[-103.18637,22.33176],[-103.19188,22.32751],[-103.19544,22.32989]]],[[[-103.17295,22.40257],[-103.17626,22.40546],[-103.1798,22.40181],[-103.17983,22.39988],[-103.18423,22.39557],[-103.18793,22.38989],[-103.18624,22.38947],[-103.18617,22.38946],[-103.18272,22.3886],[-103.18149,22.3883],[-103.18094,22.38816],[-103.17916,22.39121],[-103.18132,22.39308],[-103.18394,22.39153],[-103.18292,22.39417],[-103.18049,22.39331],[-103.17375,22.39745],[-103.17295,22.40257]]],[[[-103.19601,22.38341],[-103.19361,22.38577],[-103.19645,22.38611],[-103.19601,22.38341]]],[[[-103.19865,22.38212],[-103.19888,22.38074],[-103.19875,22.38085],[-103.19865,22.38212]]],[[[-103.20059,22.38733],[-103.20043,22.38639],[-103.19994,22.38619],[-103.20059,22.38733]]],[[[-103.1161,22.34888],[-103.11605,22.34621],[-103.11388,22.3428],[-103.11153,22.34299],[-103.11121,22.34341],[-103.11118,22.34346],[-103.11051,22.34434],[-103.11031,22.35245],[-103.11224,22.35305],[-103.1161,22.34888]]],[[[-103.10348,22.34118],[-103.10865,22.34164],[-103.10908,22.3404],[-103.09965,22.33663],[-103.10348,22.34118]]],[[[-103.11598,22.34304],[-103.12013,22.34008],[-103.12019,22.33509],[-103.11578,22.33781],[-103.11704,22.33968],[-103.1093,22.33913],[-103.11121,22.34193],[-103.11369,22.34103],[-103.11598,22.34304]]],[[[-103.12065,22.33977],[-103.12386,22.33782],[-103.12398,22.3324],[-103.12016,22.3339],[-103.1214,22.33603],[-103.12065,22.33977]]],[[[-103.11965,22.33308],[-103.11969,22.33026],[-103.11562,22.32997],[-103.11732,22.33299],[-103.11965,22.33308]]],[[[-103.12182,22.33072],[-103.12406,22.33192],[-103.12378,22.32909],[-103.12182,22.33072]]],[[[-103.12641,22.32877],[-103.12965,22.32548],[-103.13187,22.32194],[-103.12549,22.32557],[-103.12438,22.32804],[-103.12641,22.32877]]],[[[-103.14292,22.31704],[-103.15289,22.30774],[-103.15579,22.30602],[-103.15373,22.30434],[-103.15657,22.30189],[-103.15667,22.3055],[-103.1577,22.30489],[-103.15818,22.3046],[-103.15926,22.30396],[-103.15959,22.3031],[-103.15976,22.30256],[-103.15632,22.30058],[-103.15477,22.30341],[-103.15251,22.30397],[-103.15033,22.30353],[-103.15028,22.30636],[-103.14759,22.30714],[-103.14979,22.3102],[-103.14711,22.31243],[-103.14441,22.31172],[-103.13547,22.31586],[-103.136,22.31929],[-103.13799,22.31945],[-103.14212,22.31826],[-103.14292,22.31704]]],[[[-103.42509,21.69565],[-103.42483,21.69869],[-103.42074,21.70107],[-103.42615,21.70069],[-103.42816,21.69781],[-103.42705,21.69501],[-103.42509,21.69565]]],[[[-103.42325,21.67926],[-103.42178,21.68293],[-103.42431,21.68284],[-103.42483,21.67946],[-103.42325,21.67926]]],[[[-103.44697,21.67388],[-103.4438,21.67277],[-103.44292,21.67499],[-103.44458,21.67623],[-103.44697,21.67388]]],[[[-103.46258,21.67944],[-103.46271,21.67931],[-103.46282,21.6788],[-103.46237,21.6795],[-103.46258,21.67944]]],[[[-103.46178,21.67419],[-103.46174,21.67401],[-103.46085,21.67409],[-103.46143,21.67478],[-103.46178,21.67419]]],[[[-103.4436,21.66654],[-103.44364,21.66657],[-103.4442,21.66694],[-103.44472,21.66728],[-103.44561,21.66371],[-103.44308,21.66394],[-103.4436,21.66654]]],[[[-103.43528,21.66113],[-103.43348,21.66692],[-103.43808,21.66795],[-103.44012,21.66709],[-103.4379,21.66749],[-103.44044,21.66471],[-103.43846,21.66115],[-103.43528,21.66113]]],[[[-103.42911,21.65653],[-103.42984,21.65679],[-103.43014,21.65687],[-103.43136,21.65718],[-103.42911,21.65653]]],[[[-103.41965,21.64774],[-103.41965,21.64779],[-103.42028,21.64779],[-103.41965,21.64774]]],[[[-103.41593,21.64779],[-103.41465,21.64779],[-103.41632,21.64863],[-103.41632,21.64791],[-103.41593,21.64779]]],[[[-103.40675,21.64113],[-103.40799,21.6403],[-103.40708,21.6403],[-103.40675,21.64113]]],[[[-103.40256,21.64446],[-103.40216,21.6453],[-103.403,21.6446],[-103.40256,21.64446]]],[[[-103.4014,21.64637],[-103.40216,21.6453],[-103.40153,21.6453],[-103.4014,21.64637]]],[[[-103.32842,21.60841],[-103.33007,21.60234],[-103.33165,21.60133],[-103.33414,21.60326],[-103.33701,21.60437],[-103.34108,21.60211],[-103.33965,21.59821],[-103.33626,21.60005],[-103.3273,21.59879],[-103.32425,21.59947],[-103.3252,21.6017],[-103.32241,21.60841],[-103.32414,21.60829],[-103.32679,21.60308],[-103.32855,21.60423],[-103.32842,21.60841]]],[[[-103.3167,21.61511],[-103.31668,21.61332],[-103.31971,21.61528],[-103.32235,21.61469],[-103.32547,21.61129],[-103.32302,21.61062],[-103.31954,21.61255],[-103.31887,21.61067],[-103.31477,21.61425],[-103.3167,21.61511]]],[[[-103.31688,21.62892],[-103.3163,21.62633],[-103.31753,21.62286],[-103.31468,21.62235],[-103.31134,21.62535],[-103.31276,21.62757],[-103.31688,21.62892]]],[[[-103.31973,21.66715],[-103.31973,21.66611],[-103.3189,21.66673],[-103.31973,21.66715]]],[[[-103.3101,21.67694],[-103.30974,21.67777],[-103.31001,21.67777],[-103.3101,21.67694]]],[[[-103.44775,21.67919],[-103.44774,21.67912],[-103.44514,21.67799],[-103.44502,21.67928],[-103.44629,21.67997],[-103.44739,21.67981],[-103.44775,21.67919]]],[[[-103.43419,21.65411],[-103.43544,21.65499],[-103.43872,21.65176],[-103.43807,21.64966],[-103.43501,21.6506],[-103.43615,21.65213],[-103.43419,21.65411]]],[[[-103.43434,21.64328],[-103.43013,21.64485],[-103.43448,21.6465],[-103.43434,21.64328]]],[[[-103.43864,21.63927],[-103.43753,21.64144],[-103.44171,21.63942],[-103.43864,21.63927]]],[[[-103.443,21.65325],[-103.44441,21.65077],[-103.44582,21.64832],[-103.44782,21.64842],[-103.44704,21.64768],[-103.4442,21.64898],[-103.44227,21.65281],[-103.44298,21.65341],[-103.443,21.65325]]],[[[-103.44293,21.64429],[-103.44433,21.64301],[-103.43969,21.64223],[-103.44293,21.64429]]],[[[-103.43808,21.59346],[-103.4413,21.5945],[-103.44413,21.59244],[-103.44075,21.59269],[-103.44135,21.58693],[-103.44492,21.58766],[-103.44114,21.58377],[-103.43842,21.58558],[-103.43838,21.59001],[-103.4406,21.59347],[-103.43808,21.59346]]],[[[-103.39686,21.6428],[-103.39634,21.6428],[-103.39634,21.64351],[-103.39686,21.6428]]],[[[-103.3963,21.64197],[-103.3955,21.64197],[-103.39634,21.6428],[-103.39634,21.64197],[-103.3963,21.64197]]],[[[-103.39384,21.64121],[-103.3955,21.64197],[-103.3955,21.64179],[-103.39384,21.64121]]],[[[-103.39322,21.6403],[-103.39217,21.6403],[-103.39365,21.64113],[-103.39322,21.6403]]],[[[-103.33432,21.59378],[-103.33318,21.59173],[-103.33156,21.59346],[-103.33432,21.59378]]],[[[-103.32675,21.58936],[-103.32639,21.59176],[-103.32937,21.59161],[-103.3282,21.58873],[-103.32675,21.58936]]],[[[-103.30577,21.59952],[-103.30529,21.60259],[-103.30708,21.60346],[-103.30577,21.59952]]],[[[-103.2946,21.61954],[-103.29758,21.61875],[-103.29824,21.61653],[-103.30116,21.61646],[-103.30345,21.61258],[-103.30121,21.61217],[-103.29836,21.60888],[-103.29542,21.6099],[-103.2989,21.61231],[-103.29621,21.61825],[-103.2946,21.61954]]],[[[-103.29024,21.61374],[-103.29292,21.61426],[-103.29504,21.6106],[-103.2921,21.61094],[-103.29029,21.61347],[-103.29024,21.61374]]],[[[-103.30663,21.61774],[-103.30855,21.61993],[-103.30838,21.6162],[-103.3103,21.61458],[-103.30845,21.61317],[-103.30663,21.61774]]],[[[-103.42771,21.58438],[-103.42963,21.58735],[-103.43147,21.58516],[-103.43381,21.58741],[-103.43212,21.58881],[-103.42844,21.58769],[-103.42641,21.58809],[-103.43079,21.5907],[-103.43416,21.58818],[-103.43367,21.58334],[-103.43287,21.585],[-103.4305,21.58247],[-103.42948,21.58292],[-103.42771,21.58438]]],[[[-103.29673,21.62771],[-103.29771,21.62901],[-103.29975,21.6264],[-103.29939,21.62402],[-103.29368,21.62241],[-103.29237,21.62433],[-103.29432,21.62707],[-103.29673,21.62771]]],[[[-103.3005,21.62603],[-103.30138,21.62745],[-103.30483,21.62573],[-103.3005,21.62603]]],[[[-103.31224,21.67629],[-103.31224,21.6761],[-103.31119,21.6761],[-103.31224,21.67629]]],[[[-103.31278,21.67527],[-103.31224,21.6761],[-103.31298,21.6761],[-103.31278,21.67527]]],[[[-103.31141,21.63182],[-103.31141,21.63197],[-103.31186,21.6319],[-103.31141,21.63182]]],[[[-102.87575,21.99514],[-102.8741,21.9888],[-102.87196,21.99541],[-102.86928,21.99001],[-102.86826,22.00289],[-102.87131,22.00296],[-102.87474,22.0022],[-102.87653,21.99809],[-102.87575,21.99514]]],[[[-102.92362,21.84078],[-102.92499,21.8393],[-102.92424,21.83823],[-102.92239,21.83276],[-102.92064,21.83494],[-102.92362,21.84078]]],[[[-102.91908,21.86281],[-102.91873,21.86184],[-102.91857,21.86141],[-102.91666,21.85403],[-102.91571,21.85569],[-102.91571,21.86229],[-102.91908,21.86281]]],[[[-102.95171,22.00933],[-102.9533,22.00866],[-102.95958,22.01039],[-102.96357,22.01135],[-102.96504,22.01199],[-102.97059,22.00813],[-102.96876,22.00444],[-102.96432,22.00623],[-102.95175,22.00294],[-102.94438,22.00233],[-102.9414,22.00313],[-102.94123,22.00402],[-102.94374,22.00283],[-102.94304,22.00599],[-102.94643,22.00599],[-102.94961,22.00864],[-102.95171,22.00933]]],[[[-102.98616,21.99086],[-102.98572,21.9869],[-102.98662,21.98579],[-102.98711,21.98518],[-102.98766,21.98451],[-102.98927,21.98253],[-102.98443,21.98247],[-102.9839,21.98085],[-102.98315,21.98129],[-102.98288,21.98128],[-102.98162,21.98123],[-102.97923,21.97616],[-102.97596,21.97619],[-102.97923,21.97824],[-102.97869,21.9811],[-102.97533,21.98024],[-102.97719,21.9849],[-102.97953,21.98581],[-102.98029,21.98833],[-102.97731,21.98794],[-102.97747,21.99207],[-102.97532,21.98753],[-102.97436,21.98587],[-102.97392,21.98523],[-102.97347,21.98458],[-102.97272,21.98349],[-102.97221,21.98309],[-102.97156,21.98354],[-102.97129,21.98751],[-102.97308,21.98902],[-102.97166,21.99119],[-102.97121,21.99789],[-102.96876,21.98871],[-102.96894,21.99342],[-102.9666,21.99624],[-102.96581,21.99048],[-102.96539,21.98769],[-102.96493,21.98628],[-102.96037,21.98941],[-102.96047,21.987],[-102.96631,21.98323],[-102.96325,21.98021],[-102.96472,21.97559],[-102.96296,21.97646],[-102.95815,21.98526],[-102.9535,21.98895],[-102.95361,21.9918],[-102.94875,21.99764],[-102.94894,21.9977],[-102.95032,21.9981],[-102.95131,21.99839],[-102.95128,21.99707],[-102.95696,21.99971],[-102.96359,21.99944],[-102.96884,22.00265],[-102.96878,22.00397],[-102.97049,22.00503],[-102.97328,22.00133],[-102.97778,22.0038],[-102.9796,21.99876],[-102.97663,21.99832],[-102.98126,21.99668],[-102.98616,21.99086]]],[[[-102.89316,21.94003],[-102.8934,21.93984],[-102.89007,21.93635],[-102.88835,21.94579],[-102.88919,21.94287],[-102.89316,21.94003]]],[[[-102.89409,21.93944],[-102.8996,21.93627],[-102.89988,21.93413],[-102.89938,21.92719],[-102.89791,21.9237],[-102.89821,21.92002],[-102.8988,21.9161],[-102.89646,21.91893],[-102.89334,21.92052],[-102.89297,21.92255],[-102.89505,21.92254],[-102.894,21.92545],[-102.89623,21.92566],[-102.89798,21.93162],[-102.89621,21.93552],[-102.89515,21.93239],[-102.89279,21.93157],[-102.89248,21.93211],[-102.89197,21.93631],[-102.89547,21.93726],[-102.89409,21.93944]]],[[[-102.90998,21.90321],[-102.90779,21.90129],[-102.90828,21.89761],[-102.90742,21.90106],[-102.90402,21.89965],[-102.90629,21.89432],[-102.9052,21.89345],[-102.90837,21.89111],[-102.90841,21.89092],[-102.90469,21.89138],[-102.90917,21.8842],[-102.90813,21.88421],[-102.90094,21.89417],[-102.90434,21.89569],[-102.90213,21.89881],[-102.90139,21.9024],[-102.90197,21.90671],[-102.90338,21.90641],[-102.90374,21.91096],[-102.90679,21.90658],[-102.90819,21.90867],[-102.90557,21.90861],[-102.90349,21.91173],[-102.90239,21.90686],[-102.90099,21.90747],[-102.89878,21.91754],[-102.89959,21.91778],[-102.90217,21.91449],[-102.90264,21.91657],[-102.90807,21.91494],[-102.90758,21.91174],[-102.91124,21.9113],[-102.90938,21.90669],[-102.90983,21.90408],[-102.90998,21.90321]]],[[[-102.90907,21.89028],[-102.90841,21.89092],[-102.90855,21.89088],[-102.90907,21.89028]]],[[[-102.90922,21.88413],[-102.91257,21.87733],[-102.91019,21.8795],[-102.90922,21.88413]]],[[[-102.90272,21.91691],[-102.90353,21.92028],[-102.90536,21.91842],[-102.90272,21.91691]]],[[[-102.90111,21.90275],[-102.89846,21.90614],[-102.89747,21.91156],[-102.89938,21.91309],[-102.90132,21.90454],[-102.90111,21.90275]]],[[[-102.90273,21.88629],[-102.90516,21.8877],[-102.90688,21.88548],[-102.90526,21.88411],[-102.90273,21.88629]]],[[[-102.91462,21.87494],[-102.91586,21.87254],[-102.91225,21.8737],[-102.91317,21.87015],[-102.91047,21.86789],[-102.90822,21.87141],[-102.91129,21.87334],[-102.9105,21.87476],[-102.91462,21.87494]]],[[[-102.97916,21.87481],[-102.97795,21.87174],[-102.97464,21.87174],[-102.97695,21.87547],[-102.97916,21.87481]]],[[[-102.9848,21.88272],[-102.98032,21.88738],[-102.98043,21.88168],[-102.97676,21.88158],[-102.97527,21.87811],[-102.97395,21.88295],[-102.97239,21.88168],[-102.97218,21.88534],[-102.97621,21.88742],[-102.97002,21.88593],[-102.96845,21.88672],[-102.97118,21.8883],[-102.97564,21.89282],[-102.97705,21.89135],[-102.97876,21.8945],[-102.9773,21.89631],[-102.97949,21.89386],[-102.98206,21.8964],[-102.98819,21.89611],[-102.9895,21.89422],[-102.98677,21.88659],[-102.98241,21.8909],[-102.98581,21.88462],[-102.9849,21.88273],[-102.9848,21.88272]]],[[[-102.98343,21.90227],[-102.98608,21.90232],[-102.98816,21.89813],[-102.98525,21.89708],[-102.98343,21.90227]]],[[[-102.94819,21.92077],[-102.94754,21.92258],[-102.95151,21.92327],[-102.95148,21.92256],[-102.95076,21.92044],[-102.94895,21.92016],[-102.94819,21.92077]]],[[[-102.98692,21.92934],[-102.98839,21.9271],[-102.98885,21.92616],[-102.98924,21.92535],[-102.98647,21.92474],[-102.98692,21.92934]]],[[[-102.9907,21.92463],[-102.99375,21.92805],[-102.99308,21.92936],[-102.99571,21.92806],[-102.99321,21.92523],[-102.9907,21.92463]]],[[[-102.99274,21.93773],[-102.99506,21.93381],[-103.00045,21.93798],[-103.00234,21.93215],[-103.00403,21.93339],[-103.00326,21.93095],[-103.00516,21.92955],[-102.99673,21.92898],[-102.99911,21.93249],[-102.99387,21.93293],[-102.99075,21.93708],[-102.99274,21.93773]]],[[[-102.978,21.95717],[-102.97787,21.95717],[-102.9776,21.95737],[-102.9786,21.95925],[-102.978,21.95717]]],[[[-102.98501,21.9638],[-102.98427,21.96516],[-102.98932,21.96516],[-102.98502,21.9638],[-102.98501,21.9638]]],[[[-102.98685,21.96805],[-102.98878,21.96964],[-102.99086,21.97055],[-102.99454,21.97465],[-102.9895,21.97338],[-102.98671,21.97403],[-102.98777,21.97581],[-102.99647,21.97573],[-102.99975,21.97494],[-103.00303,21.97217],[-103.00176,21.97036],[-102.99374,21.96476],[-102.99415,21.96196],[-102.98986,21.96218],[-102.99358,21.96415],[-102.99275,21.96657],[-102.99594,21.96735],[-102.998,21.97037],[-102.99583,21.97079],[-102.99091,21.96775],[-102.98685,21.96805]]],[[[-102.98794,21.96117],[-102.98929,21.96188],[-102.98969,21.95918],[-102.9865,21.95914],[-102.98794,21.96117]]],[[[-103.0019,21.96578],[-103.00065,21.96622],[-103.0029,21.96887],[-103.00607,21.96642],[-103.00606,21.96528],[-103.00245,21.96559],[-103.0019,21.96578]]],[[[-103.00844,21.93655],[-103.01087,21.93466],[-103.00542,21.93251],[-103.00501,21.93462],[-103.00663,21.93796],[-103.00777,21.93708],[-103.00844,21.93655]]],[[[-102.92283,21.99705],[-102.92217,21.997],[-102.92175,21.99702],[-102.92068,21.99706],[-102.92283,21.99705]]],[[[-102.98352,22.00194],[-102.98636,21.99492],[-102.98769,21.99585],[-102.98917,21.99245],[-102.98235,21.9973],[-102.98186,22.0006],[-102.98352,22.00194]]],[[[-102.91822,21.83611],[-102.91649,21.84568],[-102.91327,21.85225],[-102.91518,21.85054],[-102.91658,21.85367],[-102.91622,21.85212],[-102.91956,21.84924],[-102.92218,21.84202],[-102.92333,21.84102],[-102.92035,21.83934],[-102.92057,21.83088],[-102.91822,21.83611]]],[[[-102.92192,21.82966],[-102.92723,21.82116],[-102.92175,21.82811],[-102.92192,21.82966]]],[[[-102.74049,21.40764],[-102.73578,21.40808],[-102.73522,21.41088],[-102.73766,21.40989],[-102.73684,21.41271],[-102.73917,21.41098],[-102.73813,21.40967],[-102.74049,21.40764]]],[[[-102.72943,21.3806],[-102.72939,21.38315],[-102.72939,21.38314],[-102.72938,21.38348],[-102.72936,21.38473],[-102.72936,21.38523],[-102.72932,21.38734],[-102.73208,21.38841],[-102.73123,21.39195],[-102.73466,21.39318],[-102.73586,21.3916],[-102.73535,21.38882],[-102.73752,21.38784],[-102.73215,21.38739],[-102.73271,21.38648],[-102.73907,21.38652],[-102.73924,21.38522],[-102.73397,21.3841],[-102.73668,21.38164],[-102.73442,21.38036],[-102.73164,21.38191],[-102.72943,21.3806]]],[[[-102.72949,21.37799],[-102.72945,21.37914],[-102.73606,21.38038],[-102.73528,21.37791],[-102.73127,21.37598],[-102.73013,21.37419],[-102.72949,21.37799]]],[[[-102.72931,21.35621],[-102.72786,21.35745],[-102.72848,21.36052],[-102.72858,21.36072],[-102.72885,21.36179],[-102.73009,21.36199],[-102.73026,21.36443],[-102.73092,21.36593],[-102.73225,21.36746],[-102.73252,21.36993],[-102.73691,21.37202],[-102.73803,21.36786],[-102.74116,21.37196],[-102.74306,21.37007],[-102.73746,21.36718],[-102.73342,21.36824],[-102.73229,21.36356],[-102.72977,21.3614],[-102.72954,21.35897],[-102.73261,21.35697],[-102.72931,21.35621]]],[[[-102.75381,21.34789],[-102.75499,21.34559],[-102.753,21.34388],[-102.75098,21.34566],[-102.74943,21.346],[-102.74742,21.34552],[-102.74622,21.34561],[-102.74616,21.34562],[-102.74127,21.34636],[-102.74127,21.34752],[-102.74657,21.34738],[-102.75079,21.34905],[-102.75099,21.34706],[-102.75381,21.34789]]],[[[-102.86257,21.38301],[-102.86178,21.38301],[-102.86261,21.38385],[-102.86261,21.38309],[-102.86257,21.38301]]],[[[-102.88123,21.36553],[-102.88093,21.36553],[-102.88145,21.36636],[-102.88123,21.36553]]],[[[-102.88177,21.36197],[-102.8826,21.3622],[-102.8826,21.36196],[-102.88177,21.36197]]],[[[-102.88068,21.3597],[-102.8801,21.3597],[-102.88089,21.36053],[-102.88068,21.3597]]],[[[-102.87843,21.35814],[-102.87927,21.35887],[-102.87927,21.35816],[-102.87843,21.35814]]],[[[-102.87843,21.35618],[-102.8776,21.35554],[-102.87831,21.35637],[-102.87843,21.35618]]],[[[-102.8869,21.33972],[-102.88676,21.34055],[-102.88917,21.34055],[-102.8869,21.33972]]],[[[-102.88441,21.34055],[-102.88249,21.34055],[-102.88177,21.34127],[-102.88177,21.34138],[-102.88676,21.34055],[-102.88457,21.34055],[-102.88441,21.34055]]],[[[-102.87939,21.34221],[-102.88177,21.34138],[-102.88029,21.34138],[-102.87939,21.34221]]],[[[-102.87466,21.34138],[-102.87427,21.34138],[-102.87559,21.34221],[-102.87466,21.34138]]],[[[-102.87424,21.34055],[-102.87404,21.34055],[-102.87392,21.34055],[-102.87344,21.34055],[-102.87427,21.34138],[-102.87427,21.34056],[-102.87424,21.34055]]],[[[-102.87261,21.34016],[-102.87344,21.34055],[-102.87344,21.34041],[-102.87261,21.34016]]],[[[-102.8711,21.33805],[-102.87094,21.33805],[-102.87147,21.33888],[-102.8711,21.33805]]],[[[-102.86982,21.33555],[-102.86928,21.33555],[-102.86976,21.33639],[-102.86982,21.33555]]],[[[-102.86896,21.33472],[-102.86844,21.33472],[-102.86928,21.33555],[-102.86911,21.33472],[-102.86896,21.33472]]],[[[-102.86727,21.33222],[-102.86678,21.33222],[-102.86761,21.33306],[-102.86761,21.33227],[-102.86727,21.33222]]],[[[-102.87344,21.36844],[-102.8751,21.36886],[-102.8751,21.36827],[-102.87344,21.36844]]],[[[-102.87057,21.36636],[-102.86928,21.36636],[-102.87012,21.36719],[-102.87057,21.36636]]],[[[-102.86761,21.36477],[-102.86844,21.36553],[-102.86844,21.36475],[-102.86761,21.36477]]],[[[-102.86345,21.36273],[-102.86095,21.3622],[-102.86095,21.36271],[-102.86095,21.36294],[-102.86277,21.36303],[-102.86345,21.36273]]],[[[-102.85423,21.3547],[-102.85346,21.3547],[-102.85429,21.35554],[-102.85429,21.35474],[-102.85423,21.3547]]],[[[-102.8393,21.34234],[-102.8393,21.34305],[-102.83995,21.34305],[-102.8393,21.34234]]],[[[-102.8381,21.34471],[-102.83847,21.34388],[-102.83764,21.34419],[-102.8381,21.34471]]],[[[-102.83552,21.34638],[-102.83516,21.34638],[-102.83514,21.34639],[-102.83514,21.34721],[-102.83595,21.34721],[-102.83552,21.34638]]],[[[-102.83347,21.3482],[-102.83347,21.34888],[-102.8343,21.34804],[-102.83356,21.34804],[-102.83347,21.3482]]],[[[-102.83213,21.34971],[-102.83347,21.34888],[-102.8331,21.34888],[-102.83213,21.34971]]],[[[-102.81564,21.35137],[-102.81415,21.35137],[-102.81349,21.3519],[-102.8142,21.35221],[-102.81564,21.35137]]],[[[-102.796,21.34739],[-102.79517,21.34721],[-102.79517,21.34804],[-102.796,21.34739]]],[[[-102.79409,21.34721],[-102.79434,21.34721],[-102.7938,21.34638],[-102.79409,21.34721]]],[[[-102.85559,21.35803],[-102.85512,21.35803],[-102.85576,21.35887],[-102.85559,21.35803]]],[[[-102.85679,21.35979],[-102.85762,21.36053],[-102.85682,21.3597],[-102.85679,21.35979]]],[[[-102.83847,21.36633],[-102.8393,21.36636],[-102.8393,21.3661],[-102.83847,21.36633]]],[[[-102.83693,21.36386],[-102.8368,21.36386],[-102.83745,21.3647],[-102.83693,21.36386]]],[[[-102.8368,21.36278],[-102.83597,21.3622],[-102.83645,21.36303],[-102.8368,21.36278]]],[[[-102.83578,21.36137],[-102.83514,21.36137],[-102.83597,21.3622],[-102.83597,21.36152],[-102.83578,21.36137]]],[[[-102.80891,21.3647],[-102.80648,21.3647],[-102.80516,21.36507],[-102.80933,21.36553],[-102.80933,21.36489],[-102.80891,21.3647]]],[[[-102.8003,21.39301],[-102.80017,21.39384],[-102.80036,21.39384],[-102.8003,21.39301]]],[[[-102.801,21.39306],[-102.801,21.39301],[-102.80085,21.39301],[-102.801,21.39306]]],[[[-102.75247,21.37486],[-102.75031,21.37426],[-102.74922,21.37628],[-102.74692,21.37424],[-102.74245,21.37428],[-102.7453,21.37881],[-102.75151,21.37734],[-102.75247,21.37486]]],[[[-102.74103,21.38023],[-102.74305,21.37933],[-102.73937,21.37308],[-102.73667,21.37253],[-102.73424,21.37486],[-102.73828,21.37598],[-102.74103,21.38023]]],[[[-102.78624,21.36506],[-102.78522,21.36887],[-102.78754,21.36819],[-102.78738,21.36516],[-102.78624,21.36506]]],[[[-102.8035,21.36237],[-102.80266,21.3622],[-102.80266,21.3626],[-102.8035,21.36237]]],[[[-102.7417,21.3662],[-102.74488,21.36615],[-102.74536,21.36282],[-102.74094,21.35585],[-102.73467,21.35405],[-102.7327,21.35607],[-102.73623,21.35689],[-102.73343,21.35967],[-102.73853,21.35997],[-102.73659,21.35762],[-102.74074,21.3573],[-102.74239,21.36064],[-102.73965,21.36065],[-102.74342,21.36258],[-102.74013,21.36271],[-102.73938,21.36435],[-102.73483,21.36349],[-102.73655,21.3661],[-102.7417,21.3662]]],[[[-102.73719,21.36357],[-102.73175,21.36032],[-102.7322,21.36287],[-102.73719,21.36357]]],[[[-102.74209,21.35493],[-102.74274,21.35407],[-102.74249,21.35035],[-102.73994,21.35181],[-102.74209,21.35493]]],[[[-102.78657,21.34888],[-102.78564,21.34888],[-102.78523,21.34971],[-102.78599,21.34971],[-102.78657,21.34888]]],[[[-102.78078,21.34804],[-102.77935,21.34804],[-102.78018,21.34888],[-102.78078,21.34804]]],[[[-102.77759,21.34555],[-102.77685,21.34555],[-102.77769,21.34638],[-102.77769,21.34565],[-102.77759,21.34555]]],[[[-102.77621,21.34555],[-102.77685,21.34555],[-102.77679,21.34471],[-102.77621,21.34555]]],[[[-102.77394,21.34471],[-102.77352,21.34471],[-102.7755,21.34555],[-102.77394,21.34471]]],[[[-102.77343,21.34388],[-102.77269,21.34388],[-102.77352,21.34471],[-102.77352,21.34397],[-102.77343,21.34388]]],[[[-102.77214,21.34305],[-102.77186,21.34305],[-102.77269,21.34388],[-102.77228,21.34305],[-102.77214,21.34305]]],[[[-102.77135,21.34305],[-102.77186,21.34305],[-102.77186,21.34267],[-102.77135,21.34305]]],[[[-102.77102,21.34205],[-102.76853,21.34138],[-102.77073,21.34221],[-102.77102,21.34205]]],[[[-102.76713,21.34138],[-102.76853,21.34138],[-102.76731,21.34055],[-102.76713,21.34138]]],[[[-102.74674,21.35675],[-102.74667,21.35885],[-102.74915,21.35873],[-102.74824,21.35678],[-102.74674,21.35675]]],[[[-102.74517,21.35679],[-102.74388,21.35666],[-102.74356,21.35635],[-102.74176,21.35631],[-102.74469,21.35945],[-102.7455,21.36274],[-102.74817,21.36223],[-102.74492,21.35941],[-102.7459,21.35677],[-102.74517,21.35679]]],[[[-102.76436,21.34114],[-102.76436,21.34138],[-102.7646,21.34138],[-102.76436,21.34114]]],[[[-102.76385,21.34221],[-102.76436,21.34138],[-102.76353,21.34138],[-102.76385,21.34221]]],[[[-102.76303,21.34138],[-102.76187,21.34149],[-102.76187,21.34186],[-102.76187,21.34221],[-102.7619,21.34221],[-102.76195,21.34221],[-102.76318,21.34221],[-102.76303,21.34138]]],[[[-102.76187,21.34223],[-102.76187,21.34221],[-102.76129,21.34221],[-102.76187,21.34223]]],[[[-102.76103,21.34251],[-102.76103,21.34305],[-102.76187,21.34305],[-102.76187,21.34257],[-102.76103,21.34251]]],[[[-102.74906,21.3708],[-102.74987,21.3666],[-102.74595,21.36669],[-102.74498,21.36939],[-102.74906,21.3708]]],[[[-102.86566,21.33056],[-102.86595,21.33056],[-102.86595,21.33038],[-102.86566,21.33056]]],[[[-102.87572,21.33656],[-102.87686,21.33651],[-102.87694,21.3336],[-102.87915,21.3364],[-102.88168,21.33628],[-102.88386,21.33446],[-102.87971,21.33293],[-102.87908,21.33073],[-102.8763,21.33306],[-102.87572,21.33656]]],[[[-102.89708,21.30673],[-102.89697,21.3067],[-102.89668,21.3109],[-102.89442,21.30969],[-102.89359,21.3122],[-102.89585,21.31346],[-102.89663,21.31123],[-102.89967,21.31159],[-102.90151,21.31346],[-102.90034,21.3103],[-102.89708,21.30673]]],[[[-102.89495,21.31561],[-102.89565,21.31532],[-102.89324,21.31502],[-102.89179,21.3169],[-102.89317,21.31634],[-102.89495,21.31561]]],[[[-102.70293,21.43618],[-102.70134,21.43283],[-102.70225,21.42903],[-102.70496,21.42656],[-102.70168,21.42535],[-102.70214,21.42807],[-102.69816,21.42779],[-102.69848,21.42822],[-102.70032,21.43099],[-102.69898,21.4333],[-102.7007,21.43677],[-102.69533,21.44131],[-102.69882,21.44187],[-102.69926,21.43944],[-102.70192,21.44085],[-102.70399,21.44027],[-102.70448,21.44002],[-102.7061,21.43634],[-102.70293,21.43618]]],[[[-102.70742,21.43029],[-102.70702,21.42716],[-102.70701,21.42708],[-102.70653,21.42336],[-102.70547,21.42167],[-102.70439,21.41996],[-102.70314,21.41798],[-102.69825,21.41377],[-102.7012,21.41338],[-102.70229,21.41087],[-102.70525,21.40984],[-102.70232,21.40714],[-102.70175,21.40724],[-102.70127,21.40731],[-102.70007,21.40581],[-102.69607,21.4056],[-102.69138,21.40076],[-102.68961,21.39532],[-102.69064,21.39045],[-102.68686,21.38928],[-102.68343,21.39241],[-102.68174,21.3915],[-102.68082,21.39787],[-102.68213,21.4014],[-102.68447,21.40175],[-102.68308,21.39711],[-102.68596,21.39596],[-102.68693,21.39887],[-102.69234,21.40368],[-102.69342,21.40686],[-102.68763,21.40054],[-102.68691,21.403],[-102.69002,21.40514],[-102.69052,21.40777],[-102.694,21.40938],[-102.69807,21.40847],[-102.69759,21.40898],[-102.69451,21.41218],[-102.69437,21.41466],[-102.69649,21.4145],[-102.70103,21.41763],[-102.69924,21.41979],[-102.70223,21.42053],[-102.70319,21.42433],[-102.70671,21.42516],[-102.70644,21.4274],[-102.7037,21.4301],[-102.70742,21.43029]]],[[[-102.70709,21.41452],[-102.70427,21.41515],[-102.70817,21.41752],[-102.70879,21.41472],[-102.70709,21.41452]]],[[[-102.73154,21.4086],[-102.73044,21.40888],[-102.7266,21.41162],[-102.73153,21.41165],[-102.73154,21.4086]]],[[[-102.73063,21.41732],[-102.73459,21.41438],[-102.73066,21.41541],[-102.73063,21.41732]]],[[[-102.72903,21.42083],[-102.73025,21.4176],[-102.72849,21.41521],[-102.72786,21.42063],[-102.72903,21.42083]]],[[[-102.7367,21.43135],[-102.73764,21.43065],[-102.73965,21.42916],[-102.73811,21.42742],[-102.7367,21.43135]]],[[[-102.714,21.41624],[-102.71466,21.41926],[-102.71577,21.41523],[-102.714,21.41624]]],[[[-102.81701,21.38551],[-102.81765,21.38551],[-102.81682,21.38468],[-102.81682,21.38524],[-102.81701,21.38551]]],[[[-102.81861,21.39134],[-102.81932,21.39134],[-102.81875,21.39051],[-102.81861,21.39134]]],[[[-102.84637,21.38968],[-102.84596,21.38968],[-102.84679,21.39051],[-102.84679,21.38993],[-102.84637,21.38968]]],[[[-102.81228,21.37635],[-102.8122,21.37635],[-102.81182,21.3765],[-102.81266,21.37719],[-102.81266,21.37651],[-102.81228,21.37635]]],[[[-102.81019,21.37469],[-102.80933,21.37469],[-102.81052,21.37552],[-102.81019,21.37469]]],[[[-102.86069,21.3622],[-102.86095,21.3622],[-102.85845,21.36137],[-102.86016,21.3622],[-102.86069,21.3622]]],[[[-103.09737,21.09827],[-103.09972,21.09486],[-103.10245,21.09408],[-103.09244,21.08798],[-103.08919,21.08909],[-103.08716,21.09141],[-103.09046,21.091],[-103.09346,21.09812],[-103.08958,21.09976],[-103.08888,21.103],[-103.08958,21.10121],[-103.09547,21.09765],[-103.09737,21.09827]]],[[[-103.15875,21.10743],[-103.15882,21.10654],[-103.15331,21.10179],[-103.15172,21.10192],[-103.15079,21.10476],[-103.15591,21.10436],[-103.15674,21.10764],[-103.15875,21.10743]]],[[[-103.15869,21.08689],[-103.15755,21.08787],[-103.16141,21.08959],[-103.16042,21.10192],[-103.16251,21.10487],[-103.16441,21.10112],[-103.16443,21.09624],[-103.16212,21.09817],[-103.16305,21.09254],[-103.16158,21.0906],[-103.1625,21.08721],[-103.15869,21.08689]]],[[[-103.16119,21.28518],[-103.16024,21.28674],[-103.15989,21.29429],[-103.16057,21.28912],[-103.1618,21.28969],[-103.16343,21.28532],[-103.16119,21.28518]]],[[[-103.17889,21.27977],[-103.18068,21.27977],[-103.17833,21.27893],[-103.17889,21.27977]]],[[[-103.17985,21.25163],[-103.17902,21.25146],[-103.17902,21.25165],[-103.17985,21.25163]]],[[[-103.18287,21.2404],[-103.18318,21.24063],[-103.18616,21.23787],[-103.18438,21.23606],[-103.18287,21.2404]]],[[[-103.17479,21.23843],[-103.17221,21.24162],[-103.17523,21.24349],[-103.17683,21.24081],[-103.17479,21.23843]]],[[[-103.17827,21.25146],[-103.17902,21.25146],[-103.17818,21.25062],[-103.17818,21.25128],[-103.17827,21.25146]]],[[[-103.19396,21.23284],[-103.19497,21.23237],[-103.18961,21.23105],[-103.18787,21.23283],[-103.19321,21.23197],[-103.19396,21.23284]]],[[[-103.17358,21.25978],[-103.17236,21.25978],[-103.17287,21.26062],[-103.17358,21.25978]]],[[[-103.17006,21.25787],[-103.17069,21.25812],[-103.17069,21.25781],[-103.17006,21.25787]]],[[[-103.18485,21.26692],[-103.18485,21.26677],[-103.18382,21.26644],[-103.1837,21.26644],[-103.18425,21.26728],[-103.18485,21.26728],[-103.18485,21.2671],[-103.18485,21.26692]]],[[[-103.18568,21.26824],[-103.18485,21.26811],[-103.18485,21.2683],[-103.18568,21.26824]]],[[[-103.23239,21.2845],[-103.23207,21.28949],[-103.23372,21.28861],[-103.23239,21.2845]]],[[[-103.21232,21.18846],[-103.21232,21.18818],[-103.21186,21.18818],[-103.21232,21.18846]]],[[[-103.16031,21.17785],[-103.16526,21.18019],[-103.16458,21.18097],[-103.16829,21.18018],[-103.16151,21.17743],[-103.16031,21.17785]]],[[[-103.19151,21.16977],[-103.19151,21.16903],[-103.19111,21.16903],[-103.19067,21.16968],[-103.19067,21.16986],[-103.19124,21.16986],[-103.19151,21.16977]]],[[[-103.19298,21.16875],[-103.19246,21.16804],[-103.19217,21.16811],[-103.19151,21.16903],[-103.19283,21.16903],[-103.19298,21.16875]]],[[[-103.19067,21.17034],[-103.19067,21.16986],[-103.18984,21.16998],[-103.19067,21.17034]]],[[[-103.15321,21.16412],[-103.15321,21.16486],[-103.15301,21.16689],[-103.15646,21.16516],[-103.15549,21.16305],[-103.15321,21.16412]]],[[[-103.14346,21.16433],[-103.1424,21.16008],[-103.14209,21.16312],[-103.13987,21.16643],[-103.14346,21.16433]]],[[[-103.15251,21.14596],[-103.1525,21.14621],[-103.15344,21.14339],[-103.15257,21.14459],[-103.15251,21.14596]]],[[[-103.15312,21.14904],[-103.15321,21.14908],[-103.15766,21.15025],[-103.15248,21.14658],[-103.15246,21.14704],[-103.15312,21.14904]]],[[[-103.14306,21.1401],[-103.13932,21.1387],[-103.13883,21.14153],[-103.14193,21.14123],[-103.1436,21.14326],[-103.14306,21.1401]]],[[[-103.18318,21.1353],[-103.18318,21.13572],[-103.18401,21.13556],[-103.18318,21.1353]]],[[[-103.18235,21.13657],[-103.18235,21.13655],[-103.18233,21.13655],[-103.18235,21.13657]]],[[[-103.17985,21.13778],[-103.17985,21.13822],[-103.18152,21.13807],[-103.17985,21.13778]]],[[[-103.17836,21.13905],[-103.17985,21.13822],[-103.17901,21.13822],[-103.17836,21.13905]]],[[[-103.15784,21.1247],[-103.15675,21.1247],[-103.15629,21.12923],[-103.15798,21.12504],[-103.15784,21.1247]]],[[[-103.14577,21.1169],[-103.14572,21.11736],[-103.14654,21.11764],[-103.14654,21.11819],[-103.14747,21.11853],[-103.14877,21.11942],[-103.14602,21.11507],[-103.14577,21.1169]]],[[[-103.22555,21.13996],[-103.22462,21.1413],[-103.2289,21.14212],[-103.23031,21.14035],[-103.22555,21.13996]]],[[[-103.22268,21.1557],[-103.22375,21.15586],[-103.22215,21.15313],[-103.21744,21.15284],[-103.21739,21.15384],[-103.2185,21.15446],[-103.21933,21.15353],[-103.22268,21.1557]]],[[[-103.16168,21.11064],[-103.16081,21.11099],[-103.16015,21.11125],[-103.15978,21.11474],[-103.16188,21.11048],[-103.16168,21.11064]]],[[[-103.13494,21.06115],[-103.13561,21.06168],[-103.13829,21.06034],[-103.1422,21.0636],[-103.14209,21.06321],[-103.14136,21.0614],[-103.14036,21.06102],[-103.14001,21.0604],[-103.13869,21.05937],[-103.13688,21.05976],[-103.13494,21.06115]]],[[[-103.15143,21.06639],[-103.15076,21.06545],[-103.14703,21.06592],[-103.14598,21.06459],[-103.14559,21.06436],[-103.14544,21.06443],[-103.1432,21.06574],[-103.14292,21.0655],[-103.14259,21.06483],[-103.14283,21.06644],[-103.15143,21.06639]]],[[[-103.13564,21.0723],[-103.13452,21.07386],[-103.13603,21.07865],[-103.13732,21.07655],[-103.13564,21.0723]]],[[[-103.13239,21.05864],[-103.13239,21.05912],[-103.13304,21.05963],[-103.13239,21.05864]]],[[[-103.13154,21.05745],[-103.13156,21.05828],[-103.13224,21.05828],[-103.13154,21.05745]]],[[[-103.12823,21.05964],[-103.12823,21.05912],[-103.12906,21.05828],[-103.12906,21.05762],[-103.1275,21.05886],[-103.12823,21.05964]]],[[[-103.12812,21.05995],[-103.12823,21.05995],[-103.12823,21.05993],[-103.12812,21.05995]]],[[[-103.12683,21.06162],[-103.12739,21.06162],[-103.12739,21.06078],[-103.12739,21.06008],[-103.12683,21.06162]]],[[[-103.59246,22.50547],[-103.59401,22.50583],[-103.59456,22.50542],[-103.59246,22.50547]]],[[[-103.46812,22.29242],[-103.46971,22.29153],[-103.4688,22.28819],[-103.46559,22.29204],[-103.46812,22.29242]]],[[[-103.47443,22.28636],[-103.47656,22.288],[-103.47652,22.28406],[-103.47438,22.28398],[-103.47443,22.28636]]],[[[-103.46916,22.28348],[-103.4681,22.28615],[-103.47077,22.28548],[-103.47096,22.28235],[-103.46916,22.28348]]],[[[-103.47217,22.29912],[-103.47505,22.30272],[-103.47652,22.30193],[-103.47482,22.29951],[-103.47217,22.29912]]],[[[-103.45826,22.29611],[-103.46097,22.29713],[-103.46004,22.29293],[-103.45826,22.29611]]],[[[-103.63652,22.18738],[-103.63921,22.18656],[-103.63807,22.18409],[-103.63652,22.18738]]],[[[-103.63148,22.18889],[-103.63503,22.19001],[-103.63697,22.18884],[-103.63465,22.18617],[-103.63148,22.18889]]],[[[-103.42608,22.18525],[-103.4252,22.18776],[-103.43037,22.18529],[-103.42787,22.18497],[-103.42608,22.18525]]],[[[-103.34442,21.91337],[-103.34503,21.91347],[-103.34975,21.91226],[-103.3498,21.91108],[-103.34427,21.91224],[-103.34442,21.91337]]],[[[-103.34082,21.91959],[-103.34347,21.91693],[-103.34406,21.91347],[-103.33871,21.91345],[-103.33805,21.91989],[-103.34082,21.91959]]],[[[-103.32869,21.94027],[-103.32829,21.93986],[-103.32738,21.93985],[-103.32723,21.94088],[-103.32688,21.94064],[-103.32873,21.94263],[-103.32806,21.94172],[-103.32932,21.94089],[-103.32869,21.94027]]],[[[-103.29044,21.96277],[-103.28865,21.96678],[-103.29065,21.96691],[-103.29222,21.96063],[-103.29044,21.96277]]],[[[-103.27061,21.96249],[-103.27061,21.96253],[-103.27144,21.96206],[-103.27061,21.96249]]],[[[-103.26995,21.96253],[-103.26978,21.96336],[-103.27025,21.96336],[-103.27061,21.96325],[-103.27061,21.96253],[-103.27057,21.96253],[-103.26995,21.96253]]],[[[-103.26728,21.96437],[-103.26728,21.9642],[-103.26688,21.9642],[-103.26728,21.96437]]],[[[-103.2691,21.96336],[-103.26728,21.9642],[-103.26875,21.9642],[-103.2691,21.96336]]],[[[-103.26978,21.9635],[-103.26978,21.96336],[-103.26939,21.96336],[-103.26978,21.9635]]],[[[-103.30652,21.9428],[-103.30303,21.9458],[-103.30443,21.94824],[-103.30632,21.94605],[-103.30652,21.9428]]],[[[-103.29807,21.93755],[-103.29808,21.93672],[-103.29725,21.93755],[-103.29755,21.93755],[-103.29807,21.93755]]],[[[-103.29808,21.93663],[-103.29808,21.93672],[-103.29828,21.93672],[-103.29808,21.93663]]],[[[-103.29675,21.93755],[-103.29642,21.93838],[-103.29725,21.93755],[-103.29682,21.93755],[-103.29675,21.93755]]],[[[-103.29142,21.95153],[-103.29142,21.9509],[-103.29141,21.95087],[-103.29059,21.95171],[-103.29131,21.95171],[-103.29142,21.95153]]],[[[-103.28783,21.9542],[-103.28839,21.9542],[-103.28893,21.95378],[-103.28893,21.95337],[-103.2883,21.95337],[-103.28783,21.9542]]],[[[-103.28476,21.95575],[-103.28476,21.95587],[-103.2856,21.95539],[-103.28476,21.95575]]],[[[-103.28371,21.9567],[-103.28476,21.95587],[-103.28452,21.95587],[-103.28371,21.9567]]],[[[-103.2997,21.94948],[-103.29703,21.95178],[-103.29882,21.95218],[-103.2997,21.94948]]],[[[-103.27625,21.95837],[-103.27644,21.95754],[-103.27606,21.95754],[-103.27625,21.95837]]],[[[-103.27893,21.95612],[-103.27893,21.9567],[-103.2795,21.9567],[-103.27893,21.95612]]],[[[-103.28077,21.9567],[-103.28125,21.9567],[-103.28231,21.95587],[-103.27911,21.95587],[-103.28077,21.9567]]],[[[-103.31906,21.95427],[-103.31827,21.95087],[-103.31683,21.95321],[-103.31906,21.95427]]],[[[-103.29569,21.95459],[-103.29311,21.95793],[-103.29687,21.95526],[-103.29569,21.95459]]],[[[-103.3178,21.9209],[-103.31724,21.9209],[-103.31807,21.92173],[-103.31807,21.92104],[-103.3178,21.9209]]],[[[-103.30936,21.9259],[-103.30974,21.92506],[-103.3074,21.92506],[-103.30767,21.9259],[-103.30851,21.9259],[-103.30936,21.9259]]],[[[-103.30974,21.92464],[-103.30974,21.92506],[-103.31037,21.92506],[-103.30974,21.92464]]],[[[-103.32621,21.93963],[-103.32609,21.93942],[-103.32191,21.93833],[-103.32133,21.94189],[-103.32316,21.94478],[-103.32428,21.9399],[-103.32621,21.93963]]],[[[-103.32483,21.94655],[-103.32711,21.94695],[-103.32932,21.94485],[-103.32732,21.94268],[-103.32483,21.94655]]],[[[-103.31326,21.94334],[-103.31534,21.94286],[-103.31336,21.94056],[-103.31334,21.93777],[-103.31112,21.93932],[-103.31326,21.94334]]],[[[-103.34674,21.9009],[-103.34591,21.90074],[-103.34323,21.90556],[-103.34693,21.90677],[-103.34856,21.90519],[-103.34849,21.90146],[-103.34674,21.9009]]],[[[-103.34101,21.90065],[-103.34115,21.90308],[-103.34362,21.90071],[-103.34101,21.90065]]],[[[-103.26857,21.29185],[-103.2686,21.29182],[-103.26807,21.28967],[-103.26527,21.29192],[-103.26696,21.29339],[-103.26824,21.29216],[-103.26857,21.29185]]],[[[-103.32679,21.27943],[-103.32727,21.27994],[-103.32818,21.28093],[-103.32887,21.27794],[-103.32636,21.27896],[-103.32679,21.27943]]],[[[-103.32016,21.27042],[-103.32218,21.27117],[-103.32358,21.26812],[-103.32094,21.26845],[-103.32016,21.27042]]],[[[-103.32489,21.26644],[-103.32745,21.26646],[-103.32551,21.26064],[-103.32489,21.26644]]],[[[-103.3413,21.25408],[-103.34296,21.25074],[-103.34015,21.25194],[-103.3413,21.25408]]],[[[-103.3299,21.26409],[-103.33211,21.26348],[-103.33202,21.2613],[-103.3299,21.26409]]],[[[-103.34,21.2339],[-103.3395,21.23474],[-103.34035,21.23603],[-103.34336,21.23351],[-103.34346,21.23179],[-103.34054,21.233],[-103.34047,21.23311],[-103.34,21.2339]]],[[[-103.34779,21.21497],[-103.34703,21.21607],[-103.34709,21.21927],[-103.35078,21.21971],[-103.34899,21.2217],[-103.34928,21.22461],[-103.34677,21.22506],[-103.34767,21.22916],[-103.34964,21.22576],[-103.35294,21.22264],[-103.3509,21.22103],[-103.35288,21.21934],[-103.35196,21.21554],[-103.35431,21.21211],[-103.35111,21.21006],[-103.34961,21.21278],[-103.34779,21.21497]]],[[[-103.36731,21.21123],[-103.36684,21.21008],[-103.36466,21.2131],[-103.36713,21.21335],[-103.36731,21.21123]]],[[[-103.37331,21.18826],[-103.37359,21.19175],[-103.36758,21.19356],[-103.36296,21.19635],[-103.36188,21.19897],[-103.35829,21.20063],[-103.35631,21.19998],[-103.35418,21.20215],[-103.36003,21.20625],[-103.35925,21.20911],[-103.3569,21.20764],[-103.35625,21.20507],[-103.3535,21.20553],[-103.35424,21.20809],[-103.3564,21.2085],[-103.35445,21.21323],[-103.35697,21.21573],[-103.35992,21.21101],[-103.3624,21.20946],[-103.3663,21.20419],[-103.37052,21.199],[-103.37296,21.19933],[-103.37647,21.19869],[-103.37479,21.19653],[-103.37514,21.19268],[-103.3784,21.19004],[-103.37331,21.18826]]],[[[-103.3762,21.17525],[-103.37595,21.17532],[-103.37541,21.17819],[-103.37149,21.17913],[-103.36967,21.18302],[-103.36804,21.18374],[-103.36771,21.18632],[-103.36785,21.18644],[-103.37204,21.18778],[-103.37209,21.18504],[-103.37549,21.18441],[-103.37478,21.181],[-103.3762,21.17525]]],[[[-103.37242,21.14988],[-103.37302,21.15071],[-103.37302,21.15094],[-103.37323,21.14896],[-103.37242,21.14988]]],[[[-103.37879,21.17452],[-103.37761,21.17485],[-103.37739,21.17748],[-103.38185,21.17723],[-103.37963,21.18045],[-103.38231,21.17926],[-103.38343,21.18154],[-103.38451,21.17868],[-103.38275,21.17659],[-103.38749,21.17835],[-103.38993,21.17497],[-103.38646,21.17645],[-103.3849,21.17537],[-103.38049,21.17569],[-103.37879,21.17452]]],[[[-103.40082,21.18121],[-103.40252,21.18082],[-103.40129,21.17823],[-103.4044,21.17975],[-103.40438,21.17799],[-103.39969,21.17635],[-103.39855,21.1796],[-103.40082,21.18121]]],[[[-103.38951,21.1595],[-103.39141,21.15451],[-103.38722,21.15613],[-103.3871,21.15166],[-103.3835,21.14984],[-103.38266,21.15324],[-103.38529,21.15525],[-103.38243,21.15584],[-103.38297,21.16017],[-103.38599,21.15769],[-103.38951,21.1595]]],[[[-103.38153,21.1899],[-103.38395,21.1904],[-103.38559,21.18824],[-103.38876,21.18814],[-103.38842,21.18591],[-103.38306,21.18639],[-103.38153,21.1899]]],[[[-103.12157,21.43284],[-103.1224,21.43297],[-103.12157,21.43214],[-103.12157,21.43223],[-103.12157,21.43284]]],[[[-103.12485,21.40799],[-103.12406,21.40799],[-103.12526,21.40883],[-103.12485,21.40799]]],[[[-103.13685,21.39195],[-103.13825,21.39086],[-103.13612,21.3876],[-103.14142,21.3879],[-103.14295,21.38475],[-103.14015,21.38314],[-103.13464,21.3861],[-103.13497,21.38868],[-103.13685,21.39195]]],[[[-103.124,21.40799],[-103.12406,21.40799],[-103.12358,21.40716],[-103.124,21.40799]]],[[[-103.09967,21.42415],[-103.09841,21.42523],[-103.0977,21.42541],[-103.09615,21.4258],[-103.09576,21.42766],[-103.09585,21.42812],[-103.09762,21.42882],[-103.10158,21.4257],[-103.10395,21.4259],[-103.09986,21.42951],[-103.10147,21.4303],[-103.10345,21.42913],[-103.10425,21.42572],[-103.09967,21.42415]]],[[[-103.09575,21.434],[-103.09575,21.43431],[-103.09575,21.43464],[-103.09585,21.43464],[-103.0959,21.43432],[-103.09575,21.434]]],[[[-103.09095,21.42588],[-103.09347,21.42493],[-103.0894,21.42596],[-103.09072,21.42596],[-103.09095,21.42588]]],[[[-103.0953,21.42398],[-103.09518,21.42232],[-103.09377,21.42482],[-103.09509,21.42432],[-103.0953,21.42398]]],[[[-103.13572,21.41503],[-103.13655,21.41549],[-103.13607,21.41465],[-103.13572,21.41503]]],[[[-103.12354,21.38776],[-103.12738,21.38575],[-103.13144,21.38434],[-103.1353,21.3846],[-103.13689,21.38164],[-103.13004,21.38257],[-103.12452,21.38582],[-103.12354,21.38776]]],[[[-103.14917,21.33866],[-103.14749,21.34097],[-103.14775,21.3429],[-103.15098,21.33785],[-103.14917,21.33866]]],[[[-103.14816,21.332],[-103.14821,21.33222],[-103.14888,21.33331],[-103.15207,21.33196],[-103.14816,21.332]]],[[[-103.14698,21.33222],[-103.14581,21.33222],[-103.14405,21.33297],[-103.14405,21.33306],[-103.14821,21.33222],[-103.14716,21.33222],[-103.14698,21.33222]]],[[[-103.14278,21.33389],[-103.14405,21.33306],[-103.14393,21.33306],[-103.14278,21.33389]]],[[[-103.13727,21.33888],[-103.13655,21.33972],[-103.13739,21.33894],[-103.13727,21.33888]]],[[[-103.13642,21.34055],[-103.13655,21.33972],[-103.13624,21.33972],[-103.13642,21.34055]]],[[[-103.13224,21.34638],[-103.13072,21.34638],[-103.13251,21.34721],[-103.13224,21.34638]]],[[[-103.12673,21.34388],[-103.12656,21.34388],[-103.12739,21.34471],[-103.12739,21.34424],[-103.12673,21.34388]]],[[[-103.12381,21.34138],[-103.1224,21.34138],[-103.12406,21.34221],[-103.12406,21.34147],[-103.12381,21.34138]]],[[[-103.12157,21.34062],[-103.1224,21.34138],[-103.1224,21.34089],[-103.12157,21.34062]]],[[[-103.12029,21.33972],[-103.1199,21.33972],[-103.12134,21.34055],[-103.12029,21.33972]]],[[[-103.11959,21.33972],[-103.1199,21.33972],[-103.1199,21.33969],[-103.11959,21.33972]]],[[[-103.11576,21.33805],[-103.11574,21.33805],[-103.1159,21.33888],[-103.11576,21.33805]]],[[[-103.11561,21.33722],[-103.11407,21.33722],[-103.11574,21.33805],[-103.11574,21.33782],[-103.11561,21.33722]]],[[[-103.11122,21.33555],[-103.10991,21.33578],[-103.11044,21.33639],[-103.11324,21.33639],[-103.11324,21.33594],[-103.11122,21.33555]]],[[[-103.11028,21.34055],[-103.11074,21.33972],[-103.10932,21.33972],[-103.11028,21.34055]]],[[[-103.10741,21.34137],[-103.10741,21.34138],[-103.10824,21.34121],[-103.10741,21.34137]]],[[[-103.11287,21.35221],[-103.11574,21.35221],[-103.11574,21.35185],[-103.11517,21.35137],[-103.11253,21.35137],[-103.11287,21.35221]]],[[[-103.11585,21.35221],[-103.11574,21.35221],[-103.11574,21.35271],[-103.11585,21.35221]]],[[[-103.08109,21.39156],[-103.08289,21.39047],[-103.08251,21.38809],[-103.08541,21.38488],[-103.08488,21.38323],[-103.08001,21.38],[-103.07827,21.38233],[-103.08059,21.38639],[-103.07511,21.38914],[-103.0743,21.3856],[-103.07328,21.38865],[-103.0751,21.38969],[-103.08074,21.39013],[-103.08109,21.39156]]],[[[-103.1209,21.38344],[-103.12085,21.38409],[-103.12262,21.38521],[-103.12776,21.38285],[-103.12765,21.37856],[-103.12325,21.37968],[-103.12201,21.3773],[-103.121,21.38214],[-103.1209,21.38344]]],[[[-103.11991,21.38884],[-103.1204,21.38884],[-103.12053,21.38801],[-103.1199,21.38878],[-103.11991,21.38884]]],[[[-103.11713,21.39967],[-103.1174,21.39883],[-103.11688,21.39883],[-103.11713,21.39967]]],[[[-103.1111,21.40801],[-103.10977,21.40832],[-103.10797,21.41145],[-103.11289,21.41181],[-103.11384,21.41056],[-103.11389,21.41035],[-103.11023,21.41014],[-103.1111,21.40801]]],[[[-103.09952,21.41538],[-103.10157,21.41509],[-103.09886,21.41238],[-103.09952,21.41538]]],[[[-103.09186,21.41751],[-103.09197,21.41748],[-103.09332,21.41718],[-103.08844,21.41485],[-103.09165,21.41755],[-103.09186,21.41751]]],[[[-103.1115,21.41992],[-103.11213,21.41885],[-103.10875,21.41694],[-103.10584,21.42042],[-103.10941,21.4224],[-103.10996,21.42175],[-103.1115,21.41992]]],[[[-103.083,21.40447],[-103.08243,21.40383],[-103.07959,21.40232],[-103.07446,21.40537],[-103.07092,21.4065],[-103.07171,21.40741],[-103.07615,21.40737],[-103.07942,21.40951],[-103.08031,21.40731],[-103.08514,21.40859],[-103.08778,21.40812],[-103.083,21.40447]]],[[[-103.02205,21.39153],[-103.02265,21.39414],[-103.02395,21.39588],[-103.02468,21.39562],[-103.02205,21.39153]]],[[[-103.02828,21.38372],[-103.03047,21.38432],[-103.03076,21.38084],[-103.02722,21.37968],[-103.02828,21.38372]]],[[[-103.03325,21.37675],[-103.03292,21.37424],[-103.03032,21.37308],[-103.03047,21.37123],[-103.02789,21.37096],[-103.02734,21.37454],[-103.03336,21.37758],[-103.0333,21.37712],[-103.03325,21.37675]]],[[[-103.07342,21.37932],[-103.07668,21.37917],[-103.07793,21.37646],[-103.07411,21.37594],[-103.07325,21.37427],[-103.06808,21.37542],[-103.07342,21.37932]]],[[[-103.06207,21.37591],[-103.06136,21.3758],[-103.06117,21.3759],[-103.06047,21.379],[-103.06358,21.37698],[-103.06207,21.37591]]],[[[-103.05627,21.38312],[-103.05938,21.3832],[-103.0589,21.3809],[-103.05627,21.38312]]],[[[-103.02778,21.38866],[-103.02941,21.39106],[-103.03006,21.38754],[-103.02694,21.38631],[-103.02778,21.38866]]],[[[-103.0324,21.38892],[-103.034,21.39049],[-103.03428,21.38738],[-103.0324,21.38892]]],[[[-103.07382,21.39623],[-103.0741,21.39717],[-103.07471,21.39675],[-103.07382,21.39623]]],[[[-103.0741,21.39747],[-103.0741,21.39717],[-103.07327,21.39733],[-103.0741,21.39747]]],[[[-103.07229,21.35545],[-103.07455,21.35328],[-103.07104,21.35434],[-103.07229,21.35545]]],[[[-103.07343,21.35266],[-103.07294,21.35113],[-103.06749,21.34843],[-103.06678,21.34922],[-103.07343,21.35266]]],[[[-103.07781,21.35123],[-103.07811,21.35262],[-103.08298,21.34973],[-103.08008,21.34925],[-103.07781,21.35123]]],[[[-103.07052,21.34644],[-103.06987,21.34249],[-103.06677,21.34354],[-103.07052,21.34644]]],[[[-103.08521,21.31578],[-103.08204,21.31797],[-103.07997,21.32306],[-103.07409,21.32577],[-103.07271,21.32423],[-103.07464,21.32196],[-103.07795,21.3232],[-103.07888,21.32153],[-103.07563,21.32056],[-103.0757,21.31705],[-103.07374,21.31229],[-103.07055,21.30992],[-103.06809,21.31025],[-103.06201,21.3087],[-103.05802,21.31124],[-103.05799,21.3129],[-103.05301,21.312],[-103.05262,21.31323],[-103.05275,21.31493],[-103.05282,21.31579],[-103.0563,21.31659],[-103.05674,21.31463],[-103.06212,21.31546],[-103.0639,21.31135],[-103.06537,21.31109],[-103.07333,21.31348],[-103.07298,21.31495],[-103.06954,21.3142],[-103.06898,21.31802],[-103.07111,21.32027],[-103.07102,21.32677],[-103.07196,21.3283],[-103.06835,21.32912],[-103.07394,21.32959],[-103.07597,21.32793],[-103.0799,21.328],[-103.08787,21.32451],[-103.09225,21.32108],[-103.09105,21.31836],[-103.08811,21.31958],[-103.08172,21.32055],[-103.0857,21.31812],[-103.08521,21.31578]]],[[[-103.20165,21.3398],[-103.20223,21.33911],[-103.19828,21.33798],[-103.20118,21.33995],[-103.20165,21.3398]]],[[[-102.97225,21.71807],[-102.97337,21.72932],[-102.97569,21.73031],[-102.97635,21.72366],[-102.97412,21.72227],[-102.97382,21.71927],[-102.97811,21.71886],[-102.97405,21.71806],[-102.97225,21.71781],[-102.97225,21.71807]]],[[[-102.97169,21.71773],[-102.9669,21.71707],[-102.9641,21.71438],[-102.96279,21.71312],[-102.95999,21.70822],[-102.95799,21.70666],[-102.95408,21.70772],[-102.95857,21.71022],[-102.96027,21.71486],[-102.95586,21.7147],[-102.95632,21.71812],[-102.95375,21.72147],[-102.95806,21.72233],[-102.96399,21.72131],[-102.9668,21.72116],[-102.96943,21.72146],[-102.96992,21.72194],[-102.96905,21.72464],[-102.97168,21.72313],[-102.97169,21.71773]]],[[[-102.93517,21.71073],[-102.93611,21.71461],[-102.93827,21.7141],[-102.94251,21.7155],[-102.94573,21.71594],[-102.94488,21.71731],[-102.94709,21.71492],[-102.94803,21.70932],[-102.94498,21.70686],[-102.94685,21.70639],[-102.94968,21.70307],[-102.94938,21.69707],[-102.94151,21.70718],[-102.94303,21.70952],[-102.94718,21.71214],[-102.94638,21.71373],[-102.93594,21.70615],[-102.93933,21.70533],[-102.93277,21.70477],[-102.93241,21.71135],[-102.93517,21.71073]]],[[[-102.92981,21.70944],[-102.92994,21.70765],[-102.92659,21.70676],[-102.92431,21.71002],[-102.92403,21.71514],[-102.92091,21.70993],[-102.92125,21.71356],[-102.92375,21.71753],[-102.93004,21.71494],[-102.92904,21.71215],[-102.92981,21.70944]]],[[[-102.89681,21.7189],[-102.89656,21.72178],[-102.89895,21.71915],[-102.8997,21.71591],[-102.90476,21.71491],[-102.90537,21.7119],[-102.90293,21.71366],[-102.89753,21.71376],[-102.89681,21.7189]]],[[[-102.88643,21.71373],[-102.88636,21.71697],[-102.88801,21.71816],[-102.88944,21.71644],[-102.88643,21.71373]]],[[[-102.94883,21.69071],[-102.94581,21.68769],[-102.94482,21.69159],[-102.94601,21.69456],[-102.94883,21.69071]]],[[[-102.96371,21.67082],[-102.96653,21.66788],[-102.96819,21.66873],[-102.96747,21.66504],[-102.96371,21.67082]]],[[[-102.94991,21.68375],[-102.95295,21.67984],[-102.96223,21.67537],[-102.95828,21.67718],[-102.95268,21.67579],[-102.94662,21.6732],[-102.94436,21.67336],[-102.93757,21.67869],[-102.94055,21.68102],[-102.94416,21.68668],[-102.94416,21.68022],[-102.9455,21.68404],[-102.94991,21.68375]]],[[[-102.9707,21.66565],[-102.97029,21.66408],[-102.96855,21.6617],[-102.96381,21.66056],[-102.9671,21.65879],[-102.96323,21.65711],[-102.95972,21.65903],[-102.96046,21.66119],[-102.96645,21.66362],[-102.97119,21.66762],[-102.97078,21.66589],[-102.9707,21.66565]]],[[[-102.99664,21.67731],[-102.99744,21.67783],[-103.00268,21.67846],[-102.99943,21.68236],[-103.00123,21.68232],[-103.00827,21.67972],[-103.01179,21.68194],[-103.0101,21.68253],[-103.01372,21.68591],[-103.01473,21.68384],[-103.01962,21.6816],[-103.01614,21.68027],[-103.01319,21.6792],[-103.00948,21.67786],[-103.00648,21.67552],[-103.00263,21.67467],[-103.00336,21.67324],[-102.99932,21.67074],[-102.99731,21.67081],[-102.99572,21.66797],[-102.99087,21.66459],[-102.99061,21.6644],[-102.98914,21.66331],[-102.98668,21.66552],[-102.98509,21.6622],[-102.98791,21.6623],[-102.98782,21.66158],[-102.98644,21.65972],[-102.98445,21.66079],[-102.98225,21.6647],[-102.98119,21.66308],[-102.98351,21.65915],[-102.98017,21.6611],[-102.98105,21.66285],[-102.97709,21.66216],[-102.98018,21.66639],[-102.98599,21.66594],[-102.98282,21.66824],[-102.98379,21.67046],[-102.98832,21.67063],[-102.98761,21.67188],[-102.98903,21.67712],[-102.99186,21.67417],[-102.99511,21.6763],[-102.99664,21.67731]]],[[[-102.96597,21.65719],[-102.96751,21.65824],[-102.96902,21.65402],[-102.9669,21.65261],[-102.96542,21.65519],[-102.96374,21.65677],[-102.96597,21.65719]]],[[[-102.95545,21.67564],[-102.95833,21.67586],[-102.96239,21.67257],[-102.96654,21.6645],[-102.95802,21.66117],[-102.95783,21.65653],[-102.95486,21.66102],[-102.95829,21.66345],[-102.95508,21.66784],[-102.95666,21.6697],[-102.95614,21.67223],[-102.95343,21.66996],[-102.95378,21.66786],[-102.94743,21.6687],[-102.94903,21.66562],[-102.94428,21.66574],[-102.93972,21.66712],[-102.94608,21.67027],[-102.94496,21.67155],[-102.9528,21.67513],[-102.95545,21.67564]]],[[[-102.92615,21.67409],[-102.92852,21.67721],[-102.92668,21.67773],[-102.93067,21.67872],[-102.92815,21.68131],[-102.93302,21.68092],[-102.93293,21.67765],[-102.92772,21.67396],[-102.93019,21.67352],[-102.93892,21.6756],[-102.93848,21.67382],[-102.94137,21.67263],[-102.9401,21.67128],[-102.93626,21.67345],[-102.93288,21.6735],[-102.93075,21.67099],[-102.92627,21.66827],[-102.92631,21.67042],[-102.92777,21.67259],[-102.92615,21.67409]]],[[[-102.91702,21.68533],[-102.9133,21.68741],[-102.91413,21.69345],[-102.91205,21.69418],[-102.91441,21.69886],[-102.91132,21.69883],[-102.91264,21.70207],[-102.91018,21.70322],[-102.90861,21.70792],[-102.91103,21.70936],[-102.91298,21.70564],[-102.91679,21.70121],[-102.9205,21.70076],[-102.91873,21.70528],[-102.92162,21.70143],[-102.92001,21.69839],[-102.92077,21.69541],[-102.92324,21.69423],[-102.9197,21.69188],[-102.91616,21.69433],[-102.91494,21.69215],[-102.9202,21.68701],[-102.92258,21.6881],[-102.922,21.68523],[-102.92471,21.68481],[-102.9282,21.68194],[-102.92499,21.67821],[-102.92177,21.67911],[-102.92545,21.68162],[-102.91702,21.68533]]],[[[-102.93137,21.6827],[-102.93444,21.68332],[-102.93746,21.6798],[-102.93661,21.67906],[-102.93137,21.6827]]],[[[-102.93215,21.69061],[-102.93584,21.68717],[-102.93899,21.6879],[-102.93991,21.69009],[-102.94313,21.68901],[-102.94474,21.68935],[-102.94301,21.68638],[-102.94033,21.68565],[-102.93998,21.68225],[-102.93819,21.68222],[-102.93863,21.68656],[-102.93592,21.68588],[-102.93188,21.68829],[-102.92934,21.68856],[-102.93215,21.69061]]],[[[-102.94544,21.69837],[-102.94577,21.70137],[-102.94745,21.69811],[-102.94577,21.69647],[-102.94285,21.68953],[-102.94041,21.69108],[-102.93754,21.69131],[-102.93591,21.69414],[-102.93958,21.6948],[-102.94226,21.69366],[-102.94033,21.69633],[-102.93517,21.69913],[-102.94037,21.69959],[-102.94278,21.70098],[-102.94544,21.69837]]],[[[-102.93559,21.69578],[-102.93321,21.69895],[-102.93808,21.69515],[-102.93559,21.69578]]],[[[-102.92945,21.69582],[-102.93425,21.69414],[-102.92826,21.69036],[-102.93027,21.69428],[-102.92945,21.69582]]],[[[-102.91379,21.70819],[-102.9103,21.71089],[-102.91408,21.71032],[-102.91493,21.70688],[-102.91762,21.70241],[-102.91374,21.70578],[-102.91379,21.70819]]],[[[-102.86958,21.70483],[-102.87301,21.70513],[-102.87424,21.70376],[-102.87111,21.70114],[-102.86958,21.70483]]],[[[-102.91089,21.71442],[-102.915,21.71111],[-102.91008,21.71234],[-102.90802,21.71169],[-102.90631,21.71406],[-102.91089,21.71442]]],[[[-102.86345,21.69108],[-102.86272,21.69607],[-102.86595,21.69612],[-102.86345,21.69108]]],[[[-102.8626,21.69691],[-102.86239,21.69832],[-102.86543,21.70135],[-102.86705,21.70379],[-102.87042,21.70077],[-102.86699,21.70015],[-102.8651,21.6976],[-102.8626,21.69691]]],[[[-102.86342,21.68209],[-102.86387,21.68817],[-102.86373,21.69058],[-102.86571,21.69333],[-102.86758,21.69838],[-102.87258,21.69838],[-102.87396,21.69578],[-102.86854,21.69271],[-102.86553,21.68916],[-102.8661,21.68728],[-102.86342,21.68209]]],[[[-102.88248,21.69199],[-102.88435,21.69441],[-102.88598,21.69078],[-102.88892,21.69052],[-102.88561,21.68773],[-102.88511,21.68541],[-102.88194,21.69054],[-102.88248,21.69199]]],[[[-102.89088,21.68087],[-102.8895,21.68352],[-102.88557,21.6813],[-102.88393,21.6733],[-102.88358,21.67651],[-102.88081,21.67502],[-102.88074,21.67844],[-102.87613,21.67985],[-102.87639,21.68452],[-102.87175,21.67968],[-102.86859,21.67951],[-102.87348,21.68417],[-102.87344,21.68531],[-102.87994,21.68953],[-102.88106,21.69138],[-102.8851,21.68488],[-102.89039,21.68506],[-102.89101,21.6815],[-102.89088,21.68087]]],[[[-102.89441,21.69148],[-102.89612,21.69259],[-102.89519,21.68894],[-102.89099,21.68608],[-102.88972,21.68995],[-102.89088,21.692],[-102.89441,21.69148]]],[[[-102.99834,21.59934],[-102.99856,21.59921],[-102.99876,21.59909],[-102.99982,21.5968],[-102.99915,21.59147],[-102.99777,21.59011],[-102.999,21.58727],[-103.00047,21.59273],[-103.00042,21.5899],[-103.00039,21.58826],[-103.00031,21.58423],[-103.0024,21.58205],[-103.00258,21.58186],[-103.00329,21.58175],[-103.00538,21.57822],[-103.00067,21.57807],[-103.00059,21.57808],[-102.99867,21.57846],[-102.9972,21.57874],[-102.99807,21.5827],[-102.99606,21.58651],[-102.99759,21.59552],[-102.99265,21.59997],[-102.99812,21.59947],[-102.99834,21.59934]]],[[[-102.99626,21.60822],[-102.99563,21.60823],[-102.99461,21.60825],[-102.99427,21.60826],[-102.98799,21.60614],[-102.98697,21.6132],[-102.98334,21.61411],[-102.98251,21.61594],[-102.98575,21.61578],[-102.99026,21.6204],[-102.98946,21.62128],[-102.99026,21.62136],[-102.99051,21.62001],[-102.9878,21.6145],[-102.99316,21.60968],[-103.00075,21.61077],[-103.00996,21.61504],[-103.00813,21.61356],[-103.00748,21.61304],[-103.0063,21.61244],[-103.00605,21.61233],[-103.00504,21.61187],[-103.00118,21.6101],[-102.99794,21.60862],[-102.99769,21.60851],[-102.99758,21.60846],[-102.99635,21.60822],[-102.99626,21.60822]]],[[[-103.01908,21.62602],[-103.02167,21.62898],[-103.03151,21.63662],[-103.03333,21.63528],[-103.03215,21.63416],[-103.02459,21.62927],[-103.02255,21.62597],[-103.02527,21.62764],[-103.02285,21.62536],[-103.02255,21.62508],[-103.02071,21.62333],[-103.01908,21.62602]]],[[[-103.01275,21.62156],[-103.0181,21.62507],[-103.01297,21.62067],[-103.01275,21.62156]]],[[[-103.01546,21.61893],[-103.00999,21.61661],[-103.00854,21.61745],[-103.01181,21.61992],[-103.01569,21.62051],[-103.0155,21.61896],[-103.01546,21.61893]]],[[[-103.00801,21.62733],[-103.01005,21.62587],[-103.00968,21.62441],[-103.00901,21.61947],[-103.003,21.61738],[-103.00134,21.62035],[-102.99861,21.62126],[-103.00062,21.6232],[-103.00764,21.62434],[-103.00801,21.62733]]],[[[-103.00482,21.62682],[-103.00609,21.62815],[-103.00644,21.62814],[-103.00778,21.62745],[-103.00482,21.62682]]],[[[-103.00799,21.64812],[-103.00446,21.64441],[-103.00419,21.64642],[-102.99824,21.64319],[-102.9951,21.6397],[-102.9953,21.64275],[-102.99724,21.6426],[-102.99725,21.64657],[-102.99905,21.64635],[-103.00814,21.65053],[-103.00799,21.64812]]],[[[-103.04127,21.649],[-103.04204,21.6482],[-103.04044,21.6433],[-103.03425,21.63615],[-103.03328,21.63711],[-103.04127,21.649]]],[[[-102.99646,21.65774],[-102.99826,21.6573],[-102.99847,21.65668],[-102.99474,21.6512],[-102.99284,21.65322],[-102.99646,21.65774]]],[[[-103.00755,21.67516],[-103.00308,21.67154],[-103.00153,21.67201],[-103.00372,21.67341],[-103.0036,21.67467],[-103.00755,21.67516]]],[[[-103.02117,21.6907],[-103.02292,21.68489],[-103.01922,21.68774],[-103.02153,21.68864],[-103.02117,21.6907]]],[[[-103.01536,21.69591],[-103.01383,21.69428],[-103.0157,21.68832],[-103.01229,21.68978],[-103.01366,21.69577],[-103.01536,21.69591]]],[[[-103.02348,21.69292],[-103.02173,21.69123],[-103.01963,21.69612],[-103.01973,21.69864],[-103.02203,21.69985],[-103.02539,21.69544],[-103.02448,21.69388],[-103.02348,21.69292]]],[[[-102.97021,21.65431],[-102.97231,21.65215],[-102.97152,21.64834],[-102.96649,21.65098],[-102.97021,21.65431]]],[[[-102.96202,21.65368],[-102.96534,21.65467],[-102.96558,21.65159],[-102.96202,21.65368]]],[[[-102.96177,21.65334],[-102.95976,21.64905],[-102.95592,21.6521],[-102.96177,21.65334]]],[[[-102.94087,21.66112],[-102.94428,21.66164],[-102.95012,21.65877],[-102.94974,21.66064],[-102.95304,21.65973],[-102.95277,21.65614],[-102.9556,21.65363],[-102.9541,21.65292],[-102.95125,21.65542],[-102.94767,21.65416],[-102.94214,21.65783],[-102.94087,21.66112]]],[[[-102.94915,21.66471],[-102.95009,21.66283],[-102.95379,21.66459],[-102.95458,21.66272],[-102.95176,21.66291],[-102.9486,21.66141],[-102.94915,21.66471]]],[[[-102.92601,21.64116],[-102.92965,21.63884],[-102.92828,21.63775],[-102.9297,21.63377],[-102.92521,21.63185],[-102.92513,21.6412],[-102.92601,21.64116]]],[[[-102.96251,21.64426],[-102.96547,21.64421],[-102.96545,21.64319],[-102.96375,21.64239],[-102.96251,21.64426]]],[[[-102.96468,21.64481],[-102.96811,21.64462],[-102.96968,21.64341],[-102.96961,21.63904],[-102.97138,21.63543],[-102.96654,21.63882],[-102.96647,21.64285],[-102.96598,21.64423],[-102.96468,21.64481]]],[[[-102.93257,21.63549],[-102.93446,21.6342],[-102.9321,21.63312],[-102.93257,21.63549]]],[[[-102.97119,21.63162],[-102.97191,21.63308],[-102.9731,21.62687],[-102.97129,21.62789],[-102.97119,21.63162]]],[[[-102.97699,21.61961],[-102.97583,21.62431],[-102.97361,21.62656],[-102.97424,21.6284],[-102.98197,21.62368],[-102.98195,21.61477],[-102.98029,21.6193],[-102.97764,21.61857],[-102.97699,21.61961]]],[[[-102.91681,21.61346],[-102.91891,21.61144],[-102.91689,21.61016],[-102.91681,21.61346]]],[[[-102.98623,21.60539],[-102.9845,21.60992],[-102.98532,21.61235],[-102.98652,21.60551],[-102.98623,21.60539]]],[[[-102.98299,21.61755],[-102.98318,21.62226],[-102.98417,21.62095],[-102.98299,21.61755]]],[[[-102.98608,21.62327],[-102.9888,21.62455],[-102.98892,21.62201],[-102.98678,21.62035],[-102.98608,21.62327]]],[[[-102.99813,21.62835],[-102.9978,21.62814],[-102.99528,21.63301],[-102.99882,21.63279],[-103.001,21.63244],[-103.00166,21.63233],[-102.99835,21.62851],[-102.99813,21.62835]]],[[[-102.99234,21.63277],[-102.99495,21.63256],[-102.99559,21.6305],[-102.99149,21.62809],[-102.99072,21.63119],[-102.99234,21.63277]]],[[[-102.97421,21.63491],[-102.97514,21.63371],[-102.97329,21.62998],[-102.97228,21.63414],[-102.97421,21.63491]]],[[[-102.99942,21.63913],[-102.99736,21.63698],[-102.99676,21.63891],[-102.99942,21.63913]]],[[[-102.9879,21.63948],[-102.98869,21.63601],[-102.98728,21.63563],[-102.98641,21.64025],[-102.9879,21.63948]]],[[[-102.98163,21.6422],[-102.9807,21.63856],[-102.98464,21.63991],[-102.98173,21.63806],[-102.98062,21.63803],[-102.98073,21.6389],[-102.97929,21.64077],[-102.98163,21.6422]]],[[[-102.96289,21.64641],[-102.96244,21.64756],[-102.96596,21.65094],[-102.97083,21.6483],[-102.96949,21.64678],[-102.9714,21.6448],[-102.97214,21.64022],[-102.97449,21.6369],[-102.97136,21.63913],[-102.9701,21.64346],[-102.96888,21.64491],[-102.96289,21.64641]]],[[[-102.96145,21.65041],[-102.9628,21.65285],[-102.96543,21.65136],[-102.96203,21.64774],[-102.96141,21.64592],[-102.95983,21.64819],[-102.96145,21.65041]]],[[[-102.95251,21.65038],[-102.95741,21.64904],[-102.95168,21.64722],[-102.94843,21.64508],[-102.94488,21.64791],[-102.94614,21.64957],[-102.95086,21.64904],[-102.95251,21.65038]]],[[[-102.98389,21.64498],[-102.98335,21.64472],[-102.9811,21.64702],[-102.98274,21.64847],[-102.98389,21.64498]]],[[[-102.98869,21.64761],[-102.98658,21.64628],[-102.98669,21.64962],[-102.98876,21.65189],[-102.98869,21.64761]]],[[[-102.98322,21.65118],[-102.98488,21.65318],[-102.98688,21.65064],[-102.98446,21.64856],[-102.98014,21.65096],[-102.98322,21.65118]]],[[[-102.97648,21.65413],[-102.97801,21.65325],[-102.97403,21.64786],[-102.97243,21.64917],[-102.97243,21.65401],[-102.97648,21.65413]]],[[[-103.00445,21.64441],[-103.00061,21.64038],[-103.00019,21.64209],[-103.00262,21.64496],[-103.00445,21.64441]]],[[[-102.9951,21.62141],[-102.99845,21.61958],[-102.99468,21.61919],[-102.99831,21.61648],[-102.9912,21.61495],[-102.98973,21.61756],[-102.99425,21.61926],[-102.9951,21.62141]]],[[[-102.99994,21.61638],[-103.0056,21.61745],[-102.99314,21.61127],[-102.9917,21.61247],[-102.99558,21.61513],[-102.99994,21.61638]]],[[[-103.01624,21.5767],[-103.0163,21.57377],[-103.00643,21.57741],[-103.00452,21.58119],[-103.00879,21.58078],[-103.01244,21.5825],[-103.01267,21.58221],[-103.0146,21.57992],[-103.01622,21.57762],[-103.01624,21.5767]]],[[[-102.93105,21.58053],[-102.932,21.58145],[-102.93269,21.58211],[-102.93739,21.58307],[-102.93881,21.58326],[-102.93558,21.58967],[-102.93999,21.58562],[-102.93881,21.58316],[-102.94434,21.57923],[-102.93863,21.57899],[-102.93254,21.57389],[-102.93039,21.57988],[-102.93105,21.58053]]],[[[-102.90661,21.57052],[-102.90647,21.5707],[-102.90752,21.57098],[-102.90679,21.57039],[-102.90661,21.57052]]],[[[-102.94375,21.57384],[-102.94956,21.57227],[-102.9517,21.5684],[-102.95531,21.56662],[-102.96115,21.56117],[-102.95704,21.56115],[-102.95235,21.56604],[-102.94972,21.56556],[-102.95025,21.56154],[-102.947,21.56337],[-102.94558,21.56191],[-102.9441,21.56418],[-102.94775,21.56423],[-102.94375,21.57384]]],[[[-103.01528,21.5603],[-103.01425,21.56349],[-103.01702,21.56087],[-103.01528,21.5603]]],[[[-103.01585,21.55934],[-103.02,21.56081],[-103.02243,21.55732],[-103.02068,21.55576],[-103.01627,21.55879],[-103.01585,21.55934]]],[[[-102.94972,21.55777],[-102.95185,21.55753],[-102.95161,21.55517],[-102.94972,21.55777]]],[[[-103.03392,21.55657],[-103.03372,21.54998],[-103.02929,21.55375],[-103.02783,21.55446],[-103.03068,21.55819],[-103.03237,21.55866],[-103.03392,21.55657]]],[[[-103.02181,21.55936],[-103.0232,21.56039],[-103.03132,21.55927],[-103.02862,21.5565],[-103.02571,21.55594],[-103.02181,21.55936]]],[[[-103.05728,21.5527],[-103.05687,21.55129],[-103.05739,21.55049],[-103.06101,21.54494],[-103.06509,21.54408],[-103.06245,21.53762],[-103.06231,21.53759],[-103.06158,21.53747],[-103.06035,21.54063],[-103.05809,21.54243],[-103.05761,21.54049],[-103.05594,21.5455],[-103.05747,21.54652],[-103.05422,21.55025],[-103.05046,21.55203],[-103.05065,21.55418],[-103.05132,21.55497],[-103.05218,21.55571],[-103.05283,21.55584],[-103.05304,21.55589],[-103.05494,21.55629],[-103.05567,21.55262],[-103.05728,21.5527]]],[[[-103.02097,21.56155],[-103.01905,21.56081],[-103.01397,21.56435],[-103.01246,21.56665],[-103.0115,21.57052],[-103.01214,21.57444],[-103.0158,21.57285],[-103.0145,21.56795],[-103.01632,21.56731],[-103.02087,21.5617],[-103.02097,21.56155]]],[[[-102.96001,21.56738],[-102.96278,21.56718],[-102.96385,21.56336],[-102.96001,21.56738]]],[[[-103.03944,21.55508],[-103.03791,21.54931],[-103.03524,21.55047],[-103.035,21.55436],[-103.03944,21.55508]]],[[[-102.95369,21.5497],[-102.95554,21.54707],[-102.95186,21.54788],[-102.95369,21.5497]]],[[[-102.96445,21.54722],[-102.96895,21.54588],[-102.97109,21.54338],[-102.96741,21.54199],[-102.96675,21.54505],[-102.9633,21.54423],[-102.96445,21.54722]]],[[[-102.97596,21.53669],[-102.97425,21.53704],[-102.97289,21.53732],[-102.97039,21.53936],[-102.97295,21.54182],[-102.97176,21.5441],[-102.97489,21.54388],[-102.97724,21.54196],[-102.97727,21.53666],[-102.97596,21.53669]]],[[[-102.99191,21.60249],[-102.99233,21.6025],[-102.9931,21.60245],[-102.99402,21.60191],[-102.99522,21.60119],[-102.99707,21.6001],[-102.9924,21.60071],[-102.99191,21.60249]]],[[[-102.88349,21.704],[-102.88403,21.70035],[-102.87996,21.70012],[-102.8816,21.70435],[-102.88349,21.704]]],[[[-102.88653,21.70149],[-102.88434,21.70415],[-102.88735,21.70533],[-102.88928,21.70152],[-102.88653,21.70149]]],[[[-102.8424,21.80457],[-102.84247,21.80515],[-102.84602,21.79997],[-102.8424,21.80457]]],[[[-102.99542,21.72152],[-102.99585,21.71983],[-102.99063,21.72018],[-102.99542,21.72152]]],[[[-102.86472,21.8064],[-102.865,21.80611],[-102.86523,21.80587],[-102.86678,21.80426],[-102.86405,21.80375],[-102.86472,21.8064]]],[[[-102.85365,21.79391],[-102.86089,21.79099],[-102.85886,21.78623],[-102.85876,21.78226],[-102.86098,21.78025],[-102.85942,21.77903],[-102.85686,21.78359],[-102.85823,21.78786],[-102.8544,21.79059],[-102.85365,21.79391]]],[[[-102.86716,21.77975],[-102.86617,21.77788],[-102.86764,21.77411],[-102.86336,21.77771],[-102.86716,21.77975]]],[[[-102.87273,21.76829],[-102.86935,21.77199],[-102.87218,21.77231],[-102.87609,21.7683],[-102.87697,21.76935],[-102.88175,21.76835],[-102.88186,21.76677],[-102.87839,21.76414],[-102.87661,21.76655],[-102.87273,21.76829]]],[[[-102.89109,21.74832],[-102.89531,21.74418],[-102.89259,21.74574],[-102.8899,21.74229],[-102.88719,21.74383],[-102.89109,21.74832]]],[[[-102.88804,21.7547],[-102.88804,21.75231],[-102.88591,21.75395],[-102.88804,21.7547]]],[[[-102.90205,21.7329],[-102.90505,21.72948],[-102.90333,21.72934],[-102.90205,21.7329]]],[[[-102.91809,21.72782],[-102.91917,21.72473],[-102.91772,21.72679],[-102.91551,21.72631],[-102.91721,21.7276],[-102.91809,21.72782]]],[[[-102.88731,21.75757],[-102.88557,21.75426],[-102.88194,21.75822],[-102.88391,21.75977],[-102.88045,21.76375],[-102.88137,21.76565],[-102.88771,21.76193],[-102.88719,21.75893],[-102.88731,21.75757]]],[[[-102.98222,21.7874],[-102.98335,21.78848],[-102.98633,21.79204],[-102.98864,21.79572],[-102.99022,21.79853],[-102.9944,21.79988],[-102.99771,21.80361],[-103.00237,21.8117],[-103.00428,21.81368],[-103.00446,21.81386],[-103.00825,21.81781],[-103.01099,21.81889],[-103.00923,21.81527],[-103.00611,21.81261],[-103.00223,21.80523],[-103.00202,21.80513],[-103.00054,21.80441],[-102.99736,21.80022],[-102.99223,21.79614],[-102.99045,21.79262],[-102.99428,21.79164],[-102.99119,21.78798],[-102.98997,21.79266],[-102.98753,21.78883],[-102.98419,21.78073],[-102.98781,21.77801],[-102.98381,21.77915],[-102.98056,21.77602],[-102.98159,21.77943],[-102.985,21.78412],[-102.98242,21.78325],[-102.97977,21.77596],[-102.97719,21.77297],[-102.97973,21.7732],[-102.98154,21.77537],[-102.98723,21.76962],[-102.99212,21.76959],[-102.99215,21.76811],[-102.98354,21.76517],[-102.98211,21.76812],[-102.97822,21.77206],[-102.97773,21.77257],[-102.9777,21.77257],[-102.96896,21.76788],[-102.97552,21.7724],[-102.97715,21.77524],[-102.97635,21.77708],[-102.97979,21.78184],[-102.98113,21.78603],[-102.98186,21.78704],[-102.98191,21.7871],[-102.982,21.78719],[-102.9822,21.78737],[-102.98222,21.7874]]],[[[-103.00189,21.79623],[-102.99683,21.79348],[-102.99781,21.79685],[-103.00189,21.79623]]],[[[-102.88717,21.78657],[-102.88719,21.78172],[-102.88633,21.7794],[-102.88221,21.77962],[-102.88144,21.77825],[-102.87919,21.78069],[-102.87762,21.77935],[-102.87912,21.77482],[-102.87368,21.77903],[-102.87207,21.78195],[-102.87191,21.7858],[-102.86987,21.78573],[-102.87104,21.78987],[-102.87464,21.7887],[-102.8792,21.78561],[-102.88283,21.78554],[-102.88483,21.78609],[-102.88657,21.78699],[-102.88717,21.78657]]],[[[-102.97117,21.74028],[-102.97293,21.74147],[-102.97711,21.74312],[-102.98196,21.7456],[-102.97777,21.7402],[-102.97575,21.74131],[-102.97385,21.74055],[-102.9733,21.74146],[-102.97251,21.73712],[-102.97367,21.7357],[-102.97156,21.73157],[-102.97049,21.73742],[-102.97117,21.74028]]],[[[-102.98646,21.73688],[-102.98847,21.73401],[-102.9922,21.73587],[-102.9915,21.73412],[-102.98826,21.73313],[-102.98627,21.73436],[-102.98122,21.73393],[-102.98646,21.73688]]],[[[-102.98118,21.74004],[-102.98569,21.7402],[-102.98159,21.73893],[-102.98118,21.74004]]],[[[-102.98545,21.74774],[-102.98543,21.74849],[-102.99303,21.74891],[-102.99121,21.74758],[-102.98545,21.74774]]],[[[-102.98651,21.74998],[-102.99002,21.75247],[-102.99236,21.75059],[-102.99087,21.74883],[-102.98651,21.74998]]],[[[-102.90347,21.72231],[-102.90131,21.72588],[-102.89805,21.72652],[-102.89844,21.72739],[-102.90002,21.72889],[-102.90267,21.72572],[-102.9055,21.72693],[-102.9061,21.72469],[-102.90508,21.72228],[-102.90347,21.72231]]],[[[-102.93473,21.71821],[-102.94185,21.71758],[-102.93975,21.71524],[-102.93711,21.71496],[-102.93473,21.71821]]],[[[-103.46797,21.27665],[-103.46798,21.27667],[-103.46831,21.27716],[-103.46833,21.27727],[-103.46812,21.27526],[-103.47257,21.27964],[-103.4762,21.28105],[-103.47126,21.27628],[-103.4712,21.27433],[-103.46833,21.27475],[-103.46515,21.27347],[-103.4676,21.27611],[-103.46797,21.27665]]],[[[-103.43886,21.26976],[-103.43918,21.27004],[-103.44015,21.2712],[-103.44258,21.27048],[-103.43957,21.26788],[-103.43882,21.26972],[-103.43886,21.26976]]],[[[-103.45358,21.26633],[-103.45646,21.26991],[-103.45776,21.26948],[-103.45358,21.26633]]],[[[-103.44642,21.22398],[-103.44796,21.22315],[-103.44564,21.22315],[-103.44642,21.22398]]],[[[-103.43862,21.23524],[-103.43806,21.23503],[-103.43463,21.23604],[-103.43487,21.23636],[-103.43862,21.23524]]],[[[-103.41815,21.23254],[-103.42056,21.23253],[-103.42232,21.23027],[-103.41815,21.23254]]],[[[-103.42296,21.23033],[-103.42465,21.23154],[-103.42543,21.2284],[-103.42243,21.22815],[-103.42296,21.23033]]],[[[-103.46772,21.20005],[-103.46794,21.20067],[-103.46795,21.20067],[-103.46772,21.20005]]],[[[-103.5314,21.20399],[-103.53345,21.20278],[-103.53038,21.20187],[-103.5314,21.20399]]],[[[-103.52789,21.20533],[-103.52789,21.20566],[-103.52957,21.20566],[-103.52789,21.20533]]],[[[-103.52825,21.21099],[-103.52706,21.21232],[-103.52873,21.21263],[-103.52825,21.21099]]],[[[-103.5066,21.25515],[-103.50444,21.2529],[-103.50231,21.25448],[-103.5066,21.25515]]],[[[-103.50042,21.28595],[-103.50042,21.28643],[-103.50212,21.28643],[-103.50042,21.28595]]],[[[-103.52317,21.19665],[-103.52713,21.19566],[-103.52537,21.19475],[-103.52317,21.19665]]],[[[-103.44571,21.18548],[-103.44773,21.18582],[-103.4496,21.1817],[-103.44756,21.18064],[-103.44183,21.18049],[-103.44182,21.1827],[-103.44792,21.18268],[-103.44571,21.18548]]],[[[-103.52794,21.18329],[-103.52966,21.18247],[-103.52953,21.17594],[-103.52611,21.17448],[-103.52475,21.1767],[-103.52578,21.18218],[-103.52794,21.18329]]],[[[-103.53148,21.18352],[-103.53383,21.18291],[-103.53137,21.17983],[-103.53148,21.18352]]],[[[-103.44872,21.18667],[-103.45019,21.18786],[-103.45231,21.18555],[-103.44872,21.18667]]],[[[-103.49745,21.16935],[-103.50202,21.16676],[-103.4969,21.16702],[-103.49745,21.16935]]],[[[-103.51378,21.16946],[-103.51473,21.16866],[-103.51082,21.16643],[-103.51378,21.16946]]],[[[-103.46917,21.16226],[-103.47267,21.16584],[-103.47407,21.16502],[-103.47177,21.16134],[-103.46917,21.16226]]],[[[-103.48032,21.15723],[-103.48219,21.15825],[-103.48218,21.15506],[-103.48032,21.15723]]],[[[-103.50675,21.15661],[-103.50843,21.15603],[-103.50858,21.15283],[-103.50594,21.15303],[-103.50675,21.15661]]],[[[-103.62869,21.54989],[-103.62731,21.54975],[-103.62503,21.55082],[-103.62497,21.55113],[-103.62475,21.55318],[-103.62658,21.55345],[-103.62869,21.54989]]],[[[-103.64522,21.5215],[-103.6453,21.52123],[-103.64473,21.52139],[-103.64522,21.5215]]],[[[-103.64661,21.52037],[-103.6453,21.52123],[-103.64608,21.52113],[-103.64661,21.52037]]],[[[-102.6382,21.4829],[-102.63845,21.48302],[-102.63969,21.48377],[-102.64032,21.48419],[-102.64214,21.48182],[-102.64063,21.4813],[-102.63792,21.48012],[-102.63616,21.47936],[-102.63598,21.47943],[-102.63597,21.47943],[-102.6349,21.48091],[-102.63595,21.4818],[-102.63639,21.48189],[-102.63775,21.48216],[-102.6381,21.48268],[-102.63811,21.48269],[-102.63813,21.48271],[-102.6382,21.4829]]],[[[-102.66263,21.47075],[-102.66281,21.4706],[-102.66553,21.46507],[-102.66268,21.46269],[-102.66029,21.46251],[-102.656,21.46123],[-102.65373,21.45869],[-102.65455,21.45562],[-102.65734,21.46048],[-102.66052,21.46036],[-102.66006,21.46214],[-102.66424,21.46203],[-102.66588,21.46563],[-102.66889,21.46888],[-102.67065,21.46774],[-102.67194,21.46343],[-102.66952,21.45874],[-102.6674,21.45876],[-102.66549,21.45546],[-102.66664,21.45358],[-102.66378,21.4537],[-102.66056,21.44261],[-102.65876,21.44265],[-102.65892,21.43815],[-102.66153,21.44003],[-102.66245,21.44288],[-102.667,21.44179],[-102.66902,21.44364],[-102.67072,21.43892],[-102.66803,21.43409],[-102.66698,21.43537],[-102.6689,21.4388],[-102.66114,21.43863],[-102.66165,21.43748],[-102.66722,21.43734],[-102.66648,21.43538],[-102.66757,21.43422],[-102.66079,21.43411],[-102.66749,21.43171],[-102.66541,21.42871],[-102.66658,21.42522],[-102.6628,21.42599],[-102.65834,21.42399],[-102.65725,21.42021],[-102.6592,21.41965],[-102.65596,21.41657],[-102.66098,21.41238],[-102.65829,21.41313],[-102.65407,21.41335],[-102.65291,21.4115],[-102.65265,21.41339],[-102.6527,21.41363],[-102.65271,21.41363],[-102.65432,21.41789],[-102.65565,21.41831],[-102.65626,21.41911],[-102.65627,21.41913],[-102.65637,21.4193],[-102.65638,21.41931],[-102.65666,21.42166],[-102.65752,21.42221],[-102.65576,21.42391],[-102.65564,21.42379],[-102.65547,21.42363],[-102.65529,21.42246],[-102.6552,21.42227],[-102.65463,21.42199],[-102.65391,21.42153],[-102.65389,21.42152],[-102.65355,21.42156],[-102.65459,21.42611],[-102.65396,21.42636],[-102.65364,21.42617],[-102.65286,21.42586],[-102.65241,21.42773],[-102.65242,21.42774],[-102.65277,21.42825],[-102.65298,21.42856],[-102.65231,21.43136],[-102.65247,21.43215],[-102.65413,21.43193],[-102.65594,21.43266],[-102.65636,21.43802],[-102.65398,21.43634],[-102.65373,21.43634],[-102.65372,21.43634],[-102.65353,21.43627],[-102.65274,21.43722],[-102.65424,21.43727],[-102.65467,21.43761],[-102.65436,21.44126],[-102.6508,21.44111],[-102.65139,21.44344],[-102.65354,21.44322],[-102.65513,21.44716],[-102.6541,21.44977],[-102.65247,21.44681],[-102.65172,21.44724],[-102.65131,21.44867],[-102.65125,21.44867],[-102.65073,21.44867],[-102.64631,21.44877],[-102.64604,21.44897],[-102.64592,21.44905],[-102.64585,21.44911],[-102.64643,21.45132],[-102.65007,21.4539],[-102.64943,21.45552],[-102.64766,21.45876],[-102.64803,21.46248],[-102.64824,21.46268],[-102.64827,21.46275],[-102.64896,21.46691],[-102.65116,21.46835],[-102.65144,21.46854],[-102.65132,21.46876],[-102.65125,21.46881],[-102.65056,21.46928],[-102.65487,21.4707],[-102.65984,21.4668],[-102.66176,21.46661],[-102.66263,21.47075]],[[-102.655,21.46483],[-102.65738,21.46321],[-102.65761,21.46562],[-102.655,21.46483]]],[[[-102.65508,21.40452],[-102.65306,21.40558],[-102.65358,21.40575],[-102.65508,21.40452]]],[[[-102.65217,21.40074],[-102.65477,21.40123],[-102.65544,21.40162],[-102.65309,21.39908],[-102.65217,21.40074]]],[[[-102.64763,21.39536],[-102.64751,21.3967],[-102.64769,21.39711],[-102.64864,21.39767],[-102.64763,21.39536]]],[[[-102.64343,21.39286],[-102.64348,21.39293],[-102.64439,21.39287],[-102.64343,21.39286]]],[[[-102.64171,21.38675],[-102.63971,21.38976],[-102.64111,21.3908],[-102.64294,21.38819],[-102.64171,21.38675]]],[[[-102.64896,21.36983],[-102.64833,21.37225],[-102.6485,21.37397],[-102.65276,21.37448],[-102.65176,21.37048],[-102.64896,21.36983]]],[[[-102.65335,21.36196],[-102.65015,21.3645],[-102.64639,21.36466],[-102.6484,21.36874],[-102.64913,21.36739],[-102.65272,21.36933],[-102.65725,21.36933],[-102.65695,21.3713],[-102.65393,21.37206],[-102.65797,21.37425],[-102.6576,21.37157],[-102.66176,21.37366],[-102.66349,21.37125],[-102.66599,21.37328],[-102.66455,21.36827],[-102.66204,21.36809],[-102.65955,21.36083],[-102.65546,21.36356],[-102.65335,21.36196]],[[-102.65514,21.36598],[-102.65773,21.36551],[-102.65714,21.36751],[-102.65514,21.36598]]],[[[-102.66407,21.3834],[-102.66128,21.38353],[-102.65995,21.38365],[-102.65905,21.38922],[-102.65913,21.39141],[-102.66763,21.39391],[-102.66881,21.39504],[-102.66791,21.39865],[-102.66429,21.40294],[-102.66962,21.40116],[-102.67485,21.4005],[-102.6763,21.40359],[-102.66995,21.40309],[-102.66454,21.40504],[-102.66684,21.4084],[-102.6692,21.40719],[-102.67389,21.40712],[-102.67144,21.40913],[-102.67856,21.40943],[-102.67935,21.41167],[-102.67655,21.4129],[-102.6686,21.41432],[-102.67222,21.41477],[-102.66808,21.41662],[-102.67307,21.41757],[-102.67932,21.41558],[-102.67903,21.41934],[-102.67538,21.42038],[-102.68013,21.42432],[-102.6852,21.4209],[-102.68623,21.42207],[-102.69349,21.41867],[-102.69051,21.41623],[-102.69315,21.413],[-102.688,21.40487],[-102.68368,21.40356],[-102.68626,21.41016],[-102.68566,21.41235],[-102.68089,21.41137],[-102.68147,21.40903],[-102.67986,21.40538],[-102.68341,21.407],[-102.68106,21.40106],[-102.67981,21.39557],[-102.68104,21.39264],[-102.67876,21.39213],[-102.67828,21.39661],[-102.68161,21.40395],[-102.68014,21.40335],[-102.67919,21.39931],[-102.67601,21.3982],[-102.67577,21.39286],[-102.67965,21.39089],[-102.679,21.38534],[-102.68601,21.38451],[-102.68391,21.38279],[-102.68361,21.37789],[-102.681,21.3769],[-102.68363,21.37522],[-102.68133,21.37474],[-102.67821,21.36903],[-102.67581,21.36774],[-102.67471,21.36433],[-102.67049,21.36036],[-102.66707,21.36176],[-102.66212,21.35676],[-102.66142,21.35497],[-102.65698,21.35857],[-102.66268,21.36071],[-102.66235,21.36523],[-102.66884,21.36384],[-102.6667,21.36556],[-102.66964,21.37063],[-102.66782,21.37532],[-102.66366,21.37431],[-102.66273,21.37803],[-102.66666,21.38022],[-102.66557,21.38218],[-102.66722,21.38501],[-102.66664,21.3886],[-102.66461,21.38911],[-102.66407,21.3834]],[[-102.6853,21.41981],[-102.68324,21.41796],[-102.68572,21.41743],[-102.6853,21.41981]],[[-102.66934,21.4008],[-102.66798,21.39944],[-102.67238,21.39845],[-102.66934,21.4008]],[[-102.6789,21.38179],[-102.67595,21.37873],[-102.67573,21.38036],[-102.67285,21.37705],[-102.6704,21.36422],[-102.6762,21.36971],[-102.67619,21.37118],[-102.67957,21.37386],[-102.67831,21.37623],[-102.67982,21.3797],[-102.6789,21.38179]]],[[[-102.68404,21.35207],[-102.6842,21.35057],[-102.68466,21.34969],[-102.68484,21.34934],[-102.6851,21.34887],[-102.6856,21.34568],[-102.68287,21.3465],[-102.68449,21.34308],[-102.682,21.3391],[-102.68191,21.33927],[-102.67954,21.34372],[-102.68297,21.34535],[-102.67986,21.34891],[-102.67814,21.35383],[-102.68404,21.35207]]],[[[-102.71233,21.38597],[-102.71419,21.38775],[-102.72261,21.38687],[-102.72274,21.38508],[-102.72179,21.3833],[-102.71867,21.38362],[-102.71868,21.38623],[-102.71233,21.38597]]],[[[-102.72431,21.3866],[-102.72424,21.38584],[-102.72405,21.38576],[-102.72431,21.3866]]],[[[-102.7292,21.39836],[-102.73014,21.39805],[-102.72929,21.3955],[-102.72528,21.39383],[-102.72561,21.39052],[-102.72903,21.39075],[-102.72858,21.38743],[-102.72593,21.387],[-102.72528,21.39022],[-102.71878,21.39268],[-102.7229,21.39601],[-102.7292,21.39836]]],[[[-102.67833,21.46967],[-102.67865,21.46868],[-102.67841,21.46641],[-102.67612,21.46544],[-102.67819,21.46387],[-102.6767,21.46078],[-102.67089,21.46044],[-102.67296,21.46319],[-102.6724,21.46552],[-102.67558,21.46487],[-102.67483,21.4684],[-102.67209,21.46649],[-102.67042,21.47154],[-102.67353,21.47199],[-102.67833,21.46967]]],[[[-102.68636,21.45639],[-102.68769,21.45227],[-102.69105,21.45007],[-102.68768,21.44822],[-102.68533,21.45357],[-102.68636,21.45639]]],[[[-102.6792,21.45365],[-102.67844,21.45155],[-102.6751,21.45038],[-102.67666,21.44852],[-102.68039,21.45076],[-102.68104,21.44895],[-102.67868,21.44619],[-102.68031,21.44269],[-102.67374,21.44565],[-102.6741,21.44233],[-102.67174,21.44012],[-102.67251,21.44564],[-102.66875,21.44543],[-102.66888,21.44373],[-102.66175,21.44335],[-102.66814,21.44782],[-102.67089,21.44666],[-102.6756,21.44859],[-102.67198,21.45019],[-102.67384,21.45242],[-102.67573,21.45189],[-102.6792,21.45365]]],[[[-102.66481,21.45239],[-102.66945,21.45204],[-102.66605,21.44806],[-102.66286,21.4478],[-102.66481,21.45239]]],[[[-102.68039,21.44173],[-102.68605,21.43848],[-102.67946,21.4369],[-102.68039,21.44173]]],[[[-102.68437,21.43128],[-102.68434,21.43383],[-102.68649,21.43409],[-102.68692,21.42994],[-102.68459,21.42793],[-102.68443,21.43002],[-102.68218,21.42823],[-102.67806,21.42861],[-102.67793,21.42692],[-102.67297,21.4268],[-102.67254,21.42934],[-102.67675,21.42868],[-102.68066,21.43076],[-102.67991,21.43344],[-102.68437,21.43128]]],[[[-102.69475,21.38615],[-102.6949,21.38225],[-102.69491,21.382],[-102.69217,21.37831],[-102.69397,21.36972],[-102.69399,21.36962],[-102.69388,21.36914],[-102.68681,21.37197],[-102.68509,21.37002],[-102.68691,21.36716],[-102.6832,21.36883],[-102.68568,21.36508],[-102.68286,21.36289],[-102.68126,21.36383],[-102.68279,21.36644],[-102.67875,21.3684],[-102.68335,21.37085],[-102.6832,21.37287],[-102.68547,21.37497],[-102.68738,21.37288],[-102.69104,21.37644],[-102.6918,21.37977],[-102.68923,21.37904],[-102.68578,21.38062],[-102.68939,21.38521],[-102.6919,21.38986],[-102.69426,21.38963],[-102.69449,21.39385],[-102.69905,21.39815],[-102.70105,21.39702],[-102.69492,21.3903],[-102.6965,21.38952],[-102.69474,21.38624],[-102.69475,21.38615]]],[[[-102.68766,21.36325],[-102.68814,21.36243],[-102.68818,21.3612],[-102.68417,21.36225],[-102.68652,21.36431],[-102.68766,21.36325]]],[[[-102.67334,21.3612],[-102.67652,21.36068],[-102.67679,21.35799],[-102.67251,21.35782],[-102.67251,21.35315],[-102.67097,21.35292],[-102.66705,21.3577],[-102.66958,21.35725],[-102.6733,21.35967],[-102.67334,21.3612]]],[[[-102.65886,21.40658],[-102.66232,21.40784],[-102.65872,21.40309],[-102.65727,21.40381],[-102.65729,21.40767],[-102.65886,21.40658]]],[[[-102.65083,21.39433],[-102.65156,21.3979],[-102.65483,21.39714],[-102.65205,21.3943],[-102.65083,21.39433]]],[[[-102.65256,21.43739],[-102.65245,21.43749],[-102.65282,21.43743],[-102.65256,21.43739]]],[[[-103.09159,21.44975],[-103.09159,21.45046],[-103.09242,21.45003],[-103.09159,21.44975]]],[[[-103.09159,21.452],[-103.09159,21.45129],[-103.09114,21.45129],[-103.09159,21.452]]],[[[-103.09076,21.4531],[-103.09076,21.45296],[-103.09065,21.45296],[-103.09076,21.4531]]],[[[-103.09076,21.4605],[-103.09076,21.46045],[-103.09036,21.46045],[-103.09076,21.4605]]],[[[-103.08659,21.47585],[-103.08659,21.47627],[-103.08743,21.4761],[-103.08659,21.47585]]],[[[-103.10431,21.49965],[-103.10075,21.49875],[-103.10102,21.50116],[-103.10431,21.49965]]],[[[-103.10206,21.48293],[-103.10158,21.48293],[-103.10225,21.48376],[-103.10206,21.48293]]],[[[-103.10132,21.4821],[-103.09992,21.4821],[-103.10158,21.48293],[-103.10158,21.48231],[-103.10132,21.4821]]],[[[-103.09031,21.50848],[-103.0857,21.50476],[-103.08419,21.50197],[-103.08285,21.50242],[-103.08729,21.50782],[-103.09031,21.50848]]],[[[-103.0945,21.5016],[-103.08791,21.4966],[-103.08634,21.49745],[-103.08593,21.49767],[-103.08583,21.49773],[-103.08575,21.49777],[-103.08475,21.49825],[-103.08576,21.50076],[-103.08939,21.5003],[-103.09274,21.5024],[-103.09477,21.50267],[-103.0945,21.5016]]],[[[-103.08144,21.49664],[-103.08223,21.49279],[-103.07938,21.49532],[-103.08144,21.49664]]],[[[-103.07456,21.50056],[-103.07469,21.50031],[-103.07226,21.49892],[-103.07345,21.50258],[-103.0742,21.50121],[-103.07456,21.50056]]],[[[-103.0696,21.50291],[-103.07184,21.50262],[-103.07071,21.49867],[-103.06936,21.49845],[-103.0696,21.50291]]],[[[-103.08239,21.50678],[-103.08215,21.51148],[-103.08795,21.51346],[-103.09024,21.51064],[-103.08935,21.50907],[-103.08403,21.50611],[-103.08544,21.50883],[-103.08489,21.51156],[-103.08245,21.5091],[-103.08239,21.50678]]],[[[-102.97068,21.46125],[-102.96692,21.4625],[-102.96835,21.46397],[-102.97114,21.46339],[-102.97132,21.46634],[-102.9729,21.46316],[-102.97068,21.46125]]],[[[-102.97146,21.45822],[-102.97301,21.45879],[-102.97614,21.45564],[-102.97377,21.45564],[-102.97405,21.45318],[-102.97118,21.45599],[-102.97146,21.45822]]],[[[-103.08786,21.46628],[-103.08743,21.46711],[-103.08791,21.46711],[-103.08786,21.46628]]],[[[-103.08868,21.42989],[-103.08859,21.42976],[-103.08512,21.42843],[-103.08485,21.42836],[-103.08656,21.43092],[-103.08868,21.42989]]],[[[-103.10484,21.50261],[-103.10703,21.50312],[-103.10435,21.50109],[-103.10155,21.50136],[-103.10355,21.50207],[-103.10484,21.50261]]],[[[-103.11923,21.44629],[-103.11983,21.44629],[-103.1199,21.44621],[-103.11907,21.44546],[-103.11907,21.44616],[-103.11923,21.44629]]],[[[-103.11834,21.44435],[-103.11907,21.44463],[-103.11907,21.4438],[-103.11825,21.44411],[-103.11834,21.44435]]],[[[-103.35387,21.89516],[-103.3547,21.89592],[-103.3547,21.89546],[-103.35387,21.89509],[-103.35387,21.89516]]],[[[-103.50042,21.12937],[-103.49958,21.12973],[-103.50042,21.12989],[-103.50042,21.12937]]]]},"properties":{"POTENCIAL":"ALTO"}},
{"type":"Feature","geometry":{"type":"MultiPolygon","coordinates":[[[[-103.42361,21.55454],[-103.42381,21.55454],[-103.42381,21.55431],[-103.42361,21.55454]]],[[[-103.4193,21.55371],[-103.41965,21.55454],[-103.42244,21.55454],[-103.42076,21.55224],[-103.4193,21.55371]]],[[[-103.41935,21.55171],[-103.41632,21.55121],[-103.41632,21.55204],[-103.41632,21.55287],[-103.41689,21.55287],[-103.41935,21.55171]]],[[[-103.43131,21.52978],[-103.43131,21.53039],[-103.43214,21.53122],[-103.43214,21.53206],[-103.43297,21.53289],[-103.43381,21.53372],[-103.43464,21.53455],[-103.43547,21.53539],[-103.43641,21.53539],[-103.43494,21.52978],[-103.43131,21.52978]]],[[[-103.41947,21.51235],[-103.41882,21.5154],[-103.41965,21.51624],[-103.42215,21.51707],[-103.42465,21.5179],[-103.42548,21.5179],[-103.43109,21.5179],[-103.42767,21.51413],[-103.42634,21.51436],[-103.42094,21.50753],[-103.41425,21.50708],[-103.41465,21.50791],[-103.41632,21.50874],[-103.41715,21.50958],[-103.41743,21.50958],[-103.42013,21.50928],[-103.41947,21.51235]]],[[[-103.43214,21.51809],[-103.43214,21.51873],[-103.43297,21.5193],[-103.43214,21.51809]]],[[[-103.41132,21.50602],[-103.41132,21.50624],[-103.41216,21.50708],[-103.41377,21.50708],[-103.41132,21.50602]]],[[[-103.40025,21.50177],[-103.40003,21.50278],[-103.39927,21.50392],[-103.39883,21.50458],[-103.4023,21.50458],[-103.40408,21.50196],[-103.40244,21.49987],[-103.40025,21.50177]]],[[[-103.33454,21.5164],[-103.33513,21.51319],[-103.34094,21.50737],[-103.34185,21.50742],[-103.34115,21.50468],[-103.34392,21.50486],[-103.34678,21.50115],[-103.34475,21.49978],[-103.34143,21.50424],[-103.33788,21.50343],[-103.33564,21.50556],[-103.33494,21.50177],[-103.33261,21.49851],[-103.33293,21.49546],[-103.33085,21.49122],[-103.32919,21.49314],[-103.33138,21.49488],[-103.33398,21.50716],[-103.33119,21.50821],[-103.32937,21.51316],[-103.32635,21.5128],[-103.32491,21.51825],[-103.32673,21.51611],[-103.32695,21.51477],[-103.33173,21.51223],[-103.33454,21.5164]]],[[[-103.32283,21.51986],[-103.3228,21.52099],[-103.32338,21.52008],[-103.32395,21.51938],[-103.32283,21.51986]]],[[[-103.31932,21.51385],[-103.321,21.51507],[-103.32396,21.51676],[-103.32291,21.51281],[-103.32374,21.50916],[-103.32145,21.50967],[-103.31932,21.51385]]],[[[-103.30785,21.51845],[-103.30313,21.51981],[-103.30373,21.52322],[-103.30793,21.51846],[-103.30785,21.51845]]],[[[-103.29475,21.47325],[-103.29298,21.47456],[-103.30274,21.47822],[-103.30162,21.48025],[-103.30616,21.48294],[-103.30557,21.48879],[-103.30731,21.48877],[-103.30647,21.48409],[-103.30758,21.48179],[-103.30262,21.47954],[-103.30312,21.4756],[-103.30192,21.47463],[-103.30138,21.4745],[-103.2993,21.47402],[-103.30075,21.47251],[-103.29801,21.47165],[-103.29689,21.47346],[-103.29545,21.47313],[-103.29545,21.47273],[-103.29504,21.47304],[-103.29477,21.47324],[-103.29475,21.47325]]],[[[-103.44514,21.50087],[-103.44571,21.50119],[-103.448,21.50075],[-103.448,21.49698],[-103.44531,21.4932],[-103.44583,21.49623],[-103.44677,21.49814],[-103.44514,21.50087]]],[[[-103.4576,21.50026],[-103.45921,21.50081],[-103.45984,21.50104],[-103.46368,21.50043],[-103.4666,21.49706],[-103.46322,21.49658],[-103.46481,21.49299],[-103.46749,21.49456],[-103.46832,21.49173],[-103.47008,21.49205],[-103.46987,21.48898],[-103.46772,21.48577],[-103.46757,21.49142],[-103.46563,21.49042],[-103.46611,21.48402],[-103.47028,21.48176],[-103.4763,21.48148],[-103.47571,21.48113],[-103.47456,21.48045],[-103.47114,21.47546],[-103.46964,21.47585],[-103.46923,21.47485],[-103.4696,21.47151],[-103.46781,21.46925],[-103.46789,21.47546],[-103.4661,21.47525],[-103.46509,21.47827],[-103.46316,21.47779],[-103.46108,21.48035],[-103.46171,21.48645],[-103.45745,21.48614],[-103.45555,21.48171],[-103.4582,21.47703],[-103.45712,21.47528],[-103.45414,21.47588],[-103.45502,21.47854],[-103.45002,21.48378],[-103.44587,21.48268],[-103.44109,21.48623],[-103.44196,21.4895],[-103.44657,21.49194],[-103.44939,21.48567],[-103.45365,21.48638],[-103.45258,21.48808],[-103.455,21.48941],[-103.45139,21.49341],[-103.45225,21.49568],[-103.45428,21.49424],[-103.45475,21.49658],[-103.45069,21.49624],[-103.45053,21.49784],[-103.45044,21.50154],[-103.453,21.50395],[-103.45748,21.50338],[-103.4576,21.50026]]],[[[-103.44047,21.55997],[-103.44047,21.56037],[-103.44047,21.5612],[-103.44086,21.5612],[-103.44047,21.55997]]],[[[-103.44213,21.53789],[-103.4438,21.53872],[-103.44463,21.53955],[-103.44629,21.54038],[-103.44713,21.54122],[-103.44796,21.54205],[-103.44879,21.54288],[-103.448,21.54755],[-103.4505,21.54794],[-103.45173,21.54354],[-103.44952,21.54158],[-103.44796,21.53703],[-103.44213,21.53789]]],[[[-103.4562,21.51332],[-103.45668,21.51231],[-103.45105,21.50906],[-103.45216,21.51519],[-103.45391,21.51617],[-103.45403,21.51335],[-103.4562,21.51332]]],[[[-103.42125,21.52511],[-103.41946,21.52759],[-103.42166,21.52745],[-103.42125,21.52511]]],[[[-103.43854,21.52429],[-103.43843,21.52176],[-103.43648,21.52309],[-103.43854,21.52429]]],[[[-103.43259,21.50243],[-103.43353,21.50702],[-103.43449,21.5043],[-103.43259,21.50243]]],[[[-103.43131,21.50076],[-103.43131,21.50125],[-103.43164,21.50153],[-103.43131,21.50076]]],[[[-103.42303,21.49452],[-103.42354,21.49508],[-103.41959,21.50057],[-103.42131,21.50131],[-103.4257,21.5008],[-103.4236,21.50228],[-103.42987,21.50496],[-103.43195,21.50413],[-103.43131,21.50125],[-103.43047,21.50042],[-103.43109,21.50042],[-103.42948,21.49797],[-103.42596,21.49609],[-103.42545,21.49382],[-103.42303,21.49452]]],[[[-103.35933,21.50205],[-103.35921,21.50001],[-103.35616,21.49642],[-103.35374,21.49683],[-103.35859,21.49943],[-103.35933,21.50205]]],[[[-103.351,21.49542],[-103.3526,21.49459],[-103.34951,21.49294],[-103.351,21.49542]]],[[[-103.36708,21.49644],[-103.36898,21.4968],[-103.36747,21.49447],[-103.36702,21.49576],[-103.36708,21.49644]]],[[[-103.33855,21.48741],[-103.34026,21.48705],[-103.33922,21.48427],[-103.33855,21.48741]]],[[[-103.34687,21.48256],[-103.34587,21.48208],[-103.34217,21.48429],[-103.34566,21.48492],[-103.34687,21.48256]]],[[[-102.83478,22.4049],[-102.83483,22.40751],[-102.83691,22.40534],[-102.83478,22.4049]]],[[[-102.83721,22.40504],[-102.8391,22.40316],[-102.83472,22.40207],[-102.83477,22.40448],[-102.83721,22.40504]]],[[[-102.87437,22.03605],[-102.8729,22.03763],[-102.87036,22.03824],[-102.86779,22.0481],[-102.86765,22.05332],[-102.86944,22.05408],[-102.87183,22.05738],[-102.87474,22.05454],[-102.87331,22.05143],[-102.87633,22.0531],[-102.87862,22.04817],[-102.87875,22.04178],[-102.88188,22.03763],[-102.87993,22.03591],[-102.87598,22.03622],[-102.87706,22.03486],[-102.87523,22.03557],[-102.87437,22.03605]]],[[[-102.87097,22.00345],[-102.87131,22.00296],[-102.86826,22.00289],[-102.86928,21.99001],[-102.87196,21.99541],[-102.8741,21.9888],[-102.87575,21.99514],[-102.87688,21.99416],[-102.87578,21.98687],[-102.87796,21.98217],[-102.87345,21.97909],[-102.871,21.98302],[-102.86764,21.98236],[-102.8688,21.98483],[-102.86335,21.99342],[-102.86421,21.9963],[-102.86031,22.00211],[-102.85993,22.00207],[-102.8637,21.9964],[-102.86175,21.99357],[-102.86414,21.9918],[-102.86352,21.98893],[-102.86799,21.98376],[-102.86455,21.98078],[-102.86059,21.98541],[-102.85549,21.9837],[-102.85289,21.985],[-102.85013,21.98887],[-102.84582,21.98846],[-102.84703,21.99399],[-102.84544,21.99579],[-102.84803,21.9986],[-102.84881,22.00285],[-102.85111,21.99923],[-102.85309,21.9999],[-102.85007,22.00213],[-102.85069,22.00568],[-102.84907,22.00668],[-102.84741,22.01332],[-102.84399,22.0141],[-102.84155,22.01895],[-102.83817,22.01912],[-102.83786,22.01987],[-102.83855,22.02304],[-102.83841,22.02524],[-102.84286,22.0265],[-102.84279,22.02836],[-102.84552,22.02991],[-102.84438,22.03316],[-102.84162,22.03313],[-102.83586,22.03759],[-102.83381,22.0418],[-102.83792,22.04136],[-102.83817,22.04356],[-102.8361,22.04483],[-102.83701,22.04735],[-102.84053,22.04915],[-102.84333,22.05221],[-102.84067,22.05377],[-102.84397,22.0538],[-102.84478,22.0587],[-102.84294,22.0613],[-102.84419,22.05725],[-102.84103,22.0595],[-102.84231,22.05557],[-102.84017,22.05519],[-102.83789,22.05837],[-102.83655,22.06404],[-102.82763,22.06275],[-102.82702,22.0641],[-102.83719,22.06837],[-102.84423,22.06421],[-102.84701,22.0616],[-102.84686,22.05802],[-102.84837,22.05565],[-102.85176,22.05702],[-102.85487,22.05374],[-102.85399,22.05213],[-102.85796,22.04987],[-102.85923,22.0505],[-102.86042,22.04572],[-102.86265,22.04268],[-102.86534,22.04334],[-102.86864,22.03505],[-102.87276,22.0311],[-102.87522,22.02307],[-102.87938,22.02262],[-102.88702,22.01407],[-102.88608,22.01179],[-102.88226,22.01043],[-102.87824,22.01284],[-102.87957,22.00911],[-102.88384,22.00694],[-102.88386,22.00483],[-102.88128,22.00485],[-102.8827,22.00257],[-102.88168,21.99981],[-102.88451,22.00021],[-102.88174,21.99745],[-102.87974,21.99968],[-102.88038,22.00131],[-102.87982,22.00145],[-102.87761,22.00199],[-102.87622,22.00233],[-102.87526,22.00256],[-102.87473,22.00402],[-102.871,22.00351],[-102.87097,22.00345]],[[-102.83885,22.04692],[-102.83711,22.04607],[-102.84036,22.04128],[-102.8428,22.04274],[-102.84113,22.04548],[-102.84298,22.04714],[-102.83885,22.04692]],[[-102.85,22.035],[-102.84634,22.03586],[-102.84816,22.03246],[-102.85203,22.03022],[-102.85206,22.02784],[-102.84909,22.02657],[-102.85177,22.02353],[-102.85293,22.02655],[-102.85427,22.02554],[-102.85575,22.01442],[-102.85387,22.01109],[-102.85256,22.01167],[-102.85711,22.00163],[-102.85909,22.00196],[-102.85481,22.00767],[-102.85575,22.00787],[-102.85509,22.01316],[-102.85842,22.01754],[-102.85416,22.02736],[-102.85266,22.02803],[-102.85501,22.03278],[-102.8522,22.03654],[-102.85327,22.03796],[-102.8508,22.03939],[-102.8499,22.04402],[-102.84827,22.0459],[-102.8471,22.04206],[-102.85204,22.03744],[-102.85,22.035]]],[[[-102.8471,22.00836],[-102.8426,22.00988],[-102.84082,22.01384],[-102.84465,22.01288],[-102.8471,22.00836]]],[[[-103.00484,22.13613],[-103.00845,22.13245],[-103.01018,22.13395],[-103.01113,22.13325],[-103.01098,22.12871],[-103.01381,22.12796],[-103.01647,22.12923],[-103.01838,22.12664],[-103.02019,22.12754],[-103.0197,22.12394],[-103.01998,22.12284],[-103.01997,22.12262],[-103.01726,22.11889],[-103.01895,22.11833],[-103.01593,22.11393],[-103.01295,22.11409],[-103.01628,22.11706],[-103.01531,22.11937],[-103.01383,22.11686],[-103.00878,22.11375],[-103.00977,22.12083],[-103.01218,22.12314],[-103.01064,22.12417],[-103.01173,22.12677],[-103.00735,22.13187],[-103.00418,22.1292],[-103.00114,22.13001],[-103.00312,22.13128],[-103.00321,22.13457],[-103.00029,22.13416],[-103.00196,22.13707],[-103.00484,22.13613]]],[[[-103.04623,22.10201],[-103.04704,22.09942],[-103.04775,22.09876],[-103.04953,22.09711],[-103.0472,22.09456],[-103.04346,22.09489],[-103.03999,22.09561],[-103.04192,22.09742],[-103.04623,22.10201]]],[[[-103.06235,22.09311],[-103.05924,22.08809],[-103.05741,22.08575],[-103.05669,22.08651],[-103.05619,22.08863],[-103.05532,22.09319],[-103.05124,22.09583],[-103.05122,22.10115],[-103.05604,22.09685],[-103.05348,22.09498],[-103.05605,22.09438],[-103.05746,22.09209],[-103.06059,22.09161],[-103.06235,22.09311]]],[[[-103.06414,22.09443],[-103.06367,22.09409],[-103.06054,22.09395],[-103.05876,22.09552],[-103.06261,22.0964],[-103.06414,22.09443]]],[[[-103.0662,22.09455],[-103.06778,22.09053],[-103.06665,22.09015],[-103.0662,22.09032],[-103.0661,22.09049],[-103.06544,22.09188],[-103.06493,22.09296],[-103.06425,22.09441],[-103.0662,22.09455]]],[[[-102.83763,22.39807],[-102.83654,22.39912],[-102.83564,22.39998],[-102.83516,22.40044],[-102.83497,22.40062],[-102.8347,22.40137],[-102.83922,22.40254],[-102.84117,22.40117],[-102.84386,22.39968],[-102.83763,22.39807]]],[[[-102.84457,22.39933],[-102.84662,22.39918],[-102.84362,22.3962],[-102.8393,22.39504],[-102.83822,22.39727],[-102.84457,22.39933]]],[[[-102.84987,22.39487],[-102.85282,22.39561],[-102.85516,22.39236],[-102.85442,22.38867],[-102.85768,22.3879],[-102.85569,22.38578],[-102.85214,22.38565],[-102.85021,22.39148],[-102.84846,22.39038],[-102.84425,22.39431],[-102.84987,22.39487]]],[[[-102.85256,22.39927],[-102.85457,22.39928],[-102.85572,22.39926],[-102.85632,22.39924],[-102.85812,22.39895],[-102.85822,22.3985],[-102.85841,22.39767],[-102.85886,22.3957],[-102.85874,22.39279],[-102.85635,22.3922],[-102.85256,22.39927]]],[[[-102.86155,22.38751],[-102.86304,22.38694],[-102.86565,22.38518],[-102.86678,22.38031],[-102.87009,22.3778],[-102.86721,22.3774],[-102.8646,22.38294],[-102.86155,22.38751]]],[[[-102.86999,22.37663],[-102.87384,22.37364],[-102.87873,22.37154],[-102.87765,22.3686],[-102.8743,22.36518],[-102.87674,22.36088],[-102.87466,22.36049],[-102.87256,22.36512],[-102.87284,22.36087],[-102.86865,22.3609],[-102.86903,22.3576],[-102.86692,22.35716],[-102.86603,22.3545],[-102.86204,22.35593],[-102.8606,22.36339],[-102.863,22.36353],[-102.86263,22.36578],[-102.85992,22.36741],[-102.85933,22.37144],[-102.86262,22.37094],[-102.8686,22.37226],[-102.86817,22.37634],[-102.86999,22.37663]]],[[[-102.88002,22.37327],[-102.87879,22.37886],[-102.87973,22.37937],[-102.88181,22.37494],[-102.88002,22.37327]]],[[[-102.88205,22.41918],[-102.89218,22.42505],[-102.8936,22.42838],[-102.89633,22.42422],[-102.8985,22.4228],[-102.90007,22.41674],[-102.89631,22.41024],[-102.90005,22.40959],[-102.89877,22.40424],[-102.8937,22.40167],[-102.8916,22.39691],[-102.89526,22.39884],[-102.89589,22.39211],[-102.89429,22.38966],[-102.89213,22.39012],[-102.89362,22.38534],[-102.88958,22.38106],[-102.88755,22.37658],[-102.8906,22.36994],[-102.89003,22.36398],[-102.88764,22.36404],[-102.88928,22.36681],[-102.88887,22.37122],[-102.8869,22.37025],[-102.88668,22.37556],[-102.88559,22.37293],[-102.88316,22.37322],[-102.88146,22.37729],[-102.88511,22.37809],[-102.87935,22.38128],[-102.87615,22.39032],[-102.87771,22.39186],[-102.88337,22.39305],[-102.88057,22.40917],[-102.88422,22.41416],[-102.88453,22.41855],[-102.88205,22.41918]],[[-102.88772,22.41412],[-102.88827,22.41241],[-102.89293,22.41346],[-102.89346,22.41166],[-102.88893,22.41036],[-102.88633,22.40803],[-102.8883,22.40468],[-102.89372,22.40779],[-102.89251,22.40965],[-102.89465,22.41199],[-102.89346,22.41574],[-102.88772,22.41412]]],[[[-102.8639,22.38855],[-102.86631,22.3967],[-102.86775,22.39882],[-102.86904,22.40441],[-102.87236,22.40658],[-102.87366,22.39654],[-102.87691,22.39825],[-102.87622,22.39147],[-102.87474,22.39104],[-102.87416,22.38481],[-102.87228,22.38437],[-102.8681,22.38753],[-102.8639,22.38855]]],[[[-102.86947,22.37967],[-102.86654,22.385],[-102.86825,22.38541],[-102.87489,22.38306],[-102.87657,22.379],[-102.86947,22.37967]]],[[[-102.87964,22.39909],[-102.88129,22.40076],[-102.88253,22.39476],[-102.87859,22.39312],[-102.8777,22.39859],[-102.87964,22.39909]]],[[[-102.87832,22.40382],[-102.87792,22.40873],[-102.8797,22.40875],[-102.87981,22.40512],[-102.87832,22.40382]]],[[[-102.90213,22.38224],[-102.91181,22.38283],[-102.91559,22.37808],[-102.91572,22.37466],[-102.91953,22.37597],[-102.92148,22.37199],[-102.92114,22.36749],[-102.91943,22.36739],[-102.92201,22.35836],[-102.91407,22.36032],[-102.91432,22.35467],[-102.91265,22.353],[-102.91528,22.35265],[-102.9154,22.35034],[-102.91173,22.34645],[-102.9045,22.34842],[-102.89602,22.34887],[-102.89546,22.35182],[-102.89658,22.35774],[-102.89306,22.35703],[-102.89498,22.36301],[-102.89408,22.36285],[-102.89344,22.36901],[-102.88959,22.37606],[-102.8954,22.37705],[-102.89676,22.37487],[-102.89772,22.37745],[-102.90057,22.37794],[-102.89763,22.38249],[-102.90213,22.38224]],[[-102.90284,22.37454],[-102.90354,22.3727],[-102.9064,22.37545],[-102.9058,22.37725],[-102.90284,22.37454]]],[[[-102.88058,22.34452],[-102.8848,22.34488],[-102.88677,22.34034],[-102.88412,22.33388],[-102.8856,22.32994],[-102.88335,22.32966],[-102.88302,22.32744],[-102.88594,22.32488],[-102.88546,22.32776],[-102.88835,22.32989],[-102.88556,22.33578],[-102.88799,22.33884],[-102.88876,22.33338],[-102.8906,22.33128],[-102.89229,22.32379],[-102.89189,22.31614],[-102.89385,22.30984],[-102.89588,22.30952],[-102.90327,22.29842],[-102.9069,22.29536],[-102.90865,22.29702],[-102.90982,22.29247],[-102.91544,22.28855],[-102.91041,22.29402],[-102.91063,22.29977],[-102.91173,22.30445],[-102.91331,22.30506],[-102.91382,22.29666],[-102.91599,22.29718],[-102.91536,22.30158],[-102.91855,22.29574],[-102.91712,22.29099],[-102.91976,22.29352],[-102.92087,22.29149],[-102.91962,22.28849],[-102.92191,22.28959],[-102.93021,22.27398],[-102.92734,22.2732],[-102.92515,22.27667],[-102.92566,22.27195],[-102.91979,22.27281],[-102.91597,22.27489],[-102.91344,22.27854],[-102.9125,22.28248],[-102.90815,22.28672],[-102.90703,22.2912],[-102.90502,22.29195],[-102.90189,22.29951],[-102.8969,22.30037],[-102.89346,22.30222],[-102.88837,22.30975],[-102.88254,22.30792],[-102.88249,22.3056],[-102.8855,22.30618],[-102.88952,22.30452],[-102.88953,22.30123],[-102.88655,22.30133],[-102.89174,22.29939],[-102.89413,22.29671],[-102.89988,22.29437],[-102.89586,22.29511],[-102.89644,22.29308],[-102.88659,22.29246],[-102.88538,22.29103],[-102.88123,22.29034],[-102.88128,22.29458],[-102.88552,22.29499],[-102.88305,22.29775],[-102.88152,22.29742],[-102.88112,22.30106],[-102.88142,22.31847],[-102.8873,22.31804],[-102.88375,22.3208],[-102.8815,22.31959],[-102.88093,22.32472],[-102.88168,22.33482],[-102.88014,22.33954],[-102.88058,22.34452]]],[[[-102.86528,22.3534],[-102.86372,22.35184],[-102.86941,22.35232],[-102.87178,22.34544],[-102.86886,22.34447],[-102.86922,22.34225],[-102.87237,22.34143],[-102.87219,22.34342],[-102.87701,22.34257],[-102.87687,22.33678],[-102.87585,22.33535],[-102.87868,22.33421],[-102.87002,22.33471],[-102.86963,22.33945],[-102.86736,22.33958],[-102.86907,22.33476],[-102.85802,22.33535],[-102.85544,22.33864],[-102.85918,22.33835],[-102.86195,22.3396],[-102.86212,22.33743],[-102.86485,22.33776],[-102.86059,22.34093],[-102.85778,22.34154],[-102.85769,22.34399],[-102.85513,22.34377],[-102.85707,22.34657],[-102.85429,22.34535],[-102.85359,22.34739],[-102.85798,22.3482],[-102.85914,22.35071],[-102.86272,22.35181],[-102.86254,22.35407],[-102.86528,22.3534]]],[[[-102.85499,22.34213],[-102.85468,22.33935],[-102.85259,22.34181],[-102.85499,22.34213]]],[[[-102.89229,22.34705],[-102.89594,22.34719],[-102.89588,22.34472],[-102.89321,22.34456],[-102.89229,22.34705]]],[[[-102.88889,22.34131],[-102.89281,22.34276],[-102.89583,22.33792],[-102.90888,22.31374],[-102.89625,22.31341],[-102.89366,22.31422],[-102.89298,22.32154],[-102.89898,22.32208],[-102.89827,22.32507],[-102.89397,22.32517],[-102.89438,22.32827],[-102.89213,22.3277],[-102.89165,22.33149],[-102.88984,22.33334],[-102.88959,22.33637],[-102.89162,22.33387],[-102.88889,22.34131]]],[[[-102.89923,22.34305],[-102.89877,22.34842],[-102.90133,22.34844],[-102.91076,22.34608],[-102.91132,22.3429],[-102.91343,22.34541],[-102.94146,22.33872],[-102.94504,22.3356],[-102.94626,22.33253],[-102.9439,22.3324],[-102.9393,22.32865],[-102.94068,22.32594],[-102.94637,22.3312],[-102.94124,22.32417],[-102.94975,22.32826],[-102.94387,22.32343],[-102.9418,22.32006],[-102.94023,22.30724],[-102.93801,22.3043],[-102.93789,22.30738],[-102.93618,22.30638],[-102.92989,22.30639],[-102.92741,22.30365],[-102.92458,22.30575],[-102.92552,22.30193],[-102.91992,22.29825],[-102.9195,22.29448],[-102.9142,22.30456],[-102.91688,22.3069],[-102.91515,22.30827],[-102.91526,22.31286],[-102.91871,22.31544],[-102.9134,22.3142],[-102.91481,22.30995],[-102.91267,22.30741],[-102.91312,22.31068],[-102.91124,22.31379],[-102.90942,22.31377],[-102.8947,22.34104],[-102.89923,22.34305]],[[-102.91302,22.32553],[-102.91509,22.32224],[-102.91736,22.32532],[-102.91641,22.32756],[-102.91372,22.32545],[-102.9117,22.33132],[-102.91071,22.32716],[-102.91302,22.32553]],[[-102.90824,22.32303],[-102.91133,22.32082],[-102.91022,22.32382],[-102.90824,22.32303]],[[-102.93078,22.31894],[-102.93161,22.31922],[-102.92967,22.32521],[-102.9281,22.32227],[-102.93078,22.31894]],[[-102.93865,22.32408],[-102.93494,22.31916],[-102.93686,22.31757],[-102.93574,22.31181],[-102.9368,22.31165],[-102.93749,22.31801],[-102.93656,22.31937],[-102.93865,22.32408]]],[[[-102.91199,22.30814],[-102.91271,22.30645],[-102.90937,22.30066],[-102.909,22.29709],[-102.90657,22.29934],[-102.90884,22.3019],[-102.90989,22.3072],[-102.91199,22.30814]]],[[[-102.95041,22.32721],[-102.95073,22.32898],[-102.95475,22.32909],[-102.95814,22.32475],[-102.94942,22.31966],[-102.95201,22.31976],[-102.95148,22.31747],[-102.95459,22.31488],[-102.94992,22.31249],[-102.95161,22.31071],[-102.95076,22.30741],[-102.95353,22.30975],[-102.95293,22.31257],[-102.9545,22.31449],[-102.95757,22.30964],[-102.95624,22.31467],[-102.95452,22.31589],[-102.95298,22.32108],[-102.95843,22.32396],[-102.96023,22.32069],[-102.96309,22.31989],[-102.96293,22.31707],[-102.96053,22.31814],[-102.95773,22.31693],[-102.9601,22.31361],[-102.9595,22.31049],[-102.9636,22.31134],[-102.96656,22.30789],[-102.96541,22.30446],[-102.96332,22.3025],[-102.96048,22.30429],[-102.95193,22.29934],[-102.94782,22.29896],[-102.94506,22.30141],[-102.94068,22.30068],[-102.93612,22.29239],[-102.93842,22.28799],[-102.93705,22.28466],[-102.93345,22.28318],[-102.93432,22.2774],[-102.93034,22.27461],[-102.93217,22.27841],[-102.93186,22.28075],[-102.92945,22.2764],[-102.92124,22.29157],[-102.92233,22.29395],[-102.92052,22.29475],[-102.92698,22.29965],[-102.92551,22.30033],[-102.92994,22.3039],[-102.9352,22.30609],[-102.93792,22.30315],[-102.9364,22.30096],[-102.93163,22.30103],[-102.92678,22.29846],[-102.92995,22.29801],[-102.93232,22.2998],[-102.93053,22.29555],[-102.9273,22.29518],[-102.92494,22.29109],[-102.92926,22.2951],[-102.93186,22.29444],[-102.93582,22.29709],[-102.93779,22.30113],[-102.94209,22.30168],[-102.94081,22.30566],[-102.94314,22.30876],[-102.94235,22.31141],[-102.94459,22.31038],[-102.94783,22.31134],[-102.94885,22.31501],[-102.94562,22.31287],[-102.94179,22.3144],[-102.94303,22.319],[-102.9465,22.32523],[-102.95041,22.32721]],[[-102.94989,22.31912],[-102.94821,22.31753],[-102.94931,22.31563],[-102.94989,22.31912]]],[[[-102.89331,22.28935],[-102.89807,22.28875],[-102.90306,22.28661],[-102.90493,22.28261],[-102.91221,22.27655],[-102.91573,22.27457],[-102.91799,22.27131],[-102.91835,22.27297],[-102.92158,22.27105],[-102.92625,22.27113],[-102.93095,22.27237],[-102.92926,22.2696],[-102.92597,22.26789],[-102.92782,22.26215],[-102.92493,22.26245],[-102.92474,22.25794],[-102.92644,22.25759],[-102.9263,22.25255],[-102.92393,22.25271],[-102.91896,22.24494],[-102.92068,22.24214],[-102.92062,22.23853],[-102.91831,22.23711],[-102.91678,22.24664],[-102.91405,22.24906],[-102.9118,22.24895],[-102.91364,22.252],[-102.91047,22.25208],[-102.90858,22.25394],[-102.91288,22.25552],[-102.91139,22.25786],[-102.91223,22.26061],[-102.91025,22.26],[-102.90848,22.26193],[-102.9121,22.26152],[-102.91091,22.26556],[-102.9067,22.26729],[-102.90472,22.27356],[-102.89982,22.27931],[-102.89679,22.28171],[-102.89617,22.28602],[-102.89475,22.2857],[-102.89331,22.28935]],[[-102.91842,22.26859],[-102.91987,22.26291],[-102.91779,22.26213],[-102.92125,22.25848],[-102.92066,22.26881],[-102.91842,22.26859]]],[[[-102.88258,22.28989],[-102.88677,22.2912],[-102.89291,22.28854],[-102.89416,22.28246],[-102.89084,22.2829],[-102.88601,22.28839],[-102.88453,22.28577],[-102.88136,22.28733],[-102.88258,22.28989]]],[[[-102.86881,22.29743],[-102.87102,22.29964],[-102.87681,22.29892],[-102.87611,22.29222],[-102.87325,22.29589],[-102.87383,22.29278],[-102.86688,22.28892],[-102.86523,22.29079],[-102.86768,22.29329],[-102.86881,22.29743]]],[[[-102.88675,22.27394],[-102.88846,22.27206],[-102.88457,22.2687],[-102.88914,22.26874],[-102.89372,22.273],[-102.89529,22.26918],[-102.88943,22.26693],[-102.88741,22.26454],[-102.88303,22.26409],[-102.88195,22.26556],[-102.88375,22.27309],[-102.88675,22.27394]]],[[[-102.89498,22.26346],[-102.89712,22.26542],[-102.89898,22.26288],[-102.9012,22.26438],[-102.90189,22.26248],[-102.90814,22.25854],[-102.90951,22.25663],[-102.9045,22.25821],[-102.90195,22.26067],[-102.89607,22.26016],[-102.89312,22.26089],[-102.89106,22.2573],[-102.88819,22.25589],[-102.8867,22.25711],[-102.89273,22.26113],[-102.89498,22.26346]]],[[[-102.89653,22.27591],[-102.89981,22.27203],[-102.89662,22.27068],[-102.89436,22.27376],[-102.89653,22.27591]]],[[[-102.89076,22.2783],[-102.89338,22.27758],[-102.89005,22.27475],[-102.89076,22.2783]]],[[[-102.88614,22.27962],[-102.88544,22.28274],[-102.8876,22.28053],[-102.88614,22.27962]]],[[[-102.87885,22.29801],[-102.8808,22.29624],[-102.88073,22.29088],[-102.87684,22.29153],[-102.8776,22.29791],[-102.87885,22.29801]]],[[[-102.90002,22.29062],[-102.90079,22.29181],[-102.90565,22.28882],[-102.91087,22.28252],[-102.91258,22.27823],[-102.90757,22.28557],[-102.90002,22.29062]]],[[[-102.90573,22.23542],[-102.90398,22.237],[-102.90637,22.23769],[-102.90627,22.23538],[-102.91097,22.23674],[-102.91293,22.23553],[-102.91404,22.2295],[-102.91336,22.22486],[-102.9182,22.22594],[-102.91951,22.22374],[-102.92374,22.22602],[-102.92536,22.2221],[-102.91843,22.21912],[-102.91677,22.21701],[-102.9139,22.21948],[-102.91183,22.21915],[-102.90856,22.22274],[-102.91264,22.22443],[-102.90973,22.22871],[-102.90786,22.22648],[-102.9057,22.22731],[-102.90728,22.23191],[-102.90521,22.23154],[-102.90573,22.23542]]],[[[-102.91041,22.21474],[-102.91161,22.21617],[-102.90588,22.21678],[-102.90681,22.219],[-102.9108,22.21877],[-102.9131,22.21501],[-102.91041,22.21474]]],[[[-102.96291,22.21712],[-102.96615,22.2182],[-102.97386,22.21315],[-102.98196,22.21363],[-102.98588,22.2108],[-102.98099,22.20744],[-102.97677,22.20972],[-102.97383,22.21012],[-102.96789,22.2081],[-102.9642,22.21249],[-102.95844,22.21474],[-102.95876,22.21637],[-102.96263,22.21586],[-102.96291,22.21712]]],[[[-102.91261,22.21416],[-102.91527,22.21221],[-102.90991,22.21076],[-102.90986,22.21297],[-102.91261,22.21416]]],[[[-102.83106,22.21034],[-102.82683,22.21004],[-102.82724,22.21124],[-102.83106,22.21034]]],[[[-102.98276,22.20365],[-102.98462,22.2032],[-102.9816,22.20051],[-102.98276,22.20365]]],[[[-103.02288,22.18794],[-103.02278,22.18669],[-103.02073,22.19059],[-103.01617,22.18858],[-103.00818,22.19707],[-103.00613,22.19735],[-103.00445,22.19298],[-103.00231,22.195],[-103.00441,22.19555],[-103.00593,22.19959],[-103.00295,22.20324],[-103.00495,22.20308],[-103.00473,22.20695],[-103.00658,22.20688],[-103.01044,22.20387],[-103.01518,22.20354],[-103.01635,22.20194],[-103.01338,22.20108],[-103.01499,22.19482],[-103.01753,22.19042],[-103.02043,22.19098],[-103.02129,22.19283],[-103.02288,22.18794]]],[[[-102.98509,22.19789],[-102.98764,22.1959],[-102.98654,22.19435],[-102.98509,22.19789]]],[[[-102.82293,22.19334],[-102.82039,22.18846],[-102.81983,22.18397],[-102.81726,22.18768],[-102.81729,22.19263],[-102.81953,22.18882],[-102.82104,22.19336],[-102.82293,22.19334]]],[[[-102.96924,22.18827],[-102.97109,22.19075],[-102.97358,22.18762],[-102.97226,22.18549],[-102.96924,22.18827]]],[[[-102.98188,22.18705],[-102.98399,22.18591],[-102.98088,22.18333],[-102.97761,22.18479],[-102.98188,22.18705]]],[[[-102.97371,22.19346],[-102.97512,22.19455],[-102.98036,22.19231],[-102.98089,22.19073],[-102.97686,22.18666],[-102.97828,22.19021],[-102.97371,22.19346]]],[[[-102.96593,22.18063],[-102.9671,22.18474],[-102.96837,22.18268],[-102.96593,22.18063]]],[[[-103.02225,22.18008],[-103.02503,22.17673],[-103.02203,22.1762],[-103.01695,22.18012],[-103.01857,22.18438],[-103.02257,22.18414],[-103.02257,22.18409],[-103.02121,22.18262],[-103.02225,22.18008]]],[[[-102.96986,22.17503],[-102.97233,22.17759],[-102.97506,22.17392],[-102.97294,22.17276],[-102.96986,22.17503]]],[[[-102.96583,22.17283],[-102.96852,22.17739],[-102.96816,22.17307],[-102.96583,22.17283]]],[[[-102.95317,22.17268],[-102.9568,22.1717],[-102.95612,22.1668],[-102.95451,22.16806],[-102.95103,22.16575],[-102.94557,22.16689],[-102.9475,22.16933],[-102.95317,22.17268]]],[[[-102.88212,22.16255],[-102.88188,22.17168],[-102.88415,22.1716],[-102.88393,22.16292],[-102.88438,22.15848],[-102.88263,22.15674],[-102.87809,22.15644],[-102.88123,22.15576],[-102.87761,22.15361],[-102.8775,22.16204],[-102.88109,22.16591],[-102.88212,22.16255]]],[[[-102.86146,22.16101],[-102.86476,22.16482],[-102.86847,22.15922],[-102.86755,22.15558],[-102.86537,22.15314],[-102.86156,22.15372],[-102.86157,22.15207],[-102.85515,22.15028],[-102.85315,22.15133],[-102.85672,22.15357],[-102.85535,22.15576],[-102.85809,22.15833],[-102.86023,22.15825],[-102.86146,22.16101]]],[[[-102.83678,22.15023],[-102.83631,22.15198],[-102.83924,22.15229],[-102.83678,22.15023]]],[[[-102.9842,22.1422],[-102.98644,22.14161],[-102.98315,22.14002],[-102.9842,22.1422]]],[[[-103.04223,22.14347],[-103.04502,22.14178],[-103.04287,22.14121],[-103.04223,22.14347]]],[[[-102.88753,22.16272],[-102.89281,22.16344],[-102.88732,22.15986],[-102.88525,22.15578],[-102.88848,22.15361],[-102.88776,22.15161],[-102.88462,22.15287],[-102.88029,22.15119],[-102.87448,22.15096],[-102.87087,22.15243],[-102.8693,22.15475],[-102.87227,22.15382],[-102.87179,22.15993],[-102.87473,22.16154],[-102.87451,22.15241],[-102.87769,22.153],[-102.88316,22.15592],[-102.88452,22.15809],[-102.88532,22.16046],[-102.88753,22.16272]]],[[[-102.95275,22.16359],[-102.95182,22.16319],[-102.94979,22.16231],[-102.94895,22.16195],[-102.94779,22.1643],[-102.95275,22.16359]]],[[[-102.94511,22.16386],[-102.94744,22.16323],[-102.94359,22.16115],[-102.94184,22.16385],[-102.94511,22.16386]]],[[[-102.96086,22.17852],[-102.9641,22.18088],[-102.966,22.17914],[-102.96227,22.17347],[-102.95827,22.17767],[-102.96086,22.17852]]],[[[-102.97035,22.22821],[-102.97107,22.22686],[-102.96766,22.22602],[-102.96897,22.2225],[-102.96474,22.22229],[-102.96661,22.22401],[-102.96721,22.22828],[-102.97035,22.22821]]],[[[-102.97602,22.24135],[-102.9766,22.24161],[-102.97974,22.24126],[-102.98021,22.24426],[-102.98104,22.24478],[-102.9839,22.24385],[-102.98365,22.24061],[-102.98571,22.23935],[-102.98287,22.23706],[-102.97855,22.23571],[-102.97468,22.23754],[-102.97301,22.23585],[-102.97216,22.23963],[-102.97349,22.24023],[-102.97602,22.24135]]],[[[-102.97133,22.23273],[-102.97206,22.22934],[-102.96862,22.22913],[-102.97133,22.23273]]],[[[-102.97129,22.24013],[-102.96915,22.23577],[-102.96825,22.23403],[-102.97044,22.23248],[-102.96644,22.22881],[-102.95984,22.22494],[-102.9559,22.22652],[-102.95644,22.23012],[-102.96106,22.23255],[-102.95756,22.23437],[-102.95879,22.23602],[-102.96359,22.23581],[-102.96366,22.23877],[-102.95722,22.2376],[-102.95525,22.23609],[-102.95257,22.23834],[-102.96384,22.24217],[-102.96718,22.23856],[-102.97129,22.24013]]],[[[-102.97319,22.24798],[-102.97009,22.24518],[-102.97014,22.24132],[-102.96481,22.24128],[-102.96832,22.24271],[-102.97036,22.24692],[-102.97319,22.24798]]],[[[-102.98145,22.27617],[-102.98099,22.27892],[-102.9853,22.28048],[-102.98676,22.2787],[-102.98975,22.27899],[-102.99049,22.27591],[-102.99294,22.27707],[-102.99168,22.2796],[-102.99452,22.27957],[-102.99514,22.27898],[-102.99536,22.27883],[-102.99619,22.27829],[-102.99199,22.27208],[-102.99715,22.27029],[-102.99653,22.2691],[-102.99371,22.26434],[-102.99249,22.26223],[-102.99037,22.26305],[-102.98727,22.26187],[-102.98986,22.26092],[-102.98813,22.25932],[-102.98688,22.25898],[-102.98271,22.2625],[-102.98164,22.26023],[-102.98276,22.25721],[-102.97929,22.25507],[-102.97906,22.25892],[-102.96416,22.25681],[-102.9574,22.25314],[-102.95463,22.25006],[-102.95077,22.25048],[-102.94815,22.24702],[-102.95412,22.24712],[-102.95066,22.24392],[-102.94653,22.24431],[-102.94475,22.24309],[-102.94092,22.24365],[-102.94462,22.24505],[-102.94176,22.24575],[-102.93706,22.24423],[-102.93557,22.24981],[-102.93785,22.25289],[-102.93924,22.25111],[-102.94354,22.25232],[-102.94162,22.25321],[-102.94642,22.25702],[-102.95097,22.2579],[-102.95515,22.26019],[-102.93978,22.25978],[-102.93993,22.26211],[-102.94315,22.26325],[-102.94447,22.26526],[-102.95376,22.26762],[-102.95458,22.26522],[-102.95931,22.26655],[-102.9592,22.26859],[-102.95209,22.27127],[-102.94608,22.26922],[-102.94518,22.27325],[-102.94703,22.2755],[-102.95118,22.27298],[-102.95243,22.27416],[-102.95015,22.27835],[-102.95201,22.27943],[-102.95752,22.27648],[-102.95315,22.27648],[-102.95317,22.2745],[-102.96137,22.27421],[-102.96171,22.27181],[-102.96547,22.27322],[-102.96719,22.27171],[-102.96477,22.27062],[-102.96468,22.26713],[-102.96959,22.26866],[-102.96819,22.27182],[-102.97463,22.27028],[-102.96367,22.27653],[-102.96699,22.28034],[-102.96342,22.28293],[-102.95798,22.28169],[-102.95941,22.28518],[-102.957,22.28592],[-102.95977,22.28756],[-102.95947,22.28989],[-102.96251,22.28937],[-102.96233,22.29227],[-102.96464,22.29315],[-102.96194,22.29425],[-102.96113,22.2923],[-102.95629,22.2926],[-102.94785,22.28961],[-102.95216,22.28635],[-102.9486,22.28366],[-102.94935,22.28222],[-102.9453,22.27937],[-102.94136,22.28007],[-102.9382,22.27645],[-102.93422,22.28027],[-102.93487,22.2822],[-102.93828,22.28411],[-102.93917,22.28238],[-102.94452,22.28387],[-102.94553,22.28611],[-102.94899,22.28667],[-102.94781,22.28864],[-102.94239,22.28608],[-102.93888,22.28706],[-102.94003,22.28966],[-102.94436,22.29324],[-102.94498,22.29529],[-102.95064,22.29712],[-102.95107,22.29572],[-102.96352,22.29958],[-102.96794,22.29058],[-102.96417,22.28921],[-102.96502,22.28786],[-102.96883,22.28801],[-102.97264,22.28141],[-102.97146,22.28891],[-102.97759,22.28636],[-102.9792,22.28445],[-102.98373,22.28334],[-102.97917,22.28173],[-102.98145,22.27617]],[[-102.98145,22.27617],[-102.98241,22.27181],[-102.9862,22.26797],[-102.98978,22.26655],[-102.99035,22.27008],[-102.98674,22.27082],[-102.98519,22.27367],[-102.98687,22.27431],[-102.98628,22.27826],[-102.98145,22.27617]]],[[[-102.97972,22.25071],[-102.98206,22.25003],[-102.98047,22.2472],[-102.97972,22.25071]]],[[[-102.99463,22.28507],[-102.99455,22.2811],[-102.9933,22.28385],[-102.99463,22.28507]]],[[[-102.97857,22.28757],[-102.9798,22.28919],[-102.9837,22.28783],[-102.9823,22.28566],[-102.97857,22.28757]]],[[[-102.95621,22.29966],[-102.95356,22.29686],[-102.95296,22.29849],[-102.95621,22.29966]]],[[[-102.94181,22.29604],[-102.94355,22.2937],[-102.94071,22.29298],[-102.94181,22.29604]]],[[[-102.93803,22.29169],[-102.93829,22.29475],[-102.93992,22.29262],[-102.93803,22.29169]]],[[[-102.94002,22.27064],[-102.94303,22.26784],[-102.93467,22.26729],[-102.93302,22.26925],[-102.93704,22.27084],[-102.94002,22.27064]]],[[[-102.93089,22.26911],[-102.93397,22.26669],[-102.9291,22.26651],[-102.93089,22.26911]]],[[[-102.93216,22.26427],[-102.9352,22.26377],[-102.9331,22.2597],[-102.93117,22.25923],[-102.93216,22.26427]]],[[[-102.93138,22.24563],[-102.93508,22.24972],[-102.93624,22.24609],[-102.93138,22.24563]]],[[[-102.93416,22.24374],[-102.93198,22.24477],[-102.93553,22.24562],[-102.93416,22.24374]]],[[[-102.92204,22.23845],[-102.92121,22.24104],[-102.9221,22.24441],[-102.9231,22.24067],[-102.92252,22.23741],[-102.92375,22.23317],[-102.92928,22.23018],[-102.9223,22.23288],[-102.91939,22.23646],[-102.92204,22.23845]]],[[[-102.94432,22.23233],[-102.94793,22.23513],[-102.94479,22.23133],[-102.94432,22.23233]]],[[[-102.93696,22.2385],[-102.93838,22.23823],[-102.93955,22.2338],[-102.93787,22.23383],[-102.93696,22.2385]]],[[[-102.94157,22.23543],[-102.94054,22.23267],[-102.93948,22.23523],[-102.94157,22.23543]]],[[[-102.96234,22.24402],[-102.96232,22.2422],[-102.9563,22.23987],[-102.95293,22.24049],[-102.95056,22.23852],[-102.94483,22.23759],[-102.93954,22.2384],[-102.9377,22.24243],[-102.94578,22.24029],[-102.94784,22.24207],[-102.95064,22.2402],[-102.96234,22.24402]]],[[[-102.93644,22.23988],[-102.93382,22.24228],[-102.93704,22.24295],[-102.93644,22.23988]]],[[[-102.96693,22.24997],[-102.9684,22.2509],[-102.97067,22.24874],[-102.96944,22.2476],[-102.96693,22.24997]]],[[[-102.97786,22.24607],[-102.97522,22.24427],[-102.97395,22.24322],[-102.97719,22.24748],[-102.97921,22.24665],[-102.97786,22.24607]]],[[[-102.9733,22.25516],[-102.97502,22.2568],[-102.97593,22.25392],[-102.9733,22.25516]]],[[[-102.99986,22.23781],[-103,22.2373],[-102.99985,22.23736],[-102.99986,22.23781]]],[[[-103,22.23691],[-103,22.2373],[-103.00024,22.23721],[-103,22.23691]]],[[[-102.87767,22.32561],[-102.88026,22.32603],[-102.87931,22.32376],[-102.88042,22.32094],[-102.87257,22.31984],[-102.87103,22.32165],[-102.86735,22.3207],[-102.8656,22.32444],[-102.87767,22.32561]]],[[[-102.87057,22.31526],[-102.87358,22.31698],[-102.8787,22.3156],[-102.88002,22.30923],[-102.87358,22.30681],[-102.86954,22.31022],[-102.87076,22.306],[-102.86906,22.30569],[-102.86668,22.30922],[-102.86696,22.31093],[-102.86377,22.31196],[-102.86405,22.31639],[-102.86719,22.31678],[-102.86979,22.31385],[-102.87057,22.31526]]],[[[-102.95398,22.37223],[-102.9549,22.37288],[-102.95628,22.3723],[-102.95634,22.37],[-102.95398,22.37223]]],[[[-102.92992,22.37894],[-102.93268,22.37712],[-102.92596,22.37611],[-102.9273,22.37853],[-102.92992,22.37894]]],[[[-102.93549,22.37536],[-102.93438,22.37272],[-102.93221,22.37413],[-102.93549,22.37536]]],[[[-102.92723,22.38306],[-102.93138,22.3832],[-102.93279,22.3811],[-102.92936,22.38143],[-102.92725,22.37973],[-102.92723,22.38306]]],[[[-102.91751,22.40841],[-102.91881,22.41157],[-102.92022,22.40812],[-102.91751,22.40841]]],[[[-102.90072,22.40869],[-102.89998,22.41119],[-102.90181,22.41186],[-102.90072,22.40869]]],[[[-103.06701,22.13565],[-103.06778,22.13869],[-103.0661,22.14003],[-103.06745,22.14053],[-103.06808,22.13806],[-103.06799,22.13622],[-103.06701,22.13565]]],[[[-103.07959,22.13728],[-103.08072,22.13905],[-103.08482,22.13776],[-103.07959,22.13728]]],[[[-103.05606,22.09516],[-103.0572,22.09847],[-103.05863,22.09694],[-103.05606,22.09516]]],[[[-102.8863,22.11421],[-102.88582,22.11332],[-102.88262,22.11592],[-102.88429,22.11738],[-102.8862,22.11455],[-102.8863,22.11421]]],[[[-102.88483,22.12048],[-102.88255,22.12024],[-102.87753,22.12406],[-102.87961,22.12855],[-102.87866,22.13005],[-102.87611,22.12745],[-102.87344,22.13036],[-102.87824,22.13135],[-102.88099,22.13708],[-102.88353,22.1378],[-102.88551,22.13622],[-102.88246,22.13494],[-102.87945,22.13201],[-102.88373,22.12821],[-102.88643,22.12729],[-102.89002,22.12789],[-102.88396,22.13493],[-102.89025,22.13296],[-102.896,22.12701],[-102.89554,22.12199],[-102.8911,22.12011],[-102.88487,22.12048],[-102.88483,22.12048]]],[[[-102.86413,22.13581],[-102.86639,22.13556],[-102.86843,22.13095],[-102.8702,22.13179],[-102.87102,22.12918],[-102.86598,22.1313],[-102.86413,22.13581]]],[[[-102.84385,22.13204],[-102.84775,22.13205],[-102.84708,22.12981],[-102.85001,22.12689],[-102.84463,22.12792],[-102.84385,22.13204]]],[[[-102.80416,22.13089],[-102.80719,22.12888],[-102.80355,22.12866],[-102.80416,22.13089]]],[[[-102.80935,22.12723],[-102.80776,22.12853],[-102.80963,22.1303],[-102.81146,22.12501],[-102.80935,22.12723]]],[[[-102.81723,22.10651],[-102.81497,22.11182],[-102.81424,22.12124],[-102.8171,22.11993],[-102.81588,22.11848],[-102.82499,22.11379],[-102.82674,22.11191],[-102.82421,22.10904],[-102.82472,22.10674],[-102.82071,22.10499],[-102.82257,22.10276],[-102.8213,22.10117],[-102.81723,22.10651]]],[[[-102.80926,22.09859],[-102.81488,22.10027],[-102.81427,22.09716],[-102.81154,22.09596],[-102.80926,22.09859]]],[[[-102.79939,22.09822],[-102.79752,22.10009],[-102.8005,22.10034],[-102.8024,22.09827],[-102.80497,22.09169],[-102.79988,22.09572],[-102.79939,22.09822]]],[[[-102.81144,22.09283],[-102.81597,22.09125],[-102.81704,22.08874],[-102.80954,22.09269],[-102.81144,22.09283]]],[[[-102.81875,22.09531],[-102.82149,22.09384],[-102.81975,22.09191],[-102.81875,22.09531]]],[[[-102.82833,22.09002],[-102.83085,22.09059],[-102.8353,22.08825],[-102.83477,22.08543],[-102.8319,22.08527],[-102.8303,22.08146],[-102.8295,22.08819],[-102.82833,22.09002]]],[[[-102.8204,22.09121],[-102.82388,22.09038],[-102.82341,22.08737],[-102.82424,22.08217],[-102.82706,22.07848],[-102.8247,22.07798],[-102.81934,22.08545],[-102.82069,22.08663],[-102.8204,22.09121]]],[[[-102.80045,22.08444],[-102.80217,22.08657],[-102.80658,22.08859],[-102.80085,22.08363],[-102.80045,22.08444]]],[[[-102.80964,22.08852],[-102.81506,22.08125],[-102.81264,22.08207],[-102.80617,22.08082],[-102.80416,22.07939],[-102.80326,22.08359],[-102.80521,22.08349],[-102.80805,22.08832],[-102.80964,22.08852]]],[[[-102.81664,22.08514],[-102.8212,22.07995],[-102.81861,22.0806],[-102.81615,22.08326],[-102.81664,22.08514]]],[[[-102.84658,22.08526],[-102.84454,22.08777],[-102.84611,22.08838],[-102.85047,22.0776],[-102.84802,22.07816],[-102.8454,22.08075],[-102.84243,22.0805],[-102.84109,22.08404],[-102.8423,22.08783],[-102.84658,22.08526]]],[[[-102.83339,22.07085],[-102.82852,22.07508],[-102.82939,22.07613],[-102.83423,22.07205],[-102.83339,22.07085]]],[[[-102.8266,22.07287],[-102.82926,22.07048],[-102.82656,22.07097],[-102.8266,22.07287]]],[[[-102.87986,22.09403],[-102.87999,22.09247],[-102.88433,22.09149],[-102.87868,22.08699],[-102.88055,22.08493],[-102.88247,22.0858],[-102.8859,22.08119],[-102.88775,22.07503],[-102.8908,22.07684],[-102.88697,22.06921],[-102.88634,22.07215],[-102.8838,22.07398],[-102.88432,22.077],[-102.87364,22.08269],[-102.87219,22.08677],[-102.86953,22.08742],[-102.86891,22.08994],[-102.87206,22.08946],[-102.87416,22.08565],[-102.87776,22.08372],[-102.87667,22.08691],[-102.8783,22.08957],[-102.87773,22.09277],[-102.87986,22.09403]]],[[[-102.86275,22.09025],[-102.86103,22.09471],[-102.86069,22.09855],[-102.86333,22.09437],[-102.86708,22.09267],[-102.86749,22.08746],[-102.87136,22.08563],[-102.87376,22.07964],[-102.86655,22.08421],[-102.86275,22.09025]]],[[[-102.84385,22.11223],[-102.84505,22.11278],[-102.84967,22.10633],[-102.84788,22.10511],[-102.84891,22.09996],[-102.85182,22.09603],[-102.84991,22.09494],[-102.85425,22.08995],[-102.85182,22.08789],[-102.84777,22.08878],[-102.84875,22.08677],[-102.85208,22.08606],[-102.85539,22.08145],[-102.85839,22.07982],[-102.85622,22.07798],[-102.8557,22.07988],[-102.8519,22.08033],[-102.8505,22.07865],[-102.84604,22.09023],[-102.84854,22.09367],[-102.84488,22.09491],[-102.84409,22.09989],[-102.842,22.10031],[-102.83709,22.1108],[-102.83405,22.11245],[-102.83766,22.11263],[-102.83963,22.10723],[-102.84397,22.10727],[-102.84385,22.11223]]],[[[-102.83755,22.10815],[-102.83913,22.10502],[-102.83846,22.1021],[-102.83222,22.10486],[-102.83218,22.10781],[-102.8364,22.10622],[-102.83755,22.10815]]],[[[-102.83072,22.10432],[-102.83285,22.10291],[-102.83203,22.10029],[-102.83502,22.09842],[-102.83549,22.09336],[-102.83202,22.09519],[-102.83205,22.09754],[-102.82961,22.09624],[-102.82512,22.09839],[-102.82569,22.10237],[-102.83072,22.10432]]],[[[-102.85814,22.07831],[-102.85935,22.07665],[-102.86022,22.06942],[-102.8568,22.07625],[-102.85814,22.07831]]],[[[-102.86872,22.10021],[-102.87174,22.10173],[-102.87348,22.10094],[-102.87034,22.0978],[-102.86743,22.09871],[-102.86872,22.10021]]],[[[-102.86377,22.09518],[-102.86251,22.09763],[-102.86608,22.09533],[-102.86377,22.09518]]],[[[-102.92328,22.11336],[-102.92416,22.11325],[-102.9242,22.11318],[-102.92154,22.1067],[-102.91919,22.10848],[-102.92328,22.11336]]],[[[-102.86921,22.11256],[-102.87146,22.11352],[-102.87363,22.10784],[-102.87441,22.11185],[-102.87647,22.10876],[-102.87454,22.10702],[-102.87569,22.10415],[-102.86755,22.10719],[-102.86714,22.1123],[-102.86921,22.11256]]],[[[-102.85802,22.10653],[-102.85894,22.10797],[-102.86139,22.10628],[-102.86026,22.10485],[-102.85802,22.10653]]],[[[-102.84794,22.11973],[-102.85023,22.1175],[-102.85286,22.11825],[-102.85279,22.11523],[-102.84847,22.11611],[-102.84536,22.11942],[-102.84794,22.11973]]],[[[-102.87487,22.12134],[-102.87978,22.12039],[-102.88142,22.11878],[-102.87861,22.11625],[-102.87487,22.12134]]],[[[-102.89534,22.08499],[-102.89683,22.08598],[-102.89641,22.08219],[-102.8941,22.079],[-102.89305,22.08067],[-102.89534,22.08499]]],[[[-102.88854,22.08393],[-102.89078,22.08211],[-102.88964,22.07987],[-102.88854,22.08393]]],[[[-102.80535,22.11083],[-102.80688,22.10918],[-102.80454,22.10574],[-102.80273,22.10929],[-102.80535,22.11083]]],[[[-102.86766,22.05936],[-102.87161,22.05809],[-102.86956,22.05475],[-102.86655,22.05467],[-102.8661,22.05971],[-102.86766,22.05936]]],[[[-102.83471,22.05886],[-102.83326,22.05665],[-102.82997,22.05854],[-102.83471,22.05886]]],[[[-102.8369,22.05164],[-102.8397,22.05052],[-102.83472,22.04825],[-102.8369,22.05164]]],[[[-102.82744,22.03243],[-102.82659,22.03468],[-102.82971,22.0334],[-102.82744,22.03243]]],[[[-102.82769,22.031],[-102.83022,22.03277],[-102.83207,22.0304],[-102.82457,22.03028],[-102.82769,22.031]]],[[[-102.83855,22.02304],[-102.83584,22.02256],[-102.83496,22.02571],[-102.83632,22.02664],[-102.83855,22.02304]]],[[[-103.56096,22.72172],[-103.56079,22.72244],[-103.56497,22.72645],[-103.56495,22.7303],[-103.57018,22.72947],[-103.57298,22.73363],[-103.57137,22.7362],[-103.57023,22.74384],[-103.56769,22.74314],[-103.56651,22.74718],[-103.56029,22.74679],[-103.56068,22.74952],[-103.56433,22.74909],[-103.56561,22.75031],[-103.56418,22.75465],[-103.56414,22.75629],[-103.56663,22.75762],[-103.56664,22.75438],[-103.5685,22.75362],[-103.57116,22.7489],[-103.57318,22.743],[-103.5725,22.73861],[-103.5766,22.73246],[-103.57841,22.72602],[-103.57752,22.72338],[-103.57231,22.72284],[-103.56823,22.71948],[-103.57332,22.72185],[-103.57777,22.72198],[-103.57751,22.71948],[-103.57282,22.7175],[-103.57494,22.71609],[-103.57439,22.71325],[-103.56954,22.71687],[-103.56327,22.71547],[-103.56174,22.71877],[-103.5629,22.71796],[-103.56736,22.71989],[-103.56151,22.72257],[-103.56096,22.72172]],[[-103.56944,22.72838],[-103.56602,22.72841],[-103.56771,22.72637],[-103.56944,22.72838]]],[[[-104.02586,22.65095],[-104.02533,22.65205],[-104.02821,22.65126],[-104.02842,22.64769],[-104.03227,22.64534],[-104.02979,22.64262],[-104.02808,22.64519],[-104.02741,22.64625],[-104.02698,22.64744],[-104.02702,22.64758],[-104.02586,22.65095]]],[[[-103.81788,22.59616],[-103.81808,22.59598],[-103.81667,22.59657],[-103.81788,22.59616]]],[[[-103.75986,22.55542],[-103.75929,22.55458],[-103.75764,22.56059],[-103.75843,22.56069],[-103.76138,22.55968],[-103.76399,22.5557],[-103.76013,22.5556],[-103.75986,22.55542]]],[[[-103.88707,22.44163],[-103.89025,22.4418],[-103.8945,22.4397],[-103.89493,22.43816],[-103.88842,22.43331],[-103.88727,22.4321],[-103.88403,22.43045],[-103.88372,22.43009],[-103.8839,22.43297],[-103.88627,22.43653],[-103.88444,22.43671],[-103.88323,22.44049],[-103.87945,22.43722],[-103.87985,22.44001],[-103.8866,22.44146],[-103.88707,22.44163]]],[[[-103.88313,22.40133],[-103.88402,22.40032],[-103.88475,22.4001],[-103.8864,22.39881],[-103.88633,22.39869],[-103.88577,22.39812],[-103.88505,22.39767],[-103.88478,22.39747],[-103.88493,22.39584],[-103.8843,22.39558],[-103.88397,22.39515],[-103.88352,22.39464],[-103.88345,22.39002],[-103.88141,22.39126],[-103.88149,22.39317],[-103.88168,22.39645],[-103.87974,22.39951],[-103.87979,22.40061],[-103.88128,22.40161],[-103.8823,22.40163],[-103.88313,22.40133]]],[[[-103.92527,22.3305],[-103.92507,22.33032],[-103.92506,22.33032],[-103.92525,22.33056],[-103.92527,22.3305]]],[[[-103.49672,22.55327],[-103.4982,22.55125],[-103.4987,22.55057],[-103.50058,22.54802],[-103.50118,22.54795],[-103.50174,22.54933],[-103.5019,22.54806],[-103.49871,22.54605],[-103.49802,22.54972],[-103.49593,22.55248],[-103.49672,22.55327]]],[[[-103.80266,22.52203],[-103.79992,22.52721],[-103.80254,22.52782],[-103.80394,22.52473],[-103.80266,22.52203]]],[[[-103.91408,22.32954],[-103.91341,22.32973],[-103.91458,22.33131],[-103.91408,22.32954]]],[[[-103.91292,22.32973],[-103.91341,22.32973],[-103.91265,22.32889],[-103.91292,22.32973]]],[[[-103.86468,22.53945],[-103.86516,22.53894],[-103.86541,22.53784],[-103.86256,22.53739],[-103.86468,22.53945]]],[[[-103.86018,22.56758],[-103.86027,22.56768],[-103.8608,22.56762],[-103.86018,22.56758]]],[[[-103.85708,22.57182],[-103.85718,22.57085],[-103.85712,22.57095],[-103.85708,22.57182]]],[[[-103.84555,22.57663],[-103.84561,22.57408],[-103.83738,22.57412],[-103.83538,22.57408],[-103.83168,22.574],[-103.81916,22.57721],[-103.82,22.57904],[-103.81751,22.57955],[-103.81483,22.58233],[-103.81848,22.58402],[-103.81957,22.58107],[-103.82175,22.58075],[-103.82261,22.5777],[-103.82912,22.57645],[-103.83106,22.57489],[-103.83485,22.57808],[-103.83102,22.58435],[-103.83423,22.57914],[-103.84546,22.57792],[-103.84555,22.57663]]],[[[-103.81184,22.59774],[-103.81164,22.59824],[-103.81244,22.59796],[-103.81184,22.59774]]],[[[-103.79436,22.60422],[-103.80202,22.59597],[-103.80421,22.59474],[-103.80237,22.59436],[-103.80366,22.59062],[-103.79895,22.59047],[-103.7923,22.59619],[-103.79054,22.59957],[-103.7914,22.60137],[-103.78896,22.60253],[-103.79237,22.60496],[-103.79238,22.60496],[-103.79436,22.60422]]],[[[-104.01638,22.66435],[-104.01557,22.6686],[-104.01889,22.66841],[-104.01638,22.66435]]],[[[-103.56291,22.69271],[-103.5621,22.69321],[-103.55512,22.69461],[-103.55442,22.69625],[-103.55669,22.69736],[-103.5698,22.69823],[-103.56996,22.69905],[-103.57189,22.69903],[-103.57722,22.69511],[-103.58175,22.69604],[-103.58049,22.69295],[-103.58286,22.69438],[-103.58469,22.69197],[-103.58874,22.68878],[-103.58004,22.6871],[-103.57637,22.68511],[-103.57276,22.68555],[-103.57159,22.68748],[-103.56976,22.68582],[-103.56801,22.68699],[-103.57057,22.68981],[-103.56291,22.69271]]],[[[-103.5706,22.6699],[-103.56948,22.67013],[-103.57333,22.67491],[-103.57477,22.67488],[-103.57329,22.67011],[-103.5706,22.6699]]],[[[-103.57848,22.69905],[-103.57869,22.70251],[-103.58079,22.70336],[-103.58091,22.69903],[-103.57848,22.69905]]],[[[-103.58123,22.73091],[-103.58142,22.73386],[-103.58588,22.73061],[-103.58767,22.73191],[-103.58858,22.72956],[-103.58534,22.72939],[-103.58716,22.7269],[-103.58338,22.72322],[-103.58463,22.7218],[-103.5855,22.71325],[-103.58034,22.71241],[-103.58026,22.71082],[-103.5839,22.70941],[-103.58676,22.70526],[-103.58871,22.70041],[-103.58857,22.70506],[-103.59192,22.7038],[-103.59261,22.70151],[-103.59529,22.6986],[-103.59695,22.69205],[-103.59478,22.69277],[-103.59323,22.69519],[-103.58772,22.69557],[-103.58418,22.69698],[-103.5832,22.69978],[-103.58336,22.70512],[-103.5754,22.70331],[-103.57567,22.70783],[-103.57916,22.70668],[-103.58013,22.70488],[-103.58221,22.70714],[-103.57887,22.70829],[-103.57736,22.71505],[-103.58086,22.7202],[-103.58036,22.72578],[-103.58264,22.72742],[-103.58123,22.73091]]],[[[-103.56325,22.71231],[-103.56328,22.71455],[-103.56702,22.71401],[-103.56325,22.71231]]],[[[-103.61378,22.74065],[-103.61393,22.7402],[-103.61405,22.73752],[-103.61221,22.73446],[-103.60932,22.73375],[-103.60583,22.73118],[-103.60954,22.72991],[-103.60914,22.72909],[-103.60723,22.72786],[-103.6047,22.72904],[-103.60093,22.72568],[-103.59498,22.7256],[-103.5937,22.72882],[-103.60044,22.73066],[-103.5998,22.73251],[-103.60293,22.73384],[-103.60115,22.73138],[-103.60469,22.73199],[-103.60592,22.734],[-103.60995,22.73659],[-103.61316,22.74258],[-103.61356,22.74133],[-103.61378,22.74065]]],[[[-103.57341,22.7439],[-103.57373,22.74908],[-103.57259,22.75392],[-103.57433,22.75442],[-103.5776,22.74264],[-103.58084,22.73726],[-103.58329,22.73904],[-103.58546,22.73662],[-103.58072,22.73549],[-103.579,22.73734],[-103.57808,22.73451],[-103.57688,22.73842],[-103.57341,22.7439]]],[[[-103.58035,22.74536],[-103.58379,22.74528],[-103.58367,22.7436],[-103.57899,22.74346],[-103.58035,22.74536]]],[[[-103.58472,22.75098],[-103.58481,22.75043],[-103.58492,22.7498],[-103.58524,22.7479],[-103.58126,22.74616],[-103.58024,22.74816],[-103.58256,22.74867],[-103.57957,22.75276],[-103.58033,22.75501],[-103.58424,22.7546],[-103.5842,22.75398],[-103.58265,22.7532],[-103.58472,22.75098]]],[[[-103.58906,22.76083],[-103.58744,22.75726],[-103.59081,22.75726],[-103.59002,22.75559],[-103.58569,22.75763],[-103.58637,22.7601],[-103.58694,22.76056],[-103.58906,22.76083]]],[[[-103.57911,22.76228],[-103.5817,22.7589],[-103.58102,22.75638],[-103.579,22.75753],[-103.57924,22.76021],[-103.57691,22.75857],[-103.57651,22.76057],[-103.57911,22.76228]]],[[[-103.57654,22.76888],[-103.57757,22.7689],[-103.58087,22.76817],[-103.57977,22.76764],[-103.57895,22.76724],[-103.57798,22.76677],[-103.57654,22.76888]]],[[[-103.55653,22.77483],[-103.55277,22.77786],[-103.55837,22.78068],[-103.56299,22.77648],[-103.56519,22.77131],[-103.56168,22.77023],[-103.56152,22.77081],[-103.55956,22.77554],[-103.55653,22.77483]]],[[[-103.65001,22.7004],[-103.65426,22.68963],[-103.65394,22.6887],[-103.6515,22.68963],[-103.64928,22.6927],[-103.64554,22.69353],[-103.64388,22.69069],[-103.64433,22.69451],[-103.64198,22.69455],[-103.64278,22.69223],[-103.64102,22.69092],[-103.61357,22.69448],[-103.61768,22.69977],[-103.61993,22.69946],[-103.62322,22.70195],[-103.62254,22.70411],[-103.62501,22.70625],[-103.62668,22.70279],[-103.63041,22.70429],[-103.63188,22.70393],[-103.63187,22.69981],[-103.63408,22.70075],[-103.6334,22.70356],[-103.6403,22.70516],[-103.64506,22.70394],[-103.64657,22.69877],[-103.65001,22.7004]],[[-103.6362,22.70152],[-103.63852,22.69271],[-103.63989,22.69632],[-103.63799,22.70184],[-103.6362,22.70152]]],[[[-103.62635,22.71968],[-103.62992,22.72216],[-103.62862,22.71955],[-103.63015,22.71814],[-103.62587,22.71755],[-103.62635,22.71968]]],[[[-103.58847,22.71703],[-103.59019,22.71528],[-103.5897,22.71291],[-103.58634,22.71431],[-103.58629,22.7168],[-103.58847,22.71703]]],[[[-103.59373,22.70894],[-103.59642,22.71295],[-103.59883,22.71314],[-103.59942,22.7056],[-103.602,22.70413],[-103.60564,22.70744],[-103.60269,22.70766],[-103.60631,22.70993],[-103.60775,22.70669],[-103.60467,22.70208],[-103.60211,22.70216],[-103.60119,22.69988],[-103.60478,22.70065],[-103.60407,22.6928],[-103.6024,22.69104],[-103.59646,22.69456],[-103.5951,22.70004],[-103.59286,22.70213],[-103.5926,22.70466],[-103.58857,22.7086],[-103.586,22.70913],[-103.58528,22.71186],[-103.58794,22.71208],[-103.59101,22.70918],[-103.59139,22.71174],[-103.59373,22.70894]]],[[[-103.57723,22.67942],[-103.576,22.68003],[-103.57469,22.68297],[-103.57828,22.68266],[-103.57918,22.68603],[-103.58534,22.68618],[-103.59258,22.68862],[-103.58978,22.69027],[-103.58658,22.69071],[-103.5863,22.69305],[-103.58393,22.69407],[-103.58452,22.69602],[-103.58708,22.69487],[-103.59332,22.69402],[-103.59478,22.69219],[-103.59778,22.69145],[-103.59984,22.69208],[-103.60147,22.69017],[-103.60102,22.6871],[-103.6025,22.68621],[-103.5995,22.68097],[-103.59989,22.67918],[-103.59131,22.67625],[-103.59088,22.67718],[-103.5858,22.67385],[-103.58304,22.67686],[-103.58317,22.67955],[-103.5805,22.68111],[-103.57723,22.67942]]],[[[-103.60053,22.67527],[-103.59877,22.67676],[-103.60101,22.67872],[-103.60502,22.67481],[-103.60526,22.67071],[-103.60325,22.6735],[-103.60344,22.67031],[-103.60981,22.66445],[-103.60644,22.66602],[-103.60842,22.66341],[-103.60496,22.66135],[-103.60226,22.66551],[-103.59767,22.65795],[-103.59572,22.65922],[-103.59796,22.66415],[-103.60206,22.66769],[-103.60041,22.67035],[-103.59782,22.6702],[-103.59653,22.67339],[-103.59999,22.67333],[-103.60053,22.67527]]],[[[-103.60468,22.65946],[-103.607,22.66121],[-103.61001,22.65863],[-103.60615,22.6574],[-103.60468,22.65946]]],[[[-103.6221,22.67932],[-103.62507,22.6805],[-103.6257,22.68431],[-103.62817,22.68585],[-103.62669,22.6903],[-103.62351,22.68985],[-103.62048,22.6873],[-103.61747,22.68995],[-103.61636,22.68851],[-103.61512,22.68971],[-103.61998,22.69091],[-103.61712,22.69364],[-103.63476,22.69136],[-103.63724,22.68846],[-103.63693,22.69106],[-103.64474,22.69018],[-103.64836,22.68749],[-103.65097,22.68885],[-103.65382,22.68832],[-103.65293,22.68575],[-103.64976,22.68609],[-103.65032,22.68386],[-103.64578,22.68031],[-103.64529,22.6853],[-103.64135,22.68642],[-103.64093,22.6834],[-103.63809,22.68229],[-103.64271,22.67547],[-103.64162,22.67426],[-103.63796,22.67829],[-103.63407,22.67649],[-103.63627,22.67533],[-103.63761,22.67184],[-103.64025,22.67037],[-103.64038,22.66883],[-103.63954,22.66709],[-103.63573,22.66888],[-103.63326,22.67235],[-103.62265,22.67733],[-103.6221,22.67932]],[[-103.6349,22.68204],[-103.63561,22.68508],[-103.63365,22.68404],[-103.6349,22.68204]]],[[[-103.61218,22.68329],[-103.61249,22.6818],[-103.60623,22.68026],[-103.60322,22.67842],[-103.60529,22.68297],[-103.61218,22.68329]]],[[[-103.61619,22.67384],[-103.61915,22.67726],[-103.62825,22.66923],[-103.62321,22.6676],[-103.61846,22.66913],[-103.61644,22.67225],[-103.61619,22.67384]],[[-103.62076,22.66988],[-103.62364,22.67021],[-103.61956,22.6765],[-103.6168,22.67318],[-103.62076,22.66988]]],[[[-103.72466,22.60693],[-103.72707,22.6061],[-103.72856,22.60442],[-103.72613,22.59958],[-103.72381,22.60521],[-103.72466,22.60693]]],[[[-103.7194,22.58993],[-103.71816,22.58769],[-103.71547,22.59081],[-103.71813,22.59403],[-103.71935,22.59172],[-103.7194,22.58993]]],[[[-103.78917,22.59244],[-103.78834,22.59384],[-103.78981,22.59819],[-103.79348,22.59346],[-103.78953,22.59215],[-103.78917,22.59244]]],[[[-103.79186,22.58989],[-103.79684,22.58797],[-103.79836,22.58549],[-103.79426,22.58325],[-103.79493,22.58523],[-103.79125,22.58779],[-103.78818,22.58837],[-103.79186,22.58989]]],[[[-103.79599,22.57571],[-103.79915,22.57481],[-103.79585,22.57362],[-103.79599,22.57571]]],[[[-103.79079,22.57716],[-103.79436,22.5769],[-103.79142,22.57498],[-103.79079,22.57716]]],[[[-103.64596,22.57473],[-103.64705,22.57782],[-103.64887,22.57719],[-103.64596,22.57473]]],[[[-103.79064,22.58186],[-103.79466,22.57981],[-103.79233,22.57802],[-103.78963,22.5793],[-103.79064,22.58186]]],[[[-103.8064,22.58431],[-103.80409,22.58738],[-103.80583,22.59038],[-103.80963,22.58864],[-103.8092,22.58386],[-103.8064,22.58431]]],[[[-103.8208,22.58294],[-103.81901,22.58573],[-103.82129,22.58695],[-103.82393,22.58498],[-103.82148,22.58173],[-103.8208,22.58294]]],[[[-103.61776,22.70606],[-103.61766,22.70839],[-103.62009,22.70776],[-103.6149,22.70299],[-103.61251,22.69808],[-103.60884,22.6992],[-103.6054,22.69725],[-103.60927,22.70221],[-103.61078,22.70258],[-103.61483,22.70792],[-103.61776,22.70606]]],[[[-103.61808,22.70028],[-103.61716,22.70164],[-103.62053,22.70748],[-103.61969,22.70184],[-103.61808,22.70028]]],[[[-103.62582,22.71506],[-103.63013,22.71733],[-103.62608,22.71363],[-103.62546,22.71178],[-103.62047,22.70921],[-103.62,22.71282],[-103.62219,22.71229],[-103.62582,22.71506]]],[[[-103.63289,22.72238],[-103.63282,22.71934],[-103.63039,22.72181],[-103.63289,22.72238]]],[[[-103.88527,22.74745],[-103.88705,22.74414],[-103.88478,22.74374],[-103.88354,22.74791],[-103.88527,22.74745]]],[[[-103.9412,22.75787],[-103.9441,22.75815],[-103.94794,22.75105],[-103.94529,22.75038],[-103.94215,22.75336],[-103.9412,22.75787]]],[[[-103.95372,22.7587],[-103.95704,22.75974],[-103.95563,22.75776],[-103.95652,22.75521],[-103.95132,22.756],[-103.95372,22.7587]]],[[[-103.95534,22.77424],[-103.95518,22.77741],[-103.95193,22.78205],[-103.95632,22.78076],[-103.96461,22.77396],[-103.96642,22.77549],[-103.96861,22.77421],[-103.96812,22.7705],[-103.96954,22.76991],[-103.97061,22.77404],[-103.97376,22.77514],[-103.97422,22.77756],[-103.97869,22.77561],[-103.97549,22.77364],[-103.97578,22.77139],[-103.97987,22.77148],[-103.97909,22.76828],[-103.97383,22.76942],[-103.97462,22.77132],[-103.97077,22.77039],[-103.97057,22.76752],[-103.973,22.76603],[-103.96992,22.76505],[-103.96983,22.7618],[-103.96683,22.75968],[-103.9659,22.76142],[-103.9631,22.76082],[-103.96564,22.7582],[-103.96325,22.75738],[-103.95987,22.75939],[-103.95913,22.7621],[-103.9634,22.76222],[-103.96722,22.76432],[-103.96587,22.76588],[-103.96819,22.7673],[-103.96186,22.77005],[-103.96188,22.76667],[-103.95898,22.76627],[-103.95249,22.75853],[-103.95097,22.76394],[-103.94734,22.76616],[-103.94925,22.76929],[-103.94638,22.77068],[-103.94974,22.77365],[-103.95265,22.77094],[-103.95534,22.77424]]],[[[-103.94038,22.77528],[-103.94126,22.78208],[-103.94307,22.78266],[-103.94743,22.77975],[-103.95046,22.77935],[-103.95171,22.77703],[-103.94636,22.7725],[-103.94413,22.77484],[-103.94305,22.77248],[-103.94038,22.77528]]],[[[-104.05251,22.7797],[-104.05515,22.78178],[-104.05655,22.77846],[-104.0547,22.77651],[-104.05251,22.7797]]],[[[-103.98105,22.77071],[-103.98419,22.77066],[-103.98687,22.76633],[-103.98479,22.76583],[-103.98328,22.77012],[-103.98105,22.77071]]],[[[-104.06625,22.7677],[-104.07092,22.76729],[-104.07252,22.76305],[-104.07649,22.76144],[-104.07383,22.75756],[-104.07226,22.76231],[-104.06625,22.7677]]],[[[-104.05447,22.77044],[-104.05636,22.77044],[-104.05755,22.76709],[-104.05625,22.76658],[-104.05447,22.77044]]],[[[-103.99552,22.7794],[-103.99686,22.77495],[-103.99382,22.77654],[-103.9931,22.77894],[-103.99552,22.7794]]],[[[-103.99048,22.7777],[-103.98831,22.77929],[-103.99112,22.77986],[-103.99048,22.7777]]],[[[-103.97378,22.78662],[-103.97431,22.78957],[-103.97543,22.78638],[-103.97378,22.78662]]],[[[-104.08045,22.78944],[-104.08289,22.78818],[-104.08215,22.78645],[-104.08045,22.78944]]],[[[-103.97622,22.79218],[-103.97801,22.79082],[-103.98026,22.79192],[-103.98063,22.78847],[-103.97642,22.79035],[-103.97622,22.79218]]],[[[-103.96786,22.78894],[-103.97122,22.7918],[-103.97192,22.78862],[-103.96928,22.78683],[-103.96553,22.78763],[-103.96786,22.78894]]],[[[-103.96353,22.79272],[-103.96618,22.7939],[-103.96534,22.79004],[-103.96353,22.79272]]],[[[-104.05593,22.79276],[-104.05565,22.79631],[-104.05746,22.7953],[-104.05593,22.79276]]],[[[-103.93802,22.78209],[-103.93753,22.78437],[-103.93972,22.78561],[-103.9406,22.78164],[-103.93802,22.78209]]],[[[-104.07443,22.8055],[-104.0732,22.80866],[-104.07543,22.80701],[-104.07443,22.8055]]],[[[-104.0752,22.82863],[-104.07512,22.83116],[-104.07987,22.83261],[-104.08094,22.82815],[-104.07661,22.82765],[-104.07705,22.82448],[-104.08126,22.82259],[-104.08156,22.81668],[-104.07858,22.82105],[-104.07724,22.8177],[-104.08069,22.81555],[-104.08085,22.80902],[-104.07586,22.81883],[-104.07372,22.8179],[-104.07396,22.82187],[-104.07273,22.82291],[-104.0752,22.82863]]],[[[-104.05596,22.83941],[-104.05866,22.83972],[-104.06819,22.83507],[-104.06829,22.83763],[-104.07225,22.83378],[-104.0736,22.82956],[-104.07187,22.82617],[-104.07,22.82571],[-104.0712,22.82959],[-104.06805,22.82901],[-104.06506,22.83188],[-104.06184,22.83296],[-104.06391,22.82913],[-104.06594,22.8279],[-104.06462,22.8244],[-104.06669,22.8186],[-104.06274,22.82452],[-104.0608,22.82503],[-104.06134,22.8279],[-104.05723,22.82525],[-104.05668,22.82954],[-104.05787,22.83183],[-104.05602,22.83501],[-104.05596,22.83941]]],[[[-103.90536,22.83831],[-103.90797,22.83527],[-103.90422,22.83482],[-103.90536,22.83831]]],[[[-104.04917,22.85399],[-104.04954,22.85419],[-104.05639,22.85491],[-104.05845,22.85245],[-104.06484,22.8505],[-104.06692,22.84611],[-104.06522,22.84358],[-104.06972,22.84533],[-104.06917,22.8406],[-104.06246,22.83968],[-104.05496,22.84663],[-104.04726,22.85167],[-104.05055,22.85135],[-104.04917,22.85399]],[[-104.0523,22.85036],[-104.05682,22.84653],[-104.05631,22.84827],[-104.05993,22.85029],[-104.05787,22.85221],[-104.05189,22.85323],[-104.0523,22.85036]]],[[[-103.89969,22.8437],[-103.9007,22.84344],[-103.90139,22.84197],[-103.90141,22.84165],[-103.90141,22.84113],[-103.90141,22.84111],[-103.8969,22.84277],[-103.89639,22.8437],[-103.89969,22.8437]]],[[[-104.08983,22.85169],[-104.09483,22.8537],[-104.09395,22.84995],[-104.09204,22.84928],[-104.08983,22.85169]]],[[[-104.05727,22.82278],[-104.06129,22.82219],[-104.05983,22.81848],[-104.05772,22.81988],[-104.05727,22.82278]]],[[[-104.06789,22.81568],[-104.06735,22.81027],[-104.06524,22.80932],[-104.06553,22.81436],[-104.06789,22.81568]]],[[[-104.11163,22.90307],[-104.11353,22.9026],[-104.11625,22.89797],[-104.11215,22.89362],[-104.11349,22.89767],[-104.1117,22.89926],[-104.11163,22.90307]]],[[[-104.07068,22.90226],[-104.07792,22.90348],[-104.0756,22.90115],[-104.07084,22.90068],[-104.07068,22.90226]]],[[[-103.99688,22.91307],[-104.00121,22.91295],[-104.00285,22.91051],[-104.00168,22.9081],[-103.99844,22.90795],[-104.00067,22.9046],[-103.99664,22.90832],[-103.99383,22.90907],[-103.99688,22.91307]]],[[[-103.97973,22.91048],[-103.98018,22.9127],[-103.98247,22.91079],[-103.97973,22.91048]]],[[[-103.97823,22.91834],[-103.98161,22.91959],[-104.0025,22.91624],[-103.99619,22.91571],[-103.99121,22.9131],[-103.99041,22.91521],[-103.98565,22.917],[-103.98541,22.91527],[-103.98198,22.91499],[-103.98325,22.91716],[-103.97808,22.91679],[-103.97823,22.91834]]],[[[-104.08089,22.9081],[-104.08724,22.90584],[-104.0867,22.90213],[-104.08335,22.90215],[-104.08023,22.90364],[-104.08089,22.9081]]],[[[-104.07634,22.90806],[-104.07878,22.9062],[-104.07463,22.90624],[-104.07634,22.90806]]],[[[-104.08331,22.91089],[-104.08625,22.90972],[-104.08698,22.90664],[-104.08392,22.90858],[-104.08331,22.91089]]],[[[-104.08266,22.91262],[-104.08415,22.91455],[-104.08582,22.91219],[-104.08904,22.9142],[-104.09144,22.91156],[-104.09192,22.90457],[-104.08998,22.90495],[-104.08916,22.90992],[-104.08266,22.91262]]],[[[-104.12968,22.91232],[-104.13336,22.91265],[-104.1337,22.91087],[-104.13061,22.91071],[-104.12968,22.91232]]],[[[-104.11069,22.91578],[-104.1137,22.91534],[-104.11247,22.91196],[-104.11069,22.91578]]],[[[-104.08604,22.91702],[-104.08506,22.91822],[-104.08927,22.91842],[-104.08995,22.91718],[-104.08604,22.91702]]],[[[-104.07826,22.92484],[-104.07883,22.92212],[-104.08071,22.92187],[-104.08015,22.91917],[-104.07593,22.9168],[-104.07826,22.92484]]],[[[-104.07063,22.92453],[-104.07482,22.9225],[-104.0706,22.92212],[-104.07063,22.92453]]],[[[-104.00305,22.92154],[-104.002,22.92423],[-103.99874,22.92692],[-104.00003,22.92825],[-104.0046,22.9246],[-104.0056,22.92243],[-104.00305,22.92154]]],[[[-104.08386,22.92925],[-104.08541,22.92877],[-104.08204,22.92406],[-104.07965,22.92725],[-104.08386,22.92925]]],[[[-104.09177,22.92804],[-104.09275,22.92923],[-104.09591,22.92734],[-104.09153,22.92558],[-104.0902,22.92804],[-104.08737,22.92713],[-104.0868,22.92954],[-104.09177,22.92804]]],[[[-104.11355,22.92762],[-104.11353,22.92966],[-104.11668,22.93046],[-104.11355,22.92762]]],[[[-104.08476,22.93747],[-104.08819,22.93757],[-104.08958,22.93021],[-104.08476,22.93747]]],[[[-104.08074,22.93345],[-104.0814,22.93666],[-104.08409,22.93683],[-104.08339,22.93204],[-104.08074,22.93345]]],[[[-104.07684,22.9329],[-104.07341,22.93805],[-104.07432,22.94038],[-104.07747,22.93839],[-104.07621,22.93697],[-104.07912,22.9355],[-104.07684,22.9329]]],[[[-104.0747,22.95145],[-104.0752,22.95199],[-104.07908,22.93762],[-104.07427,22.9438],[-104.07208,22.94245],[-104.06997,22.94446],[-104.07336,22.94557],[-104.0747,22.95145]]],[[[-104.06667,22.94216],[-104.06903,22.93937],[-104.06623,22.93922],[-104.06577,22.93577],[-104.06321,22.93538],[-104.06518,22.94125],[-104.06667,22.94216]]],[[[-104.06213,22.93867],[-104.06221,22.93576],[-104.05988,22.93594],[-104.06213,22.93867]]],[[[-104.06868,22.93421],[-104.06891,22.93613],[-104.07265,22.93386],[-104.06868,22.93421]]],[[[-103.98162,22.96906],[-103.98208,22.97296],[-103.98431,22.97748],[-103.98215,22.98275],[-103.98462,22.9829],[-103.9924,22.98556],[-103.99583,22.98139],[-103.99862,22.98045],[-104.00388,22.98474],[-104.00486,22.9868],[-104.00448,22.98319],[-104.00735,22.98588],[-104.01182,22.98523],[-104.01293,22.98257],[-104.0147,22.96783],[-104.01895,22.9569],[-104.01604,22.95728],[-104.01328,22.95445],[-104.01118,22.95613],[-104.00966,22.96084],[-104.00497,22.95822],[-104.00066,22.96064],[-103.99881,22.95786],[-103.99944,22.95497],[-103.99773,22.95373],[-103.99438,22.95522],[-103.99482,22.95729],[-103.99197,22.95723],[-103.99051,22.96089],[-103.98802,22.96129],[-103.98594,22.96386],[-103.98178,22.96519],[-103.98133,22.96669],[-103.98154,22.96845],[-103.98162,22.96906]],[[-104.00144,22.97351],[-104.00302,22.97405],[-104.00353,22.97894],[-104.00153,22.97846],[-104.00144,22.97351]],[[-103.99954,22.96754],[-104.00187,22.96813],[-104.00199,22.97145],[-103.9989,22.97208],[-103.99808,22.96948],[-103.99954,22.96754]]],[[[-103.56246,22.76641],[-103.56213,22.76803],[-103.56502,22.76884],[-103.5668,22.76455],[-103.56892,22.76528],[-103.57083,22.75983],[-103.57315,22.75647],[-103.56921,22.75751],[-103.56801,22.76151],[-103.56657,22.76047],[-103.56432,22.7645],[-103.56307,22.76343],[-103.56267,22.7654],[-103.56246,22.76641]]],[[[-103.57365,22.69824],[-103.57757,22.69854],[-103.57925,22.6971],[-103.57365,22.69824]]],[[[-104.09162,22.65988],[-104.09361,22.66314],[-104.09425,22.66074],[-104.09162,22.65988]]],[[[-104.01728,22.66248],[-104.0217,22.65709],[-104.01878,22.65735],[-104.01728,22.66248]]],[[[-104.09279,22.64555],[-104.0932,22.65041],[-104.09486,22.64734],[-104.09279,22.64555]]],[[[-104.10189,22.65155],[-104.09772,22.64729],[-104.09388,22.64542],[-104.10014,22.65149],[-104.10189,22.65155]]],[[[-104.14482,22.65475],[-104.14792,22.65916],[-104.14849,22.6559],[-104.14482,22.65475]]],[[[-104.02993,22.60592],[-104.02855,22.60243],[-104.03158,22.60254],[-104.02685,22.6007],[-104.02706,22.60126],[-104.029,22.60478],[-104.02666,22.60442],[-104.0278,22.60703],[-104.02993,22.60592]]],[[[-104.02406,22.60452],[-104.02652,22.60595],[-104.02435,22.60235],[-104.02406,22.60452]]],[[[-104.02643,22.59959],[-104.02977,22.60039],[-104.033,22.59933],[-104.03095,22.59617],[-104.02508,22.59615],[-104.02607,22.59875],[-104.02643,22.59959]]],[[[-104.03226,22.59519],[-104.02973,22.59239],[-104.02762,22.59466],[-104.03226,22.59519]]],[[[-104.02893,22.57672],[-104.03193,22.58093],[-104.03357,22.57601],[-104.03632,22.57575],[-104.03466,22.57374],[-104.02893,22.57672]]],[[[-104.02666,22.57484],[-104.0287,22.57653],[-104.02796,22.57198],[-104.02651,22.57011],[-104.0275,22.5657],[-104.03194,22.56384],[-104.02809,22.56424],[-104.03156,22.56218],[-104.02879,22.56186],[-104.02437,22.56612],[-104.02423,22.57132],[-104.01951,22.56951],[-104.02192,22.57151],[-104.01965,22.57315],[-104.02412,22.57256],[-104.02411,22.57468],[-104.02666,22.57484]]],[[[-104.0288,22.56989],[-104.02799,22.57067],[-104.02997,22.57595],[-104.03379,22.57016],[-104.03587,22.57204],[-104.03609,22.56807],[-104.03123,22.56755],[-104.0288,22.56989]]],[[[-104.03074,22.55271],[-104.02526,22.55462],[-104.0251,22.55796],[-104.02731,22.55731],[-104.02687,22.55501],[-104.0288,22.55376],[-104.03074,22.55271]]],[[[-104.15985,22.55534],[-104.16364,22.55472],[-104.16087,22.5522],[-104.15969,22.55488],[-104.15985,22.55534]]],[[[-104.16815,22.55375],[-104.17355,22.55287],[-104.17315,22.54946],[-104.17095,22.54941],[-104.16698,22.54476],[-104.16337,22.54476],[-104.16782,22.54734],[-104.16318,22.54674],[-104.16948,22.55222],[-104.16815,22.55375]]],[[[-104.00126,22.55247],[-103.99917,22.5514],[-103.99634,22.55299],[-103.9977,22.55442],[-104.00126,22.55247]]],[[[-104.15954,22.54801],[-104.16123,22.54666],[-104.16071,22.54333],[-104.15825,22.54673],[-104.15954,22.54801]]],[[[-104.1816,22.54434],[-104.1838,22.5464],[-104.18365,22.54216],[-104.18202,22.54203],[-104.18225,22.53809],[-104.18074,22.53741],[-104.17995,22.5411],[-104.1816,22.54434]]],[[[-104.13222,22.53781],[-104.13172,22.5345],[-104.12934,22.53323],[-104.12771,22.53642],[-104.13122,22.5361],[-104.13222,22.53781]]],[[[-104.01497,22.53118],[-104.01678,22.53393],[-104.01726,22.52906],[-104.01361,22.52943],[-104.01497,22.53118]]],[[[-104.14532,22.52984],[-104.14574,22.52909],[-104.14575,22.52907],[-104.14614,22.52838],[-104.14224,22.52644],[-104.14294,22.52458],[-104.14017,22.52234],[-104.13913,22.52542],[-104.14097,22.52501],[-104.1426,22.53025],[-104.1414,22.53568],[-104.14505,22.53352],[-104.14532,22.52984]]],[[[-104.13324,22.52424],[-104.13376,22.52611],[-104.13643,22.5254],[-104.13324,22.52424]]],[[[-104.15063,22.51912],[-104.15005,22.51655],[-104.14785,22.51769],[-104.14921,22.52128],[-104.14695,22.52116],[-104.1473,22.5258],[-104.15267,22.52434],[-104.15042,22.52215],[-104.15063,22.51912]]],[[[-104.16571,22.52187],[-104.1644,22.51888],[-104.16227,22.51905],[-104.16571,22.52187]]],[[[-104.13567,22.51416],[-104.13518,22.5121],[-104.13758,22.51137],[-104.13809,22.51369],[-104.1405,22.51237],[-104.14081,22.50928],[-104.14417,22.50717],[-104.13842,22.50682],[-104.14007,22.50937],[-104.13644,22.50858],[-104.13554,22.5098],[-104.13199,22.50892],[-104.13177,22.51029],[-104.13567,22.51416]]],[[[-104.15123,22.53022],[-104.15275,22.5295],[-104.15224,22.52462],[-104.15064,22.52583],[-104.1503,22.52985],[-104.15123,22.53022]]],[[[-104.18653,22.54146],[-104.1888,22.54114],[-104.18944,22.53852],[-104.19162,22.54027],[-104.19446,22.54015],[-104.19109,22.53711],[-104.18606,22.53656],[-104.18517,22.538],[-104.18653,22.54146]]],[[[-104.27045,22.36795],[-104.27004,22.36774],[-104.26817,22.36926],[-104.27096,22.36892],[-104.27045,22.36795]]],[[[-103.97314,22.50692],[-103.97302,22.50728],[-103.97283,22.50764],[-103.9725,22.50803],[-103.97596,22.50986],[-103.9785,22.50923],[-103.97523,22.50661],[-103.97314,22.50692]]],[[[-103.96408,22.50501],[-103.96811,22.50509],[-103.96476,22.50439],[-103.96697,22.50232],[-103.96448,22.50183],[-103.96408,22.50501]]],[[[-103.96937,22.49426],[-103.96882,22.49717],[-103.97284,22.49918],[-103.97125,22.49701],[-103.97184,22.49354],[-103.96937,22.49426]]],[[[-103.95413,22.49025],[-103.9535,22.49057],[-103.95428,22.49491],[-103.95707,22.49375],[-103.95413,22.49025]]],[[[-103.94283,22.49283],[-103.94418,22.49236],[-103.94333,22.49091],[-103.94606,22.48938],[-103.94698,22.4857],[-103.94125,22.48846],[-103.94139,22.49134],[-103.93943,22.49438],[-103.94197,22.49312],[-103.94283,22.49283]]],[[[-103.96383,22.49981],[-103.96649,22.50044],[-103.96638,22.49728],[-103.96307,22.49584],[-103.96228,22.50019],[-103.96383,22.49981]]],[[[-103.81267,22.59559],[-103.81395,22.59494],[-103.81353,22.59128],[-103.81148,22.59489],[-103.81267,22.59559]]],[[[-103.81821,22.55907],[-103.81784,22.55631],[-103.81611,22.55835],[-103.81821,22.55907]]],[[[-103.83246,22.54412],[-103.83379,22.5442],[-103.83794,22.54113],[-103.8375,22.53736],[-103.83903,22.53558],[-103.83594,22.53409],[-103.83451,22.53967],[-103.83292,22.53885],[-103.83249,22.53476],[-103.82567,22.53633],[-103.82681,22.53341],[-103.82436,22.53129],[-103.817,22.53578],[-103.8136,22.54004],[-103.81165,22.53775],[-103.81266,22.53574],[-103.80892,22.53028],[-103.80543,22.52928],[-103.79313,22.53624],[-103.79144,22.54116],[-103.7983,22.53973],[-103.80671,22.54172],[-103.8078,22.54112],[-103.81155,22.54506],[-103.81909,22.54343],[-103.82107,22.54584],[-103.82332,22.54184],[-103.82719,22.54703],[-103.82761,22.54776],[-103.82769,22.54787],[-103.82922,22.54758],[-103.82943,22.5436],[-103.83246,22.54412]]],[[[-103.80871,22.52895],[-103.81382,22.53024],[-103.8182,22.52873],[-103.82067,22.52372],[-103.82391,22.52123],[-103.82292,22.51887],[-103.82354,22.51515],[-103.81887,22.5187],[-103.81587,22.51983],[-103.81071,22.52398],[-103.81258,22.52506],[-103.80893,22.52616],[-103.80871,22.52895]]],[[[-103.8143,22.51433],[-103.81575,22.51557],[-103.81814,22.5136],[-103.8143,22.51433]]],[[[-103.83689,22.51267],[-103.83487,22.51098],[-103.83265,22.51176],[-103.83433,22.51543],[-103.83689,22.51273],[-103.83689,22.51267]]],[[[-103.82797,22.51453],[-103.82879,22.51779],[-103.83015,22.51465],[-103.83203,22.51626],[-103.83204,22.51313],[-103.82797,22.51453]]],[[[-103.83133,22.52573],[-103.83127,22.52163],[-103.82923,22.52223],[-103.83133,22.52573]]],[[[-103.82058,22.52603],[-103.82345,22.527],[-103.82539,22.52395],[-103.82058,22.52603]]],[[[-103.84473,22.5475],[-103.8449,22.54755],[-103.84886,22.55009],[-103.84991,22.55067],[-103.85058,22.55052],[-103.85127,22.55037],[-103.85156,22.55031],[-103.85389,22.54697],[-103.84993,22.54229],[-103.84352,22.54289],[-103.84092,22.54458],[-103.84571,22.54664],[-103.84449,22.54736],[-103.84473,22.5475]]],[[[-103.83915,22.49428],[-103.84315,22.49374],[-103.84286,22.49175],[-103.83931,22.4916],[-103.83915,22.49428]]],[[[-103.81674,22.48961],[-103.81629,22.48945],[-103.81553,22.4936],[-103.81907,22.49227],[-103.82263,22.4972],[-103.8242,22.49478],[-103.82608,22.49572],[-103.83091,22.49508],[-103.83437,22.49564],[-103.83109,22.49185],[-103.82146,22.49024],[-103.82053,22.48769],[-103.81808,22.48919],[-103.81674,22.48961]]],[[[-103.83496,22.46489],[-103.83246,22.46391],[-103.8352,22.46654],[-103.83537,22.46897],[-103.83287,22.46777],[-103.83254,22.47046],[-103.82949,22.46664],[-103.83003,22.47026],[-103.8279,22.4719],[-103.82811,22.47434],[-103.83166,22.47447],[-103.83307,22.47674],[-103.83219,22.47985],[-103.83578,22.47948],[-103.83494,22.48274],[-103.83653,22.48678],[-103.84054,22.48819],[-103.84342,22.49052],[-103.84605,22.48618],[-103.84828,22.48564],[-103.84936,22.48276],[-103.84692,22.4817],[-103.84513,22.48446],[-103.84163,22.4846],[-103.84306,22.481],[-103.84652,22.47762],[-103.84132,22.47378],[-103.84355,22.47202],[-103.84162,22.47032],[-103.84253,22.46674],[-103.84123,22.46461],[-103.83705,22.46572],[-103.83496,22.46489]]],[[[-103.87411,22.4661],[-103.8744,22.4667],[-103.87663,22.46439],[-103.87321,22.46021],[-103.87469,22.46353],[-103.87411,22.4661]]],[[[-103.86685,22.45824],[-103.87026,22.46194],[-103.87332,22.4629],[-103.86693,22.45492],[-103.8656,22.45688],[-103.86646,22.45782],[-103.86685,22.45824]]],[[[-103.87138,22.4309],[-103.87236,22.43586],[-103.87297,22.43759],[-103.87312,22.43803],[-103.87616,22.43743],[-103.87469,22.43447],[-103.87225,22.43337],[-103.87138,22.4309]]],[[[-103.87976,22.4709],[-103.88229,22.46932],[-103.8786,22.46942],[-103.87976,22.4709]]],[[[-103.87484,22.46789],[-103.8761,22.4713],[-103.87806,22.47062],[-103.87765,22.46721],[-103.87484,22.46789]]],[[[-103.88426,22.38351],[-103.88239,22.38669],[-103.88548,22.38634],[-103.88467,22.38368],[-103.88437,22.38349],[-103.88426,22.38351]]],[[[-103.46948,22.57094],[-103.47263,22.56805],[-103.4695,22.5682],[-103.46948,22.57094]]],[[[-103.10506,21.80741],[-103.10177,21.80728],[-103.10135,21.80727],[-103.10021,21.80722],[-103.09806,21.80267],[-103.0955,21.8049],[-103.09681,21.80576],[-103.09429,21.80901],[-103.09058,21.80534],[-103.09008,21.80742],[-103.08995,21.80798],[-103.08954,21.80971],[-103.08559,21.80973],[-103.08497,21.80971],[-103.08422,21.81212],[-103.08491,21.81307],[-103.08946,21.81481],[-103.09277,21.81332],[-103.09086,21.81576],[-103.09681,21.81483],[-103.10441,21.81471],[-103.10354,21.81079],[-103.10045,21.81106],[-103.09892,21.80887],[-103.10261,21.81009],[-103.10506,21.80741]],[[-103.09575,21.80969],[-103.09742,21.81185],[-103.0949,21.81398],[-103.09389,21.81241],[-103.09575,21.80969]],[[-103.08749,21.81224],[-103.09169,21.81035],[-103.08993,21.81269],[-103.08749,21.81224]]],[[[-103.12708,21.66795],[-103.12715,21.66782],[-103.12326,21.6674],[-103.12389,21.66893],[-103.12708,21.66795]]],[[[-103.14153,21.63637],[-103.1407,21.63644],[-103.13707,21.63855],[-103.13543,21.64249],[-103.13269,21.64231],[-103.13626,21.64519],[-103.14013,21.64236],[-103.1401,21.63992],[-103.14277,21.63717],[-103.14153,21.63637]]],[[[-103.25312,21.67676],[-103.25312,21.6761],[-103.25542,21.67527],[-103.25755,21.67484],[-103.25588,21.67322],[-103.25191,21.67193],[-103.25312,21.67676]]],[[[-103.26124,21.67828],[-103.26465,21.67622],[-103.26349,21.67522],[-103.25803,21.67531],[-103.25645,21.6767],[-103.25645,21.67694],[-103.25729,21.67777],[-103.25812,21.6786],[-103.25895,21.67904],[-103.26124,21.67828]]],[[[-103.26395,21.68654],[-103.26395,21.68693],[-103.26395,21.68748],[-103.26478,21.68793],[-103.26478,21.68859],[-103.26561,21.68943],[-103.26644,21.69026],[-103.26728,21.69026],[-103.26811,21.69109],[-103.27061,21.69192],[-103.27144,21.69192],[-103.27101,21.69052],[-103.2688,21.68611],[-103.26745,21.68771],[-103.26554,21.68531],[-103.26395,21.68654]]],[[[-103.26311,21.68605],[-103.26311,21.68609],[-103.26314,21.68609],[-103.26311,21.68605]]],[[[-103.26337,21.68609],[-103.2634,21.68609],[-103.26311,21.68472],[-103.26311,21.68526],[-103.26311,21.68603],[-103.26337,21.68609]]],[[[-103.26228,21.68431],[-103.26228,21.68443],[-103.26236,21.68443],[-103.26228,21.68431]]],[[[-103.26117,21.68193],[-103.26145,21.68276],[-103.26145,21.6836],[-103.26228,21.68366],[-103.26117,21.68193]]],[[[-103.27114,21.69932],[-103.2698,21.69809],[-103.26375,21.69524],[-103.26617,21.69476],[-103.26557,21.69421],[-103.26464,21.69335],[-103.26318,21.6924],[-103.26107,21.6946],[-103.26002,21.69844],[-103.26648,21.70056],[-103.27114,21.69932]]],[[[-103.27983,21.73106],[-103.28216,21.73106],[-103.28236,21.73106],[-103.28261,21.73106],[-103.28162,21.72814],[-103.28571,21.72753],[-103.28257,21.72621],[-103.28578,21.72341],[-103.29083,21.72253],[-103.29915,21.72273],[-103.29862,21.72001],[-103.29337,21.72052],[-103.29308,21.71793],[-103.29692,21.7195],[-103.30105,21.7193],[-103.30064,21.72233],[-103.30613,21.72295],[-103.30602,21.72048],[-103.306,21.72014],[-103.30283,21.71789],[-103.30263,21.71777],[-103.29725,21.71357],[-103.30058,21.71357],[-103.30308,21.7144],[-103.30558,21.71524],[-103.30641,21.71524],[-103.30641,21.71454],[-103.30788,21.7128],[-103.30724,21.71024],[-103.30808,21.70941],[-103.30808,21.70904],[-103.30666,21.70882],[-103.30808,21.70838],[-103.30808,21.70691],[-103.30891,21.70608],[-103.3075,21.70439],[-103.30659,21.70439],[-103.29802,21.70526],[-103.29485,21.70465],[-103.29678,21.70707],[-103.29609,21.71054],[-103.29332,21.71072],[-103.29328,21.7059],[-103.28981,21.70571],[-103.29071,21.71123],[-103.28468,21.70937],[-103.28341,21.71074],[-103.28748,21.71044],[-103.28554,21.7127],[-103.2939,21.71263],[-103.29667,21.71389],[-103.29646,21.71692],[-103.28607,21.71505],[-103.28549,21.71742],[-103.28239,21.7181],[-103.28302,21.72166],[-103.27753,21.72165],[-103.27371,21.72286],[-103.27321,21.72806],[-103.27085,21.72878],[-103.27466,21.72994],[-103.27835,21.72939],[-103.27472,21.7269],[-103.27869,21.72596],[-103.28067,21.72798],[-103.27983,21.73106]]],[[[-103.27545,21.73106],[-103.2756,21.73174],[-103.27578,21.73189],[-103.27604,21.73189],[-103.27728,21.73189],[-103.2781,21.73189],[-103.27851,21.73106],[-103.27545,21.73106]]],[[[-103.30183,21.73753],[-103.30025,21.73707],[-103.29775,21.74064],[-103.30173,21.74286],[-103.30271,21.74478],[-103.29882,21.74743],[-103.30424,21.74765],[-103.30465,21.75022],[-103.30517,21.74991],[-103.30475,21.74938],[-103.30558,21.74854],[-103.30641,21.74771],[-103.30724,21.74688],[-103.30724,21.74607],[-103.30232,21.74267],[-103.3049,21.74111],[-103.30412,21.73805],[-103.30296,21.73779],[-103.30183,21.73753]]],[[[-103.30645,21.75905],[-103.30641,21.75853],[-103.30641,21.75834],[-103.30724,21.75751],[-103.30724,21.75687],[-103.30808,21.75604],[-103.30796,21.75507],[-103.30785,21.75421],[-103.3056,21.75044],[-103.30465,21.75378],[-103.3,21.75317],[-103.29615,21.75515],[-103.294,21.75882],[-103.2953,21.76191],[-103.2986,21.76247],[-103.29999,21.7593],[-103.29852,21.75619],[-103.30112,21.75651],[-103.30127,21.754],[-103.30469,21.75475],[-103.30405,21.75864],[-103.30246,21.76054],[-103.30633,21.76089],[-103.30645,21.75905]]],[[[-103.30654,21.76353],[-103.30724,21.76353],[-103.3068,21.76264],[-103.30654,21.76353]]],[[[-103.28336,21.7792],[-103.28402,21.77817],[-103.28197,21.77707],[-103.28274,21.77394],[-103.27874,21.77166],[-103.28039,21.77001],[-103.27556,21.76692],[-103.27266,21.76387],[-103.27116,21.7676],[-103.27727,21.76945],[-103.2744,21.7742],[-103.26658,21.77287],[-103.26908,21.77468],[-103.27306,21.77619],[-103.27388,21.77818],[-103.28062,21.77895],[-103.28134,21.78036],[-103.28183,21.78063],[-103.28336,21.7792]]],[[[-103.25692,21.75508],[-103.27031,21.76239],[-103.27097,21.76275],[-103.27236,21.76351],[-103.27647,21.76491],[-103.27842,21.76822],[-103.28093,21.76928],[-103.2833,21.76377],[-103.28013,21.76353],[-103.2818,21.75875],[-103.28463,21.76],[-103.28619,21.75214],[-103.28104,21.7489],[-103.28132,21.74784],[-103.27544,21.7462],[-103.2741,21.75044],[-103.28423,21.75318],[-103.28379,21.75864],[-103.27683,21.75472],[-103.2764,21.75637],[-103.27294,21.75491],[-103.27155,21.75618],[-103.26835,21.75483],[-103.26924,21.75782],[-103.26627,21.75833],[-103.25692,21.75508]],[[-103.27473,21.76358],[-103.27125,21.76072],[-103.27064,21.75802],[-103.27331,21.75917],[-103.27473,21.76358]]],[[[-103.23934,21.75254],[-103.24726,21.75288],[-103.25574,21.7547],[-103.25578,21.75341],[-103.25051,21.7515],[-103.25032,21.74814],[-103.24462,21.74757],[-103.25008,21.75108],[-103.24983,21.75289],[-103.24601,21.75147],[-103.24147,21.75263],[-103.24186,21.74816],[-103.23816,21.74686],[-103.23795,21.75051],[-103.23934,21.75254]]],[[[-103.22646,21.75958],[-103.22496,21.75786],[-103.22663,21.76255],[-103.23075,21.76471],[-103.22975,21.76336],[-103.2296,21.76318],[-103.22676,21.75993],[-103.22646,21.75958]]],[[[-103.2574,21.81758],[-103.26058,21.81682],[-103.26051,21.81673],[-103.26047,21.81669],[-103.25948,21.81545],[-103.25915,21.8153],[-103.25822,21.81488],[-103.25767,21.81462],[-103.25673,21.81419],[-103.25334,21.81236],[-103.25247,21.81139],[-103.25167,21.8105],[-103.25151,21.8122],[-103.2459,21.81156],[-103.24996,21.81043],[-103.25036,21.80902],[-103.24884,21.80732],[-103.24393,21.80544],[-103.24247,21.80791],[-103.23861,21.80716],[-103.24284,21.80993],[-103.23966,21.8141],[-103.2403,21.81573],[-103.24385,21.81626],[-103.24428,21.81456],[-103.25027,21.81342],[-103.25206,21.81656],[-103.24964,21.81886],[-103.25264,21.81882],[-103.2549,21.82048],[-103.25494,21.81808],[-103.2574,21.81758]]],[[[-103.25922,21.82425],[-103.25889,21.82156],[-103.2556,21.82094],[-103.2541,21.82426],[-103.25922,21.82425]]],[[[-103.25115,21.83199],[-103.25751,21.82578],[-103.24997,21.82602],[-103.25115,21.83199]]],[[[-103.27321,21.89911],[-103.27005,21.89776],[-103.27223,21.90049],[-103.2783,21.90167],[-103.27851,21.90408],[-103.28794,21.90403],[-103.29238,21.90522],[-103.29024,21.90818],[-103.28289,21.9079],[-103.2888,21.91068],[-103.29338,21.90966],[-103.29405,21.90583],[-103.30159,21.90212],[-103.30158,21.90201],[-103.30134,21.90167],[-103.29733,21.89849],[-103.29432,21.90022],[-103.2901,21.89979],[-103.28737,21.89951],[-103.28441,21.9003],[-103.28085,21.90129],[-103.2737,21.89932],[-103.27321,21.89911]]],[[[-103.27878,21.91005],[-103.27717,21.91385],[-103.27972,21.91226],[-103.28331,21.91224],[-103.2858,21.9165],[-103.29126,21.91743],[-103.28844,21.91806],[-103.28824,21.92067],[-103.28199,21.92597],[-103.27847,21.92531],[-103.2793,21.93012],[-103.2864,21.92534],[-103.2897,21.9214],[-103.293,21.91973],[-103.29129,21.92343],[-103.29267,21.92698],[-103.29588,21.92372],[-103.29559,21.92081],[-103.29328,21.91967],[-103.29514,21.91837],[-103.29726,21.92186],[-103.30431,21.9199],[-103.30642,21.92225],[-103.30985,21.92037],[-103.30915,21.91864],[-103.30624,21.9193],[-103.30037,21.91721],[-103.30108,21.91557],[-103.30659,21.91701],[-103.30714,21.91608],[-103.30149,21.91454],[-103.302,21.91294],[-103.30519,21.91294],[-103.30314,21.91168],[-103.3014,21.91229],[-103.29952,21.91671],[-103.29456,21.91666],[-103.29618,21.91292],[-103.29356,21.91312],[-103.29155,21.91558],[-103.28802,21.91323],[-103.28748,21.91085],[-103.28396,21.90922],[-103.28049,21.90933],[-103.28035,21.90886],[-103.2777,21.9077],[-103.27878,21.91005]]],[[[-103.22719,21.90829],[-103.22769,21.90893],[-103.2275,21.90953],[-103.22671,21.91264],[-103.22849,21.91326],[-103.22888,21.914],[-103.2381,21.91217],[-103.24295,21.91243],[-103.24086,21.90981],[-103.2415,21.90581],[-103.23955,21.90615],[-103.23981,21.90877],[-103.23637,21.90898],[-103.23195,21.91082],[-103.23095,21.90865],[-103.23597,21.90794],[-103.24315,21.90304],[-103.24047,21.90294],[-103.23321,21.90624],[-103.22767,21.9067],[-103.22719,21.90829]]],[[[-103.25405,21.8978],[-103.25023,21.89879],[-103.24957,21.89873],[-103.24938,21.89871],[-103.24889,21.89866],[-103.2456,21.89977],[-103.24687,21.90593],[-103.24938,21.90592],[-103.24867,21.9039],[-103.25199,21.89906],[-103.25539,21.90121],[-103.25483,21.89757],[-103.25431,21.89773],[-103.25405,21.8978]]],[[[-103.25684,21.89666],[-103.25681,21.89668],[-103.25649,21.89691],[-103.256,21.89723],[-103.25724,21.89843],[-103.26022,21.89521],[-103.25746,21.89621],[-103.25684,21.89666]]],[[[-103.26978,21.89765],[-103.2632,21.89551],[-103.26386,21.90019],[-103.25969,21.90041],[-103.26184,21.90605],[-103.26433,21.90466],[-103.26519,21.90821],[-103.2686,21.90786],[-103.26518,21.90216],[-103.26889,21.90165],[-103.26683,21.89706],[-103.26978,21.89765]]],[[[-103.25856,21.90023],[-103.26064,21.8983],[-103.25638,21.89869],[-103.25856,21.90023]]],[[[-103.23203,21.87261],[-103.23231,21.87261],[-103.23231,21.87177],[-103.23203,21.87261]]],[[[-103.23305,21.87344],[-103.23314,21.87344],[-103.23231,21.87261],[-103.23231,21.87283],[-103.23305,21.87344]]],[[[-103.24617,21.88093],[-103.24646,21.88093],[-103.24646,21.88056],[-103.24617,21.88093]]],[[[-103.24813,21.88154],[-103.24646,21.88093],[-103.24646,21.88113],[-103.24813,21.88154]]],[[[-103.2499,21.8826],[-103.25062,21.8826],[-103.2497,21.88177],[-103.2499,21.8826]]],[[[-103.27046,21.90557],[-103.27381,21.90663],[-103.27094,21.90382],[-103.27046,21.90557]]],[[[-103.27093,21.90904],[-103.26903,21.91251],[-103.27331,21.91149],[-103.27514,21.9076],[-103.27093,21.90904]]],[[[-103.10325,21.83001],[-103.10604,21.82802],[-103.10728,21.82352],[-103.10361,21.82114],[-103.10066,21.82214],[-103.09909,21.82835],[-103.10325,21.83001]]],[[[-103.08395,21.82292],[-103.08531,21.82051],[-103.08201,21.82195],[-103.08395,21.82292]]],[[[-103.10723,21.82133],[-103.11073,21.81663],[-103.10978,21.81524],[-103.11182,21.81275],[-103.10895,21.81335],[-103.10828,21.81625],[-103.10652,21.81425],[-103.10423,21.81902],[-103.10723,21.82133]]],[[[-103.13398,21.80776],[-103.12723,21.81184],[-103.1273,21.81331],[-103.13123,21.81283],[-103.13182,21.80996],[-103.13398,21.80776]]],[[[-103.11697,21.80468],[-103.11775,21.80268],[-103.11475,21.80019],[-103.11273,21.8028],[-103.11528,21.80558],[-103.11697,21.80468]]],[[[-103.1209,21.7981],[-103.12157,21.79713],[-103.1221,21.79624],[-103.12178,21.79471],[-103.11667,21.79979],[-103.12016,21.79918],[-103.12088,21.79813],[-103.1209,21.7981]]],[[[-103.11612,21.79404],[-103.11474,21.7935],[-103.11333,21.79298],[-103.11401,21.79719],[-103.11612,21.79404]]],[[[-103.10551,21.78657],[-103.10603,21.78784],[-103.10669,21.78944],[-103.10729,21.7909],[-103.10977,21.78944],[-103.10647,21.78678],[-103.10601,21.78663],[-103.10551,21.78657]]],[[[-103.24107,21.80237],[-103.23991,21.79985],[-103.23911,21.7981],[-103.23831,21.79635],[-103.23759,21.79802],[-103.23961,21.80086],[-103.23903,21.80413],[-103.24107,21.80237]]],[[[-103.13635,21.81347],[-103.13836,21.81283],[-103.13877,21.80975],[-103.13368,21.81324],[-103.13635,21.81347]]],[[[-103.23956,21.82605],[-103.24051,21.83148],[-103.24178,21.82686],[-103.23956,21.82605]]],[[[-103.24536,21.84436],[-103.2495,21.84611],[-103.24943,21.84413],[-103.24536,21.84436]]],[[[-103.23302,21.85273],[-103.23565,21.85042],[-103.23861,21.85022],[-103.23582,21.84811],[-103.23302,21.85273]]],[[[-103.29525,21.74626],[-103.29763,21.74423],[-103.2941,21.74387],[-103.29525,21.74626]]],[[[-103.27238,21.74741],[-103.27391,21.74876],[-103.27463,21.74614],[-103.27238,21.74741]]],[[[-103.27264,21.75043],[-103.2705,21.7523],[-103.27318,21.75307],[-103.27264,21.75043]]],[[[-103.29113,21.74935],[-103.29328,21.75065],[-103.29162,21.74686],[-103.29113,21.74935]]],[[[-103.29832,21.77559],[-103.30072,21.77674],[-103.30311,21.77194],[-103.29959,21.77071],[-103.29694,21.77229],[-103.29832,21.77559]]],[[[-103.29601,21.77656],[-103.29746,21.7755],[-103.29074,21.77574],[-103.29601,21.77656]]],[[[-103.2892,21.77977],[-103.28934,21.7799],[-103.28955,21.78008],[-103.29288,21.78115],[-103.29347,21.77971],[-103.28709,21.77897],[-103.2892,21.77977]]],[[[-103.27898,21.74328],[-103.28234,21.74321],[-103.28077,21.73965],[-103.27594,21.73962],[-103.27591,21.74242],[-103.27898,21.74328]]],[[[-103.2295,21.73722],[-103.23048,21.73558],[-103.22742,21.73466],[-103.2295,21.73722]]],[[[-103.21645,21.73358],[-103.21826,21.73143],[-103.21486,21.7313],[-103.21645,21.73358]]],[[[-103.22022,21.72688],[-103.21892,21.72755],[-103.22088,21.73048],[-103.22586,21.73112],[-103.22928,21.72976],[-103.22858,21.72755],[-103.22629,21.72855],[-103.22022,21.72688]]],[[[-103.13709,21.72651],[-103.13708,21.72636],[-103.13707,21.72615],[-103.13703,21.72516],[-103.13447,21.72464],[-103.13431,21.72652],[-103.13709,21.72651]]],[[[-103.24025,21.71545],[-103.2412,21.71321],[-103.24367,21.71504],[-103.24323,21.70946],[-103.24112,21.70986],[-103.24025,21.71545]]],[[[-103.15257,21.71129],[-103.1525,21.71084],[-103.15097,21.70785],[-103.14997,21.7104],[-103.15257,21.71129]]],[[[-103.1205,21.71164],[-103.12483,21.71162],[-103.12502,21.70951],[-103.12201,21.70936],[-103.1205,21.71164]]],[[[-103.1182,21.70982],[-103.12036,21.70992],[-103.12198,21.70581],[-103.1201,21.70649],[-103.1182,21.70982]]],[[[-103.1308,21.70474],[-103.13525,21.70169],[-103.13443,21.69971],[-103.13141,21.69983],[-103.12974,21.69647],[-103.12768,21.70044],[-103.12627,21.6954],[-103.12466,21.69838],[-103.12707,21.69842],[-103.12782,21.70352],[-103.1308,21.70474]]],[[[-103.25068,21.69997],[-103.25424,21.70189],[-103.25466,21.6989],[-103.25804,21.69984],[-103.25693,21.69504],[-103.24949,21.69446],[-103.24641,21.69312],[-103.24508,21.69567],[-103.25167,21.697],[-103.25068,21.69997]]],[[[-103.22469,21.69726],[-103.2248,21.69744],[-103.22881,21.69879],[-103.22668,21.69677],[-103.22469,21.69726]]],[[[-103.1245,21.68729],[-103.12749,21.68572],[-103.12841,21.67852],[-103.12561,21.67903],[-103.12396,21.67675],[-103.12114,21.68049],[-103.12495,21.68431],[-103.1245,21.68729]]],[[[-103.13122,21.67985],[-103.13474,21.67921],[-103.13709,21.67629],[-103.13122,21.67985]]],[[[-103.25729,21.6866],[-103.25458,21.6827],[-103.24905,21.68016],[-103.24989,21.67798],[-103.24455,21.67812],[-103.24544,21.68487],[-103.2511,21.68671],[-103.25052,21.6917],[-103.2555,21.69258],[-103.25662,21.69153],[-103.25175,21.69113],[-103.25457,21.68931],[-103.25156,21.6881],[-103.25424,21.68534],[-103.25729,21.6866]]],[[[-103.22695,21.70173],[-103.22691,21.70371],[-103.23017,21.70095],[-103.22695,21.70173]]],[[[-103.25335,21.70984],[-103.25603,21.71039],[-103.25818,21.70684],[-103.25564,21.70413],[-103.25137,21.70395],[-103.25005,21.70663],[-103.25488,21.70821],[-103.25335,21.70984]]],[[[-103.25575,21.71803],[-103.25749,21.71842],[-103.25806,21.71544],[-103.25592,21.71542],[-103.25645,21.71303],[-103.25269,21.71008],[-103.24696,21.7079],[-103.24648,21.70912],[-103.25053,21.71048],[-103.25333,21.71373],[-103.25203,21.71525],[-103.25575,21.71803]]],[[[-103.2322,21.70849],[-103.23286,21.70512],[-103.22937,21.70535],[-103.2322,21.70849]]],[[[-103.26207,21.71489],[-103.26449,21.71358],[-103.26136,21.71279],[-103.26207,21.71489]]],[[[-103.26483,21.72309],[-103.26786,21.7229],[-103.26745,21.71843],[-103.26614,21.71728],[-103.26147,21.71694],[-103.26114,21.72127],[-103.26483,21.72309]]],[[[-103.2752,21.70968],[-103.27502,21.70459],[-103.27174,21.70541],[-103.27122,21.70942],[-103.2752,21.70968]]],[[[-103.26031,21.72881],[-103.26405,21.72755],[-103.26185,21.72518],[-103.25872,21.72558],[-103.26031,21.72881]]],[[[-103.23449,21.73036],[-103.23801,21.72805],[-103.23471,21.72855],[-103.23449,21.73036]]],[[[-103.27301,21.73022],[-103.27311,21.73022],[-103.27313,21.73017],[-103.27301,21.73022]]],[[[-103.26978,21.72973],[-103.26978,21.73022],[-103.27147,21.73022],[-103.26978,21.72973]]],[[[-103.30623,21.72528],[-103.30618,21.72406],[-103.30149,21.72285],[-103.30116,21.72572],[-103.30336,21.72455],[-103.30623,21.72528]]],[[[-103.24677,21.66819],[-103.2462,21.67254],[-103.24811,21.67237],[-103.24835,21.66808],[-103.24677,21.66819]]],[[[-103.13453,21.66352],[-103.13508,21.66331],[-103.13553,21.66094],[-103.13265,21.65964],[-103.13453,21.66352]]],[[[-103.1338,21.65085],[-103.13565,21.65012],[-103.1335,21.64782],[-103.1338,21.65085]]],[[[-103.14018,21.64492],[-103.14455,21.6426],[-103.14266,21.64232],[-103.14018,21.64492]]],[[[-103.13483,21.6586],[-103.13594,21.65821],[-103.13452,21.65335],[-103.13172,21.6583],[-103.13483,21.6586]]],[[[-103.13415,21.63765],[-103.13532,21.63946],[-103.13786,21.63701],[-103.13415,21.63765]]],[[[-103.35217,21.89327],[-103.35218,21.89329],[-103.35318,21.89425],[-103.35387,21.89509],[-103.3547,21.89546],[-103.3547,21.89592],[-103.35352,21.90089],[-103.35711,21.90107],[-103.35664,21.89624],[-103.35707,21.89356],[-103.35444,21.89191],[-103.35608,21.88998],[-103.35305,21.89039],[-103.35217,21.89327]]],[[[-103.40779,21.88149],[-103.4077,21.8755],[-103.40879,21.87209],[-103.40514,21.86486],[-103.40626,21.85702],[-103.40404,21.85743],[-103.40345,21.85237],[-103.40455,21.8484],[-103.40013,21.84794],[-103.39672,21.84977],[-103.39394,21.84886],[-103.3924,21.85145],[-103.39474,21.85301],[-103.39451,21.856],[-103.39093,21.85635],[-103.38881,21.86067],[-103.38548,21.8608],[-103.3869,21.86591],[-103.38903,21.86589],[-103.38802,21.87192],[-103.39069,21.87833],[-103.38655,21.87724],[-103.38232,21.87768],[-103.38001,21.87563],[-103.37593,21.87968],[-103.37812,21.87925],[-103.38071,21.88116],[-103.38029,21.87874],[-103.38366,21.88023],[-103.39336,21.87934],[-103.39618,21.88166],[-103.39455,21.88344],[-103.39665,21.88659],[-103.39986,21.88552],[-103.40093,21.88777],[-103.40397,21.88856],[-103.40751,21.88528],[-103.40779,21.88149]]],[[[-103.36733,21.75513],[-103.37476,21.75488],[-103.37756,21.7542],[-103.37765,21.7539],[-103.37892,21.75052],[-103.37899,21.75053],[-103.38145,21.74924],[-103.38197,21.75122],[-103.38958,21.75361],[-103.39221,21.75813],[-103.39436,21.75678],[-103.39496,21.75633],[-103.39573,21.75573],[-103.39648,21.75486],[-103.39181,21.74884],[-103.39653,21.74912],[-103.40165,21.7475],[-103.40161,21.74726],[-103.40157,21.74703],[-103.39972,21.74585],[-103.4001,21.74328],[-103.40221,21.74263],[-103.40286,21.73956],[-103.40695,21.74177],[-103.40698,21.74172],[-103.40425,21.73887],[-103.40798,21.73952],[-103.40823,21.73899],[-103.40826,21.73877],[-103.40849,21.73687],[-103.39737,21.73371],[-103.39764,21.72933],[-103.39628,21.72873],[-103.39685,21.72403],[-103.39509,21.72217],[-103.39345,21.72093],[-103.38963,21.72047],[-103.3902,21.71377],[-103.39131,21.71381],[-103.40016,21.71454],[-103.4009,21.71223],[-103.40901,21.71433],[-103.40932,21.71175],[-103.41188,21.71282],[-103.41129,21.70974],[-103.4083,21.70938],[-103.40911,21.70701],[-103.41522,21.70783],[-103.41581,21.70535],[-103.41076,21.70306],[-103.4167,21.70354],[-103.41959,21.70231],[-103.42007,21.70146],[-103.42074,21.70107],[-103.42483,21.69869],[-103.42509,21.69565],[-103.42338,21.69783],[-103.41837,21.69566],[-103.41407,21.69123],[-103.40979,21.68982],[-103.41116,21.68642],[-103.40626,21.68091],[-103.41464,21.68214],[-103.42023,21.68058],[-103.42178,21.68293],[-103.42325,21.67926],[-103.41203,21.67783],[-103.41181,21.67987],[-103.40061,21.67671],[-103.39871,21.67412],[-103.40617,21.67508],[-103.40947,21.67398],[-103.41385,21.67492],[-103.41689,21.67029],[-103.42639,21.67213],[-103.42693,21.67132],[-103.42732,21.66721],[-103.42883,21.66498],[-103.43192,21.66452],[-103.43283,21.66905],[-103.43556,21.67088],[-103.43366,21.67319],[-103.43668,21.67369],[-103.43944,21.677],[-103.44292,21.67499],[-103.4438,21.67277],[-103.44697,21.67388],[-103.45182,21.67248],[-103.45394,21.67031],[-103.45485,21.67414],[-103.45967,21.67638],[-103.46072,21.67873],[-103.46078,21.67874],[-103.46237,21.6795],[-103.46282,21.6788],[-103.46746,21.67818],[-103.46268,21.67702],[-103.46143,21.67478],[-103.46085,21.67409],[-103.45919,21.67242],[-103.45914,21.67238],[-103.45874,21.67204],[-103.45794,21.67138],[-103.45646,21.67163],[-103.45584,21.66797],[-103.45136,21.66872],[-103.45093,21.67048],[-103.4477,21.66788],[-103.44482,21.66734],[-103.44472,21.66728],[-103.4442,21.66694],[-103.44465,21.66916],[-103.44152,21.66986],[-103.44012,21.66709],[-103.43808,21.66795],[-103.43348,21.66692],[-103.43528,21.66113],[-103.43178,21.6592],[-103.43136,21.65718],[-103.43014,21.65687],[-103.42871,21.65824],[-103.42702,21.65212],[-103.42397,21.64984],[-103.42315,21.65222],[-103.41661,21.65403],[-103.40935,21.65154],[-103.40234,21.65068],[-103.40222,21.6525],[-103.39748,21.65191],[-103.39698,21.64976],[-103.39477,21.64938],[-103.39,21.64527],[-103.38905,21.64446],[-103.38728,21.64293],[-103.37805,21.64663],[-103.37688,21.64936],[-103.38056,21.65028],[-103.37988,21.6517],[-103.37521,21.65331],[-103.37365,21.65645],[-103.37553,21.65936],[-103.37619,21.66004],[-103.38035,21.66097],[-103.3787,21.66265],[-103.38081,21.66485],[-103.37944,21.66652],[-103.37428,21.66236],[-103.3718,21.66195],[-103.3703,21.66171],[-103.36804,21.66117],[-103.36716,21.66251],[-103.3633,21.6618],[-103.36154,21.6595],[-103.36243,21.65765],[-103.35699,21.66641],[-103.35385,21.66861],[-103.35416,21.67293],[-103.36021,21.67342],[-103.36151,21.67625],[-103.36509,21.67631],[-103.36254,21.6791],[-103.36387,21.68388],[-103.35934,21.68492],[-103.35973,21.68843],[-103.36168,21.68808],[-103.36076,21.69269],[-103.36278,21.69453],[-103.3652,21.69435],[-103.36522,21.69677],[-103.36814,21.69942],[-103.37552,21.69858],[-103.37657,21.69491],[-103.38251,21.6975],[-103.38727,21.69691],[-103.38887,21.69963],[-103.3894,21.70391],[-103.38719,21.70842],[-103.38624,21.71607],[-103.38719,21.72366],[-103.38461,21.72517],[-103.37485,21.71737],[-103.37144,21.71827],[-103.37326,21.71834],[-103.37118,21.7261],[-103.36906,21.72554],[-103.36837,21.72804],[-103.37064,21.72879],[-103.36985,21.7324],[-103.37191,21.73272],[-103.37074,21.73907],[-103.37986,21.74303],[-103.37856,21.74767],[-103.37268,21.74726],[-103.36937,21.75326],[-103.36733,21.75513]]],[[[-103.26917,21.77587],[-103.26439,21.77837],[-103.26641,21.77873],[-103.27141,21.77895],[-103.26917,21.77587]]],[[[-103.40368,21.72911],[-103.40626,21.73],[-103.40668,21.72748],[-103.40368,21.72911]]],[[[-103.5789,21.33041],[-103.5792,21.33088],[-103.58096,21.33352],[-103.5829,21.33396],[-103.58058,21.32995],[-103.5789,21.33041]]],[[[-103.50186,21.40875],[-103.50276,21.40786],[-103.50265,21.40775],[-103.50213,21.40721],[-103.50186,21.40875]]],[[[-103.49684,21.41841],[-103.4972,21.4176],[-103.49818,21.41506],[-103.50092,21.40949],[-103.4994,21.40933],[-103.49751,21.4126],[-103.49409,21.41369],[-103.4954,21.41641],[-103.49356,21.42045],[-103.49684,21.41841]]],[[[-103.47208,21.46331],[-103.47096,21.46424],[-103.47025,21.46525],[-103.4701,21.46544],[-103.46938,21.46645],[-103.47063,21.46521],[-103.47638,21.46451],[-103.47374,21.46382],[-103.47208,21.46331]]],[[[-103.46342,21.4725],[-103.45826,21.47505],[-103.46058,21.47733],[-103.46486,21.47523],[-103.46342,21.4725]]],[[[-103.46388,21.46893],[-103.46342,21.47231],[-103.46564,21.47074],[-103.46388,21.46893]]],[[[-103.42977,21.48165],[-103.42688,21.48427],[-103.42875,21.4862],[-103.4325,21.48294],[-103.42977,21.48165]]],[[[-103.43663,21.48265],[-103.43877,21.48546],[-103.44099,21.48225],[-103.43635,21.4795],[-103.43663,21.48265]]],[[[-103.42835,21.47953],[-103.42995,21.47696],[-103.42738,21.47787],[-103.42835,21.47953]]],[[[-103.39587,21.47477],[-103.39487,21.47687],[-103.39962,21.47692],[-103.40024,21.47304],[-103.39004,21.47307],[-103.38974,21.47424],[-103.39587,21.47477]]],[[[-103.37697,21.47184],[-103.37913,21.47115],[-103.37897,21.46889],[-103.37529,21.4706],[-103.37697,21.47184]]],[[[-103.42389,21.45229],[-103.42666,21.45404],[-103.42707,21.45052],[-103.42435,21.45047],[-103.42724,21.44621],[-103.42399,21.44253],[-103.42139,21.44365],[-103.42164,21.44673],[-103.42344,21.44675],[-103.42102,21.4518],[-103.42389,21.45229]]],[[[-103.48271,21.38172],[-103.48569,21.38556],[-103.48511,21.38286],[-103.48271,21.38172]]],[[[-103.36689,21.38111],[-103.36888,21.38157],[-103.37194,21.37931],[-103.36689,21.38111]]],[[[-103.40171,21.37511],[-103.4042,21.37362],[-103.40248,21.37199],[-103.40171,21.37511]]],[[[-103.48602,21.39792],[-103.487,21.39734],[-103.48484,21.39207],[-103.48337,21.39323],[-103.48602,21.39792]]],[[[-103.42756,21.43328],[-103.4298,21.43308],[-103.42965,21.43007],[-103.42628,21.4299],[-103.42678,21.42732],[-103.42469,21.42577],[-103.42564,21.43073],[-103.42793,21.43078],[-103.42756,21.43328]]],[[[-103.48141,21.44369],[-103.47941,21.44563],[-103.48135,21.44634],[-103.48141,21.44369]]],[[[-103.47148,21.43118],[-103.47283,21.43353],[-103.47382,21.43122],[-103.4777,21.42926],[-103.47448,21.42824],[-103.47411,21.43077],[-103.47148,21.43118]]],[[[-103.45619,21.44694],[-103.45791,21.45246],[-103.45754,21.44838],[-103.45619,21.44694]]],[[[-103.46292,21.45914],[-103.46491,21.45974],[-103.46532,21.45732],[-103.462,21.45823],[-103.46292,21.45914]]],[[[-103.45088,21.47449],[-103.44838,21.47735],[-103.44666,21.47352],[-103.45092,21.47192],[-103.45175,21.4683],[-103.45193,21.46813],[-103.4513,21.46484],[-103.4508,21.46777],[-103.44834,21.46812],[-103.44285,21.47137],[-103.44025,21.47146],[-103.43903,21.46863],[-103.43959,21.46501],[-103.4346,21.46939],[-103.4344,21.47153],[-103.43164,21.47184],[-103.42738,21.47045],[-103.42765,21.46758],[-103.43015,21.4683],[-103.43059,21.46576],[-103.42813,21.46267],[-103.42585,21.46245],[-103.42005,21.45848],[-103.41504,21.45793],[-103.41508,21.46127],[-103.41284,21.46049],[-103.41278,21.46273],[-103.42599,21.46819],[-103.42388,21.46959],[-103.4241,21.47347],[-103.42104,21.47291],[-103.417,21.47004],[-103.41425,21.47296],[-103.41914,21.47213],[-103.42095,21.47411],[-103.42569,21.47455],[-103.42901,21.47629],[-103.4344,21.4754],[-103.43449,21.47342],[-103.43694,21.4743],[-103.43687,21.47688],[-103.44504,21.4767],[-103.4458,21.47854],[-103.45039,21.47877],[-103.45086,21.47542],[-103.45088,21.47449]]],[[[-103.39963,21.45821],[-103.4016,21.45784],[-103.39746,21.45415],[-103.39606,21.45467],[-103.39963,21.45821]]],[[[-103.29661,21.46238],[-103.29596,21.46077],[-103.29575,21.4654],[-103.29645,21.46676],[-103.29734,21.46422],[-103.29681,21.46289],[-103.29661,21.46238]]],[[[-103.60637,21.3406],[-103.60644,21.34028],[-103.60337,21.337],[-103.59996,21.33856],[-103.60574,21.34365],[-103.60622,21.34132],[-103.60637,21.3406]]],[[[-103.61975,21.3248],[-103.6199,21.32889],[-103.62099,21.33088],[-103.62935,21.33472],[-103.63328,21.33747],[-103.63584,21.3373],[-103.63735,21.33439],[-103.62607,21.32934],[-103.62529,21.32712],[-103.62614,21.32313],[-103.62451,21.32471],[-103.61975,21.3248]]],[[[-103.61888,21.31492],[-103.61995,21.32132],[-103.6212,21.32105],[-103.62114,21.3146],[-103.61888,21.31492]]],[[[-103.61235,21.31099],[-103.61103,21.31195],[-103.61236,21.31596],[-103.61387,21.31465],[-103.61235,21.31099]]],[[[-103.61459,21.30176],[-103.61116,21.30308],[-103.61364,21.30448],[-103.61839,21.3044],[-103.62089,21.30233],[-103.61459,21.30176]]],[[[-103.61106,21.30225],[-103.61116,21.30225],[-103.61116,21.30157],[-103.61106,21.30225]]],[[[-103.59071,21.3192],[-103.59439,21.32052],[-103.59739,21.32],[-103.59467,21.31756],[-103.59071,21.3192]]],[[[-103.58423,21.32172],[-103.58384,21.31741],[-103.58005,21.32015],[-103.58423,21.32172]]],[[[-103.66259,21.29917],[-103.65976,21.29876],[-103.66039,21.30153],[-103.66306,21.29987],[-103.66259,21.29917]]],[[[-103.67329,21.30568],[-103.67315,21.30456],[-103.67135,21.30293],[-103.66915,21.30276],[-103.67062,21.30497],[-103.67329,21.30568]]],[[[-103.67645,21.29859],[-103.68236,21.29838],[-103.6815,21.29658],[-103.67645,21.29859]]],[[[-103.6583,21.29215],[-103.65735,21.29212],[-103.65841,21.29756],[-103.66193,21.29269],[-103.6583,21.29215]]],[[[-103.60688,21.29591],[-103.60433,21.29604],[-103.60702,21.29674],[-103.6073,21.29607],[-103.60688,21.29591]]],[[[-103.59805,21.29146],[-103.60109,21.29155],[-103.59802,21.2898],[-103.59469,21.29017],[-103.59805,21.29146]]],[[[-103.60162,21.33324],[-103.60172,21.33158],[-103.59774,21.33251],[-103.59786,21.337],[-103.60052,21.33586],[-103.60162,21.33324]]],[[[-103.58953,21.33635],[-103.59383,21.33471],[-103.59405,21.33216],[-103.58953,21.33635]]],[[[-103.60076,21.27577],[-103.59857,21.27673],[-103.60405,21.28077],[-103.60301,21.28352],[-103.60469,21.28639],[-103.60856,21.28824],[-103.61279,21.28728],[-103.60741,21.28631],[-103.60755,21.28313],[-103.61152,21.28413],[-103.61404,21.28349],[-103.61329,21.28013],[-103.60724,21.28042],[-103.60833,21.2772],[-103.61185,21.27555],[-103.61142,21.27057],[-103.60711,21.27045],[-103.607,21.26578],[-103.60569,21.26642],[-103.60212,21.26736],[-103.60236,21.27163],[-103.6046,21.27295],[-103.60387,21.27493],[-103.60076,21.27577]]],[[[-103.62051,21.27036],[-103.6236,21.26983],[-103.62545,21.26196],[-103.62291,21.26223],[-103.62251,21.25919],[-103.6195,21.25909],[-103.61819,21.26294],[-103.62087,21.26509],[-103.62051,21.27036]]],[[[-103.61488,21.2723],[-103.61619,21.27397],[-103.61609,21.2695],[-103.61488,21.2723]]],[[[-103.57167,21.2582],[-103.56844,21.25839],[-103.56881,21.26696],[-103.57151,21.2683],[-103.56976,21.26975],[-103.57217,21.27306],[-103.57367,21.2705],[-103.57656,21.27054],[-103.57672,21.26606],[-103.57482,21.2663],[-103.57444,21.2633],[-103.57211,21.26454],[-103.57291,21.26017],[-103.57167,21.2582]]],[[[-103.56441,21.26849],[-103.56462,21.26985],[-103.56822,21.26927],[-103.56767,21.2678],[-103.56441,21.26849]]],[[[-103.55598,21.26875],[-103.56299,21.26757],[-103.5578,21.26599],[-103.55598,21.26875]]],[[[-103.63153,21.26534],[-103.62931,21.25798],[-103.63285,21.25618],[-103.63329,21.24779],[-103.63564,21.24525],[-103.63563,21.24173],[-103.63418,21.24286],[-103.62758,21.24301],[-103.62122,21.23742],[-103.61943,21.23506],[-103.62218,21.2337],[-103.62227,21.23119],[-103.61972,21.23091],[-103.61879,21.22813],[-103.61351,21.22408],[-103.61097,21.22655],[-103.60922,21.22375],[-103.60874,21.22772],[-103.60427,21.2257],[-103.60332,21.22371],[-103.5985,21.22478],[-103.59956,21.23127],[-103.60606,21.22987],[-103.60719,21.23685],[-103.60865,21.23879],[-103.61245,21.23816],[-103.61785,21.23964],[-103.61754,21.24118],[-103.61296,21.24227],[-103.6148,21.24832],[-103.61688,21.24955],[-103.61975,21.25394],[-103.62044,21.2508],[-103.61968,21.24477],[-103.6278,21.24624],[-103.62822,21.2546],[-103.62695,21.25483],[-103.62696,21.26502],[-103.63139,21.26558],[-103.63153,21.26534]]],[[[-103.57006,21.2558],[-103.56817,21.25284],[-103.56771,21.25745],[-103.57006,21.2558]]],[[[-103.6112,21.24506],[-103.60914,21.24541],[-103.6091,21.25732],[-103.61372,21.256],[-103.61264,21.24485],[-103.6112,21.24506]]],[[[-103.60001,21.25613],[-103.60844,21.25432],[-103.60841,21.24473],[-103.60587,21.24222],[-103.59095,21.24409],[-103.59118,21.24939],[-103.59397,21.24913],[-103.5944,21.25228],[-103.59994,21.25334],[-103.60001,21.25613]]],[[[-103.58338,21.25023],[-103.58467,21.25021],[-103.58799,21.24876],[-103.58429,21.24261],[-103.58307,21.24357],[-103.58338,21.25023]]],[[[-103.59417,21.23493],[-103.59443,21.23752],[-103.59936,21.23687],[-103.59877,21.23432],[-103.59417,21.23493]]],[[[-103.5925,21.22226],[-103.5902,21.22255],[-103.59048,21.23228],[-103.59395,21.23425],[-103.59357,21.23164],[-103.59712,21.23109],[-103.59651,21.22435],[-103.59254,21.22229],[-103.5925,21.22226]]],[[[-103.58449,21.22741],[-103.58563,21.23096],[-103.58548,21.2254],[-103.58449,21.22741]]],[[[-103.62519,21.21034],[-103.62531,21.21066],[-103.62864,21.21066],[-103.62864,21.21054],[-103.62519,21.21034]]],[[[-103.63046,21.23309],[-103.6298,21.23152],[-103.6254,21.2318],[-103.62673,21.23468],[-103.63046,21.23309]]],[[[-103.0915,22.53603],[-103.09087,22.53543],[-103.08763,22.53723],[-103.08541,22.53643],[-103.08412,22.53999],[-103.08085,22.53866],[-103.07971,22.54072],[-103.07378,22.53923],[-103.07682,22.5373],[-103.07733,22.53493],[-103.07486,22.53488],[-103.0753,22.53248],[-103.06932,22.53183],[-103.06871,22.52847],[-103.06594,22.52784],[-103.06466,22.53289],[-103.06681,22.53518],[-103.06083,22.53465],[-103.06046,22.53688],[-103.06349,22.53758],[-103.06165,22.5398],[-103.06355,22.54184],[-103.06876,22.54252],[-103.06913,22.54081],[-103.07308,22.54156],[-103.07243,22.54523],[-103.06902,22.54294],[-103.06288,22.54226],[-103.05975,22.54089],[-103.06484,22.54704],[-103.07438,22.55084],[-103.07249,22.55376],[-103.07462,22.55624],[-103.07459,22.55458],[-103.07445,22.54758],[-103.07639,22.54191],[-103.08202,22.54081],[-103.09056,22.53795],[-103.0915,22.53603]]],[[[-103.04116,22.46284],[-103.03937,22.46772],[-103.03722,22.47341],[-103.03628,22.47588],[-103.03345,22.48335],[-103.03479,22.48616],[-103.03154,22.48853],[-103.0323,22.49127],[-103.02901,22.49303],[-103.0325,22.49373],[-103.02818,22.49487],[-103.03086,22.4965],[-103.02893,22.49792],[-103.02958,22.50214],[-103.03408,22.50353],[-103.03379,22.49803],[-103.044,22.50497],[-103.04758,22.50177],[-103.04471,22.50131],[-103.04506,22.49781],[-103.03798,22.49778],[-103.03688,22.4955],[-103.04152,22.49401],[-103.04451,22.49172],[-103.04641,22.49352],[-103.05017,22.49144],[-103.04889,22.48946],[-103.04613,22.48819],[-103.04532,22.48983],[-103.04186,22.49088],[-103.04231,22.48904],[-103.04498,22.48928],[-103.04679,22.48732],[-103.0407,22.48756],[-103.04346,22.48687],[-103.04824,22.48722],[-103.05249,22.48919],[-103.05415,22.49187],[-103.05555,22.49089],[-103.05858,22.49349],[-103.05933,22.49745],[-103.06258,22.49885],[-103.0594,22.49945],[-103.05942,22.50192],[-103.05579,22.50314],[-103.05491,22.50672],[-103.0515,22.50983],[-103.05699,22.50693],[-103.05909,22.50941],[-103.06087,22.50594],[-103.06012,22.51262],[-103.06462,22.51417],[-103.06471,22.51534],[-103.05961,22.51518],[-103.05872,22.51713],[-103.06329,22.52012],[-103.06373,22.5238],[-103.06834,22.52288],[-103.06974,22.51967],[-103.06764,22.51885],[-103.06604,22.52082],[-103.06893,22.51374],[-103.06541,22.51284],[-103.06363,22.50999],[-103.06669,22.5118],[-103.06823,22.51053],[-103.06547,22.50853],[-103.07032,22.50265],[-103.0702,22.49793],[-103.07275,22.49912],[-103.07242,22.49704],[-103.07459,22.49448],[-103.07566,22.49607],[-103.07421,22.49893],[-103.07692,22.49831],[-103.07912,22.49498],[-103.07673,22.49263],[-103.07513,22.49316],[-103.0809,22.48557],[-103.07842,22.48122],[-103.07409,22.4806],[-103.07402,22.4782],[-103.07131,22.47539],[-103.07374,22.4754],[-103.0734,22.47249],[-103.07769,22.469],[-103.08158,22.46039],[-103.07342,22.46078],[-103.07762,22.45668],[-103.0819,22.45734],[-103.08307,22.45543],[-103.07881,22.45226],[-103.0823,22.45367],[-103.08383,22.45283],[-103.0849,22.44866],[-103.08465,22.44444],[-103.08307,22.44492],[-103.07959,22.43906],[-103.08391,22.43525],[-103.08449,22.43143],[-103.08263,22.43047],[-103.07961,22.43672],[-103.07503,22.43503],[-103.06607,22.43337],[-103.0627,22.4306],[-103.05608,22.43221],[-103.05633,22.43637],[-103.05494,22.43896],[-103.05572,22.4434],[-103.05381,22.44572],[-103.04972,22.44556],[-103.04842,22.44952],[-103.04559,22.45112],[-103.04934,22.45228],[-103.04782,22.45389],[-103.04444,22.45383],[-103.04116,22.46284]],[[-103.05568,22.48382],[-103.05629,22.47265],[-103.05971,22.47363],[-103.05909,22.483],[-103.05568,22.48382]],[[-103.06246,22.47377],[-103.06641,22.47095],[-103.07127,22.47025],[-103.07005,22.47362],[-103.06246,22.47377]],[[-103.07136,22.46193],[-103.0678,22.4611],[-103.06961,22.45252],[-103.06702,22.45102],[-103.07471,22.45173],[-103.07295,22.45424],[-103.07136,22.46193]],[[-103.05909,22.45132],[-103.05822,22.44958],[-103.06308,22.44721],[-103.06534,22.44855],[-103.05909,22.45132]],[[-103.05328,22.4499],[-103.05354,22.44804],[-103.05895,22.44644],[-103.05934,22.44845],[-103.0567,22.4481],[-103.0559,22.45009],[-103.05328,22.4499]],[[-103.06311,22.44446],[-103.06506,22.44568],[-103.06324,22.44706],[-103.06311,22.44446]],[[-103.06463,22.43696],[-103.06492,22.43484],[-103.07077,22.43696],[-103.06463,22.43696]]],[[[-103.04821,22.51127],[-103.04722,22.51217],[-103.04656,22.51345],[-103.05065,22.51127],[-103.04896,22.51066],[-103.04821,22.51127]]],[[[-103.12602,22.29397],[-103.12703,22.29456],[-103.13234,22.2964],[-103.13136,22.29944],[-103.1355,22.30346],[-103.13221,22.30804],[-103.13356,22.30924],[-103.13643,22.30816],[-103.1403,22.30348],[-103.14208,22.30483],[-103.14542,22.3016],[-103.14637,22.30318],[-103.14376,22.30466],[-103.14441,22.3066],[-103.14676,22.30738],[-103.14728,22.30344],[-103.15033,22.30237],[-103.15028,22.30016],[-103.15311,22.29665],[-103.14513,22.29526],[-103.14398,22.29493],[-103.14029,22.29369],[-103.13767,22.29506],[-103.13036,22.29508],[-103.1295,22.29422],[-103.12793,22.29379],[-103.12698,22.29377],[-103.12676,22.29356],[-103.12629,22.29323],[-103.12602,22.29397]]],[[[-103.12764,22.3181],[-103.13233,22.31733],[-103.1311,22.31551],[-103.12907,22.31489],[-103.12764,22.3181]]],[[[-103.13504,22.32146],[-103.13161,22.32388],[-103.13008,22.32698],[-103.13553,22.32436],[-103.13504,22.32146]]],[[[-103.17662,22.29797],[-103.17374,22.29834],[-103.17685,22.30075],[-103.17662,22.29797]]],[[[-103.18194,22.30602],[-103.18196,22.30446],[-103.1819,22.30172],[-103.1823,22.30113],[-103.18311,22.29952],[-103.18192,22.29964],[-103.1812,22.29927],[-103.18035,22.29912],[-103.1801,22.29897],[-103.18092,22.30369],[-103.18038,22.30749],[-103.18194,22.30602]]],[[[-103.20263,22.28113],[-103.20107,22.28157],[-103.20044,22.28661],[-103.19868,22.28615],[-103.1979,22.28816],[-103.19778,22.28848],[-103.19728,22.28976],[-103.1971,22.28993],[-103.19948,22.2896],[-103.20309,22.28286],[-103.20263,22.28113]]],[[[-103.20224,22.3338],[-103.19781,22.32932],[-103.19544,22.32989],[-103.19644,22.33262],[-103.19676,22.3327],[-103.19705,22.33281],[-103.19724,22.33288],[-103.19805,22.33312],[-103.19808,22.33308],[-103.1986,22.33285],[-103.19958,22.33264],[-103.20224,22.3338]]],[[[-103.17187,22.38513],[-103.17164,22.38503],[-103.1711,22.38479],[-103.16607,22.39157],[-103.1683,22.39303],[-103.16948,22.38779],[-103.17306,22.38872],[-103.17187,22.38513]]],[[[-103.17699,22.40759],[-103.17644,22.40606],[-103.17626,22.40546],[-103.17295,22.40257],[-103.16935,22.40535],[-103.16458,22.41272],[-103.16346,22.41202],[-103.15949,22.41957],[-103.15965,22.42342],[-103.1548,22.4294],[-103.15239,22.43904],[-103.15466,22.44025],[-103.15379,22.43682],[-103.15563,22.43559],[-103.15585,22.43221],[-103.15791,22.4295],[-103.16238,22.42719],[-103.16408,22.42292],[-103.16431,22.42076],[-103.16776,22.41983],[-103.16813,22.41396],[-103.17146,22.41254],[-103.17207,22.40979],[-103.17485,22.40975],[-103.17699,22.40759]]],[[[-103.08628,22.53502],[-103.08556,22.53314],[-103.08315,22.53528],[-103.08628,22.53502]]],[[[-103.08336,22.53404],[-103.08412,22.53222],[-103.08058,22.53214],[-103.08336,22.53404]]],[[[-103.06989,22.51207],[-103.07269,22.51338],[-103.07542,22.50958],[-103.07799,22.51104],[-103.08068,22.50796],[-103.07417,22.50462],[-103.07443,22.50786],[-103.07234,22.50834],[-103.06989,22.51207]]],[[[-103.11253,22.47642],[-103.11271,22.47605],[-103.10794,22.47365],[-103.10738,22.47585],[-103.10289,22.48151],[-103.10156,22.48459],[-103.10301,22.48513],[-103.10248,22.48908],[-103.10466,22.48472],[-103.10722,22.4826],[-103.10726,22.47775],[-103.10932,22.47595],[-103.11127,22.47785],[-103.11253,22.47642]]],[[[-103.17276,22.48293],[-103.17181,22.48246],[-103.16965,22.48457],[-103.17432,22.4837],[-103.17355,22.48331],[-103.17276,22.48293]]],[[[-103.18096,22.48606],[-103.17652,22.48462],[-103.17602,22.48665],[-103.17829,22.4875],[-103.18096,22.48606]]],[[[-103.13075,22.47632],[-103.13553,22.4738],[-103.13328,22.47278],[-103.13075,22.47632]]],[[[-103.1377,22.47011],[-103.13566,22.46801],[-103.13888,22.46539],[-103.1406,22.4583],[-103.13761,22.4593],[-103.13357,22.45851],[-103.13654,22.45503],[-103.13396,22.45563],[-103.12985,22.45352],[-103.13232,22.45959],[-103.1293,22.46685],[-103.1377,22.47011]],[[-103.13305,22.46645],[-103.13531,22.4625],[-103.13718,22.46322],[-103.13451,22.46728],[-103.13305,22.46645]]],[[[-103.11921,22.4398],[-103.12039,22.43727],[-103.12752,22.44091],[-103.12851,22.43825],[-103.12673,22.43706],[-103.13095,22.4327],[-103.13832,22.43738],[-103.14111,22.437],[-103.14099,22.43386],[-103.14447,22.42951],[-103.14141,22.4318],[-103.14159,22.42886],[-103.14522,22.4243],[-103.14793,22.41631],[-103.14626,22.41614],[-103.14859,22.41234],[-103.15015,22.41401],[-103.1547,22.41532],[-103.15644,22.41423],[-103.15486,22.41158],[-103.15154,22.41254],[-103.1529,22.40806],[-103.15611,22.40862],[-103.16019,22.40322],[-103.16232,22.40202],[-103.16215,22.39688],[-103.15948,22.39553],[-103.15593,22.40311],[-103.15572,22.40583],[-103.15262,22.40331],[-103.15302,22.40165],[-103.14981,22.40114],[-103.14966,22.39816],[-103.1514,22.3989],[-103.15204,22.39627],[-103.15439,22.3955],[-103.15277,22.39191],[-103.15349,22.38996],[-103.14835,22.38399],[-103.15018,22.38124],[-103.14838,22.38001],[-103.14632,22.38322],[-103.14857,22.38436],[-103.14324,22.38596],[-103.13945,22.38978],[-103.14205,22.39148],[-103.13776,22.39364],[-103.13651,22.39286],[-103.13146,22.39614],[-103.12819,22.40058],[-103.1233,22.40276],[-103.11936,22.40329],[-103.11507,22.41002],[-103.11549,22.41316],[-103.11263,22.41473],[-103.12087,22.41701],[-103.11595,22.42381],[-103.11912,22.42556],[-103.11716,22.42777],[-103.11985,22.4297],[-103.11831,22.43158],[-103.1123,22.42885],[-103.10935,22.43489],[-103.11921,22.4398]],[[-103.14857,22.41046],[-103.15149,22.40509],[-103.15157,22.40971],[-103.14857,22.41046]]],[[[-103.11921,22.4398],[-103.11806,22.44232],[-103.11541,22.44112],[-103.11369,22.44369],[-103.10993,22.44443],[-103.10667,22.44334],[-103.10804,22.44034],[-103.10652,22.43981],[-103.10449,22.44253],[-103.10304,22.44106],[-103.09838,22.44239],[-103.09794,22.44551],[-103.10718,22.44885],[-103.10545,22.45081],[-103.10131,22.45173],[-103.10351,22.45519],[-103.10229,22.4572],[-103.10471,22.4622],[-103.09963,22.47214],[-103.09912,22.47148],[-103.10375,22.4616],[-103.10181,22.4582],[-103.09804,22.46436],[-103.10101,22.46547],[-103.09621,22.46754],[-103.09617,22.47031],[-103.09911,22.46798],[-103.09883,22.47377],[-103.10395,22.47014],[-103.10612,22.47016],[-103.10797,22.46788],[-103.10755,22.47176],[-103.10935,22.47187],[-103.11256,22.46803],[-103.11205,22.4633],[-103.11444,22.4601],[-103.1109,22.45866],[-103.111,22.45713],[-103.11653,22.46051],[-103.11854,22.46011],[-103.11629,22.46591],[-103.1178,22.4667],[-103.1228,22.4643],[-103.1218,22.46722],[-103.12699,22.46971],[-103.12559,22.46354],[-103.12339,22.46397],[-103.12667,22.46081],[-103.12341,22.46017],[-103.1213,22.46264],[-103.11993,22.46156],[-103.12312,22.45764],[-103.12249,22.45402],[-103.12605,22.45463],[-103.12667,22.44987],[-103.12439,22.44686],[-103.12296,22.44831],[-103.11761,22.44817],[-103.11655,22.44605],[-103.12008,22.44657],[-103.11758,22.44475],[-103.12119,22.44065],[-103.11921,22.4398]]],[[[-103.20324,22.45769],[-103.20482,22.45528],[-103.20117,22.45273],[-103.20274,22.44836],[-103.20599,22.45047],[-103.20565,22.45401],[-103.21344,22.44407],[-103.20811,22.44349],[-103.20408,22.44796],[-103.20406,22.44469],[-103.20885,22.44108],[-103.20658,22.44012],[-103.21003,22.43623],[-103.21256,22.43816],[-103.21454,22.43749],[-103.21532,22.43677],[-103.21735,22.43562],[-103.21874,22.43483],[-103.22608,22.43037],[-103.22423,22.42998],[-103.22587,22.42757],[-103.2277,22.42926],[-103.23,22.42751],[-103.22732,22.42453],[-103.22068,22.43154],[-103.21635,22.43309],[-103.21185,22.43633],[-103.21175,22.43417],[-103.20914,22.43239],[-103.20573,22.43332],[-103.20278,22.43116],[-103.20074,22.43007],[-103.19233,22.43653],[-103.1948,22.43688],[-103.19649,22.44208],[-103.19939,22.44301],[-103.19744,22.44493],[-103.19865,22.45134],[-103.19831,22.45671],[-103.20324,22.45769]],[[-103.1975,22.44131],[-103.19881,22.43913],[-103.20161,22.43975],[-103.19911,22.4422],[-103.1975,22.44131]]],[[[-103.16077,22.4408],[-103.16364,22.44157],[-103.16735,22.43974],[-103.16378,22.43739],[-103.16077,22.4408]]],[[[-103.15448,22.43942],[-103.15541,22.44089],[-103.16014,22.43977],[-103.16247,22.43807],[-103.15953,22.43784],[-103.1596,22.43448],[-103.16263,22.42848],[-103.16536,22.42585],[-103.16799,22.42139],[-103.16552,22.42136],[-103.16295,22.42598],[-103.16293,22.42734],[-103.16139,22.429],[-103.15745,22.4302],[-103.15576,22.43388],[-103.15606,22.43574],[-103.15457,22.43635],[-103.15448,22.43942]]],[[[-103.16204,22.43234],[-103.16119,22.43537],[-103.1637,22.43666],[-103.16633,22.43573],[-103.16935,22.43044],[-103.1748,22.43012],[-103.17718,22.42875],[-103.17436,22.42724],[-103.17611,22.42424],[-103.1737,22.42053],[-103.17376,22.42628],[-103.17078,22.42511],[-103.17366,22.42296],[-103.17163,22.4215],[-103.16766,22.42327],[-103.16635,22.42854],[-103.1645,22.42755],[-103.16148,22.43116],[-103.16204,22.43234]]],[[[-103.18763,22.42761],[-103.18769,22.42955],[-103.18941,22.43099],[-103.19304,22.42437],[-103.19053,22.42229],[-103.18763,22.42761]]],[[[-103.21354,22.44364],[-103.21398,22.44096],[-103.21166,22.4408],[-103.21354,22.44364]]],[[[-103.12592,22.45852],[-103.13024,22.46119],[-103.13046,22.45957],[-103.12606,22.45723],[-103.12592,22.45852]]],[[[-103.10133,22.47927],[-103.10161,22.48147],[-103.10523,22.47724],[-103.10452,22.47334],[-103.10252,22.4752],[-103.10063,22.4735],[-103.10133,22.47927]]],[[[-103.0977,22.47711],[-103.09912,22.48113],[-103.10065,22.47596],[-103.0977,22.47711]]],[[[-103.09607,22.48567],[-103.09811,22.48651],[-103.09736,22.48353],[-103.09347,22.4823],[-103.09343,22.48497],[-103.09607,22.48567]]],[[[-103.06024,22.42856],[-103.06497,22.43059],[-103.06532,22.42684],[-103.05997,22.42587],[-103.06024,22.42856]]],[[[-103.08501,22.42778],[-103.08893,22.42742],[-103.09043,22.42514],[-103.08624,22.42398],[-103.08501,22.42778]]],[[[-103.08408,22.41991],[-103.08339,22.42564],[-103.0854,22.41942],[-103.08949,22.41856],[-103.0867,22.41667],[-103.08408,22.41991]]],[[[-103.0547,22.42102],[-103.05665,22.41922],[-103.05427,22.41867],[-103.0547,22.42102]]],[[[-103.06393,22.4163],[-103.0653,22.41839],[-103.06676,22.41502],[-103.06393,22.4163]]],[[[-103.06099,22.40762],[-103.06284,22.40904],[-103.06209,22.40502],[-103.06099,22.40762]]],[[[-103.08346,22.41916],[-103.083,22.41466],[-103.07712,22.41071],[-103.07706,22.4085],[-103.07188,22.4045],[-103.069,22.40371],[-103.06959,22.40704],[-103.074,22.40812],[-103.07502,22.41249],[-103.07797,22.41517],[-103.07857,22.41293],[-103.08226,22.41878],[-103.08346,22.41916]]],[[[-103.06778,22.38755],[-103.0674,22.38754],[-103.0654,22.39132],[-103.06872,22.39407],[-103.06533,22.39834],[-103.06929,22.40096],[-103.07357,22.39844],[-103.07633,22.40078],[-103.07264,22.40381],[-103.07581,22.40547],[-103.07996,22.4039],[-103.08258,22.40015],[-103.08608,22.39746],[-103.08585,22.39588],[-103.08025,22.39207],[-103.07804,22.38876],[-103.08196,22.38996],[-103.08264,22.38741],[-103.08698,22.38824],[-103.09052,22.3869],[-103.08987,22.38933],[-103.09307,22.39078],[-103.09566,22.38814],[-103.10191,22.38988],[-103.10321,22.38711],[-103.10183,22.37958],[-103.10063,22.37866],[-103.09055,22.37692],[-103.08069,22.37738],[-103.08098,22.37797],[-103.09093,22.3783],[-103.09148,22.38185],[-103.08851,22.38149],[-103.08834,22.37952],[-103.08429,22.38005],[-103.08364,22.38307],[-103.09214,22.38411],[-103.09666,22.38294],[-103.09918,22.38349],[-103.10016,22.38842],[-103.0974,22.38721],[-103.09766,22.38464],[-103.09393,22.38435],[-103.09424,22.38645],[-103.08961,22.38449],[-103.08557,22.3863],[-103.08303,22.38495],[-103.07991,22.38562],[-103.07695,22.38422],[-103.07515,22.38666],[-103.07666,22.38898],[-103.07345,22.38767],[-103.07157,22.38763],[-103.06778,22.38755]],[[-103.08056,22.39593],[-103.07874,22.39409],[-103.0823,22.39484],[-103.08056,22.39593]],[[-103.0718,22.39335],[-103.06913,22.39271],[-103.07631,22.38976],[-103.07757,22.39162],[-103.0751,22.39241],[-103.07634,22.39402],[-103.0718,22.39335]]],[[[-103.15095,22.38383],[-103.15579,22.38294],[-103.15559,22.37824],[-103.15912,22.37245],[-103.15809,22.36987],[-103.15373,22.37174],[-103.15061,22.37066],[-103.14786,22.3752],[-103.14477,22.37326],[-103.14499,22.37527],[-103.14773,22.37596],[-103.15339,22.38123],[-103.1509,22.38089],[-103.15095,22.38383]]],[[[-103.10487,22.37587],[-103.10848,22.37569],[-103.10964,22.37235],[-103.10588,22.37193],[-103.10399,22.37374],[-103.10267,22.37137],[-103.1002,22.3735],[-103.10487,22.37587]]],[[[-103.10571,22.37099],[-103.11012,22.37144],[-103.10954,22.36706],[-103.1075,22.37056],[-103.10571,22.37099]]],[[[-103.15122,22.36571],[-103.15802,22.36751],[-103.16174,22.36671],[-103.16179,22.35989],[-103.1577,22.35747],[-103.15714,22.35914],[-103.15361,22.35839],[-103.15122,22.36571]]],[[[-103.1085,22.35506],[-103.10777,22.35603],[-103.11185,22.35789],[-103.1085,22.35506]]],[[[-103.12461,22.35516],[-103.12524,22.3525],[-103.12109,22.35553],[-103.12461,22.35516]]],[[[-103.11605,22.34621],[-103.1161,22.34888],[-103.11933,22.34619],[-103.11605,22.34621]]],[[[-103.10623,22.34943],[-103.10709,22.34629],[-103.10056,22.34704],[-103.0913,22.34338],[-103.09271,22.34611],[-103.09144,22.34942],[-103.09948,22.34957],[-103.10254,22.34805],[-103.10607,22.34949],[-103.10623,22.34943]]],[[[-103.10281,22.34526],[-103.10671,22.34508],[-103.108,22.3434],[-103.10229,22.34318],[-103.09943,22.34423],[-103.10281,22.34526]]],[[[-103.10865,22.34164],[-103.10348,22.34118],[-103.10642,22.34277],[-103.10865,22.34164]]],[[[-103.12013,22.34008],[-103.11598,22.34304],[-103.11993,22.34259],[-103.12013,22.34008]]],[[[-103.12386,22.33782],[-103.12065,22.33977],[-103.12339,22.34063],[-103.12386,22.33782]]],[[[-103.12965,22.32548],[-103.12641,22.32877],[-103.12963,22.32729],[-103.12965,22.32548]]],[[[-103.12834,22.33352],[-103.12964,22.33548],[-103.13189,22.33439],[-103.12834,22.33352]]],[[[-103.16739,22.37918],[-103.16858,22.38096],[-103.16978,22.37859],[-103.16739,22.37918]]],[[[-103.12881,22.39426],[-103.1303,22.39535],[-103.1332,22.39349],[-103.13341,22.39091],[-103.12881,22.39426]]],[[[-103.09272,22.39853],[-103.09476,22.39942],[-103.0975,22.39763],[-103.0993,22.39926],[-103.10001,22.39609],[-103.09835,22.3941],[-103.09199,22.39119],[-103.08856,22.3935],[-103.08887,22.39085],[-103.08694,22.39128],[-103.0871,22.39584],[-103.08867,22.3941],[-103.09682,22.39379],[-103.09572,22.39818],[-103.09272,22.39853]]],[[[-103.12258,22.39876],[-103.12353,22.40105],[-103.12759,22.39751],[-103.12567,22.39655],[-103.12258,22.39876]]],[[[-103.06467,22.40052],[-103.06787,22.40302],[-103.06726,22.40049],[-103.06467,22.40052]]],[[[-103.10893,22.41281],[-103.11115,22.41409],[-103.11228,22.41169],[-103.1089,22.41101],[-103.10893,22.41281]]],[[[-103.1105,22.41946],[-103.1118,22.42223],[-103.11344,22.41832],[-103.11103,22.41733],[-103.1105,22.41946]]],[[[-103.16635,22.39833],[-103.16809,22.39391],[-103.16371,22.39205],[-103.1649,22.38696],[-103.15965,22.38968],[-103.15956,22.39233],[-103.16302,22.39419],[-103.15989,22.39453],[-103.16635,22.39833]]],[[[-103.09398,22.48974],[-103.09738,22.48905],[-103.09666,22.48774],[-103.09398,22.48974]]],[[[-103.23352,22.40981],[-103.23789,22.40881],[-103.23871,22.40699],[-103.23724,22.40366],[-103.23562,22.40447],[-103.23472,22.40167],[-103.23147,22.40422],[-103.23352,22.40981]]],[[[-103.15579,22.30602],[-103.15289,22.30774],[-103.14292,22.31704],[-103.14567,22.31693],[-103.14846,22.31458],[-103.15076,22.31044],[-103.15579,22.30602]]],[[[-103.14759,22.30714],[-103.15028,22.30636],[-103.15033,22.30353],[-103.14758,22.30446],[-103.14759,22.30714]]],[[[-103.14212,22.31826],[-103.13799,22.31945],[-103.14127,22.32189],[-103.14212,22.31826]]],[[[-103.03721,22.50623],[-103.03935,22.50685],[-103.0383,22.50391],[-103.03721,22.50623]]],[[[-103.03966,22.51155],[-103.04686,22.5117],[-103.05131,22.50812],[-103.05368,22.50392],[-103.05823,22.49982],[-103.05889,22.49591],[-103.0547,22.49976],[-103.04872,22.50256],[-103.04067,22.51005],[-103.03823,22.50797],[-103.03783,22.5107],[-103.03966,22.51155]]],[[[-103.41632,21.64791],[-103.41632,21.64863],[-103.41715,21.64946],[-103.41965,21.64946],[-103.41965,21.64779],[-103.41965,21.64774],[-103.41632,21.64791]]],[[[-103.40708,21.6403],[-103.40799,21.6403],[-103.40883,21.6403],[-103.40966,21.64113],[-103.40966,21.64363],[-103.41049,21.64446],[-103.41132,21.6453],[-103.41132,21.64613],[-103.41299,21.64696],[-103.41465,21.64779],[-103.41593,21.64779],[-103.41276,21.64326],[-103.41102,21.63576],[-103.41204,21.63188],[-103.41106,21.62924],[-103.40841,21.62947],[-103.40675,21.63441],[-103.40856,21.6364],[-103.40708,21.6403]]],[[[-103.40153,21.6453],[-103.40216,21.6453],[-103.40256,21.64446],[-103.40153,21.6453]]],[[[-103.31237,21.64909],[-103.30919,21.64894],[-103.30823,21.65645],[-103.30653,21.65591],[-103.3068,21.64959],[-103.30294,21.6487],[-103.30068,21.64992],[-103.29835,21.65763],[-103.30754,21.65951],[-103.30721,21.66138],[-103.30972,21.66418],[-103.3127,21.6647],[-103.31364,21.66028],[-103.31449,21.66455],[-103.31281,21.66589],[-103.31417,21.67186],[-103.31724,21.67061],[-103.31757,21.67027],[-103.31461,21.66508],[-103.31678,21.66332],[-103.3189,21.66673],[-103.31973,21.66611],[-103.31965,21.66448],[-103.31499,21.661],[-103.31959,21.66334],[-103.31949,21.66138],[-103.319,21.65894],[-103.31537,21.65579],[-103.31423,21.65447],[-103.31391,21.65283],[-103.31334,21.64983],[-103.31237,21.64909]]],[[[-103.30836,21.67698],[-103.30974,21.67777],[-103.3101,21.67694],[-103.30836,21.67698]]],[[[-103.31075,21.53249],[-103.31167,21.5313],[-103.31315,21.52939],[-103.31325,21.52926],[-103.31654,21.52709],[-103.32147,21.52309],[-103.31854,21.525],[-103.31571,21.52447],[-103.3155,21.52011],[-103.31379,21.52416],[-103.30912,21.52941],[-103.31075,21.53249]]],[[[-103.30951,21.5406],[-103.30986,21.53468],[-103.30801,21.53812],[-103.30951,21.5406]]],[[[-103.29609,21.53056],[-103.29647,21.53109],[-103.3,21.53155],[-103.29886,21.53438],[-103.29935,21.53504],[-103.3008,21.53667],[-103.3059,21.54273],[-103.30928,21.54442],[-103.3093,21.54419],[-103.30932,21.54376],[-103.30946,21.54151],[-103.30773,21.53952],[-103.30525,21.54145],[-103.30574,21.53821],[-103.30733,21.538],[-103.30862,21.53464],[-103.30647,21.53449],[-103.30907,21.52717],[-103.30657,21.52738],[-103.30436,21.52488],[-103.29925,21.52284],[-103.29341,21.52393],[-103.29463,21.52831],[-103.29609,21.53056]],[[-103.30208,21.52947],[-103.29942,21.52528],[-103.29833,21.52741],[-103.2943,21.52692],[-103.29673,21.52385],[-103.29941,21.52377],[-103.30291,21.52887],[-103.30381,21.52627],[-103.30508,21.52928],[-103.30208,21.52947]]],[[[-103.31306,21.55326],[-103.31168,21.54839],[-103.30979,21.54569],[-103.30721,21.545],[-103.30536,21.54854],[-103.30724,21.55184],[-103.31306,21.55326]]],[[[-103.44454,21.67668],[-103.44395,21.67622],[-103.44502,21.67928],[-103.44514,21.67799],[-103.44454,21.67668]]],[[[-103.47118,21.68107],[-103.47377,21.68127],[-103.47135,21.67833],[-103.46903,21.67938],[-103.47118,21.68107]]],[[[-103.46124,21.6642],[-103.46703,21.66036],[-103.46974,21.65744],[-103.46533,21.65977],[-103.46124,21.6642]]],[[[-103.43624,21.64856],[-103.43448,21.6465],[-103.43013,21.64485],[-103.43434,21.64328],[-103.43495,21.64305],[-103.43526,21.64292],[-103.43599,21.64244],[-103.4368,21.64191],[-103.43753,21.64144],[-103.43864,21.63927],[-103.43554,21.63912],[-103.43304,21.64161],[-103.43079,21.63924],[-103.4233,21.64022],[-103.42376,21.64168],[-103.42959,21.64235],[-103.42968,21.64491],[-103.42765,21.64626],[-103.4335,21.64734],[-103.43201,21.64911],[-103.43645,21.64923],[-103.43624,21.64856]]],[[[-103.44782,21.64842],[-103.44582,21.64832],[-103.44441,21.65077],[-103.44782,21.64842]]],[[[-103.45087,21.64033],[-103.45368,21.63918],[-103.45358,21.63662],[-103.45059,21.63388],[-103.44896,21.62997],[-103.44483,21.6339],[-103.44723,21.63462],[-103.45087,21.64033]]],[[[-103.43524,21.63149],[-103.43757,21.63183],[-103.43627,21.62941],[-103.43524,21.63149]]],[[[-103.44816,21.59357],[-103.44714,21.59307],[-103.44413,21.59244],[-103.4413,21.5945],[-103.43779,21.6001],[-103.44047,21.60123],[-103.43997,21.60371],[-103.44246,21.6016],[-103.44371,21.59511],[-103.4471,21.59556],[-103.44816,21.59357]]],[[[-103.43079,21.60191],[-103.43046,21.60217],[-103.43017,21.60241],[-103.42798,21.6047],[-103.42714,21.60949],[-103.42798,21.61032],[-103.42761,21.61496],[-103.4255,21.61782],[-103.42428,21.62495],[-103.42019,21.62567],[-103.41371,21.62312],[-103.41014,21.62577],[-103.41315,21.62666],[-103.41648,21.62991],[-103.42047,21.6311],[-103.42097,21.63501],[-103.42241,21.63516],[-103.42264,21.62991],[-103.42646,21.63042],[-103.42633,21.63292],[-103.43349,21.63366],[-103.43291,21.63035],[-103.42746,21.62814],[-103.42678,21.6246],[-103.43229,21.62311],[-103.43354,21.61933],[-103.42973,21.61717],[-103.42728,21.6189],[-103.42844,21.61513],[-103.43105,21.61499],[-103.42814,21.6113],[-103.43209,21.61137],[-103.43036,21.60496],[-103.4327,21.6009],[-103.43568,21.59984],[-103.43369,21.59959],[-103.43123,21.60156],[-103.43079,21.60191]]],[[[-103.40145,21.62704],[-103.39865,21.62858],[-103.40014,21.63058],[-103.40145,21.62704]]],[[[-103.44727,21.60678],[-103.44854,21.60539],[-103.44611,21.60313],[-103.44727,21.60678]]],[[[-103.44899,21.60902],[-103.44966,21.61261],[-103.45164,21.61247],[-103.45198,21.60936],[-103.44899,21.60902]]],[[[-103.39634,21.64197],[-103.39634,21.6428],[-103.39686,21.6428],[-103.39634,21.64197]]],[[[-103.3955,21.64179],[-103.3955,21.64197],[-103.3963,21.64197],[-103.3955,21.64179]]],[[[-103.39217,21.63976],[-103.39217,21.6403],[-103.39322,21.6403],[-103.39217,21.63976]]],[[[-103.39688,21.62989],[-103.39634,21.63447],[-103.39717,21.6353],[-103.39706,21.63625],[-103.39783,21.63459],[-103.39688,21.62989]]],[[[-103.39687,21.63799],[-103.39656,21.6389],[-103.39796,21.63971],[-103.39908,21.63645],[-103.39687,21.63799]]],[[[-103.30705,21.57745],[-103.3038,21.57525],[-103.30267,21.57802],[-103.29829,21.57743],[-103.29697,21.576],[-103.29717,21.58115],[-103.30304,21.57996],[-103.30368,21.58209],[-103.30683,21.58181],[-103.30705,21.57745]]],[[[-103.27697,21.55768],[-103.27738,21.55873],[-103.28156,21.55643],[-103.27695,21.55551],[-103.27697,21.55768]]],[[[-103.27139,21.55139],[-103.27424,21.55528],[-103.27392,21.55227],[-103.27139,21.55139]]],[[[-103.28625,21.53755],[-103.28375,21.53802],[-103.28207,21.54042],[-103.28625,21.53755]]],[[[-103.30783,21.52336],[-103.31065,21.52262],[-103.31042,21.52026],[-103.30783,21.52336]]],[[[-103.29845,21.51962],[-103.30085,21.51775],[-103.29789,21.51748],[-103.29845,21.51962]]],[[[-103.25536,21.63562],[-103.2569,21.63458],[-103.25317,21.63355],[-103.25536,21.63562]]],[[[-103.28308,21.64824],[-103.27911,21.64619],[-103.27895,21.64864],[-103.27621,21.64976],[-103.27481,21.64811],[-103.26605,21.64541],[-103.26681,21.63963],[-103.26299,21.63829],[-103.26267,21.63976],[-103.25773,21.63805],[-103.2556,21.64186],[-103.25587,21.64523],[-103.25383,21.64279],[-103.2486,21.64262],[-103.24792,21.64828],[-103.25389,21.64984],[-103.25536,21.65241],[-103.26144,21.65372],[-103.26135,21.66062],[-103.26454,21.6609],[-103.26626,21.65912],[-103.26761,21.65238],[-103.26507,21.65207],[-103.26473,21.6543],[-103.26039,21.64993],[-103.25592,21.64885],[-103.25586,21.64744],[-103.26149,21.64956],[-103.2681,21.64656],[-103.27421,21.64881],[-103.27912,21.65159],[-103.28308,21.64824]]],[[[-103.29,21.65537],[-103.29348,21.65469],[-103.28767,21.65284],[-103.29,21.65537]]],[[[-103.27402,21.66289],[-103.27976,21.66261],[-103.27908,21.66037],[-103.28136,21.65746],[-103.28528,21.65686],[-103.28212,21.65278],[-103.27566,21.65508],[-103.27568,21.65657],[-103.27936,21.65844],[-103.27342,21.65826],[-103.27402,21.66289]]],[[[-103.24998,21.66229],[-103.25147,21.66519],[-103.2572,21.66604],[-103.25531,21.66373],[-103.25507,21.65944],[-103.24983,21.65964],[-103.24788,21.66136],[-103.24998,21.66229]]],[[[-103.26195,21.66673],[-103.26955,21.66825],[-103.27086,21.67091],[-103.27144,21.66822],[-103.26918,21.66604],[-103.26512,21.6653],[-103.26528,21.66321],[-103.27077,21.66451],[-103.27128,21.66236],[-103.26598,21.66127],[-103.26195,21.66673]]],[[[-103.29436,21.66836],[-103.2957,21.66936],[-103.2983,21.66888],[-103.29812,21.66626],[-103.30256,21.6681],[-103.30267,21.67273],[-103.30495,21.66823],[-103.30283,21.66607],[-103.29818,21.66509],[-103.29344,21.66276],[-103.29291,21.66496],[-103.29023,21.66445],[-103.28961,21.66674],[-103.29462,21.66736],[-103.29436,21.66836]]],[[[-103.31119,21.6761],[-103.31224,21.6761],[-103.31278,21.67527],[-103.3105,21.66972],[-103.30753,21.67207],[-103.31034,21.67183],[-103.31119,21.6761]]],[[[-103.30393,21.6743],[-103.30735,21.6729],[-103.30512,21.67081],[-103.30393,21.6743]]],[[[-103.28822,21.67382],[-103.28989,21.67371],[-103.29055,21.67022],[-103.28766,21.66946],[-103.28822,21.67382]]],[[[-103.29075,21.65928],[-103.29248,21.66206],[-103.29327,21.66001],[-103.29075,21.65928]]],[[[-103.30817,21.63197],[-103.31141,21.63197],[-103.31141,21.63182],[-103.30817,21.63197]]],[[[-102.92201,21.83024],[-102.92201,21.83026],[-102.92239,21.83276],[-102.92424,21.83823],[-102.93017,21.8395],[-102.93457,21.8389],[-102.93458,21.8377],[-102.92966,21.8358],[-102.92517,21.83534],[-102.92325,21.8324],[-102.92758,21.83306],[-102.92705,21.8348],[-102.93452,21.83514],[-102.92949,21.83174],[-102.92434,21.83133],[-102.92617,21.82889],[-102.93771,21.83249],[-102.93826,21.83427],[-102.93998,21.83086],[-102.93778,21.83035],[-102.93787,21.82522],[-102.9396,21.8231],[-102.93637,21.82039],[-102.93733,21.82321],[-102.93508,21.82458],[-102.93571,21.82077],[-102.93588,21.82064],[-102.93667,21.81967],[-102.93675,21.81626],[-102.93421,21.82002],[-102.93348,21.81948],[-102.93372,21.8169],[-102.93366,21.81657],[-102.93703,21.81426],[-102.93693,21.80741],[-102.93175,21.80674],[-102.93137,21.80563],[-102.92633,21.80885],[-102.92701,21.81163],[-102.93179,21.81185],[-102.93222,21.80923],[-102.93422,21.80951],[-102.93151,21.81325],[-102.93077,21.81279],[-102.92985,21.81336],[-102.92977,21.81341],[-102.9287,21.81518],[-102.92872,21.81523],[-102.92937,21.81656],[-102.92961,21.8169],[-102.93141,21.81942],[-102.92976,21.82297],[-102.92969,21.82871],[-102.92788,21.82789],[-102.92201,21.83024]]],[[[-102.91666,21.85403],[-102.91857,21.86141],[-102.92164,21.86122],[-102.92712,21.85385],[-102.92864,21.85362],[-102.93131,21.84867],[-102.92878,21.84636],[-102.92748,21.84223],[-102.92499,21.8393],[-102.92362,21.84078],[-102.92107,21.84908],[-102.91666,21.85403]]],[[[-102.94304,21.81922],[-102.94117,21.817],[-102.93943,21.81799],[-102.94304,21.81922]]],[[[-102.96091,21.82258],[-102.96122,21.8226],[-102.96193,21.82259],[-102.9643,21.8223],[-102.96406,21.81966],[-102.96014,21.8223],[-102.96091,21.82258]]],[[[-102.9674,21.82866],[-102.96987,21.82895],[-102.97071,21.83115],[-102.97332,21.82989],[-102.98116,21.83065],[-102.9818,21.82723],[-102.977,21.82698],[-102.97742,21.82536],[-102.97183,21.82544],[-102.97015,21.82797],[-102.96736,21.82856],[-102.9674,21.82866]]],[[[-102.96923,21.83283],[-102.96932,21.83243],[-102.96935,21.83206],[-102.96889,21.82983],[-102.96923,21.83283]]],[[[-103.01422,21.85336],[-103.01588,21.85419],[-103.01408,21.85248],[-103.01342,21.85041],[-103.01291,21.8502],[-103.01261,21.85004],[-103.0122,21.84982],[-103.00911,21.84797],[-103.01422,21.85336]]],[[[-102.93486,22.01258],[-102.93804,22.01218],[-102.94147,22.01498],[-102.94552,22.0142],[-102.94533,22.01238],[-102.95037,22.01187],[-102.95491,22.01296],[-102.95894,22.01144],[-102.95245,22.01121],[-102.94812,22.00899],[-102.9424,22.01108],[-102.93839,22.01011],[-102.93483,22.01148],[-102.93486,22.01258]]],[[[-102.96878,22.00397],[-102.96884,22.00265],[-102.96359,21.99944],[-102.95696,21.99971],[-102.95561,22.00084],[-102.94878,21.99782],[-102.94474,21.99786],[-102.94461,21.9979],[-102.94274,21.99884],[-102.94233,21.99906],[-102.94195,21.99927],[-102.94158,21.99946],[-102.93895,22.0024],[-102.94588,21.99924],[-102.94438,22.00233],[-102.95175,22.00294],[-102.96432,22.00623],[-102.96876,22.00444],[-102.96878,22.00397]]],[[[-102.98927,21.98253],[-102.98766,21.98451],[-102.99069,21.98739],[-102.99198,21.98459],[-102.98927,21.98253]]],[[[-102.98385,21.9798],[-102.98376,21.97742],[-102.98315,21.98129],[-102.9839,21.98085],[-102.98385,21.9798]]],[[[-102.98391,21.97704],[-102.98529,21.9766],[-102.98103,21.97439],[-102.97999,21.97209],[-102.9758,21.97132],[-102.976,21.97287],[-102.978,21.97428],[-102.97834,21.97478],[-102.97922,21.97616],[-102.97923,21.97616],[-102.98162,21.98123],[-102.98288,21.98128],[-102.98243,21.97532],[-102.98391,21.97704]]],[[[-102.97414,21.97673],[-102.97455,21.97635],[-102.9746,21.97619],[-102.97458,21.97615],[-102.97402,21.97453],[-102.97365,21.97347],[-102.97217,21.9715],[-102.97023,21.97967],[-102.96695,21.98349],[-102.96658,21.98014],[-102.96858,21.97836],[-102.96472,21.97559],[-102.96325,21.98021],[-102.96631,21.98323],[-102.96047,21.987],[-102.96037,21.98941],[-102.96493,21.98628],[-102.96539,21.98769],[-102.96888,21.9834],[-102.97156,21.98354],[-102.97221,21.98309],[-102.97277,21.9805],[-102.97719,21.9849],[-102.97533,21.98024],[-102.97272,21.97808],[-102.97414,21.97673]]],[[[-102.8774,21.99594],[-102.87763,21.99605],[-102.88006,21.99315],[-102.87657,21.99015],[-102.8774,21.99594]]],[[[-102.90654,21.99292],[-102.91211,21.99023],[-102.9128,21.98374],[-102.9143,21.98063],[-102.90955,21.98058],[-102.91091,21.98259],[-102.90958,21.98781],[-102.91073,21.98929],[-102.90657,21.98907],[-102.90631,21.99193],[-102.90654,21.99292]]],[[[-102.91811,21.99404],[-102.91969,21.99297],[-102.91658,21.99173],[-102.9151,21.99355],[-102.91811,21.99404]]],[[[-102.93232,21.99279],[-102.93545,21.98851],[-102.93373,21.98867],[-102.93652,21.98376],[-102.93094,21.98261],[-102.93053,21.98399],[-102.93379,21.98711],[-102.9287,21.99183],[-102.93232,21.99279]]],[[[-102.93521,21.98174],[-102.93386,21.98047],[-102.93699,21.97901],[-102.93448,21.97719],[-102.93153,21.9793],[-102.93521,21.98174]]],[[[-102.89716,21.98538],[-102.89795,21.98311],[-102.90137,21.9828],[-102.90171,21.98016],[-102.89728,21.97458],[-102.89842,21.98009],[-102.89618,21.98006],[-102.89549,21.98473],[-102.89716,21.98538]]],[[[-102.88487,21.98464],[-102.88642,21.98211],[-102.88478,21.98097],[-102.88797,21.98005],[-102.8851,21.97622],[-102.88696,21.974],[-102.88894,21.97474],[-102.8881,21.97837],[-102.89148,21.9797],[-102.89587,21.97443],[-102.89312,21.9753],[-102.89229,21.96973],[-102.88996,21.97039],[-102.8899,21.96637],[-102.88631,21.966],[-102.88887,21.96166],[-102.889,21.95784],[-102.89182,21.95487],[-102.89005,21.9508],[-102.88736,21.95053],[-102.88624,21.95475],[-102.88335,21.95376],[-102.88552,21.95127],[-102.88281,21.94944],[-102.87886,21.95643],[-102.87825,21.95971],[-102.87293,21.96474],[-102.8665,21.96807],[-102.86433,21.97305],[-102.86702,21.97561],[-102.86885,21.97441],[-102.87313,21.97616],[-102.87442,21.97387],[-102.87736,21.97414],[-102.8783,21.97655],[-102.88166,21.97533],[-102.87862,21.98225],[-102.88438,21.98109],[-102.88487,21.98464]]],[[[-102.89248,21.93211],[-102.89279,21.93157],[-102.88585,21.93035],[-102.88426,21.93451],[-102.88889,21.93645],[-102.88538,21.93688],[-102.87955,21.93502],[-102.87804,21.93342],[-102.87691,21.93824],[-102.87395,21.93857],[-102.87716,21.93591],[-102.87707,21.93345],[-102.87374,21.93537],[-102.86703,21.93591],[-102.86305,21.93522],[-102.86139,21.93676],[-102.85791,21.94396],[-102.86342,21.94634],[-102.87953,21.94686],[-102.87984,21.94431],[-102.88423,21.9442],[-102.88352,21.94713],[-102.88835,21.94579],[-102.89007,21.93635],[-102.89248,21.93211]]],[[[-102.89276,21.94092],[-102.89037,21.94466],[-102.88978,21.94499],[-102.88885,21.94551],[-102.88811,21.94943],[-102.89167,21.94639],[-102.89583,21.94486],[-102.89753,21.94032],[-102.9023,21.93684],[-102.90375,21.93418],[-102.90278,21.93007],[-102.9065,21.92791],[-102.90885,21.93414],[-102.90635,21.94345],[-102.90952,21.94411],[-102.90913,21.94718],[-102.9057,21.95109],[-102.9089,21.95221],[-102.90936,21.95029],[-102.91501,21.95453],[-102.91584,21.95148],[-102.91389,21.95085],[-102.91587,21.94341],[-102.91345,21.94291],[-102.91518,21.93708],[-102.91268,21.93649],[-102.9134,21.93393],[-102.92066,21.93378],[-102.92133,21.9318],[-102.92456,21.93355],[-102.9255,21.93025],[-102.9278,21.93127],[-102.9256,21.93368],[-102.93165,21.93297],[-102.93402,21.93013],[-102.92896,21.92865],[-102.92882,21.92731],[-102.93385,21.9284],[-102.93657,21.92676],[-102.93156,21.92504],[-102.93002,21.92138],[-102.92271,21.92207],[-102.92056,21.92008],[-102.92421,21.91807],[-102.92408,21.91443],[-102.9208,21.91456],[-102.92094,21.91258],[-102.91722,21.91309],[-102.91529,21.90964],[-102.92066,21.91117],[-102.92175,21.9082],[-102.91729,21.90677],[-102.91728,21.90769],[-102.91526,21.90613],[-102.91201,21.90681],[-102.91103,21.90881],[-102.91577,21.91434],[-102.9164,21.91742],[-102.9152,21.91614],[-102.91165,21.91405],[-102.91049,21.91433],[-102.91047,21.91732],[-102.90971,21.91912],[-102.91034,21.91999],[-102.90896,21.92166],[-102.90989,21.9184],[-102.91045,21.91542],[-102.91029,21.91453],[-102.91072,21.91375],[-102.91501,21.91412],[-102.91098,21.90943],[-102.911,21.90733],[-102.91217,21.90644],[-102.91465,21.90573],[-102.91688,21.90713],[-102.91635,21.90512],[-102.90983,21.90408],[-102.90938,21.90669],[-102.91124,21.9113],[-102.90758,21.91174],[-102.90807,21.91494],[-102.90809,21.91507],[-102.90726,21.91711],[-102.9093,21.91948],[-102.9063,21.91971],[-102.9063,21.91973],[-102.90635,21.92037],[-102.90442,21.92105],[-102.90353,21.92028],[-102.90272,21.91691],[-102.89916,21.91833],[-102.89838,21.91933],[-102.89821,21.92002],[-102.89791,21.9237],[-102.89938,21.92719],[-102.90031,21.9242],[-102.90227,21.92873],[-102.90042,21.93016],[-102.90007,21.93277],[-102.89988,21.93413],[-102.8996,21.93627],[-102.89409,21.93944],[-102.89276,21.94092]]],[[[-102.90828,21.89761],[-102.90779,21.90129],[-102.90998,21.90321],[-102.91212,21.90181],[-102.91177,21.89742],[-102.90828,21.89761]]],[[[-102.90855,21.89088],[-102.90841,21.89092],[-102.90837,21.89111],[-102.90855,21.89088]]],[[[-102.91257,21.87733],[-102.90922,21.88413],[-102.90917,21.8842],[-102.90469,21.89138],[-102.90841,21.89092],[-102.90907,21.89028],[-102.91378,21.88276],[-102.91749,21.88195],[-102.91828,21.87536],[-102.91758,21.87286],[-102.91257,21.87733]]],[[[-102.90139,21.9024],[-102.90213,21.89881],[-102.90434,21.89569],[-102.90094,21.89417],[-102.90011,21.89947],[-102.90139,21.9024]]],[[[-102.90264,21.91657],[-102.90217,21.91449],[-102.89959,21.91778],[-102.90264,21.91657]]],[[[-102.89297,21.92255],[-102.89334,21.92052],[-102.8905,21.92043],[-102.89011,21.92265],[-102.88683,21.92238],[-102.88367,21.92362],[-102.88043,21.92278],[-102.88356,21.91999],[-102.88355,21.9218],[-102.88823,21.92189],[-102.88941,21.91767],[-102.88571,21.91954],[-102.88538,21.91757],[-102.88109,21.91751],[-102.87889,21.9212],[-102.87474,21.92139],[-102.87506,21.91964],[-102.86926,21.91927],[-102.86826,21.92173],[-102.8717,21.922],[-102.8677,21.92749],[-102.87544,21.92952],[-102.87602,21.93151],[-102.88315,21.92974],[-102.88154,21.92885],[-102.88095,21.92389],[-102.88921,21.92417],[-102.89297,21.92255]]],[[[-102.89464,21.95132],[-102.89872,21.94904],[-102.89882,21.94728],[-102.89324,21.94648],[-102.89309,21.95014],[-102.89464,21.95132]]],[[[-102.89386,21.92954],[-102.89361,21.92617],[-102.88904,21.92551],[-102.88567,21.92765],[-102.89386,21.92954]]],[[[-102.87359,21.91573],[-102.87716,21.91524],[-102.87735,21.91124],[-102.87569,21.91014],[-102.87127,21.91312],[-102.87058,21.91587],[-102.87359,21.91573]]],[[[-102.89743,21.91174],[-102.89747,21.91156],[-102.89846,21.90614],[-102.90111,21.90275],[-102.89418,21.90373],[-102.89357,21.90132],[-102.89069,21.90452],[-102.89439,21.90487],[-102.8973,21.9078],[-102.88909,21.9075],[-102.88914,21.90998],[-102.88493,21.9097],[-102.88467,21.91277],[-102.88246,21.91525],[-102.88554,21.91635],[-102.88732,21.91487],[-102.89189,21.91426],[-102.89052,21.91111],[-102.89667,21.91376],[-102.89743,21.91174]]],[[[-102.8955,21.8799],[-102.89743,21.88084],[-102.90323,21.87476],[-102.90116,21.8744],[-102.89448,21.87742],[-102.8955,21.8799]]],[[[-102.91925,21.86608],[-102.91784,21.86753],[-102.91753,21.86736],[-102.91661,21.86684],[-102.91047,21.86789],[-102.91317,21.87015],[-102.91806,21.86828],[-102.91952,21.87066],[-102.92154,21.86887],[-102.91925,21.86608]]],[[[-102.9105,21.87476],[-102.91129,21.87334],[-102.90822,21.87141],[-102.90681,21.87338],[-102.9105,21.87476]]],[[[-102.92168,21.86498],[-102.92293,21.86766],[-102.92872,21.86337],[-102.92983,21.86022],[-102.93184,21.86072],[-102.93354,21.85712],[-102.93664,21.85555],[-102.93312,21.85209],[-102.93203,21.84826],[-102.92899,21.85376],[-102.93163,21.85419],[-102.93059,21.85723],[-102.92697,21.85818],[-102.92582,21.85687],[-102.92283,21.86251],[-102.92458,21.86387],[-102.92168,21.86498]]],[[[-102.97836,21.86041],[-102.97976,21.86132],[-102.9815,21.85641],[-102.9837,21.85671],[-102.98756,21.86096],[-102.9894,21.8611],[-102.99104,21.85845],[-102.98776,21.85919],[-102.98458,21.85715],[-102.98452,21.85461],[-102.97981,21.85372],[-102.97943,21.8578],[-102.97687,21.85503],[-102.9732,21.85394],[-102.97396,21.85215],[-102.96988,21.85191],[-102.96786,21.85057],[-102.9698,21.84849],[-102.96911,21.84574],[-102.97442,21.84607],[-102.97581,21.84334],[-102.97169,21.84124],[-102.96835,21.83728],[-102.96922,21.84135],[-102.96761,21.84175],[-102.96542,21.83729],[-102.96696,21.82883],[-102.96126,21.82711],[-102.96002,21.83092],[-102.96543,21.83528],[-102.96242,21.83932],[-102.95998,21.84023],[-102.96124,21.84507],[-102.96611,21.8425],[-102.96556,21.84953],[-102.95622,21.84921],[-102.95063,21.85164],[-102.94939,21.85452],[-102.95263,21.85732],[-102.9547,21.85573],[-102.9578,21.85704],[-102.95783,21.85868],[-102.96312,21.86012],[-102.96416,21.85765],[-102.96147,21.85602],[-102.96057,21.85759],[-102.95627,21.85514],[-102.95777,21.85267],[-102.95918,21.85481],[-102.96344,21.85686],[-102.96596,21.85578],[-102.9684,21.85854],[-102.9685,21.85602],[-102.97694,21.85995],[-102.9722,21.85619],[-102.97316,21.8553],[-102.97836,21.86041]]],[[[-102.97462,21.86936],[-102.97728,21.86669],[-102.97806,21.86917],[-102.98222,21.86908],[-102.97624,21.86283],[-102.97663,21.86145],[-102.97146,21.85839],[-102.96969,21.86213],[-102.97397,21.86288],[-102.97469,21.86472],[-102.9707,21.86427],[-102.97363,21.86796],[-102.97288,21.87056],[-102.97462,21.86936]]],[[[-102.9728,21.87064],[-102.97113,21.87],[-102.96737,21.85939],[-102.96506,21.86077],[-102.95971,21.85969],[-102.95774,21.86218],[-102.96207,21.86631],[-102.96029,21.86891],[-102.95583,21.86915],[-102.95984,21.87005],[-102.95854,21.8714],[-102.9546,21.87058],[-102.9546,21.87566],[-102.95147,21.87635],[-102.95212,21.87944],[-102.94814,21.88046],[-102.9485,21.87691],[-102.94288,21.88147],[-102.94641,21.89006],[-102.95018,21.89045],[-102.94817,21.89284],[-102.95029,21.89328],[-102.94785,21.89567],[-102.95232,21.89885],[-102.95487,21.89546],[-102.95549,21.89202],[-102.96069,21.8918],[-102.96199,21.89004],[-102.95972,21.88877],[-102.95442,21.89088],[-102.95127,21.89337],[-102.9498,21.89153],[-102.95399,21.8909],[-102.9597,21.88815],[-102.96447,21.88673],[-102.95892,21.8855],[-102.95954,21.8878],[-102.95384,21.88872],[-102.95011,21.88538],[-102.95154,21.88304],[-102.95026,21.88032],[-102.9557,21.88096],[-102.95603,21.87914],[-102.95316,21.87851],[-102.95531,21.87692],[-102.95902,21.87994],[-102.96384,21.88255],[-102.96629,21.88062],[-102.96533,21.87868],[-102.95917,21.87773],[-102.96047,21.87532],[-102.95708,21.87348],[-102.96065,21.87135],[-102.96019,21.873],[-102.96602,21.87414],[-102.96414,21.87143],[-102.96985,21.87011],[-102.9729,21.87212],[-102.9728,21.87064]]],[[[-102.97795,21.87174],[-102.97916,21.87481],[-102.98031,21.87447],[-102.97964,21.87041],[-102.97795,21.87174]]],[[[-102.99095,21.87432],[-102.99275,21.87536],[-102.99331,21.87234],[-102.99095,21.87432]]],[[[-102.99007,21.88379],[-102.98988,21.88144],[-102.98416,21.87333],[-102.98649,21.87984],[-102.99007,21.88379]]],[[[-102.98043,21.88168],[-102.98032,21.88738],[-102.9848,21.88272],[-102.98043,21.88168]]],[[[-102.97505,21.89342],[-102.97336,21.89518],[-102.9773,21.89631],[-102.97876,21.8945],[-102.97705,21.89135],[-102.97564,21.89282],[-102.97505,21.89342]]],[[[-102.98677,21.88659],[-102.9895,21.89422],[-102.99234,21.89415],[-102.99151,21.891],[-102.98815,21.88541],[-102.98677,21.88659]]],[[[-102.98258,21.90225],[-102.98177,21.90223],[-102.97941,21.90525],[-102.98519,21.90518],[-102.98842,21.90085],[-102.9911,21.90591],[-102.99347,21.89524],[-102.99075,21.89457],[-102.99035,21.89948],[-102.98816,21.89813],[-102.98608,21.90232],[-102.98343,21.90227],[-102.98258,21.90225]]],[[[-102.96,21.89924],[-102.96148,21.90103],[-102.96566,21.89835],[-102.96235,21.89586],[-102.96,21.89924]]],[[[-102.9495,21.91721],[-102.95115,21.91451],[-102.95396,21.91381],[-102.95207,21.91232],[-102.95245,21.90858],[-102.94939,21.90707],[-102.95284,21.90548],[-102.95375,21.902],[-102.95001,21.90249],[-102.94677,21.90446],[-102.94642,21.9071],[-102.95078,21.90927],[-102.94848,21.91008],[-102.94571,21.9068],[-102.94444,21.90275],[-102.94487,21.89916],[-102.94707,21.89702],[-102.94191,21.89716],[-102.94277,21.90058],[-102.94141,21.90353],[-102.94166,21.89805],[-102.93863,21.89843],[-102.9362,21.90606],[-102.93334,21.90295],[-102.93064,21.90424],[-102.93206,21.9058],[-102.93123,21.90616],[-102.93227,21.908],[-102.93045,21.90935],[-102.93412,21.90969],[-102.93838,21.9125],[-102.9393,21.90969],[-102.93709,21.90684],[-102.94398,21.90816],[-102.94876,21.9142],[-102.9495,21.91721]]],[[[-102.94091,21.91791],[-102.9418,21.9204],[-102.94291,21.91798],[-102.94317,21.91071],[-102.93982,21.91289],[-102.94091,21.91791]]],[[[-102.9458,21.91658],[-102.94651,21.91153],[-102.94362,21.91037],[-102.9458,21.91658]]],[[[-102.94859,21.9201],[-102.94895,21.92016],[-102.95076,21.92044],[-102.95094,21.91699],[-102.94831,21.92032],[-102.94859,21.9201]]],[[[-102.94724,21.92417],[-102.94717,21.92346],[-102.94754,21.92258],[-102.94819,21.92077],[-102.94308,21.92296],[-102.94273,21.92567],[-102.94724,21.92417]]],[[[-102.96148,21.91757],[-102.96418,21.91416],[-102.96193,21.91336],[-102.96351,21.91082],[-102.96586,21.91213],[-102.96414,21.91725],[-102.96595,21.91746],[-102.97054,21.91502],[-102.96883,21.91082],[-102.96533,21.91087],[-102.96462,21.90745],[-102.95904,21.90795],[-102.96194,21.91456],[-102.96148,21.91757]]],[[[-102.95232,21.90742],[-102.96077,21.90711],[-102.96019,21.90524],[-102.95654,21.90469],[-102.95586,21.90648],[-102.95232,21.90742]]],[[[-102.9998,21.90945],[-103.00387,21.9086],[-103.0028,21.90597],[-102.99962,21.90732],[-102.9998,21.90945]]],[[[-103.00483,21.92118],[-103.01061,21.91837],[-103.01137,21.91536],[-103.01494,21.91593],[-103.01115,21.91361],[-103.00632,21.91399],[-103.00369,21.90949],[-103.00044,21.91659],[-103.00335,21.91551],[-103.00483,21.92118]]],[[[-102.98918,21.91531],[-102.99064,21.91759],[-102.99328,21.91666],[-102.98757,21.91161],[-102.98402,21.91036],[-102.98203,21.9125],[-102.98918,21.91531]]],[[[-102.98924,21.92535],[-102.98885,21.92616],[-102.99026,21.92413],[-102.98926,21.92531],[-102.98924,21.92535]]],[[[-102.99082,21.93104],[-102.99144,21.93063],[-102.99308,21.92936],[-102.99375,21.92805],[-102.9907,21.92463],[-102.99102,21.92864],[-102.98839,21.9271],[-102.98692,21.92934],[-102.98807,21.93164],[-102.99082,21.93104]]],[[[-103.00403,21.93339],[-103.00234,21.93215],[-103.00045,21.93798],[-102.99506,21.93381],[-102.99274,21.93773],[-102.99502,21.93785],[-102.99624,21.93555],[-103.00193,21.94203],[-102.99919,21.94576],[-103.00055,21.9457],[-103.00412,21.94139],[-103.00201,21.94007],[-103.00283,21.93428],[-103.00403,21.93339]]],[[[-102.99079,21.95826],[-102.99168,21.95908],[-102.99177,21.95916],[-102.99481,21.95996],[-102.99445,21.95747],[-102.99942,21.95357],[-103.00587,21.95269],[-103.00736,21.95379],[-103.00904,21.95121],[-103.00625,21.95124],[-103.00274,21.94946],[-103.00079,21.95086],[-102.99602,21.95007],[-102.99797,21.94582],[-102.99604,21.94403],[-102.99756,21.94075],[-102.9926,21.94462],[-102.98926,21.9414],[-102.98512,21.94087],[-102.9884,21.94372],[-102.98735,21.94615],[-102.99009,21.94888],[-102.99539,21.95182],[-102.99636,21.95417],[-102.99314,21.95393],[-102.99283,21.95184],[-102.98848,21.95312],[-102.98856,21.94993],[-102.98556,21.94659],[-102.98628,21.94394],[-102.98372,21.94074],[-102.98611,21.93942],[-102.98421,21.93632],[-102.97981,21.93395],[-102.98177,21.9389],[-102.98278,21.94411],[-102.98026,21.93987],[-102.97738,21.93896],[-102.97955,21.94173],[-102.97941,21.94466],[-102.97731,21.9445],[-102.97722,21.94896],[-102.98029,21.94913],[-102.98053,21.95153],[-102.97789,21.95108],[-102.97654,21.95422],[-102.97449,21.95366],[-102.97515,21.95036],[-102.97146,21.95303],[-102.97173,21.95546],[-102.97571,21.95565],[-102.9772,21.95446],[-102.98669,21.95393],[-102.98786,21.95327],[-102.98809,21.95796],[-102.99079,21.95826]]],[[[-102.9786,21.95925],[-102.9776,21.95737],[-102.97657,21.95644],[-102.97166,21.95842],[-102.96987,21.96014],[-102.97022,21.96283],[-102.975,21.96235],[-102.97576,21.9602],[-102.9786,21.95925]]],[[[-102.98502,21.9638],[-102.98932,21.96516],[-102.99275,21.96657],[-102.99358,21.96415],[-102.98986,21.96218],[-102.98929,21.96188],[-102.98794,21.96117],[-102.98502,21.9638]]],[[[-102.98427,21.96516],[-102.98501,21.9638],[-102.97863,21.96095],[-102.97927,21.96378],[-102.98427,21.96516]]],[[[-102.98878,21.96964],[-102.98685,21.96805],[-102.98536,21.96955],[-102.98878,21.96964]]],[[[-103.00303,21.97217],[-102.99975,21.97494],[-103.00268,21.97537],[-103.00487,21.97325],[-103.00303,21.97217]]],[[[-102.99716,21.96126],[-103.00142,21.96119],[-102.99911,21.9585],[-102.99716,21.96126]]],[[[-103.00607,21.96642],[-103.0029,21.96887],[-103.00608,21.96918],[-103.00607,21.96642]]],[[[-103.00245,21.96559],[-103.00606,21.96528],[-103.00091,21.96187],[-103.00245,21.96559]]],[[[-102.93497,21.97179],[-102.93685,21.9698],[-102.93477,21.9691],[-102.93497,21.97179]]],[[[-102.90974,21.9718],[-102.91582,21.97199],[-102.91594,21.96845],[-102.91217,21.96732],[-102.91114,21.96387],[-102.90979,21.96555],[-102.91133,21.96954],[-102.90974,21.9718]]],[[[-102.90171,21.96915],[-102.90349,21.96805],[-102.90117,21.96572],[-102.89955,21.96724],[-102.90171,21.96915]]],[[[-102.90618,21.96706],[-102.90825,21.96603],[-102.90676,21.96438],[-102.90305,21.96353],[-102.90203,21.96157],[-102.89836,21.95984],[-102.89639,21.96184],[-102.90618,21.96706]]],[[[-102.93961,21.96295],[-102.94699,21.95911],[-102.95051,21.95495],[-102.94993,21.95235],[-102.95111,21.94861],[-102.95358,21.94915],[-102.95176,21.94534],[-102.94952,21.94488],[-102.95062,21.94811],[-102.94573,21.94887],[-102.94892,21.94455],[-102.94415,21.94428],[-102.94035,21.94801],[-102.93916,21.94608],[-102.94508,21.94124],[-102.94897,21.94342],[-102.95151,21.93987],[-102.94957,21.93751],[-102.94439,21.94006],[-102.93417,21.9495],[-102.93259,21.95327],[-102.93125,21.95169],[-102.92804,21.95597],[-102.93424,21.9601],[-102.93194,21.96128],[-102.93456,21.96261],[-102.9361,21.96143],[-102.93961,21.96295]]],[[[-102.9632,21.96108],[-102.96232,21.95778],[-102.96551,21.95822],[-102.96806,21.95513],[-102.96789,21.95162],[-102.96565,21.94997],[-102.96343,21.95332],[-102.96516,21.95374],[-102.95976,21.9575],[-102.9632,21.96108]]],[[[-102.92796,21.97632],[-102.92966,21.97729],[-102.92944,21.97405],[-102.93117,21.97194],[-102.92508,21.97168],[-102.92487,21.97384],[-102.92792,21.97428],[-102.92524,21.97561],[-102.92796,21.97632]]],[[[-103.00812,21.94591],[-103.00911,21.94162],[-103.00706,21.94139],[-103.0064,21.94433],[-103.00812,21.94591]]],[[[-103.00777,21.93708],[-103.00663,21.93796],[-103.00501,21.93462],[-103.00681,21.93846],[-103.01026,21.9388],[-103.00777,21.93708]]],[[[-102.92049,21.90723],[-102.9272,21.90709],[-102.93143,21.90525],[-102.93035,21.90428],[-102.92998,21.9023],[-102.93306,21.90278],[-102.93622,21.89863],[-102.94079,21.89641],[-102.9398,21.89513],[-102.93635,21.89567],[-102.93667,21.89757],[-102.93356,21.89845],[-102.93508,21.89501],[-102.93126,21.89666],[-102.93607,21.89045],[-102.93851,21.89282],[-102.93943,21.89033],[-102.93783,21.88645],[-102.93344,21.88112],[-102.93531,21.8796],[-102.93216,21.87854],[-102.92912,21.87298],[-102.92776,21.87549],[-102.93159,21.87895],[-102.92908,21.87928],[-102.92869,21.88432],[-102.93143,21.88265],[-102.93188,21.88557],[-102.93446,21.88553],[-102.93409,21.8882],[-102.92633,21.8853],[-102.92552,21.88305],[-102.92087,21.88406],[-102.92172,21.8867],[-102.92653,21.89029],[-102.9276,21.89313],[-102.92437,21.89517],[-102.92388,21.89766],[-102.92642,21.89667],[-102.92355,21.90025],[-102.91869,21.90014],[-102.91377,21.90163],[-102.91294,21.9031],[-102.91717,21.90501],[-102.91573,21.90308],[-102.92483,21.90279],[-102.92686,21.90464],[-102.9253,21.90589],[-102.9224,21.90343],[-102.91794,21.90657],[-102.92049,21.90723]]],[[[-102.92172,21.89087],[-102.92362,21.89344],[-102.92364,21.89017],[-102.92172,21.89087]]],[[[-102.93304,21.87251],[-102.93598,21.87262],[-102.93321,21.87064],[-102.93304,21.87251]]],[[[-102.94664,21.8757],[-102.94893,21.87659],[-102.94866,21.87307],[-102.94662,21.87549],[-102.94704,21.8712],[-102.94441,21.8693],[-102.94244,21.87067],[-102.9437,21.87523],[-102.94664,21.8757]]],[[[-102.94905,21.87198],[-102.95063,21.87273],[-102.95339,21.86998],[-102.95186,21.86622],[-102.95327,21.86539],[-102.95117,21.86234],[-102.9551,21.85718],[-102.95082,21.85894],[-102.95052,21.86328],[-102.94786,21.86239],[-102.94594,21.86428],[-102.94737,21.86677],[-102.94865,21.86374],[-102.94858,21.86787],[-102.9506,21.86878],[-102.94765,21.87063],[-102.94905,21.87198]]],[[[-102.94932,21.87643],[-102.95326,21.87579],[-102.95321,21.87403],[-102.95,21.87424],[-102.94932,21.87643]]],[[[-102.93623,21.88298],[-102.93848,21.88206],[-102.93597,21.8801],[-102.93623,21.88298]]],[[[-102.93969,21.89198],[-102.9446,21.88881],[-102.94278,21.88835],[-102.93969,21.89198]]],[[[-102.98015,21.87733],[-102.98046,21.88032],[-102.98472,21.88032],[-102.98198,21.87697],[-102.98015,21.87733]]],[[[-102.98488,21.86925],[-102.98649,21.86797],[-102.99414,21.87001],[-102.99017,21.86749],[-102.98596,21.86652],[-102.98269,21.86351],[-102.97846,21.86127],[-102.97812,21.86334],[-102.98053,21.86328],[-102.98234,21.86695],[-102.98488,21.86925]]],[[[-102.99725,21.86814],[-103.00101,21.86969],[-103.00085,21.86597],[-102.99812,21.86526],[-102.99469,21.86732],[-102.99725,21.86814]]],[[[-102.93878,21.83693],[-102.93988,21.83749],[-102.94285,21.83414],[-102.94854,21.83211],[-102.94718,21.82955],[-102.94917,21.82872],[-102.95261,21.82404],[-102.95458,21.82319],[-102.95267,21.82111],[-102.94754,21.82197],[-102.94537,21.82574],[-102.9377,21.8355],[-102.93878,21.83693]]],[[[-102.94126,21.82709],[-102.94275,21.82805],[-102.94536,21.82444],[-102.94334,21.82223],[-102.94126,21.82709]]],[[[-102.95811,21.82666],[-102.96409,21.82408],[-102.95911,21.82254],[-102.95591,21.82338],[-102.95811,21.82666]]],[[[-102.99314,21.84387],[-102.99221,21.84687],[-102.99502,21.84755],[-103.00039,21.84413],[-103.00335,21.84392],[-103.00145,21.84177],[-102.99473,21.84066],[-102.99314,21.84387]]],[[[-102.98544,21.85377],[-102.98751,21.85668],[-102.98674,21.85297],[-102.98544,21.85377]]],[[[-103.00781,21.8587],[-103.0134,21.8583],[-103.01745,21.8556],[-103.01088,21.85336],[-103.01113,21.85724],[-103.00781,21.8587]]],[[[-103.01536,21.86069],[-103.01796,21.85971],[-103.01515,21.85833],[-103.01536,21.86069]]],[[[-102.89019,21.98122],[-102.8895,21.98496],[-102.89176,21.98062],[-102.89019,21.98122]]],[[[-102.91649,21.99632],[-102.91745,21.99683],[-102.91771,21.99696],[-102.91786,21.99704],[-102.918,21.99712],[-102.92016,21.99551],[-102.91575,21.99593],[-102.91649,21.99632]]],[[[-102.92333,21.84102],[-102.92218,21.84202],[-102.91956,21.84924],[-102.91622,21.85212],[-102.91658,21.85367],[-102.92097,21.84882],[-102.92333,21.84102]]],[[[-102.91327,21.85225],[-102.91649,21.84568],[-102.91822,21.83611],[-102.91241,21.84278],[-102.91642,21.84561],[-102.91558,21.84694],[-102.90524,21.84883],[-102.90383,21.85301],[-102.90688,21.85282],[-102.91007,21.85031],[-102.91327,21.85225]]],[[[-102.90201,21.83566],[-102.89945,21.83709],[-102.89957,21.84014],[-102.90129,21.84055],[-102.90271,21.83659],[-102.90505,21.83509],[-102.9004,21.83246],[-102.90201,21.83566]]],[[[-102.92723,21.82116],[-102.92192,21.82966],[-102.92638,21.82811],[-102.92623,21.82367],[-102.92746,21.82544],[-102.93072,21.82071],[-102.93052,21.81821],[-102.92723,21.82116]]],[[[-102.96581,21.99048],[-102.9666,21.99624],[-102.96894,21.99342],[-102.96876,21.98871],[-102.96581,21.99048]]],[[[-102.97532,21.98753],[-102.97747,21.99207],[-102.97731,21.98794],[-102.97532,21.98753]]],[[[-102.74774,21.54118],[-102.74747,21.54111],[-102.7477,21.54132],[-102.74938,21.54288],[-102.74899,21.54129],[-102.74774,21.54118]]],[[[-102.73935,21.52966],[-102.74066,21.53081],[-102.74441,21.53213],[-102.74451,21.53216],[-102.74218,21.5298],[-102.73935,21.52966]]],[[[-102.73712,21.5262],[-102.73198,21.52454],[-102.73645,21.52416],[-102.73494,21.52273],[-102.73147,21.52215],[-102.72646,21.52279],[-102.72287,21.52057],[-102.723,21.52492],[-102.7252,21.52441],[-102.73061,21.5257],[-102.73402,21.52902],[-102.73826,21.52952],[-102.73922,21.52588],[-102.73712,21.5262]]],[[[-102.73917,21.41098],[-102.73684,21.41271],[-102.73459,21.41438],[-102.73063,21.41732],[-102.73025,21.4176],[-102.72903,21.42083],[-102.73423,21.42206],[-102.73673,21.42389],[-102.73702,21.42635],[-102.73724,21.42657],[-102.73811,21.42742],[-102.73965,21.42916],[-102.74493,21.42469],[-102.74579,21.42517],[-102.74129,21.4319],[-102.73986,21.42982],[-102.73804,21.43364],[-102.73575,21.43381],[-102.73724,21.43844],[-102.74037,21.43824],[-102.73994,21.43366],[-102.74285,21.43376],[-102.74286,21.43811],[-102.74655,21.43749],[-102.74887,21.43884],[-102.75529,21.43814],[-102.75564,21.436],[-102.75215,21.43513],[-102.75223,21.43372],[-102.75565,21.436],[-102.75967,21.43605],[-102.75736,21.43978],[-102.75177,21.44053],[-102.74968,21.44321],[-102.74537,21.44253],[-102.74355,21.44369],[-102.74285,21.44115],[-102.74107,21.44825],[-102.73961,21.44967],[-102.74293,21.45195],[-102.7399,21.45257],[-102.73969,21.45067],[-102.7358,21.45048],[-102.73618,21.45415],[-102.73774,21.45441],[-102.74035,21.45391],[-102.74375,21.45499],[-102.74683,21.45835],[-102.74889,21.45744],[-102.748,21.45018],[-102.75098,21.45082],[-102.75212,21.45408],[-102.7533,21.45098],[-102.75611,21.45131],[-102.75471,21.44877],[-102.75014,21.4476],[-102.751,21.44445],[-102.75721,21.44393],[-102.76,21.44238],[-102.76065,21.43681],[-102.7652,21.43474],[-102.75894,21.43425],[-102.75807,21.43005],[-102.7529,21.43135],[-102.75089,21.43067],[-102.74975,21.43687],[-102.74784,21.43722],[-102.74318,21.43292],[-102.74505,21.43192],[-102.74532,21.42826],[-102.74714,21.42734],[-102.74928,21.43006],[-102.75269,21.42905],[-102.75286,21.41968],[-102.74979,21.41909],[-102.75097,21.42162],[-102.74832,21.42065],[-102.75034,21.42359],[-102.74724,21.42346],[-102.74764,21.42071],[-102.7467,21.41418],[-102.747,21.41001],[-102.74434,21.40864],[-102.74181,21.41117],[-102.74438,21.41314],[-102.74468,21.41538],[-102.74046,21.41574],[-102.73902,21.41804],[-102.74033,21.42091],[-102.7369,21.42116],[-102.73556,21.41665],[-102.7368,21.41465],[-102.73859,21.4157],[-102.73917,21.41098]]],[[[-102.73398,21.40005],[-102.73161,21.40059],[-102.73142,21.40063],[-102.72816,21.40136],[-102.72881,21.40471],[-102.72585,21.40858],[-102.72751,21.40924],[-102.7303,21.40891],[-102.73044,21.40888],[-102.73154,21.4086],[-102.73091,21.40405],[-102.73251,21.40719],[-102.73473,21.40487],[-102.73441,21.4082],[-102.73556,21.4081],[-102.73578,21.40808],[-102.74049,21.40764],[-102.74342,21.40349],[-102.74012,21.40409],[-102.73954,21.39877],[-102.73647,21.3995],[-102.73912,21.40399],[-102.73398,21.40005]]],[[[-102.76882,21.39461],[-102.77263,21.38897],[-102.77288,21.38899],[-102.77389,21.38907],[-102.77361,21.38598],[-102.76953,21.38521],[-102.76578,21.38147],[-102.76871,21.38137],[-102.76752,21.37882],[-102.76523,21.38173],[-102.76199,21.37987],[-102.7601,21.38134],[-102.76175,21.38478],[-102.75592,21.38747],[-102.75414,21.3863],[-102.75293,21.38972],[-102.75027,21.38985],[-102.7507,21.3936],[-102.74779,21.39575],[-102.74411,21.3937],[-102.74364,21.39178],[-102.74134,21.39386],[-102.73638,21.39121],[-102.73626,21.3913],[-102.73586,21.3916],[-102.73466,21.39318],[-102.7359,21.39599],[-102.73361,21.39578],[-102.73446,21.39851],[-102.73472,21.39868],[-102.73482,21.39875],[-102.73563,21.39931],[-102.73967,21.39802],[-102.74032,21.40213],[-102.74343,21.40161],[-102.74667,21.40318],[-102.74989,21.40007],[-102.75507,21.40135],[-102.75812,21.40025],[-102.75854,21.40222],[-102.75481,21.40295],[-102.76122,21.40725],[-102.76136,21.40186],[-102.76354,21.40192],[-102.76472,21.39818],[-102.76702,21.39907],[-102.76762,21.39703],[-102.76448,21.39652],[-102.76309,21.3936],[-102.75755,21.39452],[-102.75267,21.39839],[-102.74806,21.39673],[-102.75297,21.39494],[-102.76042,21.39087],[-102.75799,21.38847],[-102.76036,21.38623],[-102.76327,21.3903],[-102.76683,21.39085],[-102.76882,21.39461]]],[[[-102.77474,21.38913],[-102.77638,21.38926],[-102.7746,21.39449],[-102.77606,21.39187],[-102.78036,21.38784],[-102.77875,21.38439],[-102.77474,21.38913]]],[[[-102.75669,21.32997],[-102.75589,21.33335],[-102.75867,21.33402],[-102.75918,21.33443],[-102.75925,21.33448],[-102.75952,21.33523],[-102.75922,21.33284],[-102.7573,21.33274],[-102.75669,21.32997]]],[[[-102.75605,21.32304],[-102.75589,21.32437],[-102.75716,21.3258],[-102.75749,21.32623],[-102.7584,21.32675],[-102.75605,21.32304]]],[[[-102.77613,21.32066],[-102.77612,21.32005],[-102.77611,21.31946],[-102.77434,21.32207],[-102.77166,21.32214],[-102.769,21.32731],[-102.76372,21.32579],[-102.76327,21.33006],[-102.76893,21.3296],[-102.77231,21.32416],[-102.77645,21.32395],[-102.77613,21.32066]]],[[[-102.79301,21.32392],[-102.79298,21.32402],[-102.79269,21.3248],[-102.79154,21.32795],[-102.78904,21.3294],[-102.78829,21.32964],[-102.7878,21.32975],[-102.78609,21.32995],[-102.78371,21.32952],[-102.78265,21.32861],[-102.78223,21.32825],[-102.78139,21.32734],[-102.77967,21.32485],[-102.7768,21.3265],[-102.77994,21.32701],[-102.78011,21.32886],[-102.78481,21.3305],[-102.78694,21.33348],[-102.78316,21.33206],[-102.78291,21.33431],[-102.78917,21.33529],[-102.78871,21.33685],[-102.78563,21.33564],[-102.78489,21.33782],[-102.78651,21.34073],[-102.78612,21.34418],[-102.78397,21.34634],[-102.78724,21.34667],[-102.78972,21.34532],[-102.79154,21.33992],[-102.79121,21.3356],[-102.79335,21.33758],[-102.79609,21.3366],[-102.7962,21.33326],[-102.7926,21.33278],[-102.79478,21.3295],[-102.79814,21.32731],[-102.79512,21.32692],[-102.79535,21.32482],[-102.79301,21.32392]]],[[[-102.84004,21.30067],[-102.8394,21.30176],[-102.83941,21.30176],[-102.84004,21.30067]]],[[[-102.84965,21.29122],[-102.84965,21.29124],[-102.84937,21.29196],[-102.84885,21.29319],[-102.8507,21.29225],[-102.85661,21.29594],[-102.85462,21.29055],[-102.84965,21.29122]]],[[[-102.84669,21.27971],[-102.84913,21.28104],[-102.84935,21.279],[-102.84669,21.27971]]],[[[-102.85882,21.2707],[-102.85836,21.27079],[-102.86036,21.27327],[-102.86203,21.27243],[-102.85882,21.2707]]],[[[-102.86346,21.26121],[-102.86239,21.26255],[-102.86624,21.26405],[-102.86201,21.26847],[-102.86536,21.27284],[-102.86771,21.26836],[-102.86637,21.26492],[-102.86674,21.26146],[-102.86874,21.25954],[-102.87495,21.26329],[-102.87286,21.26561],[-102.87345,21.26823],[-102.87884,21.27191],[-102.8829,21.26931],[-102.87829,21.26799],[-102.87987,21.26428],[-102.87707,21.26489],[-102.87776,21.25982],[-102.87686,21.2583],[-102.88006,21.25572],[-102.87604,21.25599],[-102.87631,21.25992],[-102.87283,21.26015],[-102.87334,21.25787],[-102.87104,21.25856],[-102.86632,21.25784],[-102.86596,21.26123],[-102.86346,21.26121]]],[[[-102.87738,21.23677],[-102.87737,21.23677],[-102.87634,21.23686],[-102.87738,21.23677]]],[[[-102.89191,21.2374],[-102.89016,21.23701],[-102.89113,21.23769],[-102.89191,21.2374]]],[[[-102.91221,21.20596],[-102.91031,21.20609],[-102.91005,21.20675],[-102.91221,21.20596]]],[[[-102.93034,21.21776],[-102.93198,21.21899],[-102.93463,21.21669],[-102.93967,21.21617],[-102.94011,21.21325],[-102.9418,21.21566],[-102.94667,21.21574],[-102.94233,21.21874],[-102.94696,21.22038],[-102.94844,21.21908],[-102.9478,21.21443],[-102.92998,21.21133],[-102.91925,21.20937],[-102.91492,21.20725],[-102.92279,21.21208],[-102.92565,21.21072],[-102.92178,21.21429],[-102.92561,21.21601],[-102.92082,21.22548],[-102.92473,21.2264],[-102.92644,21.22485],[-102.92515,21.22286],[-102.92892,21.22037],[-102.93034,21.21776]],[[-102.93034,21.21776],[-102.92963,21.21393],[-102.93249,21.2157],[-102.93034,21.21776]]],[[[-102.96734,21.24038],[-102.96723,21.23998],[-102.96575,21.24057],[-102.96575,21.24002],[-102.96547,21.23966],[-102.96475,21.23979],[-102.9645,21.23983],[-102.96491,21.23942],[-102.96521,21.23898],[-102.96536,21.23866],[-102.96549,21.23776],[-102.96455,21.23621],[-102.96303,21.23716],[-102.96366,21.24043],[-102.96631,21.24128],[-102.96734,21.24038]]],[[[-102.97113,21.24099],[-102.97018,21.24053],[-102.9701,21.24349],[-102.97438,21.24007],[-102.97113,21.24099]]],[[[-102.97956,21.24104],[-102.97966,21.2409],[-102.97943,21.2401],[-102.97905,21.23973],[-102.97856,21.24],[-102.97815,21.24051],[-102.97648,21.24026],[-102.97635,21.23984],[-102.97635,21.23982],[-102.97613,21.24023],[-102.97633,21.24185],[-102.97956,21.24104]]],[[[-103.01385,21.24421],[-103.01364,21.24512],[-103.01492,21.24771],[-103.01696,21.24748],[-103.01385,21.24421]]],[[[-102.93271,21.46283],[-102.93443,21.46494],[-102.93444,21.46495],[-102.93564,21.46553],[-102.93903,21.46312],[-102.93788,21.46174],[-102.93755,21.46107],[-102.93681,21.46086],[-102.93586,21.46063],[-102.93533,21.46026],[-102.93271,21.46283]]],[[[-102.81643,21.49571],[-102.81637,21.49864],[-102.82045,21.49853],[-102.81634,21.50031],[-102.81727,21.50433],[-102.81751,21.50576],[-102.81771,21.50702],[-102.82149,21.50502],[-102.81879,21.50383],[-102.82038,21.50172],[-102.82812,21.50224],[-102.82576,21.50552],[-102.82971,21.50497],[-102.83028,21.50102],[-102.83359,21.50125],[-102.83649,21.49869],[-102.83948,21.50091],[-102.83895,21.50439],[-102.84115,21.50303],[-102.84018,21.50708],[-102.83728,21.50928],[-102.84068,21.5087],[-102.84261,21.50493],[-102.84185,21.50267],[-102.84552,21.49814],[-102.84521,21.49598],[-102.84106,21.49466],[-102.8404,21.49787],[-102.83831,21.49742],[-102.83456,21.49942],[-102.83308,21.49806],[-102.82858,21.49955],[-102.82218,21.49885],[-102.82377,21.49502],[-102.81643,21.49571]]],[[[-102.77221,21.45529],[-102.7739,21.45026],[-102.77855,21.44821],[-102.77779,21.44497],[-102.7759,21.44571],[-102.77159,21.45214],[-102.77221,21.45529]]],[[[-102.76417,21.40838],[-102.76664,21.40393],[-102.77013,21.40197],[-102.76425,21.4021],[-102.76417,21.40838]]],[[[-102.75892,21.414],[-102.75771,21.41213],[-102.76211,21.4098],[-102.76169,21.40856],[-102.75693,21.41004],[-102.75558,21.40675],[-102.75297,21.40816],[-102.75538,21.41008],[-102.75548,21.41244],[-102.75892,21.414]]],[[[-102.76986,21.40963],[-102.76772,21.41091],[-102.76739,21.4114],[-102.76433,21.41492],[-102.76403,21.41692],[-102.76882,21.41749],[-102.76642,21.42106],[-102.76158,21.41846],[-102.76144,21.421],[-102.75637,21.42025],[-102.7561,21.42447],[-102.75843,21.42646],[-102.75758,21.42242],[-102.76141,21.42215],[-102.76067,21.42916],[-102.76232,21.43199],[-102.76626,21.43268],[-102.76489,21.43611],[-102.76562,21.44086],[-102.76931,21.44039],[-102.76794,21.44339],[-102.77087,21.44514],[-102.76834,21.45065],[-102.76839,21.45248],[-102.77175,21.45035],[-102.77402,21.44432],[-102.77726,21.44158],[-102.77585,21.44034],[-102.77453,21.43529],[-102.77866,21.42857],[-102.7821,21.42499],[-102.78039,21.42241],[-102.77377,21.4273],[-102.77069,21.42707],[-102.77374,21.42548],[-102.77548,21.42182],[-102.77514,21.41908],[-102.77828,21.41931],[-102.77059,21.41677],[-102.76787,21.41348],[-102.77,21.41299],[-102.76986,21.40963]],[[-102.766,21.43093],[-102.76551,21.42881],[-102.76933,21.42912],[-102.76944,21.43086],[-102.766,21.43093]]],[[[-102.77219,21.40679],[-102.77248,21.40808],[-102.77576,21.41016],[-102.77557,21.41584],[-102.77829,21.41582],[-102.77662,21.41028],[-102.77919,21.41035],[-102.77994,21.4066],[-102.77593,21.40593],[-102.77219,21.40679]]],[[[-102.85431,21.4084],[-102.85821,21.4068],[-102.85866,21.40662],[-102.86297,21.40708],[-102.8647,21.40557],[-102.86015,21.40336],[-102.85786,21.4006],[-102.86,21.40063],[-102.86039,21.39952],[-102.85637,21.39863],[-102.85709,21.39583],[-102.86005,21.39441],[-102.86368,21.39441],[-102.86407,21.39426],[-102.86384,21.39296],[-102.86803,21.39204],[-102.86997,21.38715],[-102.87344,21.38697],[-102.87303,21.38396],[-102.86845,21.38409],[-102.86261,21.38309],[-102.86261,21.38385],[-102.85947,21.3842],[-102.85822,21.38217],[-102.85739,21.38082],[-102.85497,21.3776],[-102.85427,21.37942],[-102.8508,21.37871],[-102.85058,21.38236],[-102.84858,21.38356],[-102.84948,21.37702],[-102.84459,21.37594],[-102.84355,21.37325],[-102.8402,21.37594],[-102.84157,21.37066],[-102.84105,21.36745],[-102.8393,21.3661],[-102.8393,21.36636],[-102.8393,21.38135],[-102.84013,21.38218],[-102.84097,21.38301],[-102.8418,21.38385],[-102.84263,21.38551],[-102.84346,21.38634],[-102.8443,21.38718],[-102.84513,21.38801],[-102.84513,21.38884],[-102.84596,21.38968],[-102.84637,21.38968],[-102.84679,21.38993],[-102.84679,21.39051],[-102.84763,21.39134],[-102.84717,21.39415],[-102.84223,21.39099],[-102.8418,21.39467],[-102.84263,21.3955],[-102.84469,21.40383],[-102.84064,21.40669],[-102.84268,21.41146],[-102.84855,21.41244],[-102.84817,21.4086],[-102.85282,21.40641],[-102.85431,21.4084]],[[-102.85572,21.3903],[-102.85632,21.38735],[-102.86182,21.3914],[-102.85639,21.39431],[-102.85572,21.3903]],[[-102.86283,21.38709],[-102.86269,21.38505],[-102.86585,21.38674],[-102.86283,21.38709]],[[-102.85149,21.38178],[-102.85389,21.3846],[-102.8527,21.38746],[-102.85149,21.38178]]],[[[-102.86561,21.37186],[-102.86302,21.37214],[-102.86466,21.37623],[-102.86347,21.37692],[-102.85629,21.37169],[-102.85595,21.37302],[-102.85679,21.37386],[-102.85762,21.37469],[-102.85845,21.37552],[-102.85928,21.37635],[-102.86012,21.37719],[-102.86095,21.37802],[-102.86261,21.37885],[-102.86345,21.37968],[-102.86178,21.38301],[-102.86257,21.38301],[-102.86343,21.38131],[-102.87039,21.38014],[-102.86985,21.37645],[-102.86723,21.37567],[-102.86561,21.37186]]],[[[-102.8804,21.36923],[-102.87872,21.36779],[-102.8751,21.36827],[-102.8751,21.36886],[-102.87594,21.36969],[-102.87247,21.37195],[-102.87088,21.37155],[-102.87023,21.37515],[-102.87501,21.37127],[-102.87784,21.37234],[-102.87326,21.37319],[-102.87287,21.37556],[-102.87527,21.37725],[-102.87607,21.37389],[-102.87836,21.37577],[-102.88137,21.37162],[-102.8804,21.36923]]],[[[-102.88021,21.36386],[-102.8801,21.3647],[-102.88093,21.36553],[-102.88123,21.36553],[-102.88021,21.36386]]],[[[-102.8826,21.36196],[-102.8826,21.3622],[-102.8806,21.36386],[-102.88646,21.36291],[-102.8826,21.36196]]],[[[-102.87927,21.35816],[-102.87927,21.35887],[-102.8801,21.3597],[-102.88068,21.3597],[-102.87927,21.35816]]],[[[-102.88276,21.3556],[-102.8789,21.35174],[-102.87677,21.35137],[-102.87677,21.35221],[-102.87677,21.35304],[-102.8776,21.35387],[-102.8776,21.35554],[-102.87843,21.35618],[-102.88149,21.35732],[-102.88276,21.3556]]],[[[-102.89863,21.34164],[-102.89853,21.34213],[-102.89832,21.34313],[-102.8968,21.34604],[-102.89629,21.34715],[-102.89878,21.35127],[-102.89694,21.35293],[-102.89266,21.35125],[-102.89084,21.3557],[-102.88699,21.35677],[-102.88772,21.36173],[-102.88598,21.36117],[-102.89025,21.36329],[-102.89878,21.36191],[-102.89982,21.36076],[-102.90447,21.36384],[-102.90504,21.36109],[-102.89852,21.35834],[-102.89864,21.35355],[-102.90117,21.35441],[-102.90207,21.35776],[-102.90356,21.35355],[-102.90017,21.35077],[-102.90091,21.34885],[-102.90526,21.35064],[-102.90501,21.34832],[-102.90248,21.34664],[-102.90423,21.34575],[-102.89913,21.34507],[-102.90449,21.3437],[-102.90363,21.34538],[-102.90725,21.34576],[-102.90643,21.34222],[-102.9107,21.34011],[-102.91139,21.3357],[-102.90927,21.33441],[-102.90774,21.33624],[-102.90649,21.33339],[-102.91197,21.32854],[-102.91181,21.32573],[-102.90706,21.32662],[-102.90531,21.3288],[-102.90932,21.32974],[-102.90344,21.33387],[-102.90302,21.33712],[-102.90533,21.3383],[-102.90397,21.3416],[-102.90107,21.33989],[-102.89863,21.34164]]],[[[-102.89209,21.34061],[-102.89511,21.34076],[-102.89431,21.33849],[-102.89209,21.34061]]],[[[-102.88457,21.34055],[-102.88676,21.34055],[-102.8869,21.33972],[-102.88483,21.33764],[-102.88457,21.34055]]],[[[-102.88029,21.34138],[-102.88177,21.34138],[-102.88177,21.34127],[-102.88029,21.34138]]],[[[-102.87427,21.34056],[-102.87427,21.34138],[-102.87466,21.34138],[-102.87427,21.34056]]],[[[-102.87344,21.34041],[-102.87344,21.34055],[-102.87392,21.34055],[-102.87344,21.34041]]],[[[-102.87094,21.33779],[-102.87094,21.33805],[-102.8711,21.33805],[-102.87094,21.33779]]],[[[-102.86911,21.33472],[-102.86928,21.33555],[-102.86982,21.33555],[-102.86911,21.33472]]],[[[-102.86761,21.33227],[-102.86761,21.33306],[-102.86761,21.33389],[-102.86844,21.33472],[-102.86896,21.33472],[-102.86761,21.33227]]],[[[-102.86676,21.33219],[-102.86678,21.33222],[-102.86727,21.33222],[-102.86676,21.33219]]],[[[-102.87254,21.36719],[-102.87317,21.36719],[-102.87813,21.36728],[-102.87142,21.35744],[-102.87114,21.3556],[-102.86762,21.35697],[-102.86861,21.35854],[-102.87133,21.35738],[-102.87182,21.35939],[-102.86646,21.35929],[-102.8614,21.36104],[-102.87046,21.36161],[-102.86826,21.36421],[-102.87056,21.36452],[-102.87254,21.36719]]],[[[-102.86844,21.36475],[-102.86844,21.36553],[-102.86928,21.36636],[-102.87057,21.36636],[-102.86844,21.36475]]],[[[-102.85429,21.35474],[-102.85429,21.35554],[-102.85512,21.35637],[-102.85512,21.35803],[-102.85559,21.35803],[-102.85682,21.3597],[-102.85762,21.36053],[-102.85845,21.36137],[-102.86095,21.3622],[-102.86345,21.36273],[-102.85931,21.36057],[-102.86163,21.36022],[-102.8623,21.35797],[-102.85598,21.35687],[-102.85429,21.35474]]],[[[-102.85513,21.33189],[-102.85056,21.33932],[-102.84679,21.34221],[-102.84679,21.34305],[-102.84679,21.34388],[-102.84763,21.34471],[-102.84763,21.34555],[-102.84846,21.34638],[-102.84846,21.34721],[-102.84929,21.34804],[-102.84929,21.34971],[-102.85012,21.35054],[-102.85096,21.35137],[-102.85179,21.35221],[-102.85179,21.35304],[-102.85262,21.35387],[-102.85346,21.3547],[-102.85423,21.3547],[-102.85211,21.35266],[-102.85074,21.34677],[-102.84836,21.34509],[-102.84929,21.34161],[-102.85283,21.33988],[-102.85164,21.34243],[-102.85461,21.34226],[-102.85612,21.34027],[-102.85408,21.33889],[-102.85369,21.33544],[-102.85513,21.33189]]],[[[-102.83764,21.34419],[-102.83847,21.34388],[-102.8393,21.34305],[-102.8393,21.34234],[-102.83764,21.34419]]],[[[-102.83356,21.34804],[-102.8343,21.34804],[-102.83514,21.34721],[-102.83514,21.34639],[-102.83356,21.34804]]],[[[-102.8331,21.34888],[-102.83347,21.34888],[-102.83347,21.3482],[-102.8331,21.34888]]],[[[-102.81682,21.35176],[-102.81735,21.35137],[-102.81564,21.35137],[-102.81682,21.35176]]],[[[-102.7938,21.34638],[-102.79434,21.34721],[-102.79517,21.34721],[-102.796,21.34739],[-102.7938,21.34638]]],[[[-102.80817,21.35432],[-102.801,21.35387],[-102.801,21.3547],[-102.801,21.35554],[-102.80183,21.35637],[-102.80183,21.35645],[-102.80817,21.35432]]],[[[-102.8368,21.36354],[-102.8368,21.36386],[-102.83693,21.36386],[-102.8368,21.36354]]],[[[-102.83597,21.36152],[-102.83597,21.3622],[-102.8368,21.36278],[-102.83597,21.36152]]],[[[-102.83533,21.36072],[-102.83514,21.36137],[-102.83578,21.36137],[-102.83533,21.36072]]],[[[-102.82806,21.36418],[-102.82774,21.36303],[-102.82461,21.36634],[-102.81984,21.36742],[-102.82229,21.36918],[-102.82218,21.37319],[-102.82365,21.3739],[-102.82355,21.36872],[-102.83095,21.37256],[-102.82814,21.36445],[-102.82806,21.36418]]],[[[-102.80933,21.36489],[-102.80933,21.36553],[-102.81016,21.36636],[-102.81099,21.36719],[-102.81182,21.36803],[-102.81266,21.36886],[-102.81266,21.37136],[-102.80849,21.37136],[-102.80849,21.37386],[-102.80933,21.37469],[-102.81019,21.37469],[-102.81008,21.37193],[-102.81336,21.37141],[-102.81645,21.37291],[-102.81596,21.3767],[-102.81266,21.37651],[-102.81266,21.37719],[-102.81349,21.37802],[-102.81432,21.37885],[-102.81515,21.37968],[-102.81599,21.38052],[-102.81599,21.38218],[-102.81682,21.38301],[-102.81682,21.38468],[-102.81765,21.38551],[-102.81808,21.38806],[-102.81822,21.38893],[-102.81842,21.39012],[-102.81875,21.39051],[-102.81932,21.39134],[-102.82015,21.39217],[-102.82098,21.39301],[-102.82182,21.39301],[-102.82265,21.39384],[-102.82251,21.39403],[-102.82189,21.39439],[-102.81867,21.39495],[-102.8182,21.39498],[-102.81526,21.39311],[-102.81475,21.39058],[-102.81284,21.39311],[-102.81033,21.39093],[-102.81466,21.39013],[-102.81397,21.38669],[-102.81178,21.384],[-102.81128,21.38362],[-102.80933,21.38634],[-102.81016,21.38718],[-102.80972,21.39031],[-102.80826,21.39104],[-102.80766,21.39134],[-102.80766,21.39217],[-102.80849,21.39301],[-102.80933,21.39384],[-102.80899,21.39837],[-102.81176,21.40195],[-102.81764,21.40251],[-102.81796,21.4058],[-102.82204,21.40563],[-102.82444,21.40317],[-102.82649,21.40366],[-102.82773,21.40072],[-102.82553,21.39633],[-102.82679,21.39425],[-102.82977,21.39654],[-102.83022,21.39909],[-102.8353,21.40102],[-102.83467,21.39613],[-102.83628,21.398],[-102.83762,21.39581],[-102.83724,21.39173],[-102.83469,21.38844],[-102.83324,21.39037],[-102.82586,21.38813],[-102.82376,21.39036],[-102.821,21.38936],[-102.82152,21.38557],[-102.81972,21.38564],[-102.81809,21.38043],[-102.82105,21.37894],[-102.82222,21.37487],[-102.81945,21.37426],[-102.82016,21.3725],[-102.81667,21.37221],[-102.81379,21.3628],[-102.81817,21.36248],[-102.81945,21.36648],[-102.82215,21.3658],[-102.82204,21.36275],[-102.81972,21.35998],[-102.82045,21.35799],[-102.81746,21.35607],[-102.80838,21.3549],[-102.80863,21.3572],[-102.81374,21.36278],[-102.81245,21.36517],[-102.80933,21.36489]]],[[[-102.801,21.39068],[-102.801,21.39053],[-102.79874,21.39399],[-102.80025,21.39473],[-102.80017,21.39384],[-102.8003,21.39301],[-102.80085,21.39301],[-102.801,21.39301],[-102.801,21.39173],[-102.801,21.39068]]],[[[-102.80287,21.41443],[-102.80734,21.40936],[-102.80643,21.40739],[-102.80296,21.40933],[-102.80287,21.41443]]],[[[-102.78791,21.42136],[-102.79319,21.41646],[-102.79038,21.41306],[-102.78665,21.41468],[-102.78292,21.4129],[-102.78148,21.41717],[-102.78656,21.41738],[-102.78791,21.42136]]],[[[-102.87902,21.41521],[-102.87909,21.41559],[-102.88104,21.41485],[-102.87948,21.41222],[-102.87902,21.41521]]],[[[-102.88039,21.42082],[-102.88093,21.42132],[-102.88115,21.41887],[-102.88039,21.42082]]],[[[-102.88159,21.42132],[-102.88093,21.42132],[-102.88093,21.42268],[-102.88159,21.42132]]],[[[-102.78356,21.42578],[-102.78582,21.42485],[-102.78327,21.42327],[-102.78356,21.42578]]],[[[-102.78167,21.43952],[-102.78308,21.43931],[-102.78316,21.43561],[-102.77952,21.43777],[-102.78167,21.43952]]],[[[-102.89792,21.48611],[-102.90037,21.48405],[-102.89701,21.48419],[-102.89792,21.48611]]],[[[-102.78793,21.42637],[-102.78784,21.42793],[-102.79184,21.42851],[-102.78793,21.42637]]],[[[-102.79188,21.39674],[-102.7955,21.39224],[-102.79386,21.39105],[-102.79393,21.38724],[-102.78783,21.38864],[-102.7833,21.39384],[-102.78681,21.39478],[-102.79245,21.39362],[-102.79107,21.39695],[-102.79188,21.39674]]],[[[-102.76446,21.37773],[-102.7659,21.3777],[-102.76743,21.37631],[-102.76424,21.37479],[-102.76446,21.37773]]],[[[-102.75018,21.38148],[-102.75146,21.38517],[-102.75378,21.38268],[-102.75146,21.37904],[-102.75069,21.3807],[-102.75018,21.38148]]],[[[-102.7969,21.3712],[-102.79696,21.37127],[-102.79876,21.37068],[-102.79842,21.36798],[-102.80018,21.36575],[-102.79889,21.3643],[-102.79759,21.35731],[-102.79528,21.35633],[-102.79461,21.35919],[-102.79306,21.35583],[-102.79261,21.35876],[-102.79457,21.36158],[-102.79184,21.36422],[-102.79131,21.36633],[-102.78993,21.36827],[-102.78945,21.36895],[-102.79062,21.36994],[-102.79444,21.3683],[-102.7969,21.3712]]],[[[-102.80183,21.35675],[-102.80183,21.3572],[-102.80266,21.35803],[-102.80266,21.3622],[-102.8035,21.36237],[-102.80929,21.36276],[-102.80814,21.36116],[-102.80697,21.35488],[-102.80183,21.35675]]],[[[-102.74695,21.35217],[-102.74447,21.35323],[-102.74274,21.35407],[-102.74209,21.35493],[-102.74695,21.35217]]],[[[-102.78697,21.35469],[-102.77562,21.35348],[-102.77858,21.35553],[-102.78697,21.35469]]],[[[-102.77769,21.34565],[-102.77769,21.34638],[-102.77852,21.34721],[-102.77935,21.34804],[-102.78078,21.34804],[-102.77836,21.34319],[-102.77769,21.34565]]],[[[-102.77679,21.34471],[-102.77685,21.34555],[-102.77759,21.34555],[-102.77679,21.34471]]],[[[-102.77352,21.34397],[-102.77352,21.34471],[-102.77394,21.34471],[-102.77352,21.34397]]],[[[-102.77228,21.34305],[-102.77269,21.34388],[-102.77343,21.34388],[-102.77228,21.34305]]],[[[-102.77186,21.34267],[-102.77186,21.34305],[-102.77214,21.34305],[-102.77186,21.34267]]],[[[-102.76731,21.34055],[-102.76853,21.34138],[-102.77102,21.34205],[-102.77569,21.34006],[-102.77453,21.33812],[-102.77265,21.34087],[-102.76731,21.34055]]],[[[-102.77392,21.35334],[-102.77116,21.35175],[-102.77098,21.3516],[-102.7686,21.34965],[-102.76742,21.35169],[-102.77103,21.35725],[-102.77392,21.35334]]],[[[-102.78677,21.36137],[-102.78659,21.35923],[-102.78397,21.35769],[-102.78248,21.35926],[-102.77982,21.35767],[-102.77994,21.36032],[-102.78677,21.36137]]],[[[-102.76353,21.34138],[-102.76436,21.34138],[-102.76436,21.34114],[-102.76353,21.34138]]],[[[-102.76346,21.34706],[-102.76192,21.34635],[-102.76189,21.34634],[-102.76162,21.34621],[-102.76244,21.35017],[-102.76451,21.34754],[-102.76347,21.34706],[-102.76346,21.34706]]],[[[-102.76129,21.34221],[-102.76187,21.34221],[-102.76187,21.34186],[-102.76129,21.34221]]],[[[-102.76104,21.34311],[-102.76103,21.34305],[-102.76103,21.34251],[-102.76039,21.34212],[-102.76104,21.34311]]],[[[-102.82748,21.37835],[-102.82897,21.37571],[-102.82557,21.37528],[-102.82748,21.37835]]],[[[-102.80222,21.33345],[-102.80364,21.32979],[-102.80012,21.33094],[-102.80222,21.33345]]],[[[-102.86595,21.32983],[-102.86595,21.33038],[-102.86595,21.33056],[-102.86628,21.33124],[-102.86715,21.32987],[-102.86577,21.32766],[-102.86589,21.32973],[-102.86595,21.32983]]],[[[-102.88572,21.33515],[-102.88714,21.33602],[-102.89353,21.3363],[-102.89365,21.33014],[-102.89094,21.32886],[-102.89171,21.32576],[-102.89549,21.32794],[-102.89615,21.32619],[-102.89384,21.32478],[-102.89514,21.32013],[-102.89724,21.31816],[-102.89869,21.32025],[-102.89627,21.32288],[-102.89996,21.32438],[-102.90141,21.32163],[-102.90783,21.32015],[-102.90741,21.3187],[-102.91267,21.3157],[-102.91296,21.32109],[-102.91206,21.32387],[-102.91421,21.32401],[-102.91568,21.31524],[-102.91243,21.31341],[-102.90886,21.31572],[-102.90479,21.31509],[-102.90564,21.3173],[-102.90327,21.31694],[-102.90034,21.3103],[-102.90151,21.31346],[-102.90158,21.31395],[-102.90159,21.31398],[-102.90252,21.31673],[-102.89901,21.31759],[-102.89317,21.31634],[-102.89179,21.3169],[-102.8937,21.319],[-102.89066,21.3229],[-102.89114,21.31922],[-102.88692,21.32286],[-102.89018,21.3248],[-102.88579,21.33048],[-102.88669,21.33267],[-102.87908,21.33073],[-102.87971,21.33293],[-102.88386,21.33446],[-102.88572,21.33515]]],[[[-102.86714,21.3224],[-102.86947,21.3198],[-102.86868,21.31726],[-102.87219,21.31809],[-102.873,21.31569],[-102.87603,21.31589],[-102.87566,21.3119],[-102.87824,21.31566],[-102.87969,21.31296],[-102.87688,21.30988],[-102.87798,21.30883],[-102.88254,21.30896],[-102.87889,21.30722],[-102.87636,21.30834],[-102.87493,21.30497],[-102.87523,21.31048],[-102.86992,21.31024],[-102.87358,21.30466],[-102.87275,21.30179],[-102.86888,21.29553],[-102.87099,21.29429],[-102.86755,21.29329],[-102.86453,21.29833],[-102.8676,21.29799],[-102.87021,21.30078],[-102.86923,21.30476],[-102.86763,21.30445],[-102.86645,21.30898],[-102.8689,21.30755],[-102.86914,21.31261],[-102.87201,21.31253],[-102.87127,21.31538],[-102.86637,21.31301],[-102.86161,21.31386],[-102.86615,21.31408],[-102.86631,21.31632],[-102.86192,21.31711],[-102.86564,21.32314],[-102.86714,21.3224]]],[[[-102.8343,21.30796],[-102.8341,21.30851],[-102.83426,21.31272],[-102.83686,21.31409],[-102.84277,21.31434],[-102.84355,21.31662],[-102.84121,21.31857],[-102.83822,21.31832],[-102.83858,21.32137],[-102.84239,21.3207],[-102.84546,21.32146],[-102.84658,21.31763],[-102.84508,21.31737],[-102.844,21.30783],[-102.84187,21.3044],[-102.83803,21.30991],[-102.8343,21.30796]]],[[[-102.85152,21.31278],[-102.85437,21.31187],[-102.85465,21.30764],[-102.85673,21.30601],[-102.86081,21.30652],[-102.86146,21.30472],[-102.85876,21.30459],[-102.8605,21.30142],[-102.86366,21.30233],[-102.86148,21.2993],[-102.85622,21.29884],[-102.85439,21.29621],[-102.84837,21.2939],[-102.84633,21.29409],[-102.84956,21.29699],[-102.84976,21.30047],[-102.84794,21.29856],[-102.84126,21.29923],[-102.84358,21.30233],[-102.84491,21.30052],[-102.84703,21.30273],[-102.8521,21.30166],[-102.85468,21.30654],[-102.85014,21.30679],[-102.85379,21.30832],[-102.8508,21.30997],[-102.85152,21.31278]]],[[[-102.83229,21.31366],[-102.83139,21.31618],[-102.83469,21.31584],[-102.83531,21.31399],[-102.83229,21.31366]]],[[[-102.86537,21.2846],[-102.8648,21.28928],[-102.8665,21.28541],[-102.86537,21.2846]]],[[[-102.86512,21.28368],[-102.86665,21.2839],[-102.86511,21.28034],[-102.86512,21.28368]]],[[[-102.89634,21.28218],[-102.89804,21.28376],[-102.8984,21.27938],[-102.89634,21.28218]]],[[[-102.85163,21.27845],[-102.85473,21.28],[-102.85763,21.27834],[-102.85424,21.27676],[-102.85163,21.27845]]],[[[-102.87367,21.27763],[-102.87876,21.27551],[-102.87663,21.27371],[-102.87315,21.27552],[-102.87367,21.27763]]],[[[-102.88884,21.27929],[-102.89077,21.27875],[-102.88725,21.27197],[-102.88671,21.27944],[-102.88884,21.27929]]],[[[-102.89198,21.27762],[-102.89395,21.2784],[-102.8943,21.27608],[-102.89173,21.27297],[-102.88807,21.27153],[-102.89198,21.27762]]],[[[-102.89537,21.27242],[-102.89779,21.27139],[-102.89626,21.2678],[-102.89417,21.26863],[-102.89537,21.27242]]],[[[-102.9016,21.27083],[-102.90478,21.27337],[-102.90522,21.27087],[-102.90848,21.26928],[-102.90626,21.26868],[-102.90806,21.26548],[-102.90397,21.26695],[-102.90524,21.26895],[-102.89946,21.26668],[-102.9031,21.27074],[-102.9016,21.27083]]],[[[-102.88024,21.2666],[-102.88303,21.26562],[-102.88201,21.26417],[-102.88024,21.2666]]],[[[-102.9376,21.26289],[-102.9396,21.26263],[-102.93856,21.25597],[-102.9376,21.26289]]],[[[-102.92876,21.25573],[-102.92809,21.25823],[-102.93099,21.25872],[-102.93063,21.26266],[-102.93277,21.25669],[-102.92876,21.25573]]],[[[-102.90854,21.25659],[-102.90961,21.25475],[-102.90516,21.25394],[-102.90854,21.25659]]],[[[-102.87595,21.25219],[-102.8777,21.25127],[-102.88016,21.2532],[-102.88157,21.25148],[-102.87527,21.24928],[-102.87595,21.25219]]],[[[-102.92425,21.25107],[-102.92574,21.24904],[-102.92228,21.24942],[-102.92425,21.25107]]],[[[-102.88827,21.25237],[-102.8888,21.24933],[-102.88651,21.25],[-102.88827,21.25237]]],[[[-102.95713,21.26408],[-102.95864,21.26385],[-102.95833,21.25985],[-102.95624,21.25926],[-102.95556,21.25599],[-102.95785,21.25568],[-102.95077,21.25167],[-102.94903,21.2536],[-102.95197,21.2552],[-102.9517,21.25852],[-102.95588,21.25917],[-102.95713,21.26408]]],[[[-102.95044,21.26477],[-102.95502,21.26321],[-102.95258,21.26281],[-102.95044,21.26477]]],[[[-102.94617,21.26461],[-102.94822,21.26508],[-102.94706,21.25956],[-102.94887,21.26007],[-102.94975,21.25731],[-102.94472,21.25818],[-102.94534,21.26449],[-102.94617,21.26461]]],[[[-102.93172,21.26756],[-102.9349,21.26388],[-102.93149,21.26597],[-102.92634,21.26483],[-102.92676,21.26786],[-102.93172,21.26756]]],[[[-102.95,21.27712],[-102.95198,21.27481],[-102.95601,21.27337],[-102.95556,21.27034],[-102.95667,21.26555],[-102.9539,21.2641],[-102.95416,21.26608],[-102.95151,21.26519],[-102.95333,21.26765],[-102.94635,21.26731],[-102.94491,21.27226],[-102.9488,21.27205],[-102.95,21.27712]]],[[[-102.94135,21.27624],[-102.93917,21.26969],[-102.93591,21.2716],[-102.93507,21.27536],[-102.93839,21.27371],[-102.94135,21.27624]]],[[[-102.92264,21.28118],[-102.92423,21.27902],[-102.92782,21.27978],[-102.92376,21.27611],[-102.92235,21.27716],[-102.92264,21.28118]]],[[[-102.90955,21.28138],[-102.91322,21.28133],[-102.91261,21.27929],[-102.90955,21.28138]]],[[[-102.89914,21.28189],[-102.90263,21.27953],[-102.89919,21.27841],[-102.89914,21.28189]]],[[[-102.91572,21.29473],[-102.91609,21.29319],[-102.92147,21.293],[-102.91907,21.28984],[-102.92134,21.28437],[-102.92402,21.28271],[-102.92137,21.28195],[-102.91672,21.28557],[-102.91704,21.28944],[-102.913,21.29137],[-102.91572,21.29473]]],[[[-102.90891,21.30479],[-102.90583,21.30909],[-102.90803,21.30939],[-102.91108,21.30514],[-102.91041,21.30836],[-102.91395,21.30902],[-102.91461,21.30058],[-102.91711,21.30297],[-102.91953,21.30079],[-102.91458,21.30018],[-102.91423,21.29773],[-102.90905,21.29325],[-102.9109,21.29019],[-102.90677,21.28858],[-102.90544,21.28568],[-102.90354,21.2879],[-102.90865,21.28967],[-102.90767,21.29109],[-102.90909,21.29543],[-102.90737,21.29899],[-102.91146,21.29966],[-102.90891,21.30479]]],[[[-102.88337,21.30512],[-102.88749,21.30443],[-102.88713,21.30284],[-102.88337,21.30512]]],[[[-102.95438,21.29637],[-102.95727,21.29489],[-102.95625,21.28971],[-102.95492,21.29093],[-102.95227,21.28591],[-102.95028,21.28468],[-102.95028,21.28931],[-102.94222,21.28888],[-102.94443,21.29142],[-102.94685,21.29181],[-102.94798,21.28975],[-102.94965,21.2939],[-102.95438,21.29637]]],[[[-102.9273,21.29334],[-102.92964,21.29274],[-102.92795,21.28755],[-102.9257,21.29059],[-102.92833,21.29045],[-102.9273,21.29334]]],[[[-102.92407,21.28694],[-102.92381,21.29011],[-102.92605,21.28507],[-102.92239,21.28479],[-102.92407,21.28694]]],[[[-102.9283,21.28342],[-102.92874,21.27992],[-102.92534,21.28118],[-102.9283,21.28342]]],[[[-102.93592,21.28435],[-102.94,21.28398],[-102.93896,21.28256],[-102.93592,21.28435]]],[[[-102.93101,21.28957],[-102.93177,21.28557],[-102.92902,21.28717],[-102.93101,21.28957]]],[[[-102.96949,21.30221],[-102.9711,21.30153],[-102.967,21.301],[-102.96352,21.29921],[-102.9631,21.30062],[-102.96949,21.30221]]],[[[-102.93386,21.30457],[-102.93645,21.30851],[-102.94087,21.30764],[-102.93589,21.29889],[-102.93436,21.30086],[-102.931,21.30065],[-102.92743,21.3025],[-102.93128,21.30572],[-102.93386,21.30457]]],[[[-102.91764,21.30413],[-102.91806,21.30619],[-102.92192,21.30425],[-102.91966,21.30267],[-102.91764,21.30413]]],[[[-102.95082,21.27946],[-102.95727,21.27495],[-102.95552,21.27382],[-102.95087,21.27754],[-102.95082,21.27946]]],[[[-102.95887,21.26945],[-102.96137,21.26883],[-102.95822,21.2667],[-102.95887,21.26945]]],[[[-102.9702,21.24864],[-102.97121,21.24572],[-102.96911,21.24644],[-102.9702,21.24864]]],[[[-102.92489,21.26032],[-102.9243,21.25841],[-102.9206,21.25847],[-102.92233,21.26102],[-102.92489,21.26032]]],[[[-102.92377,21.31941],[-102.92421,21.31682],[-102.92112,21.31775],[-102.92379,21.32004],[-102.92377,21.31949],[-102.92377,21.31941]]],[[[-102.92586,21.31675],[-102.92683,21.31672],[-102.92996,21.31541],[-102.93612,21.31662],[-102.94042,21.31612],[-102.94148,21.31747],[-102.94538,21.31739],[-102.94535,21.31549],[-102.93933,21.31416],[-102.93685,21.31528],[-102.93113,21.31439],[-102.92985,21.31158],[-102.92586,21.31675]]],[[[-102.90596,21.3226],[-102.90477,21.32407],[-102.90838,21.32377],[-102.90596,21.3226]]],[[[-102.86175,21.33406],[-102.86076,21.33143],[-102.85903,21.33394],[-102.86142,21.33645],[-102.86175,21.33406]]],[[[-102.91442,21.34505],[-102.91437,21.34507],[-102.91389,21.34455],[-102.91262,21.34316],[-102.91004,21.34154],[-102.90953,21.3501],[-102.91059,21.3518],[-102.91114,21.34782],[-102.91546,21.3457],[-102.91832,21.34565],[-102.91891,21.34794],[-102.91608,21.34825],[-102.91709,21.34968],[-102.91983,21.34882],[-102.92354,21.35044],[-102.92281,21.34708],[-102.92049,21.34889],[-102.91906,21.34784],[-102.92001,21.34479],[-102.91677,21.34171],[-102.91787,21.34042],[-102.91707,21.34009],[-102.91723,21.33679],[-102.91684,21.33637],[-102.91693,21.34074],[-102.91604,21.34166],[-102.91727,21.34397],[-102.91442,21.34505]]],[[[-102.92933,21.3495],[-102.92923,21.34904],[-102.92617,21.34749],[-102.92705,21.35025],[-102.92933,21.3495]]],[[[-102.92799,21.3546],[-102.92693,21.35195],[-102.92421,21.35322],[-102.92799,21.3546]]],[[[-102.89022,21.37203],[-102.89223,21.37463],[-102.8922,21.37143],[-102.89534,21.37225],[-102.89859,21.37099],[-102.89511,21.36775],[-102.89401,21.37032],[-102.89119,21.36868],[-102.89022,21.37203]]],[[[-102.88537,21.38327],[-102.88577,21.38887],[-102.88859,21.38656],[-102.89084,21.38173],[-102.88979,21.37786],[-102.88753,21.3795],[-102.88422,21.37953],[-102.88537,21.38327]]],[[[-102.88848,21.39523],[-102.88991,21.39456],[-102.87993,21.38861],[-102.881,21.3869],[-102.87819,21.38586],[-102.87865,21.38125],[-102.87381,21.3801],[-102.87617,21.38548],[-102.87653,21.39494],[-102.87913,21.39752],[-102.8808,21.39436],[-102.88568,21.39669],[-102.88831,21.39531],[-102.88848,21.39523]]],[[[-102.89097,21.39406],[-102.89256,21.39322],[-102.89005,21.39115],[-102.89097,21.39406]]],[[[-102.88034,21.40853],[-102.8826,21.40683],[-102.88085,21.40262],[-102.87869,21.40513],[-102.88034,21.40853]]],[[[-102.79175,21.45185],[-102.79519,21.44973],[-102.79174,21.4491],[-102.78931,21.44545],[-102.78586,21.44661],[-102.79175,21.45185]]],[[[-102.8622,21.50031],[-102.8655,21.49869],[-102.8621,21.49735],[-102.8622,21.50031]]],[[[-102.88705,21.50312],[-102.89252,21.50143],[-102.89086,21.49947],[-102.88705,21.50312]]],[[[-102.8855,21.23774],[-102.88879,21.23786],[-102.88688,21.23566],[-102.8855,21.23774]]],[[[-102.92262,21.23865],[-102.92744,21.23633],[-102.93193,21.23669],[-102.93485,21.23352],[-102.93129,21.233],[-102.93048,21.23516],[-102.92489,21.23552],[-102.92253,21.23173],[-102.91654,21.23419],[-102.91837,21.23756],[-102.92141,21.23648],[-102.92262,21.23865]]],[[[-102.91975,21.21917],[-102.92149,21.21795],[-102.91947,21.21626],[-102.91715,21.21838],[-102.91975,21.21917]]],[[[-102.72725,21.45779],[-102.72843,21.45878],[-102.72985,21.45562],[-102.72591,21.45495],[-102.7251,21.45263],[-102.72061,21.4516],[-102.72018,21.45373],[-102.72762,21.45621],[-102.72725,21.45779]]],[[[-102.70547,21.42167],[-102.70653,21.42336],[-102.70701,21.42708],[-102.70822,21.42567],[-102.70724,21.42234],[-102.70547,21.42167]]],[[[-102.70817,21.41752],[-102.70427,21.41515],[-102.70709,21.41452],[-102.70564,21.41357],[-102.70525,21.40984],[-102.70229,21.41087],[-102.7012,21.41338],[-102.70608,21.41726],[-102.70817,21.41752]]],[[[-102.73736,21.44518],[-102.74049,21.44495],[-102.74036,21.44231],[-102.73736,21.44351],[-102.73736,21.44518]]],[[[-102.72737,21.44438],[-102.72622,21.44173],[-102.72497,21.4439],[-102.72737,21.44438]]],[[[-102.73028,21.44008],[-102.73269,21.44138],[-102.73369,21.43294],[-102.73048,21.43525],[-102.73033,21.43825],[-102.72687,21.44038],[-102.73028,21.44008]]],[[[-102.72716,21.43329],[-102.72662,21.43533],[-102.72929,21.43524],[-102.7302,21.43314],[-102.72716,21.43329]]],[[[-103.12021,21.32174],[-103.11947,21.32549],[-103.12217,21.32721],[-103.12532,21.32712],[-103.12963,21.32928],[-103.12715,21.33171],[-103.13173,21.33424],[-103.13905,21.33489],[-103.13946,21.33472],[-103.13968,21.33074],[-103.14121,21.32848],[-103.14241,21.32713],[-103.14428,21.32712],[-103.14434,21.32709],[-103.14551,21.32634],[-103.14622,21.32209],[-103.15406,21.31114],[-103.15296,21.31071],[-103.14968,21.31499],[-103.1434,21.31629],[-103.13651,21.31409],[-103.13454,21.31635],[-103.13418,21.31241],[-103.13226,21.3123],[-103.1306,21.30668],[-103.12743,21.30636],[-103.12585,21.31027],[-103.12943,21.31153],[-103.1279,21.31264],[-103.12823,21.31895],[-103.12409,21.3161],[-103.12021,21.32174]]],[[[-103.11341,21.31053],[-103.11124,21.31506],[-103.11274,21.31719],[-103.11298,21.3177],[-103.11308,21.3178],[-103.1135,21.3183],[-103.1142,21.31952],[-103.11452,21.32009],[-103.11462,21.32012],[-103.11796,21.31486],[-103.11807,21.31163],[-103.11588,21.30984],[-103.11341,21.31053]]],[[[-103.10996,21.30187],[-103.10988,21.30157],[-103.11332,21.30039],[-103.11131,21.29582],[-103.11495,21.29735],[-103.11984,21.29782],[-103.12008,21.29583],[-103.10996,21.29237],[-103.11546,21.28988],[-103.11566,21.28518],[-103.11291,21.28643],[-103.1074,21.2845],[-103.1071,21.28207],[-103.10466,21.28376],[-103.10982,21.28579],[-103.10646,21.28639],[-103.1025,21.28328],[-103.09499,21.28882],[-103.09671,21.29176],[-103.10135,21.28956],[-103.10065,21.29245],[-103.10448,21.29423],[-103.10512,21.2956],[-103.10477,21.29571],[-103.10294,21.29626],[-103.10438,21.30068],[-103.10726,21.2969],[-103.11021,21.29776],[-103.10961,21.30095],[-103.10885,21.30289],[-103.11094,21.30411],[-103.10996,21.30187]]],[[[-103.08883,21.11481],[-103.08905,21.11429],[-103.08964,21.1128],[-103.0885,21.111],[-103.08849,21.11087],[-103.08839,21.11011],[-103.08696,21.10861],[-103.08888,21.103],[-103.08958,21.09976],[-103.09346,21.09812],[-103.09046,21.091],[-103.08716,21.09141],[-103.08204,21.09367],[-103.07992,21.08917],[-103.08453,21.08731],[-103.086,21.08388],[-103.08179,21.08216],[-103.07808,21.08599],[-103.07694,21.09081],[-103.07939,21.09192],[-103.07609,21.09263],[-103.07622,21.10365],[-103.07672,21.10528],[-103.07603,21.10721],[-103.08149,21.10798],[-103.08284,21.10968],[-103.08049,21.11061],[-103.08424,21.1107],[-103.0845,21.11077],[-103.0853,21.1114],[-103.08621,21.11386],[-103.08622,21.11389],[-103.08661,21.11511],[-103.0883,21.11601],[-103.08883,21.11481]]],[[[-103.09375,21.10103],[-103.0913,21.10402],[-103.09121,21.10706],[-103.09286,21.10753],[-103.09679,21.10765],[-103.09896,21.1022],[-103.09956,21.09823],[-103.10129,21.0961],[-103.10197,21.09837],[-103.10581,21.10251],[-103.10993,21.10185],[-103.11353,21.10417],[-103.1171,21.10261],[-103.11148,21.09852],[-103.11399,21.09839],[-103.11399,21.09627],[-103.11866,21.0956],[-103.11916,21.09928],[-103.12108,21.09642],[-103.12111,21.1003],[-103.12275,21.09628],[-103.12637,21.0933],[-103.13044,21.08796],[-103.13198,21.08717],[-103.13326,21.08978],[-103.1387,21.09238],[-103.1418,21.0901],[-103.14415,21.09248],[-103.1433,21.09448],[-103.1378,21.09531],[-103.13773,21.0983],[-103.14243,21.09865],[-103.14352,21.09655],[-103.1457,21.09822],[-103.14613,21.0958],[-103.1502,21.09401],[-103.15288,21.0911],[-103.15328,21.09442],[-103.15179,21.09808],[-103.14603,21.09924],[-103.1446,21.10391],[-103.14732,21.10388],[-103.14851,21.10088],[-103.15172,21.10192],[-103.15331,21.10179],[-103.15882,21.10654],[-103.15875,21.10743],[-103.16217,21.10704],[-103.16251,21.10487],[-103.16042,21.10192],[-103.16141,21.08959],[-103.15755,21.08787],[-103.15869,21.08689],[-103.15872,21.08382],[-103.15654,21.08438],[-103.15713,21.08096],[-103.15482,21.08227],[-103.15786,21.07566],[-103.16151,21.07368],[-103.16141,21.07201],[-103.16075,21.07174],[-103.15972,21.07078],[-103.15855,21.07071],[-103.15598,21.07065],[-103.15399,21.07396],[-103.1507,21.07568],[-103.1481,21.07555],[-103.1499,21.08052],[-103.15045,21.08529],[-103.14672,21.08267],[-103.14574,21.08386],[-103.14047,21.08231],[-103.14115,21.07981],[-103.13863,21.07933],[-103.13732,21.07655],[-103.13603,21.07865],[-103.13452,21.07386],[-103.13564,21.0723],[-103.13409,21.07135],[-103.13279,21.07371],[-103.13502,21.08078],[-103.13739,21.08127],[-103.13693,21.08427],[-103.13423,21.08482],[-103.13384,21.08298],[-103.13116,21.0841],[-103.13052,21.08088],[-103.12798,21.08204],[-103.13042,21.08324],[-103.12904,21.08672],[-103.12592,21.08846],[-103.11702,21.0891],[-103.11281,21.09311],[-103.1065,21.09548],[-103.10245,21.09408],[-103.09972,21.09486],[-103.09737,21.09827],[-103.09375,21.10103]]],[[[-103.12912,21.10211],[-103.12946,21.10024],[-103.13223,21.10347],[-103.13757,21.10493],[-103.14212,21.10371],[-103.13824,21.10127],[-103.13737,21.09852],[-103.13544,21.09916],[-103.13084,21.09665],[-103.12808,21.10194],[-103.12912,21.10211]]],[[[-103.12132,21.10692],[-103.12503,21.10607],[-103.12222,21.10192],[-103.11992,21.10056],[-103.11752,21.10359],[-103.11451,21.10532],[-103.11063,21.10404],[-103.11016,21.10674],[-103.10632,21.10492],[-103.10596,21.10807],[-103.11252,21.10913],[-103.11443,21.10648],[-103.11921,21.10656],[-103.1199,21.1031],[-103.12202,21.10306],[-103.12132,21.10692]]],[[[-103.12037,21.10971],[-103.12018,21.10739],[-103.11598,21.11204],[-103.12037,21.10971]]],[[[-103.20782,21.33394],[-103.21088,21.33207],[-103.21066,21.32954],[-103.21495,21.33213],[-103.21601,21.32949],[-103.21278,21.32853],[-103.21172,21.32661],[-103.21561,21.32321],[-103.21178,21.32169],[-103.21016,21.32583],[-103.21076,21.31745],[-103.20923,21.31518],[-103.20704,21.31945],[-103.20803,21.32369],[-103.20442,21.32699],[-103.20604,21.32982],[-103.20932,21.33103],[-103.20782,21.33394]]],[[[-103.16301,21.30348],[-103.16166,21.30328],[-103.16084,21.29757],[-103.15948,21.29519],[-103.1564,21.29863],[-103.1553,21.29986],[-103.15499,21.30009],[-103.15267,21.30049],[-103.14832,21.29769],[-103.15237,21.30234],[-103.15246,21.30494],[-103.14873,21.30318],[-103.14896,21.30613],[-103.15356,21.3074],[-103.15408,21.30872],[-103.16288,21.30413],[-103.16301,21.30348]]],[[[-103.13086,21.29078],[-103.13011,21.29047],[-103.12752,21.29103],[-103.126,21.2935],[-103.12793,21.29429],[-103.13008,21.29225],[-103.13398,21.29209],[-103.13145,21.29103],[-103.13086,21.29078]]],[[[-103.11604,21.28861],[-103.11682,21.29],[-103.12062,21.28725],[-103.11594,21.28699],[-103.11604,21.28861]]],[[[-103.17833,21.27893],[-103.18068,21.27977],[-103.18152,21.2806],[-103.18235,21.28143],[-103.18119,21.2854],[-103.18477,21.28049],[-103.18286,21.28021],[-103.18383,21.27665],[-103.17965,21.27583],[-103.17833,21.27893]]],[[[-103.11324,21.28001],[-103.11605,21.27627],[-103.11136,21.27461],[-103.11137,21.27214],[-103.10867,21.27296],[-103.11324,21.28001]]],[[[-103.10976,21.26815],[-103.11376,21.26732],[-103.11225,21.26602],[-103.10976,21.26815]]],[[[-103.09762,21.2692],[-103.09804,21.2682],[-103.09721,21.26552],[-103.09847,21.26053],[-103.09546,21.25752],[-103.0933,21.25848],[-103.0894,21.25722],[-103.09147,21.26207],[-103.09009,21.26496],[-103.09762,21.2692]]],[[[-103.18268,21.24644],[-103.18143,21.24682],[-103.17974,21.24733],[-103.17818,21.25062],[-103.17902,21.25146],[-103.17985,21.25163],[-103.1858,21.25047],[-103.18268,21.24644]]],[[[-103.18616,21.23787],[-103.18318,21.24063],[-103.18311,21.24143],[-103.183,21.24282],[-103.18284,21.2447],[-103.18638,21.24372],[-103.18616,21.23787]]],[[[-103.10646,21.24561],[-103.10913,21.24851],[-103.11073,21.2461],[-103.1082,21.24405],[-103.10646,21.24561]]],[[[-103.19497,21.23237],[-103.19396,21.23284],[-103.1937,21.23632],[-103.19106,21.23589],[-103.1894,21.23813],[-103.19387,21.23834],[-103.19533,21.23323],[-103.20159,21.23373],[-103.20632,21.23492],[-103.20984,21.23731],[-103.21243,21.24319],[-103.2148,21.24257],[-103.21377,21.23853],[-103.21698,21.23831],[-103.21456,21.23642],[-103.21196,21.23803],[-103.21115,21.23656],[-103.21492,21.23285],[-103.21159,21.23405],[-103.20403,21.23212],[-103.20225,21.2303],[-103.19743,21.2305],[-103.20042,21.23266],[-103.19497,21.23237]]],[[[-103.20399,21.24968],[-103.20755,21.24742],[-103.2109,21.24706],[-103.2087,21.24491],[-103.20494,21.24557],[-103.20399,21.24968]]],[[[-103.18953,21.26429],[-103.18995,21.26298],[-103.19335,21.26428],[-103.2006,21.25793],[-103.19552,21.25438],[-103.19667,21.25184],[-103.19372,21.25293],[-103.19234,21.2568],[-103.19299,21.26035],[-103.18758,21.26042],[-103.18801,21.26409],[-103.18953,21.26429]]],[[[-103.17069,21.25781],[-103.17069,21.25812],[-103.17069,21.25895],[-103.17236,21.25978],[-103.17358,21.25978],[-103.17289,21.25717],[-103.17069,21.25781]]],[[[-103.22708,21.27347],[-103.22883,21.27168],[-103.22695,21.27109],[-103.22415,21.26711],[-103.21921,21.26498],[-103.21991,21.267],[-103.22342,21.26709],[-103.22708,21.27347]]],[[[-103.18485,21.2671],[-103.18485,21.26728],[-103.18485,21.26811],[-103.18568,21.26824],[-103.18485,21.2671]]],[[[-103.2218,21.28658],[-103.218,21.28388],[-103.21761,21.28376],[-103.21547,21.28226],[-103.21213,21.27925],[-103.21608,21.28665],[-103.21213,21.28939],[-103.21509,21.29153],[-103.21587,21.28963],[-103.22372,21.28873],[-103.22232,21.28717],[-103.2218,21.28658]]],[[[-103.23948,21.25732],[-103.23941,21.25855],[-103.24416,21.26119],[-103.23948,21.25732]]],[[[-103.11626,21.21506],[-103.11391,21.2156],[-103.113,21.21723],[-103.11409,21.21816],[-103.11785,21.21896],[-103.1199,21.21982],[-103.12212,21.21996],[-103.11626,21.21506]]],[[[-103.21186,21.18818],[-103.21232,21.18818],[-103.21207,21.18788],[-103.21186,21.18818]]],[[[-103.16458,21.18097],[-103.16526,21.18019],[-103.16031,21.17785],[-103.16458,21.18097]]],[[[-103.19111,21.16903],[-103.19151,21.16903],[-103.19217,21.16811],[-103.19111,21.16903]]],[[[-103.18984,21.16998],[-103.19067,21.16986],[-103.19067,21.16968],[-103.18984,21.16998]]],[[[-103.15313,21.16406],[-103.1528,21.16419],[-103.15272,21.16467],[-103.15321,21.16486],[-103.15321,21.16412],[-103.15313,21.16406]]],[[[-103.14518,21.16256],[-103.14456,21.15892],[-103.14539,21.1554],[-103.1442,21.15232],[-103.14531,21.14735],[-103.14275,21.14632],[-103.14107,21.14726],[-103.14397,21.15032],[-103.14299,21.15274],[-103.14005,21.15066],[-103.14185,21.15494],[-103.14342,21.15927],[-103.1424,21.16008],[-103.14346,21.16433],[-103.14518,21.16256]]],[[[-103.09382,21.16036],[-103.09567,21.16322],[-103.09951,21.16006],[-103.09717,21.15617],[-103.09318,21.15843],[-103.09382,21.16036]]],[[[-103.09793,21.15248],[-103.09996,21.15506],[-103.1011,21.15218],[-103.09978,21.14666],[-103.09616,21.14706],[-103.09793,21.15248]]],[[[-103.13178,21.14946],[-103.13218,21.14947],[-103.13284,21.1472],[-103.12981,21.14628],[-103.13071,21.14906],[-103.13178,21.14946]]],[[[-103.18233,21.13655],[-103.18235,21.13655],[-103.18318,21.13572],[-103.18318,21.1353],[-103.18233,21.13655]]],[[[-103.17901,21.13822],[-103.17985,21.13822],[-103.17985,21.13778],[-103.17901,21.13822]]],[[[-103.17792,21.13326],[-103.18021,21.13267],[-103.17865,21.12977],[-103.17792,21.13326]]],[[[-103.17185,21.11685],[-103.16867,21.12119],[-103.16747,21.12519],[-103.17164,21.12691],[-103.1741,21.12172],[-103.17041,21.12123],[-103.17162,21.11942],[-103.17459,21.11974],[-103.17201,21.11674],[-103.17185,21.11685]]],[[[-103.10481,21.11872],[-103.10751,21.11981],[-103.10826,21.11554],[-103.10414,21.11644],[-103.10481,21.11872]]],[[[-103.09542,21.11772],[-103.09654,21.11605],[-103.09242,21.11492],[-103.09542,21.11772]]],[[[-103.08715,21.06724],[-103.08538,21.06902],[-103.08522,21.06919],[-103.08337,21.07153],[-103.07974,21.07229],[-103.08287,21.07264],[-103.08736,21.0709],[-103.08715,21.06724]]],[[[-103.15148,21.06625],[-103.15106,21.06563],[-103.15076,21.06545],[-103.15143,21.06639],[-103.15148,21.06625]]],[[[-103.1205,21.07844],[-103.12025,21.08042],[-103.12286,21.08211],[-103.12667,21.08073],[-103.12128,21.08008],[-103.1205,21.07844]]],[[[-103.10926,21.09284],[-103.11325,21.09241],[-103.11176,21.08957],[-103.10926,21.09284]]],[[[-103.12872,21.06934],[-103.12851,21.07097],[-103.13298,21.06967],[-103.12872,21.06934]]],[[[-103.13304,21.05963],[-103.13239,21.05912],[-103.13166,21.06086],[-103.13304,21.05963]]],[[[-103.13224,21.05828],[-103.13156,21.05828],[-103.13239,21.05912],[-103.13239,21.05864],[-103.13224,21.05828]]],[[[-103.13143,21.05745],[-103.13031,21.05745],[-103.12906,21.05762],[-103.12906,21.05828],[-103.13156,21.05828],[-103.13154,21.05745],[-103.13143,21.05745]]],[[[-103.12739,21.06008],[-103.12739,21.06078],[-103.12823,21.05995],[-103.12812,21.05995],[-103.12739,21.06008]]],[[[-103.12488,21.06162],[-103.12357,21.06162],[-103.12254,21.06245],[-103.12739,21.06162],[-103.12683,21.06162],[-103.12488,21.06162]]],[[[-103.40155,22.19491],[-103.3987,22.19407],[-103.39627,22.19958],[-103.39772,22.20257],[-103.39518,22.20314],[-103.39334,22.20946],[-103.39234,22.20935],[-103.38979,22.21473],[-103.39462,22.21697],[-103.39751,22.21047],[-103.39986,22.21294],[-103.40879,22.21334],[-103.4094,22.21258],[-103.40362,22.21168],[-103.40606,22.21111],[-103.40448,22.20798],[-103.41039,22.2087],[-103.41162,22.20392],[-103.40863,22.20043],[-103.41046,22.19979],[-103.41071,22.19664],[-103.40803,22.19754],[-103.40694,22.19573],[-103.41109,22.19342],[-103.40792,22.19092],[-103.40749,22.19284],[-103.40416,22.19101],[-103.40155,22.19491]]],[[[-103.41116,22.18087],[-103.40465,22.18992],[-103.40796,22.19087],[-103.40904,22.18748],[-103.41307,22.1881],[-103.41396,22.18286],[-103.41027,22.18249],[-103.41116,22.18087]]],[[[-103.59064,22.50717],[-103.5908,22.50717],[-103.59152,22.50703],[-103.59286,22.506],[-103.59332,22.50604],[-103.59401,22.50583],[-103.59246,22.50547],[-103.59064,22.50717]]],[[[-103.57188,22.54438],[-103.57379,22.54442],[-103.56858,22.53782],[-103.56324,22.5389],[-103.56466,22.54227],[-103.56806,22.54271],[-103.56627,22.54021],[-103.56988,22.54071],[-103.56975,22.54419],[-103.57188,22.54438]]],[[[-103.43923,22.34595],[-103.43999,22.34815],[-103.44293,22.34596],[-103.44193,22.34472],[-103.4378,22.34458],[-103.43923,22.34595]]],[[[-103.4587,22.34496],[-103.45954,22.34347],[-103.45859,22.33678],[-103.45615,22.33863],[-103.45806,22.34098],[-103.45585,22.34129],[-103.45671,22.34467],[-103.4587,22.34496]]],[[[-103.43912,22.32276],[-103.4402,22.32599],[-103.44197,22.32324],[-103.43998,22.31994],[-103.44076,22.31682],[-103.43591,22.31926],[-103.43742,22.32299],[-103.43912,22.32276]]],[[[-103.41878,22.31817],[-103.41919,22.31968],[-103.42524,22.3171],[-103.42384,22.31301],[-103.41978,22.3148],[-103.41878,22.31817]]],[[[-103.44951,22.30896],[-103.45048,22.30732],[-103.44651,22.3043],[-103.44609,22.30697],[-103.44951,22.30896]]],[[[-103.49279,22.30609],[-103.49589,22.30374],[-103.49174,22.30231],[-103.49279,22.30609]]],[[[-103.4448,22.30316],[-103.44926,22.30362],[-103.44786,22.30086],[-103.44849,22.29495],[-103.44507,22.29959],[-103.4448,22.30316]]],[[[-103.50126,22.29205],[-103.50648,22.29333],[-103.50696,22.28995],[-103.50126,22.29205]]],[[[-103.50261,22.29035],[-103.50834,22.28833],[-103.50929,22.28606],[-103.51311,22.28648],[-103.51316,22.28469],[-103.50477,22.28422],[-103.50261,22.29035]]],[[[-103.46142,22.26185],[-103.46179,22.26418],[-103.46439,22.26209],[-103.46283,22.25652],[-103.46094,22.25725],[-103.46142,22.26185]]],[[[-103.43418,22.25844],[-103.43552,22.2601],[-103.43726,22.25719],[-103.44081,22.26003],[-103.44258,22.25829],[-103.44651,22.25971],[-103.44395,22.25639],[-103.44415,22.25383],[-103.43851,22.25216],[-103.43597,22.2531],[-103.43418,22.25844]]],[[[-103.46884,22.24177],[-103.4766,22.24445],[-103.47656,22.24169],[-103.47315,22.23992],[-103.47413,22.23808],[-103.47157,22.23721],[-103.46884,22.24177]]],[[[-103.43397,22.23965],[-103.43536,22.23947],[-103.43134,22.2338],[-103.42925,22.23485],[-103.43023,22.23928],[-103.43333,22.23774],[-103.43397,22.23965]]],[[[-103.38522,22.23371],[-103.38786,22.23618],[-103.39281,22.23151],[-103.38894,22.22903],[-103.38542,22.22813],[-103.38351,22.23052],[-103.38687,22.23148],[-103.38522,22.23371]]],[[[-103.38929,22.22848],[-103.39277,22.22913],[-103.38944,22.22707],[-103.38929,22.22848]]],[[[-103.48126,22.23136],[-103.48197,22.22808],[-103.47721,22.23082],[-103.47684,22.23303],[-103.47514,22.22962],[-103.47393,22.23233],[-103.47436,22.23564],[-103.47789,22.23672],[-103.47915,22.2357],[-103.48126,22.23136]]],[[[-103.51868,22.23904],[-103.52179,22.23893],[-103.52303,22.23602],[-103.5265,22.2366],[-103.52659,22.23516],[-103.52147,22.23339],[-103.52057,22.23523],[-103.51554,22.23498],[-103.51412,22.2326],[-103.51328,22.23486],[-103.51768,22.23634],[-103.51868,22.23904]]],[[[-103.4534,22.2517],[-103.45752,22.24942],[-103.45561,22.24496],[-103.45104,22.24703],[-103.45136,22.25142],[-103.4534,22.2517]]],[[[-103.40881,22.23044],[-103.40858,22.22783],[-103.40682,22.22969],[-103.40881,22.23044]]],[[[-103.51257,22.23222],[-103.5141,22.23103],[-103.51881,22.23154],[-103.52057,22.22959],[-103.51379,22.22797],[-103.51257,22.23222]]],[[[-103.50707,22.23107],[-103.50949,22.23173],[-103.511,22.22986],[-103.50863,22.22917],[-103.50707,22.23107]]],[[[-103.52471,22.26494],[-103.52477,22.26636],[-103.52861,22.26605],[-103.52471,22.26494]]],[[[-103.51576,22.28884],[-103.51856,22.28863],[-103.51696,22.28669],[-103.51576,22.28884]]],[[[-103.49886,22.30883],[-103.49517,22.30963],[-103.49687,22.31105],[-103.49886,22.30883]]],[[[-103.49886,22.30883],[-103.50358,22.30808],[-103.50415,22.30607],[-103.50152,22.30539],[-103.49886,22.30883]]],[[[-103.45979,22.311],[-103.45955,22.31278],[-103.46263,22.31407],[-103.46068,22.30767],[-103.45871,22.30692],[-103.45979,22.311]]],[[[-103.46948,22.31587],[-103.4697,22.31928],[-103.47137,22.31862],[-103.47128,22.31568],[-103.46948,22.31587]]],[[[-103.44659,22.3207],[-103.44908,22.32193],[-103.45382,22.3193],[-103.45145,22.31716],[-103.44659,22.3207]]],[[[-103.46451,22.31544],[-103.46405,22.31766],[-103.46763,22.31639],[-103.46743,22.31418],[-103.46451,22.31544]]],[[[-103.4296,22.31562],[-103.43438,22.31313],[-103.43804,22.31246],[-103.43448,22.31158],[-103.43337,22.30968],[-103.42807,22.31358],[-103.4296,22.31562]]],[[[-103.45169,22.30983],[-103.45232,22.31128],[-103.45496,22.30943],[-103.45169,22.30983]]],[[[-103.45632,22.30887],[-103.45665,22.31056],[-103.45426,22.31342],[-103.45644,22.31515],[-103.45767,22.30953],[-103.45632,22.30887]]],[[[-103.52614,22.22569],[-103.52847,22.22347],[-103.52656,22.22307],[-103.52614,22.22569]]],[[[-103.41068,22.21106],[-103.41045,22.2137],[-103.41579,22.21436],[-103.4168,22.20874],[-103.41354,22.2065],[-103.41068,22.21106]]],[[[-103.4536,22.21083],[-103.45826,22.21065],[-103.45942,22.20874],[-103.46393,22.20838],[-103.46433,22.20689],[-103.45652,22.20708],[-103.45645,22.21057],[-103.4536,22.20898],[-103.4536,22.21083]]],[[[-103.46471,22.20989],[-103.46053,22.21022],[-103.4605,22.2119],[-103.45359,22.2123],[-103.45331,22.21548],[-103.46481,22.21458],[-103.46649,22.20982],[-103.46471,22.20989]]],[[[-103.41652,22.20229],[-103.41841,22.19984],[-103.41626,22.19935],[-103.41652,22.20229]]],[[[-103.41729,22.18364],[-103.41853,22.18534],[-103.42007,22.18335],[-103.41729,22.18364]]],[[[-103.62706,22.17006],[-103.62659,22.17081],[-103.62638,22.17115],[-103.62978,22.17252],[-103.63137,22.1683],[-103.62744,22.16776],[-103.62706,22.17006]]],[[[-103.63327,22.16034],[-103.63634,22.15901],[-103.63451,22.15799],[-103.63327,22.16034]]],[[[-103.62815,22.1329],[-103.63253,22.12901],[-103.62803,22.1292],[-103.62815,22.1329]]],[[[-103.6405,22.1331],[-103.63876,22.12962],[-103.63745,22.13239],[-103.6405,22.1331]]],[[[-103.62274,22.11538],[-103.62563,22.11519],[-103.62597,22.11343],[-103.62322,22.11296],[-103.62274,22.11538]]],[[[-103.34185,21.92021],[-103.34347,21.91693],[-103.34082,21.91959],[-103.34185,21.92021]]],[[[-103.34173,21.92284],[-103.3417,21.92265],[-103.33993,21.92131],[-103.33545,21.9215],[-103.33669,21.9247],[-103.33864,21.92266],[-103.34173,21.92284]]],[[[-103.32932,21.94089],[-103.32806,21.94172],[-103.32873,21.94263],[-103.32877,21.9427],[-103.32894,21.94293],[-103.33181,21.94385],[-103.33236,21.94292],[-103.33167,21.9403],[-103.32932,21.94089]]],[[[-103.32688,21.94064],[-103.32723,21.94088],[-103.32738,21.93985],[-103.32688,21.94064]]],[[[-103.27057,21.96253],[-103.27061,21.96253],[-103.27061,21.96249],[-103.27057,21.96253]]],[[[-103.26688,21.9642],[-103.26728,21.9642],[-103.2691,21.96336],[-103.26939,21.96336],[-103.26978,21.96336],[-103.26995,21.96253],[-103.26905,21.96092],[-103.26485,21.96048],[-103.26688,21.9642]]],[[[-103.21852,21.96762],[-103.21973,21.96806],[-103.22364,21.96801],[-103.2238,21.97063],[-103.22387,21.97083],[-103.22778,21.97175],[-103.22801,21.96904],[-103.23029,21.96824],[-103.23123,21.96129],[-103.22917,21.95574],[-103.23222,21.95542],[-103.23392,21.952],[-103.22933,21.95308],[-103.23297,21.95059],[-103.23127,21.9496],[-103.2282,21.95151],[-103.22678,21.95959],[-103.22408,21.95895],[-103.22354,21.96066],[-103.22622,21.96182],[-103.23028,21.96158],[-103.22927,21.96341],[-103.22281,21.96323],[-103.21914,21.96441],[-103.21852,21.96762]]],[[[-103.22183,21.95812],[-103.21956,21.95985],[-103.22246,21.96052],[-103.22183,21.95812]]],[[[-103.2489,21.94873],[-103.2517,21.95031],[-103.25308,21.94811],[-103.2489,21.94873]]],[[[-103.23286,21.94746],[-103.23508,21.94413],[-103.23883,21.94415],[-103.23145,21.94103],[-103.23117,21.94683],[-103.23286,21.94746]]],[[[-103.22991,21.94306],[-103.23237,21.93716],[-103.23798,21.93863],[-103.23764,21.93696],[-103.24144,21.93779],[-103.2413,21.93969],[-103.24647,21.93853],[-103.24795,21.93989],[-103.24936,21.93725],[-103.24288,21.93707],[-103.24267,21.936],[-103.23795,21.9356],[-103.23822,21.93428],[-103.23487,21.93227],[-103.22526,21.93291],[-103.22561,21.93643],[-103.22816,21.93751],[-103.22625,21.94062],[-103.22991,21.94306]]],[[[-103.29682,21.93755],[-103.29725,21.93755],[-103.29808,21.93672],[-103.29808,21.93663],[-103.29682,21.93755]]],[[[-103.29641,21.94045],[-103.29559,21.93922],[-103.29642,21.93838],[-103.29675,21.93755],[-103.29452,21.937],[-103.2935,21.93993],[-103.29179,21.93913],[-103.28865,21.94278],[-103.28931,21.94698],[-103.29178,21.94759],[-103.29331,21.94502],[-103.29182,21.94353],[-103.29356,21.94008],[-103.29641,21.94045]]],[[[-103.2883,21.95337],[-103.28893,21.95337],[-103.28976,21.95254],[-103.29059,21.95171],[-103.29141,21.95087],[-103.28846,21.94971],[-103.28474,21.95042],[-103.28876,21.9515],[-103.2883,21.95337]]],[[[-103.28452,21.95587],[-103.28476,21.95587],[-103.28476,21.95575],[-103.28452,21.95587]]],[[[-103.27911,21.95587],[-103.28231,21.95587],[-103.28319,21.95343],[-103.28602,21.95361],[-103.28654,21.9517],[-103.28272,21.95062],[-103.28253,21.9483],[-103.27523,21.94888],[-103.27191,21.95],[-103.2734,21.95329],[-103.27673,21.95456],[-103.27606,21.95754],[-103.27644,21.95754],[-103.27893,21.9567],[-103.27893,21.95612],[-103.27911,21.95587]]],[[[-103.24553,21.95951],[-103.24923,21.95979],[-103.24996,21.95446],[-103.24595,21.9553],[-103.24553,21.95951]]],[[[-103.26162,21.94826],[-103.26032,21.94641],[-103.25665,21.94632],[-103.25667,21.94767],[-103.26162,21.94826]]],[[[-103.24468,21.94673],[-103.24626,21.94545],[-103.23952,21.94469],[-103.24468,21.94673]]],[[[-103.25589,21.93584],[-103.25426,21.93767],[-103.25802,21.93824],[-103.25589,21.93584]]],[[[-103.25691,21.92804],[-103.25511,21.92986],[-103.25754,21.9313],[-103.25691,21.92804]]],[[[-103.31807,21.92104],[-103.31807,21.92173],[-103.31782,21.92373],[-103.31766,21.92421],[-103.31693,21.92567],[-103.31892,21.92358],[-103.31807,21.92104]]],[[[-103.31779,21.92021],[-103.31724,21.9209],[-103.3178,21.9209],[-103.31779,21.92021]]],[[[-103.3074,21.92506],[-103.30974,21.92506],[-103.30974,21.92464],[-103.3074,21.92506]]],[[[-103.30247,21.90994],[-103.30243,21.90957],[-103.3024,21.90933],[-103.30233,21.90875],[-103.30226,21.90812],[-103.30216,21.90724],[-103.3,21.90612],[-103.29876,21.90776],[-103.30252,21.91046],[-103.30248,21.91009],[-103.30247,21.90994]]],[[[-103.32485,21.92389],[-103.32847,21.92414],[-103.329,21.92237],[-103.3332,21.92074],[-103.32646,21.92189],[-103.32485,21.92389]]],[[[-103.33106,21.91403],[-103.33056,21.91646],[-103.3328,21.91559],[-103.33106,21.91403]]],[[[-103.35824,21.90516],[-103.35977,21.90531],[-103.36103,21.90035],[-103.35824,21.90516]]],[[[-103.2311,21.92413],[-103.23674,21.92637],[-103.23726,21.92368],[-103.23312,21.92233],[-103.2311,21.92413]]],[[[-103.27018,21.92062],[-103.26732,21.92363],[-103.27013,21.9233],[-103.27233,21.92037],[-103.27018,21.92062]]],[[[-103.27044,21.2899],[-103.26969,21.29068],[-103.26911,21.29128],[-103.27025,21.29287],[-103.2681,21.29369],[-103.26824,21.29216],[-103.26696,21.29339],[-103.26656,21.29597],[-103.26757,21.29746],[-103.27427,21.29049],[-103.27125,21.28926],[-103.27044,21.2899]]],[[[-103.3304,21.27889],[-103.33376,21.28278],[-103.33328,21.28063],[-103.3304,21.27889]]],[[[-103.31172,21.28723],[-103.31461,21.28702],[-103.3149,21.28374],[-103.31172,21.28723]]],[[[-103.31612,21.26897],[-103.31537,21.26682],[-103.31578,21.26522],[-103.31399,21.26277],[-103.31155,21.26492],[-103.31449,21.26949],[-103.31484,21.27264],[-103.31666,21.2705],[-103.31612,21.26897]]],[[[-103.32365,21.26135],[-103.32539,21.25851],[-103.32256,21.25746],[-103.32418,21.25387],[-103.31935,21.25747],[-103.32241,21.25839],[-103.32365,21.26135]]],[[[-103.31625,21.25482],[-103.31411,21.25697],[-103.31658,21.25719],[-103.31877,21.25326],[-103.31625,21.25482]]],[[[-103.23709,21.23242],[-103.23651,21.23492],[-103.24425,21.23349],[-103.23918,21.23027],[-103.23709,21.23242]]],[[[-103.34961,21.21278],[-103.35111,21.21006],[-103.34787,21.20938],[-103.34961,21.21278]]],[[[-103.36573,21.20738],[-103.36614,21.20839],[-103.36684,21.21008],[-103.36731,21.21123],[-103.37002,21.20961],[-103.36896,21.20634],[-103.37124,21.2055],[-103.37537,21.20617],[-103.37602,21.2081],[-103.37892,21.20656],[-103.37804,21.20575],[-103.37773,21.20546],[-103.37746,21.20472],[-103.37692,21.20365],[-103.37039,21.20157],[-103.37296,21.19933],[-103.37052,21.199],[-103.3663,21.20419],[-103.36841,21.20286],[-103.36573,21.20738]]],[[[-103.37204,21.18778],[-103.36785,21.18644],[-103.36771,21.18632],[-103.36804,21.18374],[-103.36599,21.18433],[-103.36246,21.1886],[-103.36213,21.18678],[-103.3592,21.18613],[-103.35954,21.18083],[-103.35547,21.18168],[-103.35562,21.18433],[-103.35886,21.18569],[-103.35385,21.18712],[-103.35856,21.19113],[-103.36361,21.19165],[-103.36296,21.19635],[-103.36758,21.19356],[-103.37359,21.19175],[-103.37331,21.18826],[-103.37204,21.18778]]],[[[-103.35418,21.20215],[-103.35631,21.19998],[-103.35539,21.19358],[-103.35229,21.19559],[-103.3521,21.20102],[-103.35418,21.20215]]],[[[-103.34431,21.20647],[-103.34629,21.20516],[-103.34361,21.20356],[-103.33886,21.20285],[-103.3373,21.20557],[-103.34431,21.20647]]],[[[-103.34731,21.18418],[-103.3508,21.18287],[-103.35138,21.18036],[-103.34443,21.1798],[-103.34421,21.18179],[-103.34842,21.18094],[-103.34605,21.18314],[-103.34731,21.18418]]],[[[-103.36337,21.18111],[-103.36671,21.18354],[-103.36518,21.1799],[-103.36855,21.17886],[-103.36107,21.17751],[-103.3599,21.17532],[-103.35762,21.17707],[-103.35322,21.17756],[-103.35582,21.17993],[-103.35842,21.17743],[-103.3601,21.17968],[-103.36337,21.18111]]],[[[-103.37235,21.15071],[-103.37302,21.15071],[-103.37242,21.14988],[-103.37235,21.15071]]],[[[-103.34908,21.15968],[-103.35165,21.1592],[-103.35443,21.16136],[-103.35911,21.16136],[-103.36249,21.15989],[-103.35967,21.15683],[-103.36243,21.1546],[-103.36801,21.15787],[-103.37086,21.15433],[-103.37035,21.15311],[-103.36802,21.1518],[-103.3645,21.15291],[-103.35731,21.15327],[-103.34828,21.15071],[-103.34204,21.1551],[-103.33727,21.15471],[-103.3371,21.15637],[-103.34157,21.15719],[-103.34451,21.15601],[-103.3507,21.15636],[-103.34908,21.15968]]],[[[-103.36462,21.17406],[-103.36432,21.17403],[-103.36626,21.17694],[-103.37021,21.17503],[-103.36863,21.17466],[-103.36462,21.17406]]],[[[-103.34943,21.17125],[-103.34848,21.17075],[-103.34439,21.16958],[-103.34351,21.17096],[-103.34943,21.17125]]],[[[-103.34802,21.14748],[-103.3507,21.14873],[-103.35412,21.148],[-103.35519,21.14627],[-103.34993,21.14741],[-103.34379,21.14472],[-103.34467,21.14699],[-103.34802,21.14748]]],[[[-103.35061,21.1843],[-103.35337,21.18413],[-103.35462,21.18153],[-103.35061,21.1843]]],[[[-103.12318,21.43741],[-103.12288,21.43919],[-103.12601,21.43898],[-103.12318,21.43741]]],[[[-103.12177,21.43083],[-103.12157,21.43214],[-103.1224,21.43297],[-103.1224,21.43495],[-103.12411,21.43547],[-103.12177,21.43083]]],[[[-103.12546,21.4056],[-103.1226,21.40694],[-103.12358,21.40716],[-103.12406,21.40799],[-103.12485,21.40799],[-103.12546,21.4056]]],[[[-103.09705,21.43076],[-103.09624,21.42952],[-103.09283,21.43222],[-103.09091,21.42887],[-103.09072,21.42596],[-103.0894,21.42596],[-103.08495,21.42646],[-103.09115,21.42944],[-103.09126,21.43117],[-103.09246,21.43243],[-103.09402,21.43435],[-103.09583,21.43581],[-103.09575,21.43464],[-103.09575,21.43431],[-103.09575,21.434],[-103.09705,21.43076]]],[[[-103.09509,21.42432],[-103.09377,21.42482],[-103.09347,21.42493],[-103.09095,21.42588],[-103.0938,21.42625],[-103.09509,21.42432]]],[[[-103.05946,21.42447],[-103.05913,21.4247],[-103.05761,21.42499],[-103.0573,21.42512],[-103.05612,21.42438],[-103.05485,21.42667],[-103.05609,21.42591],[-103.05651,21.42559],[-103.06028,21.42462],[-103.05946,21.42447]]],[[[-103.03171,21.41847],[-103.03199,21.41889],[-103.03414,21.41811],[-103.03557,21.41406],[-103.03171,21.41847]]],[[[-103.02896,21.4162],[-103.0292,21.41678],[-103.03131,21.41544],[-103.02875,21.41457],[-103.02804,21.41158],[-103.02673,21.41328],[-103.02896,21.4162]]],[[[-103.13997,21.44995],[-103.14238,21.44836],[-103.14087,21.44447],[-103.13835,21.44711],[-103.13997,21.44995]]],[[[-103.13052,21.43599],[-103.13504,21.43605],[-103.1346,21.43488],[-103.13052,21.43599]]],[[[-103.13398,21.43007],[-103.13589,21.42816],[-103.13254,21.42776],[-103.13398,21.43007]]],[[[-103.14041,21.42563],[-103.13916,21.41959],[-103.13653,21.42032],[-103.14041,21.42563]]],[[[-103.13429,21.41811],[-103.13152,21.41997],[-103.13312,21.42143],[-103.13598,21.41972],[-103.13429,21.41811]]],[[[-103.13607,21.41465],[-103.13655,21.41549],[-103.13615,21.41685],[-103.13854,21.41375],[-103.13607,21.41465]]],[[[-103.13099,21.39843],[-103.12912,21.40314],[-103.12944,21.40536],[-103.12593,21.40608],[-103.12725,21.40799],[-103.12739,21.40805],[-103.12814,21.40883],[-103.12906,21.40942],[-103.12951,21.40966],[-103.12989,21.40995],[-103.1343,21.41382],[-103.1347,21.41382],[-103.13795,21.41294],[-103.1392,21.41367],[-103.14022,21.41618],[-103.14419,21.41704],[-103.13934,21.41049],[-103.13486,21.4089],[-103.13753,21.40665],[-103.13326,21.40477],[-103.13487,21.40277],[-103.13099,21.39843]]],[[[-103.13359,21.39551],[-103.13257,21.39665],[-103.13733,21.39899],[-103.13359,21.39551]]],[[[-103.1594,21.39727],[-103.155,21.39376],[-103.14895,21.39395],[-103.15209,21.39742],[-103.1594,21.39727]]],[[[-103.14883,21.40895],[-103.15182,21.40795],[-103.14542,21.40703],[-103.13951,21.40533],[-103.14438,21.40909],[-103.14883,21.40895]]],[[[-103.15037,21.42386],[-103.15242,21.42272],[-103.1429,21.42157],[-103.14492,21.42418],[-103.15037,21.42386]]],[[[-103.14716,21.33222],[-103.14821,21.33222],[-103.14816,21.332],[-103.14716,21.33222]]],[[[-103.14393,21.33306],[-103.14405,21.33306],[-103.14405,21.33297],[-103.14393,21.33306]]],[[[-103.13624,21.33972],[-103.13655,21.33972],[-103.13727,21.33888],[-103.13624,21.33972]]],[[[-103.13478,21.34492],[-103.13464,21.3429],[-103.13462,21.3427],[-103.13441,21.34209],[-103.13106,21.33975],[-103.12865,21.33644],[-103.12667,21.33788],[-103.13214,21.34158],[-103.13478,21.34492]]],[[[-103.12739,21.34424],[-103.12739,21.34471],[-103.12823,21.34555],[-103.13072,21.34638],[-103.13224,21.34638],[-103.12739,21.34424]]],[[[-103.12406,21.34147],[-103.12406,21.34221],[-103.1249,21.34305],[-103.12573,21.34388],[-103.12656,21.34388],[-103.12673,21.34388],[-103.12406,21.34147]]],[[[-103.1224,21.34089],[-103.1224,21.34138],[-103.12381,21.34138],[-103.1224,21.34089]]],[[[-103.1199,21.33969],[-103.1199,21.33972],[-103.12029,21.33972],[-103.1199,21.33969]]],[[[-103.11574,21.33782],[-103.11574,21.33805],[-103.11576,21.33805],[-103.11574,21.33782]]],[[[-103.11324,21.33594],[-103.11324,21.33639],[-103.11407,21.33722],[-103.11561,21.33722],[-103.11324,21.33594]]],[[[-103.10932,21.33972],[-103.11074,21.33972],[-103.11047,21.33916],[-103.10932,21.33972]]],[[[-103.09189,21.33233],[-103.09183,21.33505],[-103.09358,21.33773],[-103.09181,21.33807],[-103.09139,21.33883],[-103.09291,21.34397],[-103.09003,21.34279],[-103.08995,21.34333],[-103.08968,21.34507],[-103.08932,21.34627],[-103.08796,21.34801],[-103.0875,21.3486],[-103.08739,21.34874],[-103.08703,21.3492],[-103.08698,21.34928],[-103.08707,21.3505],[-103.08974,21.34926],[-103.09764,21.34971],[-103.09851,21.34971],[-103.09957,21.3478],[-103.10573,21.34971],[-103.10741,21.34983],[-103.10917,21.35054],[-103.11198,21.35054],[-103.11253,21.35137],[-103.11517,21.35137],[-103.11891,21.35072],[-103.12167,21.35183],[-103.12703,21.35093],[-103.12683,21.35023],[-103.12226,21.34879],[-103.11997,21.3494],[-103.1149,21.34626],[-103.11529,21.34288],[-103.111,21.34393],[-103.11065,21.34254],[-103.10741,21.34138],[-103.10741,21.34137],[-103.10512,21.34089],[-103.10317,21.34267],[-103.09761,21.34139],[-103.09549,21.34181],[-103.09342,21.33925],[-103.09403,21.33604],[-103.10029,21.33111],[-103.09834,21.32716],[-103.09781,21.33135],[-103.0956,21.32936],[-103.09189,21.33233]]],[[[-103.11574,21.35185],[-103.11574,21.35221],[-103.11585,21.35221],[-103.11574,21.35185]]],[[[-103.12267,21.34637],[-103.12149,21.34534],[-103.11838,21.346],[-103.1198,21.34872],[-103.12231,21.34868],[-103.12267,21.34637]]],[[[-103.10096,21.40293],[-103.09711,21.40422],[-103.10024,21.40505],[-103.10096,21.40293]]],[[[-103.1149,21.40167],[-103.11535,21.40133],[-103.11222,21.3985],[-103.10997,21.401],[-103.10489,21.40013],[-103.10322,21.40167],[-103.11254,21.4024],[-103.1149,21.40167]]],[[[-103.10688,21.38861],[-103.11111,21.39458],[-103.10847,21.39647],[-103.11457,21.39288],[-103.11007,21.39197],[-103.11102,21.38781],[-103.10914,21.39063],[-103.10688,21.38861]]],[[[-103.11089,21.37883],[-103.10865,21.38077],[-103.10716,21.38787],[-103.10972,21.38681],[-103.11141,21.38193],[-103.11089,21.37883]]],[[[-103.11831,21.36987],[-103.1133,21.37653],[-103.11501,21.37608],[-103.11831,21.36987]]],[[[-103.1199,21.38878],[-103.12053,21.38801],[-103.11907,21.38463],[-103.11907,21.3836],[-103.11505,21.38521],[-103.11887,21.38702],[-103.1199,21.38878]]],[[[-103.17627,21.37787],[-103.17839,21.37758],[-103.17635,21.37474],[-103.17518,21.36915],[-103.17279,21.36938],[-103.17267,21.37173],[-103.17512,21.37254],[-103.17342,21.37697],[-103.17627,21.37787]]],[[[-103.18921,21.37197],[-103.19055,21.37198],[-103.18942,21.36701],[-103.18648,21.36648],[-103.18921,21.37197]]],[[[-103.18601,21.37708],[-103.18786,21.37621],[-103.18793,21.37306],[-103.18551,21.37129],[-103.18137,21.37153],[-103.1826,21.37583],[-103.18601,21.37708]]],[[[-103.11688,21.39883],[-103.1174,21.39883],[-103.1174,21.3946],[-103.11583,21.3968],[-103.11688,21.39883]]],[[[-103.09501,21.41782],[-103.09384,21.41706],[-103.09332,21.41718],[-103.09197,21.41748],[-103.09501,21.41782]]],[[[-103.08619,21.40207],[-103.08243,21.40383],[-103.083,21.40447],[-103.08619,21.40207]]],[[[-103.07171,21.40741],[-103.07092,21.4065],[-103.06738,21.40875],[-103.07171,21.40741]]],[[[-103.02095,21.40228],[-103.01901,21.40415],[-103.02119,21.40525],[-103.02095,21.40228]]],[[[-103.01826,21.39993],[-103.01655,21.40311],[-103.01893,21.40373],[-103.01826,21.39993]]],[[[-103.03001,21.39696],[-103.02468,21.39562],[-103.02395,21.39588],[-103.02646,21.39735],[-103.02577,21.40008],[-103.03162,21.40096],[-103.03238,21.39815],[-103.03001,21.39696]]],[[[-103.00224,21.39287],[-103.00331,21.3956],[-103.00697,21.39006],[-103.00989,21.38789],[-103.00382,21.39033],[-103.00224,21.39287]]],[[[-102.99849,21.38607],[-103.00392,21.38538],[-103.00143,21.38409],[-102.99849,21.38607]]],[[[-103.03418,21.3803],[-103.0347,21.38025],[-103.03625,21.37899],[-103.0333,21.37712],[-103.03336,21.37758],[-103.03338,21.37779],[-103.03342,21.37804],[-103.03349,21.37857],[-103.03362,21.3796],[-103.03418,21.3803]]],[[[-103.03047,21.37123],[-103.03032,21.37308],[-103.03292,21.37424],[-103.03325,21.37675],[-103.03746,21.37544],[-103.03412,21.37222],[-103.03047,21.37123]]],[[[-103.05111,21.38135],[-103.05297,21.37992],[-103.04922,21.37741],[-103.04923,21.38002],[-103.05111,21.38135]]],[[[-103.07327,21.39733],[-103.0741,21.39717],[-103.07382,21.39623],[-103.07327,21.39733]]],[[[-103.09105,21.31836],[-103.09225,21.32108],[-103.09353,21.32219],[-103.09722,21.31944],[-103.09105,21.31836]]],[[[-103.18691,21.34425],[-103.18837,21.34799],[-103.1952,21.34748],[-103.19682,21.34484],[-103.19643,21.34178],[-103.19867,21.33876],[-103.20118,21.33995],[-103.19828,21.33798],[-103.19703,21.33739],[-103.19482,21.33551],[-103.18969,21.33811],[-103.19059,21.34066],[-103.1928,21.34031],[-103.19412,21.34566],[-103.1865,21.34301],[-103.18621,21.34391],[-103.18691,21.34425]]],[[[-103.24507,21.34925],[-103.24661,21.34704],[-103.24321,21.34669],[-103.24507,21.34925]]],[[[-103.05606,22.53601],[-103.05669,22.53642],[-103.06284,22.5257],[-103.05603,22.52448],[-103.05843,22.51835],[-103.05799,22.51429],[-103.05634,22.51161],[-103.05141,22.51559],[-103.05035,22.52001],[-103.05117,22.5213],[-103.04893,22.52246],[-103.05433,22.52564],[-103.05119,22.53081],[-103.0543,22.53466],[-103.05606,22.53601]],[[-103.05317,22.53246],[-103.05419,22.52871],[-103.05687,22.52982],[-103.05665,22.53175],[-103.05317,22.53246]]],[[[-103.04674,22.51603],[-103.04809,22.51866],[-103.0447,22.5203],[-103.04959,22.52094],[-103.05032,22.51545],[-103.04674,22.51603]]],[[[-103.07084,22.56077],[-103.07464,22.55713],[-103.07185,22.55758],[-103.07084,22.56077]]],[[[-103.06799,22.55909],[-103.06867,22.56015],[-103.07141,22.55558],[-103.06799,22.55909]]],[[[-103.01331,21.72948],[-103.01328,21.7292],[-103.01325,21.72892],[-103.01312,21.72874],[-103.0127,21.72831],[-103.01264,21.72828],[-103.00806,21.71958],[-103.00592,21.71799],[-103.00795,21.71188],[-103.01061,21.71245],[-103.00899,21.70917],[-103.00613,21.70864],[-103.00541,21.70891],[-103.0044,21.70813],[-103.00314,21.70681],[-102.99762,21.70778],[-102.99857,21.70983],[-102.9981,21.71158],[-103.00222,21.71105],[-103.00057,21.71543],[-103.00054,21.71591],[-103.00143,21.71611],[-103.005,21.71777],[-103.00622,21.71915],[-103.00572,21.72056],[-103.00815,21.72401],[-103.0075,21.72579],[-103.01266,21.72931],[-103.01802,21.73568],[-103.01497,21.7312],[-103.01587,21.72904],[-103.01331,21.72948]]],[[[-102.99291,21.71507],[-102.9922,21.7151],[-102.98827,21.71577],[-102.98335,21.71702],[-102.98372,21.71832],[-102.99063,21.72018],[-102.99585,21.71983],[-102.99542,21.72152],[-102.99848,21.72194],[-103.001,21.71898],[-103.00054,21.71591],[-102.99568,21.7152],[-102.99797,21.7153],[-102.9996,21.7151],[-102.9977,21.71229],[-102.99823,21.71052],[-102.99401,21.70997],[-102.99633,21.71239],[-102.99539,21.71395],[-102.99208,21.71285],[-102.99291,21.71507]]],[[[-102.97225,21.71781],[-102.97405,21.71806],[-102.97811,21.71886],[-102.9784,21.71742],[-102.98618,21.71612],[-102.98161,21.71362],[-102.98243,21.70944],[-102.98111,21.70924],[-102.97391,21.70352],[-102.9739,21.71009],[-102.97859,21.71363],[-102.97548,21.71599],[-102.97222,21.71542],[-102.97225,21.71781]]],[[[-102.9641,21.71438],[-102.9669,21.71707],[-102.97169,21.71773],[-102.97187,21.71245],[-102.96652,21.71128],[-102.96313,21.71283],[-102.9641,21.71438]]],[[[-102.95999,21.70822],[-102.96279,21.71312],[-102.96102,21.70788],[-102.95999,21.70822]]],[[[-102.94803,21.70932],[-102.94709,21.71492],[-102.94488,21.71731],[-102.94844,21.71666],[-102.94855,21.71499],[-102.95028,21.71303],[-102.94803,21.70932]]],[[[-102.8692,21.72515],[-102.86872,21.72532],[-102.86833,21.7254],[-102.86985,21.7276],[-102.86486,21.72833],[-102.86168,21.72841],[-102.86133,21.72856],[-102.86074,21.72866],[-102.85949,21.72842],[-102.85853,21.72733],[-102.85676,21.72228],[-102.85399,21.72587],[-102.85266,21.72836],[-102.84862,21.73206],[-102.84854,21.72918],[-102.85099,21.72889],[-102.85333,21.72578],[-102.85241,21.72567],[-102.84981,21.72394],[-102.84722,21.71992],[-102.84757,21.71982],[-102.8478,21.71983],[-102.8482,21.71984],[-102.84997,21.71591],[-102.85081,21.72073],[-102.85596,21.72237],[-102.85922,21.71746],[-102.85657,21.71582],[-102.85393,21.71834],[-102.85032,21.71406],[-102.84759,21.71635],[-102.84819,21.71813],[-102.84379,21.71728],[-102.84378,21.71753],[-102.84409,21.718],[-102.84088,21.71887],[-102.83666,21.72193],[-102.8338,21.72284],[-102.83696,21.72414],[-102.84558,21.7253],[-102.84218,21.72742],[-102.84581,21.73119],[-102.83939,21.72857],[-102.83776,21.73206],[-102.84302,21.73358],[-102.8386,21.73399],[-102.83571,21.73651],[-102.83313,21.7348],[-102.82964,21.73472],[-102.83361,21.73269],[-102.82952,21.73136],[-102.82738,21.73507],[-102.8316,21.73629],[-102.82666,21.73627],[-102.82636,21.74224],[-102.82504,21.73948],[-102.82309,21.73912],[-102.81875,21.73573],[-102.81821,21.73759],[-102.82178,21.73963],[-102.82134,21.74188],[-102.82783,21.74632],[-102.82316,21.74395],[-102.8221,21.74703],[-102.82391,21.75054],[-102.82532,21.74792],[-102.82949,21.74723],[-102.83309,21.74406],[-102.83828,21.74564],[-102.83577,21.75067],[-102.83892,21.74773],[-102.8412,21.7505],[-102.84351,21.74996],[-102.8465,21.74536],[-102.84903,21.74627],[-102.84962,21.7421],[-102.84529,21.74434],[-102.84667,21.74091],[-102.85141,21.74028],[-102.85394,21.74414],[-102.85288,21.74585],[-102.86029,21.74247],[-102.86293,21.74582],[-102.86415,21.74351],[-102.86103,21.74187],[-102.86362,21.74089],[-102.85759,21.73706],[-102.86662,21.73792],[-102.8682,21.7321],[-102.87036,21.73118],[-102.87263,21.73671],[-102.87547,21.73414],[-102.88015,21.7333],[-102.87868,21.73089],[-102.87511,21.73215],[-102.87249,21.72962],[-102.87374,21.72769],[-102.87228,21.72482],[-102.86948,21.72505],[-102.8692,21.72515]],[[-102.86268,21.73679],[-102.86064,21.73639],[-102.86019,21.73373],[-102.863,21.73179],[-102.86585,21.73462],[-102.86268,21.73679]]],[[[-102.84727,21.71033],[-102.84755,21.71002],[-102.84726,21.7098],[-102.84659,21.7093],[-102.84674,21.70891],[-102.84689,21.70853],[-102.84672,21.70845],[-102.8461,21.70862],[-102.84537,21.7085],[-102.84517,21.70829],[-102.84498,21.7082],[-102.84475,21.70811],[-102.84457,21.707],[-102.84385,21.70654],[-102.84227,21.70632],[-102.84208,21.7099],[-102.83907,21.71665],[-102.84044,21.71708],[-102.84496,21.71461],[-102.84626,21.71564],[-102.84851,21.71247],[-102.84727,21.71033]]],[[[-102.83905,21.70299],[-102.83863,21.70109],[-102.83743,21.6994],[-102.83726,21.69885],[-102.83535,21.69599],[-102.83461,21.69751],[-102.83503,21.69774],[-102.83558,21.69803],[-102.83169,21.70132],[-102.83059,21.70445],[-102.83367,21.70955],[-102.83952,21.711],[-102.84079,21.70436],[-102.83905,21.70299]]],[[[-102.96576,21.49649],[-102.96636,21.49548],[-102.96261,21.4923],[-102.95372,21.4909],[-102.95673,21.48782],[-102.95311,21.48946],[-102.95343,21.49105],[-102.95661,21.49451],[-102.95784,21.49321],[-102.96219,21.49348],[-102.96253,21.4967],[-102.96576,21.49649]]],[[[-103.00723,21.5092],[-103.00711,21.50962],[-103.01087,21.51329],[-103.01484,21.51175],[-103.01388,21.51015],[-103.01037,21.51118],[-103.01016,21.50717],[-103.00723,21.5092]]],[[[-103.01655,21.50354],[-103.01888,21.50292],[-103.0199,21.50248],[-103.02115,21.49821],[-103.01718,21.50179],[-103.01404,21.50126],[-103.01556,21.49832],[-103.01419,21.49759],[-103.01219,21.50026],[-103.00679,21.4984],[-103.0111,21.50236],[-103.0115,21.50073],[-103.01424,21.50318],[-103.01027,21.50479],[-103.01218,21.50548],[-103.01655,21.50354]]],[[[-103.03,21.50473],[-103.03092,21.50536],[-103.03126,21.50595],[-103.03184,21.50724],[-103.02772,21.50851],[-103.02738,21.51137],[-103.02433,21.51146],[-103.02321,21.51339],[-103.02626,21.51577],[-103.02698,21.52268],[-103.02914,21.52355],[-103.02775,21.52654],[-103.0276,21.53153],[-103.03115,21.5342],[-103.03492,21.53055],[-103.03149,21.52834],[-103.03078,21.52613],[-103.03316,21.52141],[-103.0306,21.51714],[-103.03282,21.51605],[-103.0327,21.51192],[-103.03271,21.51187],[-103.03278,21.51148],[-103.03762,21.50786],[-103.03568,21.5062],[-103.03688,21.50465],[-103.03366,21.50314],[-103.03,21.50473]]],[[[-103.03291,21.51702],[-103.03718,21.51975],[-103.03885,21.51838],[-103.03298,21.51647],[-103.03291,21.51702]]],[[[-103.04992,21.52156],[-103.04832,21.52293],[-103.05171,21.52403],[-103.0519,21.52831],[-103.05595,21.52242],[-103.04992,21.52156]]],[[[-103.06256,21.52175],[-103.06383,21.51913],[-103.06232,21.5148],[-103.06068,21.51373],[-103.05488,21.51688],[-103.05322,21.51756],[-103.05267,21.51812],[-103.05548,21.51757],[-103.05852,21.51899],[-103.05566,21.52421],[-103.06147,21.52521],[-103.06256,21.52175]]],[[[-103.07708,21.52941],[-103.07899,21.52968],[-103.08143,21.51941],[-103.0786,21.51844],[-103.0792,21.51671],[-103.07544,21.51513],[-103.07296,21.5173],[-103.06962,21.51699],[-103.07248,21.51995],[-103.07566,21.51769],[-103.07569,21.52125],[-103.07772,21.52462],[-103.07704,21.52918],[-103.07708,21.52941]]],[[[-103.09317,21.52136],[-103.09367,21.52186],[-103.09368,21.52187],[-103.09378,21.52207],[-103.09384,21.52224],[-103.09628,21.52326],[-103.09581,21.51892],[-103.09093,21.51988],[-103.09317,21.52136]]],[[[-103.09406,21.52974],[-103.09377,21.52841],[-103.09333,21.52807],[-103.09406,21.52974]]],[[[-103.11139,21.5406],[-103.11092,21.54105],[-103.11149,21.54363],[-103.11763,21.54569],[-103.1168,21.54178],[-103.11139,21.5406]]],[[[-103.03707,21.72131],[-103.03909,21.71909],[-103.03567,21.71817],[-103.03776,21.71665],[-103.03413,21.71308],[-103.04232,21.70932],[-103.04447,21.70608],[-103.0508,21.70472],[-103.04391,21.70532],[-103.03659,21.70929],[-103.02978,21.70992],[-103.02938,21.70714],[-103.03406,21.70802],[-103.04083,21.70437],[-103.05111,21.70178],[-103.05606,21.70369],[-103.05592,21.70153],[-103.05276,21.69985],[-103.0509,21.70069],[-103.05031,21.69799],[-103.04734,21.69957],[-103.0463,21.69696],[-103.04421,21.69701],[-103.04312,21.69337],[-103.04543,21.69416],[-103.04592,21.69299],[-103.0419,21.69031],[-103.03761,21.68904],[-103.0365,21.69124],[-103.04215,21.69464],[-103.04594,21.70105],[-103.0431,21.70176],[-103.04118,21.70009],[-103.04022,21.70233],[-103.03457,21.70242],[-103.03663,21.70541],[-103.03136,21.70566],[-103.02718,21.70432],[-103.02467,21.70493],[-103.02406,21.70204],[-103.02157,21.70365],[-103.02275,21.70612],[-103.01905,21.70819],[-103.01501,21.70701],[-103.01329,21.70897],[-103.01454,21.71216],[-103.0223,21.716],[-103.02002,21.71121],[-103.02479,21.70959],[-103.02546,21.70773],[-103.02759,21.70913],[-103.02678,21.71119],[-103.03524,21.72067],[-103.03707,21.72131]]],[[[-103.01016,21.71836],[-103.01042,21.72052],[-103.01309,21.71817],[-103.01695,21.71927],[-103.01676,21.71616],[-103.01217,21.71568],[-103.01016,21.71836]]],[[[-103.02566,21.71632],[-103.02679,21.71196],[-103.0228,21.71128],[-103.02242,21.71455],[-103.02566,21.71632]]],[[[-103.01188,21.70339],[-103.01439,21.70573],[-103.01704,21.70269],[-103.01474,21.70117],[-103.01195,21.70331],[-103.01188,21.70339]]],[[[-102.95107,21.69546],[-102.95631,21.69699],[-102.95482,21.69904],[-102.95902,21.70274],[-102.96302,21.7034],[-102.9646,21.70514],[-102.97205,21.70776],[-102.97186,21.70322],[-102.96634,21.70015],[-102.97245,21.70024],[-102.97457,21.70155],[-102.98527,21.70135],[-102.9857,21.69898],[-102.99018,21.70128],[-102.98705,21.70338],[-102.98508,21.70675],[-102.98165,21.7043],[-102.98151,21.70575],[-102.98505,21.70877],[-102.98645,21.70649],[-102.99168,21.70402],[-102.99409,21.70496],[-102.99374,21.70717],[-102.99754,21.70748],[-102.99864,21.70599],[-103.00243,21.70608],[-103.00239,21.70604],[-102.99732,21.70179],[-102.99524,21.70111],[-102.99577,21.6989],[-102.99164,21.69591],[-102.98901,21.69541],[-102.98861,21.6923],[-102.9853,21.69157],[-102.98394,21.69402],[-102.98059,21.69319],[-102.98356,21.68842],[-102.99019,21.68917],[-102.98687,21.68605],[-102.99127,21.6798],[-102.98125,21.67535],[-102.97984,21.67256],[-102.97656,21.67171],[-102.97412,21.67764],[-102.97871,21.68176],[-102.98099,21.68112],[-102.98682,21.68346],[-102.97952,21.68184],[-102.97842,21.6857],[-102.98104,21.68826],[-102.97942,21.69261],[-102.9738,21.69072],[-102.97286,21.68903],[-102.97266,21.69613],[-102.96407,21.69837],[-102.96149,21.69398],[-102.95698,21.69344],[-102.95591,21.69571],[-102.95334,21.69311],[-102.9509,21.69528],[-102.95107,21.69546]]],[[[-102.94603,21.68483],[-102.94592,21.68483],[-102.94581,21.68769],[-102.94883,21.69071],[-102.95262,21.69051],[-102.94718,21.68887],[-102.94603,21.68483]]],[[[-102.96223,21.67537],[-102.95295,21.67984],[-102.94991,21.68375],[-102.95161,21.68477],[-102.95592,21.6825],[-102.95421,21.68468],[-102.94876,21.68695],[-102.95622,21.69022],[-102.96054,21.69031],[-102.96549,21.69277],[-102.9624,21.69231],[-102.96219,21.69406],[-102.96635,21.69509],[-102.96741,21.6967],[-102.97228,21.69586],[-102.97251,21.68896],[-102.96896,21.68591],[-102.96797,21.68819],[-102.96406,21.68556],[-102.95974,21.68534],[-102.95819,21.68016],[-102.9609,21.68362],[-102.9648,21.68471],[-102.96534,21.68334],[-102.96144,21.68077],[-102.96331,21.67755],[-102.96626,21.67713],[-102.96567,21.67425],[-102.96822,21.67197],[-102.96819,21.66873],[-102.96653,21.66788],[-102.96371,21.67082],[-102.96356,21.67596],[-102.96223,21.67537]]],[[[-102.97078,21.66589],[-102.97119,21.66762],[-102.97244,21.67004],[-102.9749,21.6667],[-102.97078,21.66589]]],[[[-102.99511,21.6763],[-102.99186,21.67417],[-102.98903,21.67712],[-102.99092,21.67856],[-102.99511,21.6763]]],[[[-103.01614,21.68027],[-103.01962,21.6816],[-103.02214,21.68094],[-103.01614,21.68027]]],[[[-103.00948,21.67786],[-103.01319,21.6792],[-103.00999,21.67672],[-103.00948,21.67786]]],[[[-102.99597,21.66809],[-102.99699,21.66859],[-102.99087,21.66459],[-102.99572,21.66797],[-102.99597,21.66809]]],[[[-102.9874,21.65813],[-102.98759,21.65965],[-102.98772,21.66076],[-102.98777,21.66114],[-102.98914,21.66331],[-102.99061,21.6644],[-102.98892,21.65918],[-102.99047,21.65662],[-102.9874,21.65813]]],[[[-102.92631,21.67042],[-102.92627,21.66827],[-102.92135,21.66737],[-102.92231,21.6701],[-102.92631,21.67042]]],[[[-102.92177,21.67911],[-102.92499,21.67821],[-102.92668,21.67773],[-102.92852,21.67721],[-102.92615,21.67409],[-102.92177,21.67911]]],[[[-102.9133,21.68741],[-102.91702,21.68533],[-102.91225,21.68474],[-102.91632,21.68273],[-102.91608,21.67977],[-102.91394,21.67862],[-102.91011,21.67981],[-102.90933,21.68454],[-102.91118,21.68838],[-102.9133,21.68741]]],[[[-102.87527,21.70533],[-102.87301,21.70513],[-102.86958,21.70483],[-102.87092,21.70586],[-102.86741,21.70986],[-102.86947,21.70915],[-102.87008,21.71157],[-102.87251,21.71288],[-102.87131,21.71552],[-102.87396,21.71913],[-102.87654,21.71188],[-102.88221,21.71557],[-102.88514,21.7134],[-102.88166,21.71139],[-102.87681,21.70547],[-102.87527,21.70533]]],[[[-102.88419,21.70789],[-102.87978,21.70574],[-102.88162,21.70799],[-102.88419,21.70789]]],[[[-102.915,21.71111],[-102.91089,21.71442],[-102.91507,21.71412],[-102.915,21.71111]]],[[[-102.88172,21.7193],[-102.87957,21.72044],[-102.88274,21.7236],[-102.88172,21.7193]]],[[[-102.87176,21.7193],[-102.87312,21.71858],[-102.86669,21.71452],[-102.86624,21.71102],[-102.86411,21.71337],[-102.8701,21.71722],[-102.86974,21.72003],[-102.87176,21.7193]]],[[[-102.85982,21.70631],[-102.85961,21.7033],[-102.85659,21.70541],[-102.85982,21.70631]]],[[[-102.86272,21.69607],[-102.86345,21.69108],[-102.8615,21.69071],[-102.85946,21.69287],[-102.86075,21.69438],[-102.8582,21.69603],[-102.85919,21.6988],[-102.86543,21.70135],[-102.86239,21.69832],[-102.8626,21.69691],[-102.86272,21.69607]]],[[[-102.86387,21.68817],[-102.86342,21.68209],[-102.86191,21.679],[-102.85744,21.68595],[-102.85458,21.68252],[-102.85548,21.68118],[-102.85256,21.67924],[-102.8519,21.68329],[-102.85334,21.68704],[-102.85109,21.68876],[-102.85383,21.69035],[-102.85834,21.68697],[-102.8597,21.68833],[-102.85677,21.6893],[-102.85871,21.69097],[-102.86123,21.68785],[-102.86387,21.68817]]],[[[-102.88081,21.67502],[-102.88358,21.67651],[-102.88393,21.6733],[-102.88045,21.6735],[-102.88081,21.67502]]],[[[-102.83169,21.68338],[-102.83352,21.68267],[-102.83224,21.67734],[-102.8301,21.67698],[-102.83169,21.68338]]],[[[-102.82079,21.67792],[-102.8234,21.67939],[-102.82199,21.67631],[-102.82079,21.67792]]],[[[-102.82709,21.67895],[-102.82866,21.67875],[-102.8278,21.67542],[-102.82709,21.67895]]],[[[-102.82,21.67121],[-102.82009,21.67339],[-102.82295,21.67391],[-102.82,21.67121]]],[[[-102.82699,21.66308],[-102.82547,21.66497],[-102.82386,21.66937],[-102.82504,21.66971],[-102.82593,21.66499],[-102.82832,21.66336],[-102.83296,21.66255],[-102.83504,21.66536],[-102.83243,21.66545],[-102.82961,21.6636],[-102.82708,21.66629],[-102.82702,21.66842],[-102.83232,21.67012],[-102.83206,21.66566],[-102.83406,21.66694],[-102.83738,21.66606],[-102.8376,21.66802],[-102.84026,21.66868],[-102.83785,21.66353],[-102.83267,21.66172],[-102.82796,21.66153],[-102.82699,21.66308]]],[[[-102.82422,21.65975],[-102.82665,21.66194],[-102.83147,21.65672],[-102.82655,21.65567],[-102.82422,21.65975]]],[[[-102.89868,21.65223],[-102.89665,21.65286],[-102.89868,21.65542],[-102.89868,21.65223]]],[[[-102.88801,21.65044],[-102.8906,21.6522],[-102.8914,21.64978],[-102.8897,21.64725],[-102.89411,21.64574],[-102.89323,21.64157],[-102.88429,21.64489],[-102.88623,21.64989],[-102.88801,21.65044]]],[[[-102.90141,21.64293],[-102.90263,21.6406],[-102.90551,21.64274],[-102.90703,21.64197],[-102.90561,21.63835],[-102.90304,21.63962],[-102.90034,21.63662],[-102.89791,21.63865],[-102.90105,21.64334],[-102.90141,21.64293]]],[[[-102.89023,21.637],[-102.88784,21.63409],[-102.88771,21.63695],[-102.89023,21.637]]],[[[-102.90023,21.6332],[-102.90332,21.63776],[-102.90344,21.63456],[-102.90521,21.63184],[-102.90772,21.63259],[-102.90677,21.62999],[-102.90814,21.62825],[-102.90217,21.62785],[-102.90099,21.62971],[-102.89733,21.62815],[-102.90023,21.6332]]],[[[-102.9092,21.62828],[-102.91076,21.62349],[-102.90507,21.62248],[-102.9092,21.62828]]],[[[-102.88455,21.62576],[-102.88875,21.62493],[-102.88912,21.62246],[-102.88455,21.62576]]],[[[-102.90856,21.61428],[-102.91036,21.61679],[-102.91232,21.61439],[-102.91296,21.61092],[-102.91015,21.60986],[-102.90856,21.61428]]],[[[-102.90178,21.60708],[-102.90365,21.60949],[-102.90505,21.60826],[-102.90178,21.60708]]],[[[-102.96447,21.60866],[-102.96802,21.60883],[-102.96927,21.60609],[-102.96795,21.60442],[-102.96315,21.60712],[-102.96447,21.60866]]],[[[-102.91508,21.60459],[-102.91586,21.59933],[-102.91081,21.60033],[-102.91094,21.60302],[-102.91508,21.60459]]],[[[-103.00846,21.58473],[-103.00674,21.58342],[-103.00452,21.58549],[-103.00347,21.58319],[-103.00072,21.58518],[-103.0024,21.58205],[-103.00031,21.58423],[-103.00039,21.58826],[-103.00204,21.58628],[-103.00175,21.59114],[-103.0067,21.59468],[-103.01033,21.59122],[-103.00846,21.58473]]],[[[-103.00831,21.60322],[-103.01252,21.60379],[-103.01395,21.6004],[-103.01233,21.59805],[-103.01541,21.59798],[-103.01823,21.60262],[-103.01887,21.60015],[-103.01456,21.59682],[-103.01382,21.59442],[-103.01024,21.59852],[-103.00893,21.59592],[-103.00714,21.59801],[-103.00831,21.60322]]],[[[-103.00012,21.60837],[-103.00141,21.60726],[-103.00027,21.60401],[-102.99834,21.60555],[-102.99594,21.60363],[-102.99089,21.60459],[-102.99407,21.60734],[-103.00012,21.60837]]],[[[-102.98799,21.60614],[-102.99427,21.60826],[-102.98996,21.60492],[-102.98799,21.60614]]],[[[-103.0203,21.61197],[-103.0209,21.61519],[-103.02364,21.61677],[-103.02552,21.61232],[-103.02421,21.60797],[-103.02232,21.60888],[-103.01783,21.6071],[-103.0203,21.61197]]],[[[-103.03415,21.60757],[-103.03736,21.6077],[-103.03908,21.60443],[-103.04183,21.60581],[-103.04029,21.6014],[-103.03629,21.5968],[-103.03682,21.59885],[-103.03449,21.60069],[-103.03309,21.60608],[-103.03415,21.60757]]],[[[-103.02732,21.61056],[-103.02941,21.61065],[-103.02957,21.60833],[-103.02653,21.60678],[-103.02732,21.61056]]],[[[-103.03693,21.61692],[-103.04053,21.61853],[-103.04152,21.61629],[-103.037,21.61256],[-103.03922,21.61099],[-103.04528,21.60977],[-103.04951,21.61466],[-103.0562,21.61665],[-103.05628,21.61458],[-103.05287,21.61137],[-103.05356,21.61001],[-103.05154,21.60654],[-103.04232,21.60499],[-103.04452,21.60738],[-103.03833,21.60907],[-103.03575,21.61092],[-103.03133,21.60985],[-103.03126,21.61244],[-103.03564,21.61781],[-103.03693,21.61692]]],[[[-103.0329,21.62457],[-103.03461,21.62664],[-103.04382,21.62378],[-103.04275,21.62154],[-103.03596,21.61978],[-103.03328,21.61661],[-103.03173,21.61785],[-103.03276,21.62043],[-103.03665,21.62256],[-103.0329,21.62457]]],[[[-103.01729,21.62009],[-103.02071,21.62333],[-103.02255,21.62508],[-103.02611,21.62514],[-103.03189,21.63113],[-103.03308,21.63374],[-103.04574,21.6335],[-103.04626,21.63018],[-103.04239,21.62905],[-103.0373,21.62891],[-103.03674,21.6317],[-103.02946,21.62483],[-103.0287,21.62226],[-103.026,21.62208],[-103.02193,21.61788],[-103.01655,21.61958],[-103.01729,21.62009]]],[[[-103.0181,21.62507],[-103.01275,21.62156],[-103.01583,21.62571],[-103.01648,21.62919],[-103.01875,21.63026],[-103.01974,21.63853],[-103.02082,21.63166],[-103.02306,21.63073],[-103.02234,21.62983],[-103.02167,21.62898],[-103.01908,21.62602],[-103.01966,21.63014],[-103.01757,21.62898],[-103.01622,21.6259],[-103.0181,21.62507]]],[[[-103.00778,21.62745],[-103.00644,21.62814],[-103.00595,21.62954],[-103.01095,21.63188],[-103.00966,21.63287],[-103.01246,21.63532],[-103.01602,21.63549],[-103.01469,21.62927],[-103.01297,21.63039],[-103.01005,21.62587],[-103.00801,21.62733],[-103.00778,21.62745]]],[[[-103.00901,21.61947],[-103.00968,21.62441],[-103.011,21.6209],[-103.00901,21.61947]]],[[[-103.0123,21.64918],[-103.01985,21.64884],[-103.01973,21.64552],[-103.01685,21.64608],[-103.017,21.64116],[-103.01362,21.64124],[-103.01301,21.63749],[-103.01073,21.63675],[-103.01087,21.64018],[-103.00659,21.63873],[-103.00884,21.64116],[-103.00947,21.64469],[-103.0123,21.64918]]],[[[-103.00446,21.64441],[-103.00799,21.64812],[-103.00742,21.64481],[-103.00446,21.64441]]],[[[-103.03425,21.63615],[-103.04044,21.6433],[-103.04204,21.6482],[-103.04127,21.649],[-103.04431,21.65292],[-103.04594,21.65264],[-103.04323,21.6485],[-103.04861,21.64477],[-103.04566,21.64349],[-103.04628,21.64054],[-103.04315,21.64192],[-103.04333,21.64471],[-103.04055,21.64343],[-103.03701,21.63769],[-103.03425,21.63615]]],[[[-103.03222,21.63924],[-103.03023,21.64141],[-103.03108,21.64434],[-103.03414,21.64173],[-103.03222,21.63924]]],[[[-103.05255,21.63659],[-103.05358,21.63939],[-103.05692,21.63789],[-103.05343,21.63089],[-103.0509,21.63228],[-103.05255,21.63659]]],[[[-103.06538,21.63273],[-103.06852,21.63305],[-103.065,21.63034],[-103.06538,21.63273]]],[[[-103.04389,21.6286],[-103.04507,21.62905],[-103.04819,21.62413],[-103.04472,21.62366],[-103.03653,21.62703],[-103.03641,21.62805],[-103.04389,21.6286]]],[[[-103.05664,21.62668],[-103.05993,21.62637],[-103.05442,21.62511],[-103.05664,21.62668]]],[[[-103.12538,21.6298],[-103.12647,21.63061],[-103.12768,21.62699],[-103.12519,21.62728],[-103.12538,21.6298]]],[[[-103.11679,21.63261],[-103.11822,21.63458],[-103.12029,21.63255],[-103.12055,21.62912],[-103.11679,21.63261]]],[[[-103.12649,21.63609],[-103.12876,21.63306],[-103.12566,21.63373],[-103.12649,21.63609]]],[[[-103.05925,21.63481],[-103.05798,21.6367],[-103.06232,21.63741],[-103.06,21.63373],[-103.06264,21.63404],[-103.06171,21.63185],[-103.05828,21.63241],[-103.05925,21.63481]]],[[[-103.12393,21.64499],[-103.12556,21.64211],[-103.1242,21.64092],[-103.12771,21.63935],[-103.12621,21.6382],[-103.12375,21.63987],[-103.12393,21.64499]]],[[[-103.05812,21.64516],[-103.06274,21.64588],[-103.06284,21.64101],[-103.05661,21.64051],[-103.05812,21.64516]]],[[[-103.04484,21.6498],[-103.05182,21.65083],[-103.05164,21.64429],[-103.04484,21.6498]]],[[[-103.0486,21.65402],[-103.05228,21.65466],[-103.05319,21.6524],[-103.0486,21.65402]]],[[[-103.10563,21.65586],[-103.10887,21.65288],[-103.10676,21.65093],[-103.10226,21.65398],[-103.10563,21.65586]]],[[[-103.06185,21.65465],[-103.0641,21.65583],[-103.06374,21.6534],[-103.06185,21.65465]]],[[[-103.02229,21.6565],[-103.02548,21.65818],[-103.02343,21.66149],[-103.02671,21.66466],[-103.02634,21.6624],[-103.02876,21.65264],[-103.02588,21.65629],[-103.02153,21.65167],[-103.02229,21.6565]]],[[[-103.00499,21.65658],[-103.00417,21.65443],[-103.00155,21.6552],[-103.00499,21.65658]]],[[[-102.99784,21.64714],[-102.99725,21.647],[-102.99528,21.64768],[-102.99474,21.6512],[-102.99847,21.65668],[-102.99975,21.656],[-102.99756,21.65283],[-102.99784,21.64714]]],[[[-102.99826,21.6573],[-102.99646,21.65774],[-102.99456,21.65898],[-102.99643,21.66204],[-102.99855,21.66164],[-103.00096,21.66468],[-102.99826,21.6573]]],[[[-103.00308,21.67154],[-103.00755,21.67516],[-103.00667,21.67319],[-103.01199,21.67082],[-103.01404,21.66845],[-103.00849,21.66577],[-103.006,21.66226],[-103.00691,21.66679],[-103.00054,21.66784],[-102.99961,21.66465],[-102.99522,21.66424],[-102.99405,21.66599],[-102.99785,21.66708],[-102.99867,21.66868],[-103.00566,21.66921],[-103.00611,21.67095],[-103.00308,21.67154]]],[[[-103.03439,21.66486],[-103.03249,21.66688],[-103.03407,21.66975],[-103.03677,21.66617],[-103.03586,21.66341],[-103.03439,21.66486]]],[[[-103.05631,21.66364],[-103.05854,21.66519],[-103.0618,21.66234],[-103.05804,21.66262],[-103.05607,21.66029],[-103.05631,21.66364]]],[[[-103.0497,21.65899],[-103.05376,21.66067],[-103.05513,21.65765],[-103.05185,21.65867],[-103.0499,21.65598],[-103.04792,21.65774],[-103.0497,21.65899]]],[[[-103.04557,21.66919],[-103.04587,21.66646],[-103.04297,21.66909],[-103.04557,21.66919]]],[[[-103.07565,21.67066],[-103.07861,21.67001],[-103.07693,21.66869],[-103.07565,21.67066]]],[[[-103.06277,21.67347],[-103.06541,21.67702],[-103.06248,21.67123],[-103.06011,21.6697],[-103.06277,21.67347]]],[[[-103.06183,21.68122],[-103.06324,21.68158],[-103.06246,21.67666],[-103.06183,21.68122]]],[[[-103.06095,21.69953],[-103.0615,21.69509],[-103.05552,21.69128],[-103.05529,21.68672],[-103.05655,21.68317],[-103.05912,21.68348],[-103.05806,21.67958],[-103.05477,21.68144],[-103.05277,21.67674],[-103.05105,21.67888],[-103.04614,21.67894],[-103.03943,21.67443],[-103.04552,21.68135],[-103.04333,21.68121],[-103.03904,21.67794],[-103.03807,21.67835],[-103.04072,21.68327],[-103.04337,21.68333],[-103.05278,21.69019],[-103.05368,21.69354],[-103.05771,21.69601],[-103.06095,21.69953]]],[[[-103.06175,21.70598],[-103.05956,21.70312],[-103.0583,21.70501],[-103.06175,21.70598]]],[[[-103.05081,21.69568],[-103.04462,21.69019],[-103.04285,21.69074],[-103.04656,21.69296],[-103.04794,21.69453],[-103.05081,21.69568]]],[[[-103.03677,21.68893],[-103.0395,21.68758],[-103.03407,21.68546],[-103.03677,21.68893]]],[[[-103.02292,21.68489],[-103.02117,21.6907],[-103.02427,21.68728],[-103.02292,21.68489]]],[[[-103.03091,21.68703],[-103.03073,21.68365],[-103.02923,21.68553],[-103.03091,21.68703]]],[[[-103.00194,21.68681],[-103.00191,21.68563],[-102.99898,21.68487],[-102.99837,21.68248],[-102.99565,21.6825],[-102.99782,21.6877],[-103.00194,21.68681]]],[[[-103.02448,21.69388],[-103.02539,21.69544],[-103.02203,21.69985],[-103.02345,21.70171],[-103.02761,21.69849],[-103.02733,21.69518],[-103.02448,21.69388]]],[[[-103.02729,21.68146],[-103.02933,21.68038],[-103.02735,21.67899],[-103.02729,21.68146]]],[[[-103.00858,21.67336],[-103.00949,21.67595],[-103.01183,21.67605],[-103.00858,21.67336]]],[[[-103.06549,21.68312],[-103.06765,21.68149],[-103.06432,21.68065],[-103.06549,21.68312]]],[[[-103.06966,21.68363],[-103.07159,21.68229],[-103.06862,21.68108],[-103.06966,21.68363]]],[[[-103.07315,21.68733],[-103.07492,21.68507],[-103.07256,21.68366],[-103.07315,21.68733]]],[[[-103.0661,21.68553],[-103.06735,21.68785],[-103.06886,21.68445],[-103.06557,21.6839],[-103.0661,21.68553]]],[[[-103.06367,21.68894],[-103.06677,21.68928],[-103.06514,21.68678],[-103.06367,21.68894]]],[[[-103.06535,21.69721],[-103.0672,21.69734],[-103.06687,21.69111],[-103.06535,21.69721]]],[[[-102.92032,21.66121],[-102.92368,21.66144],[-102.91951,21.65868],[-102.92032,21.66121]]],[[[-102.91171,21.67616],[-102.91473,21.67714],[-102.91804,21.67392],[-102.91491,21.67242],[-102.91372,21.66955],[-102.9169,21.66554],[-102.91729,21.6632],[-102.91279,21.65983],[-102.91222,21.658],[-102.91474,21.65377],[-102.91151,21.65356],[-102.90632,21.65648],[-102.90489,21.65499],[-102.90238,21.65948],[-102.9041,21.66561],[-102.90144,21.66373],[-102.90178,21.6662],[-102.90716,21.6675],[-102.91013,21.67522],[-102.91171,21.67616]],[[-102.90885,21.66783],[-102.91152,21.66708],[-102.91075,21.6647],[-102.91258,21.66291],[-102.91383,21.669],[-102.91047,21.67055],[-102.90885,21.66783]],[[-102.90603,21.66245],[-102.90523,21.66005],[-102.90667,21.65806],[-102.91344,21.66123],[-102.91103,21.66364],[-102.90603,21.66245]]],[[[-102.85565,21.66597],[-102.85815,21.67231],[-102.85753,21.67542],[-102.8599,21.67584],[-102.86005,21.67329],[-102.86303,21.67259],[-102.86867,21.66814],[-102.86781,21.66532],[-102.86047,21.66538],[-102.85673,21.66454],[-102.85565,21.66597]]],[[[-102.84372,21.66219],[-102.8433,21.66435],[-102.84561,21.66427],[-102.84372,21.66219]]],[[[-102.8778,21.66502],[-102.87914,21.66609],[-102.88455,21.66428],[-102.88364,21.66116],[-102.88046,21.66205],[-102.8778,21.66502]]],[[[-102.89121,21.66734],[-102.89428,21.67073],[-102.89697,21.66768],[-102.89111,21.66621],[-102.89121,21.66734]]],[[[-102.8971,21.66791],[-102.89508,21.67138],[-102.8985,21.67106],[-102.8971,21.66791]]],[[[-102.82831,21.67575],[-102.83417,21.67475],[-102.83362,21.67259],[-102.82831,21.67575]]],[[[-102.9202,21.65364],[-102.92229,21.65662],[-102.92527,21.65604],[-102.92386,21.65351],[-102.92584,21.65119],[-102.92397,21.65028],[-102.92594,21.64849],[-102.92429,21.64532],[-102.92058,21.65026],[-102.92232,21.65127],[-102.9202,21.65364]]],[[[-102.9083,21.64889],[-102.91287,21.64894],[-102.91113,21.64592],[-102.9083,21.64889]]],[[[-102.92577,21.64134],[-102.92575,21.64136],[-102.92761,21.64323],[-102.93101,21.64289],[-102.92965,21.63884],[-102.92601,21.64116],[-102.92577,21.64134]]],[[[-102.92513,21.6412],[-102.92521,21.63185],[-102.92154,21.63508],[-102.92135,21.63791],[-102.91785,21.63875],[-102.91776,21.64146],[-102.92179,21.64432],[-102.92513,21.6412]]],[[[-102.94345,21.63559],[-102.9467,21.63429],[-102.94697,21.63221],[-102.9512,21.63387],[-102.9532,21.63205],[-102.95029,21.62998],[-102.9434,21.62953],[-102.94408,21.63067],[-102.94139,21.63525],[-102.94345,21.63559]]],[[[-102.99835,21.62851],[-103.00166,21.63233],[-103.00418,21.63013],[-103.00346,21.62775],[-102.99779,21.62465],[-103.00127,21.62859],[-102.99835,21.62851]]],[[[-102.99736,21.63698],[-102.99942,21.63913],[-102.99911,21.63551],[-102.99736,21.63698]]],[[[-102.98464,21.63991],[-102.9807,21.63856],[-102.98163,21.6422],[-102.98314,21.64356],[-102.98464,21.63991]]],[[[-102.94012,21.65],[-102.93693,21.65074],[-102.93351,21.64918],[-102.92986,21.65408],[-102.93352,21.65583],[-102.94072,21.6511],[-102.94012,21.65]]],[[[-102.99237,21.64043],[-102.99081,21.63845],[-102.98981,21.6385],[-102.98924,21.64161],[-102.99216,21.64247],[-102.99237,21.64043]]],[[[-103.00061,21.64038],[-103.00445,21.64441],[-103.00568,21.64326],[-103.00169,21.63872],[-103.00061,21.64038]]],[[[-102.90999,21.63614],[-102.91119,21.63451],[-102.90879,21.63355],[-102.90999,21.63614]]],[[[-103.01186,21.65346],[-103.01556,21.6555],[-103.01512,21.65187],[-103.0119,21.65221],[-103.01186,21.65346]]],[[[-103.0483,21.63973],[-103.05065,21.64363],[-103.05164,21.64166],[-103.0483,21.63973]]],[[[-103.03067,21.61731],[-103.03207,21.61524],[-103.02937,21.6135],[-103.02814,21.61538],[-103.03067,21.61731]]],[[[-103.0649,21.62057],[-103.06649,21.61998],[-103.05995,21.61317],[-103.06184,21.61805],[-103.0649,21.62057]]],[[[-103.14091,21.6149],[-103.14163,21.61234],[-103.14698,21.61305],[-103.14833,21.61206],[-103.1437,21.60852],[-103.1411,21.61221],[-103.13922,21.60928],[-103.1368,21.61139],[-103.14091,21.6149]]],[[[-103.08626,21.61437],[-103.08876,21.61265],[-103.08457,21.61246],[-103.08626,21.61437]]],[[[-103.14433,21.61931],[-103.14637,21.61647],[-103.14405,21.61678],[-103.14174,21.61995],[-103.14433,21.61931]]],[[[-103.13298,21.62232],[-103.13404,21.61857],[-103.13133,21.61788],[-103.12817,21.62233],[-103.13156,21.62029],[-103.13298,21.62232]]],[[[-103.15326,21.60981],[-103.15558,21.6028],[-103.15082,21.60339],[-103.15326,21.60981]]],[[[-103.04604,21.60456],[-103.0493,21.60404],[-103.04751,21.60164],[-103.0446,21.60153],[-103.04274,21.60326],[-103.04604,21.60456]]],[[[-103.16082,21.613],[-103.16204,21.61456],[-103.16467,21.61181],[-103.15934,21.60856],[-103.16082,21.613]]],[[[-103.03477,21.59466],[-103.03632,21.59609],[-103.03633,21.59127],[-103.03027,21.5903],[-103.03159,21.59354],[-103.03477,21.59466]]],[[[-103.02407,21.59529],[-103.02585,21.59438],[-103.02124,21.59351],[-103.02039,21.59485],[-103.02407,21.59529]]],[[[-103.04736,21.6013],[-103.05195,21.59918],[-103.05162,21.59709],[-103.04695,21.59669],[-103.04422,21.5993],[-103.04736,21.6013]]],[[[-103.01444,21.59402],[-103.0163,21.59047],[-103.01249,21.58877],[-103.01185,21.59367],[-103.01444,21.59402]]],[[[-103.01523,21.58137],[-103.01389,21.58278],[-103.01767,21.58568],[-103.0181,21.58358],[-103.01641,21.57923],[-103.01523,21.58137]]],[[[-103.02218,21.58109],[-103.02299,21.57847],[-103.02088,21.57405],[-103.02011,21.56994],[-103.0186,21.57019],[-103.02072,21.57507],[-103.0184,21.57778],[-103.02058,21.57741],[-103.02218,21.58109]]],[[[-103.0163,21.57377],[-103.01624,21.5767],[-103.01898,21.57385],[-103.01777,21.57076],[-103.0163,21.57377]]],[[[-102.93558,21.58967],[-102.93881,21.58326],[-102.93739,21.58307],[-102.93394,21.58925],[-102.93558,21.58967]]],[[[-102.90679,21.57039],[-102.90752,21.57098],[-102.90853,21.57317],[-102.90878,21.57382],[-102.91144,21.57041],[-102.9077,21.56894],[-102.90679,21.57039]]],[[[-103.01425,21.56349],[-103.01528,21.5603],[-103.01242,21.5619],[-103.01425,21.56349]]],[[[-103.00342,21.56138],[-103.00748,21.56263],[-103.00583,21.56077],[-103.00342,21.56138]]],[[[-103.01907,21.5551],[-103.01467,21.55239],[-103.0137,21.55478],[-103.01872,21.55555],[-103.01907,21.5551]]],[[[-103.02929,21.55375],[-103.03372,21.54998],[-103.03184,21.54879],[-103.02755,21.55256],[-103.02929,21.55375]]],[[[-103.06545,21.52628],[-103.0651,21.52484],[-103.06181,21.52892],[-103.06276,21.53027],[-103.06169,21.5366],[-103.06245,21.53762],[-103.06509,21.54408],[-103.06101,21.54494],[-103.05739,21.55049],[-103.06135,21.54887],[-103.066,21.54441],[-103.06568,21.54101],[-103.06682,21.53651],[-103.06418,21.53353],[-103.06586,21.53059],[-103.06315,21.52918],[-103.06545,21.52628]]],[[[-103.05594,21.5455],[-103.05761,21.54049],[-103.05281,21.54051],[-103.05059,21.54329],[-103.05106,21.54552],[-103.05594,21.5455]]],[[[-103.05494,21.55629],[-103.05304,21.55589],[-103.05567,21.559],[-103.05494,21.55629]]],[[[-103.05886,21.55849],[-103.05658,21.56117],[-103.05897,21.56352],[-103.06303,21.56379],[-103.06472,21.56616],[-103.06054,21.5641],[-103.05501,21.56774],[-103.05288,21.56628],[-103.05207,21.56905],[-103.05433,21.56849],[-103.05556,21.57272],[-103.06005,21.56972],[-103.06159,21.57204],[-103.06557,21.56961],[-103.06859,21.56899],[-103.07341,21.57147],[-103.07674,21.5721],[-103.07668,21.57023],[-103.07175,21.56957],[-103.0686,21.56651],[-103.06941,21.56519],[-103.06834,21.56027],[-103.06606,21.56012],[-103.06778,21.5568],[-103.065,21.55924],[-103.06168,21.55911],[-103.05886,21.55849]]],[[[-103.07558,21.56111],[-103.07713,21.56336],[-103.07452,21.55643],[-103.07302,21.56089],[-103.07558,21.56111]]],[[[-103.07118,21.55971],[-103.06971,21.56268],[-103.07235,21.56116],[-103.07118,21.55971]]],[[[-103.07794,21.55917],[-103.08149,21.55871],[-103.08402,21.55505],[-103.07794,21.55917]]],[[[-103.06588,21.55358],[-103.06856,21.55244],[-103.06676,21.54994],[-103.06343,21.55169],[-103.06588,21.55358]]],[[[-103.14854,21.56822],[-103.14809,21.56419],[-103.14574,21.56542],[-103.14854,21.56822]]],[[[-103.0734,21.56945],[-103.07714,21.56778],[-103.07346,21.56689],[-103.0734,21.56945]]],[[[-103.03521,21.5771],[-103.03988,21.57906],[-103.03943,21.57298],[-103.03761,21.5714],[-103.03397,21.5726],[-103.03632,21.57354],[-103.03521,21.5771]]],[[[-103.03091,21.58175],[-103.02997,21.57836],[-103.02634,21.57552],[-103.0257,21.57778],[-103.03091,21.58175]]],[[[-103.05327,21.58224],[-103.05564,21.58362],[-103.05637,21.58197],[-103.06228,21.58298],[-103.06139,21.5804],[-103.05916,21.58044],[-103.05977,21.57823],[-103.05725,21.57618],[-103.05765,21.57856],[-103.05497,21.57708],[-103.05327,21.58224]]],[[[-103.04681,21.58983],[-103.04819,21.58866],[-103.04579,21.58407],[-103.04851,21.58381],[-103.04783,21.58139],[-103.04462,21.5827],[-103.04436,21.58506],[-103.03829,21.58167],[-103.04128,21.58489],[-103.03453,21.58413],[-103.03163,21.58292],[-103.02829,21.58359],[-103.03701,21.58555],[-103.03921,21.58819],[-103.04305,21.58816],[-103.04681,21.58983]]],[[[-103.07397,21.58563],[-103.07571,21.58738],[-103.07251,21.59008],[-103.07545,21.59076],[-103.07688,21.58931],[-103.07636,21.58535],[-103.07397,21.58563]]],[[[-103.08423,21.58724],[-103.08705,21.58703],[-103.08549,21.58469],[-103.08423,21.58724]]],[[[-103.06605,21.58914],[-103.06669,21.58701],[-103.06348,21.58884],[-103.06605,21.58914]]],[[[-103.05649,21.59553],[-103.05635,21.59175],[-103.05372,21.59229],[-103.05378,21.59542],[-103.05649,21.59553]]],[[[-103.06275,21.57924],[-103.06236,21.57398],[-103.0608,21.57692],[-103.06275,21.57924]]],[[[-103.02209,21.56383],[-103.02136,21.56652],[-103.02305,21.57145],[-103.02499,21.57319],[-103.02209,21.56383]]],[[[-103.02087,21.5617],[-103.01632,21.56731],[-103.02011,21.56752],[-103.02087,21.5617]]],[[[-103.00483,21.57694],[-103.0061,21.57629],[-103.00643,21.57612],[-103.0067,21.57598],[-103.00815,21.57523],[-103.00217,21.57389],[-103.00025,21.5751],[-103.00442,21.57715],[-103.00483,21.57694]]],[[[-103.01038,21.57002],[-103.00896,21.56891],[-103.00791,21.57166],[-103.01003,21.57184],[-103.01038,21.57002]]],[[[-103.06379,21.57174],[-103.0654,21.57265],[-103.06819,21.5709],[-103.06379,21.57174]]],[[[-103.03791,21.54931],[-103.03944,21.55508],[-103.04169,21.55093],[-103.04675,21.5499],[-103.04221,21.54667],[-103.03791,21.54931]]],[[[-103.00867,21.55145],[-103.01064,21.55328],[-103.01569,21.55031],[-103.0096,21.54912],[-103.00696,21.54751],[-103.00547,21.55092],[-103.00867,21.55145]]],[[[-102.93537,21.54097],[-102.93699,21.53851],[-102.93558,21.53756],[-102.93537,21.54097]]],[[[-103.01014,21.54521],[-103.01307,21.54675],[-103.01273,21.54341],[-103.0179,21.54047],[-103.01997,21.54229],[-103.02348,21.54065],[-103.02473,21.53701],[-103.02243,21.536],[-103.02194,21.54058],[-103.01897,21.54021],[-103.02122,21.53858],[-103.01631,21.53796],[-103.01206,21.5406],[-103.01311,21.53871],[-103.01048,21.53878],[-103.01014,21.54521]]],[[[-103.02133,21.53475],[-103.01958,21.53207],[-103.01719,21.53483],[-103.02133,21.53475]]],[[[-103.02084,21.53272],[-103.0217,21.53069],[-103.02006,21.52857],[-103.02084,21.53272]]],[[[-103.00385,21.52798],[-103.00415,21.5295],[-103.00843,21.52635],[-103.01346,21.52399],[-103.01393,21.52121],[-103.01141,21.52388],[-103.00969,21.52216],[-103.01325,21.51944],[-103.00896,21.51617],[-103.01011,21.52026],[-103.00795,21.51813],[-103.00297,21.51786],[-103.00225,21.51999],[-103.00565,21.52045],[-103.00539,21.52433],[-103.00385,21.52798]]],[[[-102.94667,21.52481],[-102.94858,21.52731],[-102.95158,21.52574],[-102.95131,21.52029],[-102.9483,21.52132],[-102.94667,21.52481]]],[[[-102.96073,21.51822],[-102.95863,21.5214],[-102.9633,21.51755],[-102.96073,21.51822]]],[[[-102.98947,21.51768],[-102.99309,21.51771],[-102.99549,21.51431],[-102.99298,21.51145],[-102.98753,21.51677],[-102.98947,21.51768]]],[[[-102.94981,21.51468],[-102.95454,21.51469],[-102.95352,21.51203],[-102.94981,21.51468]]],[[[-102.98554,21.51331],[-102.98788,21.51488],[-102.98919,21.51243],[-102.98554,21.51331]]],[[[-103.01965,21.51633],[-103.02221,21.51493],[-103.02076,21.51223],[-103.01878,21.5134],[-103.01965,21.51633]]],[[[-103.01562,21.51842],[-103.01808,21.51787],[-103.0187,21.51558],[-103.01529,21.51593],[-103.01562,21.51842]]],[[[-103.02331,21.53287],[-103.02733,21.53288],[-103.02737,21.52931],[-103.02478,21.52702],[-103.02193,21.52992],[-103.02331,21.53287]]],[[[-103.04137,21.53275],[-103.03962,21.53946],[-103.04162,21.53902],[-103.04152,21.53611],[-103.04341,21.5306],[-103.0483,21.52911],[-103.0495,21.52542],[-103.04344,21.52908],[-103.04137,21.53275]]],[[[-103.05335,21.53438],[-103.05389,21.53146],[-103.06,21.5347],[-103.05783,21.52872],[-103.05583,21.52915],[-103.05084,21.53322],[-103.05335,21.53438]]],[[[-103.0494,21.53916],[-103.05183,21.53958],[-103.05078,21.53721],[-103.0494,21.53916]]],[[[-103.02534,21.54512],[-103.03277,21.54672],[-103.02964,21.54077],[-103.02534,21.54512]]],[[[-103.03732,21.54612],[-103.03609,21.54532],[-103.03693,21.54174],[-103.03564,21.54115],[-103.03561,21.54562],[-103.03732,21.54612]]],[[[-103.04532,21.54394],[-103.04898,21.54271],[-103.04583,21.54152],[-103.04532,21.54394]]],[[[-103.02359,21.55175],[-103.02021,21.54894],[-103.01846,21.55054],[-103.02276,21.55262],[-103.02359,21.55175]]],[[[-103.09153,21.53208],[-103.08959,21.53734],[-103.09242,21.53289],[-103.09153,21.53208]]],[[[-103.07958,21.5418],[-103.0781,21.54654],[-103.07985,21.54663],[-103.07958,21.5418]]],[[[-102.85537,21.69882],[-102.85766,21.69943],[-102.85765,21.6957],[-102.85537,21.69882]]],[[[-102.9743,21.68591],[-102.97793,21.68537],[-102.97569,21.68387],[-102.97766,21.68144],[-102.97307,21.67967],[-102.97292,21.68676],[-102.9743,21.68591]]],[[[-102.97442,21.71263],[-102.97246,21.70982],[-102.97227,21.71359],[-102.97442,21.71263]]],[[[-102.84845,21.81657],[-102.84792,21.81797],[-102.84805,21.81963],[-102.85124,21.81795],[-102.8493,21.81433],[-102.84845,21.81657]]],[[[-102.80784,21.76433],[-102.80905,21.76451],[-102.80943,21.76457],[-102.8101,21.76472],[-102.81152,21.7651],[-102.81264,21.76484],[-102.81366,21.76538],[-102.81456,21.76545],[-102.81491,21.76554],[-102.81501,21.76557],[-102.81504,21.7659],[-102.81692,21.76648],[-102.81721,21.76808],[-102.81721,21.76817],[-102.81792,21.76948],[-102.81788,21.76961],[-102.81794,21.76972],[-102.81813,21.77007],[-102.82168,21.77256],[-102.82367,21.77093],[-102.82093,21.76612],[-102.81744,21.7641],[-102.81489,21.75998],[-102.81181,21.76032],[-102.81155,21.7637],[-102.80784,21.76433]]],[[[-102.95632,21.71812],[-102.95586,21.7147],[-102.95315,21.71414],[-102.95632,21.71812]]],[[[-102.95806,21.72233],[-102.95375,21.72147],[-102.94934,21.72267],[-102.94803,21.72792],[-102.95218,21.72617],[-102.95451,21.72257],[-102.95806,21.72233]]],[[[-103.00033,21.83902],[-103.00359,21.84065],[-103.00599,21.84345],[-103.00988,21.84313],[-103.00826,21.84158],[-103.00897,21.83863],[-103.00007,21.83839],[-103.00033,21.83902]]],[[[-103.01606,21.84259],[-103.0201,21.84242],[-103.02005,21.83755],[-103.01376,21.83528],[-103.01432,21.83289],[-103.01209,21.82541],[-103.00841,21.82202],[-103.00301,21.81848],[-102.99198,21.81553],[-102.99377,21.81153],[-102.99044,21.81073],[-102.99257,21.80947],[-102.9895,21.80498],[-102.98891,21.80892],[-102.98479,21.80818],[-102.98229,21.81053],[-102.98078,21.80664],[-102.97804,21.80883],[-102.97839,21.80606],[-102.98069,21.8034],[-102.97523,21.80408],[-102.97785,21.80592],[-102.97681,21.80894],[-102.97391,21.81149],[-102.97774,21.8102],[-102.97948,21.81193],[-102.97901,21.81504],[-102.98144,21.82178],[-102.98384,21.82033],[-102.98936,21.82236],[-102.98829,21.82643],[-102.9908,21.82944],[-102.98665,21.8327],[-102.98313,21.83386],[-102.98371,21.8356],[-102.98728,21.83451],[-102.98844,21.83647],[-102.99128,21.8363],[-102.9948,21.82859],[-102.99477,21.83093],[-102.99265,21.83488],[-102.99319,21.83725],[-103.00263,21.83498],[-103.00137,21.83673],[-103.00878,21.83754],[-103.01075,21.83621],[-103.01359,21.83684],[-103.01379,21.83987],[-103.01929,21.83961],[-103.01606,21.84259]]],[[[-102.97453,21.82535],[-102.97628,21.82351],[-102.9687,21.82238],[-102.97125,21.8155],[-102.9704,21.81168],[-102.96754,21.81224],[-102.97056,21.81621],[-102.96862,21.8205],[-102.96508,21.82247],[-102.96572,21.82508],[-102.97453,21.82535]]],[[[-102.95469,21.82225],[-102.95757,21.82055],[-102.95678,21.81671],[-102.96093,21.816],[-102.95887,21.81494],[-102.96095,21.81277],[-102.96062,21.80919],[-102.9572,21.81157],[-102.95858,21.81349],[-102.95398,21.81372],[-102.94875,21.82029],[-102.95338,21.81831],[-102.95268,21.81999],[-102.95469,21.82225]]],[[[-102.94852,21.81568],[-102.94785,21.81993],[-102.95643,21.80829],[-102.95325,21.80663],[-102.94891,21.81057],[-102.94762,21.81367],[-102.9453,21.81298],[-102.94336,21.81535],[-102.94852,21.81568]]],[[[-102.87324,21.79601],[-102.87571,21.79627],[-102.88164,21.80244],[-102.88233,21.8035],[-102.8843,21.80445],[-102.88506,21.80075],[-102.88267,21.80163],[-102.88085,21.79903],[-102.88435,21.79901],[-102.88267,21.79674],[-102.88881,21.79489],[-102.88462,21.79245],[-102.88081,21.79557],[-102.8778,21.79314],[-102.87299,21.79549],[-102.87324,21.79601]]],[[[-102.82326,21.76285],[-102.82359,21.76503],[-102.82736,21.76245],[-102.82326,21.76285]]],[[[-102.81736,21.75857],[-102.81782,21.75939],[-102.82121,21.75546],[-102.81868,21.75423],[-102.82179,21.75226],[-102.8216,21.75519],[-102.82018,21.75736],[-102.82211,21.75935],[-102.82475,21.75801],[-102.8261,21.75952],[-102.833,21.75579],[-102.83401,21.75424],[-102.82812,21.75327],[-102.82474,21.74987],[-102.82386,21.75137],[-102.82075,21.75178],[-102.81731,21.74762],[-102.81793,21.7454],[-102.81528,21.74601],[-102.81068,21.74401],[-102.81305,21.74879],[-102.8192,21.75116],[-102.81732,21.75415],[-102.81479,21.75493],[-102.81279,21.75337],[-102.81059,21.75602],[-102.81476,21.75606],[-102.81502,21.7585],[-102.81736,21.75857]]],[[[-102.81038,21.76202],[-102.81138,21.76085],[-102.8062,21.7581],[-102.80393,21.75569],[-102.80053,21.75553],[-102.80241,21.75917],[-102.81038,21.76202]]],[[[-102.80512,21.75206],[-102.80528,21.75449],[-102.80879,21.75184],[-102.81498,21.75195],[-102.81147,21.74961],[-102.80774,21.74874],[-102.80339,21.75097],[-102.80512,21.75206]]],[[[-102.79702,21.74909],[-102.79805,21.75119],[-102.80258,21.74715],[-102.79702,21.74909]]],[[[-102.80346,21.74672],[-102.80085,21.74311],[-102.79731,21.74367],[-102.80346,21.74672]]],[[[-102.89193,21.75498],[-102.89219,21.75392],[-102.89261,21.75219],[-102.89446,21.74674],[-102.89531,21.74418],[-102.89109,21.74832],[-102.89081,21.74854],[-102.88824,21.75044],[-102.88804,21.75231],[-102.88804,21.7547],[-102.89193,21.75498]]],[[[-102.86908,21.74251],[-102.86908,21.73908],[-102.87054,21.7357],[-102.8693,21.73423],[-102.86722,21.74017],[-102.86908,21.74251]]],[[[-102.90505,21.72948],[-102.90205,21.7329],[-102.9057,21.73263],[-102.90505,21.72948]]],[[[-102.91917,21.72473],[-102.91809,21.72782],[-102.92093,21.72431],[-102.91917,21.72473]]],[[[-102.91721,21.7276],[-102.91551,21.72631],[-102.91075,21.73056],[-102.90832,21.73077],[-102.90325,21.7391],[-102.90714,21.74105],[-102.91233,21.73409],[-102.91347,21.73514],[-102.91757,21.73085],[-102.91426,21.72969],[-102.91721,21.7276]]],[[[-102.94093,21.74241],[-102.94206,21.74278],[-102.94526,21.73739],[-102.93859,21.7371],[-102.93496,21.73573],[-102.93381,21.73233],[-102.93738,21.7299],[-102.93728,21.72353],[-102.93356,21.72008],[-102.93238,21.72476],[-102.92983,21.72861],[-102.92281,21.73229],[-102.91979,21.72855],[-102.91772,21.73037],[-102.92229,21.7323],[-102.92065,21.73356],[-102.92236,21.73838],[-102.92579,21.73948],[-102.92838,21.73796],[-102.93611,21.74095],[-102.93909,21.73931],[-102.94219,21.74169],[-102.94093,21.74241]],[[-102.9281,21.73179],[-102.93041,21.7323],[-102.92662,21.73391],[-102.9254,21.73661],[-102.92223,21.73463],[-102.9281,21.73179]]],[[[-102.92893,21.7594],[-102.93299,21.76266],[-102.93586,21.76851],[-102.9406,21.76689],[-102.94355,21.76123],[-102.94675,21.75843],[-102.95345,21.75709],[-102.95139,21.75455],[-102.95685,21.75567],[-102.96132,21.7556],[-102.96103,21.75745],[-102.96497,21.76079],[-102.96885,21.75696],[-102.96465,21.75707],[-102.96215,21.75382],[-102.95841,21.75294],[-102.95934,21.75063],[-102.94523,21.74528],[-102.94592,21.74366],[-102.94923,21.74423],[-102.94917,21.74587],[-102.95387,21.74824],[-102.95524,21.74666],[-102.96022,21.75045],[-102.96068,21.75244],[-102.96426,21.75305],[-102.96586,21.75101],[-102.96819,21.74422],[-102.96466,21.74077],[-102.95949,21.73919],[-102.95225,21.7349],[-102.95086,21.73541],[-102.95116,21.7395],[-102.94742,21.73869],[-102.94587,21.74214],[-102.94235,21.74455],[-102.9404,21.74252],[-102.93532,21.74242],[-102.93087,21.74012],[-102.93669,21.74435],[-102.93652,21.74864],[-102.93208,21.74288],[-102.93091,21.74398],[-102.9325,21.74746],[-102.93,21.74593],[-102.92787,21.74933],[-102.93616,21.75254],[-102.93268,21.75283],[-102.93171,21.75443],[-102.93513,21.75522],[-102.93694,21.75884],[-102.93443,21.75862],[-102.93357,21.75594],[-102.93204,21.75792],[-102.92951,21.7578],[-102.92683,21.75451],[-102.92429,21.75945],[-102.92893,21.7594]]],[[[-102.91708,21.76875],[-102.92256,21.76856],[-102.92463,21.76652],[-102.92581,21.76204],[-102.92262,21.76169],[-102.92331,21.76569],[-102.92016,21.76646],[-102.92155,21.76225],[-102.91847,21.76422],[-102.91592,21.76214],[-102.92032,21.75921],[-102.91878,21.75752],[-102.91619,21.75941],[-102.91675,21.76111],[-102.91335,21.76273],[-102.91327,21.7647],[-102.91708,21.76875]]],[[[-102.91382,21.75692],[-102.91569,21.76008],[-102.91768,21.75577],[-102.9225,21.7574],[-102.92553,21.75146],[-102.92212,21.74948],[-102.91631,21.7516],[-102.9153,21.74621],[-102.91319,21.74531],[-102.91126,21.74949],[-102.90835,21.75202],[-102.90867,21.75444],[-102.91438,21.7522],[-102.91014,21.75668],[-102.91382,21.75692]]],[[[-102.91937,21.74814],[-102.921,21.74877],[-102.92115,21.74435],[-102.92468,21.7457],[-102.92528,21.74189],[-102.92046,21.74254],[-102.92028,21.73832],[-102.91917,21.74274],[-102.91559,21.74449],[-102.91937,21.74814]]],[[[-102.93108,21.76675],[-102.92905,21.76369],[-102.92889,21.76656],[-102.93108,21.76675]]],[[[-102.92934,21.77013],[-102.93218,21.77063],[-102.93289,21.76785],[-102.92816,21.76822],[-102.92934,21.77013]]],[[[-102.98113,21.78603],[-102.97857,21.79007],[-102.98222,21.7874],[-102.9822,21.78737],[-102.982,21.78719],[-102.98191,21.7871],[-102.98186,21.78704],[-102.98113,21.78603]]],[[[-102.98633,21.79204],[-102.98335,21.78848],[-102.98129,21.79145],[-102.98158,21.79598],[-102.97855,21.79799],[-102.97804,21.80134],[-102.98285,21.79714],[-102.98633,21.79204]]],[[[-103.00825,21.81781],[-103.00446,21.81386],[-103.00541,21.81632],[-103.00825,21.81781]]],[[[-102.99683,21.79348],[-103.00189,21.79623],[-103.00406,21.79475],[-102.99929,21.79245],[-102.99946,21.79032],[-103.00931,21.78699],[-103.00721,21.78668],[-102.99813,21.78924],[-102.99465,21.78734],[-102.99119,21.78798],[-102.99428,21.79164],[-102.99683,21.79348]]],[[[-102.97527,21.76775],[-102.97642,21.77008],[-102.97822,21.77206],[-102.98211,21.76812],[-102.98354,21.76517],[-102.99215,21.76811],[-102.99212,21.76959],[-102.99383,21.76861],[-102.98831,21.76517],[-102.98919,21.7624],[-102.98428,21.76421],[-102.98091,21.76416],[-102.97941,21.76176],[-102.97842,21.7636],[-102.9806,21.76553],[-102.97493,21.76532],[-102.97527,21.76775]]],[[[-102.96728,21.79242],[-102.96901,21.79675],[-102.97091,21.79635],[-102.96995,21.79333],[-102.97078,21.78837],[-102.97241,21.79145],[-102.97558,21.78427],[-102.97617,21.78052],[-102.97436,21.77762],[-102.97393,21.78062],[-102.97165,21.7801],[-102.97037,21.78524],[-102.96864,21.78717],[-102.96728,21.79242]]],[[[-102.9651,21.79309],[-102.96566,21.7939],[-102.9709,21.77947],[-102.9644,21.78204],[-102.96207,21.78574],[-102.95901,21.78812],[-102.96355,21.79025],[-102.9651,21.79309]]],[[[-102.88719,21.78172],[-102.88717,21.78657],[-102.88841,21.78226],[-102.88719,21.78172]]],[[[-102.87013,21.79017],[-102.86961,21.79034],[-102.87168,21.79346],[-102.87613,21.79193],[-102.88283,21.78554],[-102.8792,21.78561],[-102.87464,21.7887],[-102.87104,21.78987],[-102.87013,21.79017]]],[[[-102.88657,21.78699],[-102.88483,21.78609],[-102.88246,21.7901],[-102.88657,21.78699]]],[[[-102.94983,21.78927],[-102.95298,21.78904],[-102.95317,21.78513],[-102.94803,21.78538],[-102.94737,21.78918],[-102.94983,21.78927]]],[[[-102.95583,21.77863],[-102.95539,21.78149],[-102.95813,21.78305],[-102.96036,21.78177],[-102.9627,21.77773],[-102.96009,21.77555],[-102.95583,21.77863]]],[[[-102.96718,21.77742],[-102.9693,21.77902],[-102.97052,21.77702],[-102.96718,21.77742]]],[[[-102.99777,21.76923],[-102.99996,21.76798],[-102.99544,21.76654],[-102.99455,21.76789],[-102.99777,21.76923]]],[[[-103.02132,21.76708],[-103.02053,21.76903],[-103.02321,21.76909],[-103.02132,21.76708]]],[[[-103.02572,21.77383],[-103.02407,21.77102],[-103.01979,21.77038],[-103.01745,21.77126],[-103.02364,21.77258],[-103.02572,21.77383]]],[[[-103.01434,21.7806],[-103.01554,21.78249],[-103.01909,21.78205],[-103.0217,21.77885],[-103.01773,21.7782],[-103.00863,21.77257],[-103.00724,21.77618],[-103.01196,21.77632],[-103.01493,21.77924],[-103.0114,21.78031],[-103.00809,21.77877],[-103.00781,21.78169],[-103.01082,21.78195],[-103.01434,21.7806]]],[[[-103.04144,21.81369],[-103.04548,21.81243],[-103.04684,21.80863],[-103.04144,21.81369]]],[[[-102.96998,21.73948],[-102.96897,21.73754],[-102.96725,21.74136],[-102.96901,21.74256],[-102.96809,21.74606],[-102.96991,21.74747],[-102.97225,21.74652],[-102.982,21.74836],[-102.98501,21.74716],[-102.98196,21.7456],[-102.97711,21.74312],[-102.97293,21.74147],[-102.97117,21.74028],[-102.96998,21.73948]]],[[[-103.00087,21.73438],[-103.00472,21.7358],[-103.00496,21.7337],[-103.00895,21.73397],[-103.00932,21.73215],[-102.99946,21.73088],[-103.00087,21.73438]]],[[[-102.98543,21.74849],[-102.98545,21.74774],[-102.97937,21.74958],[-102.97573,21.74777],[-102.96656,21.74937],[-102.97567,21.74924],[-102.97961,21.75087],[-102.98543,21.74849]]],[[[-102.99002,21.75247],[-102.98651,21.74998],[-102.98543,21.7507],[-102.99002,21.75247]]],[[[-102.97152,21.76091],[-102.97416,21.76104],[-102.97779,21.7551],[-102.97966,21.75666],[-102.98104,21.75423],[-102.97698,21.75175],[-102.97382,21.75199],[-102.97348,21.75515],[-102.9713,21.7567],[-102.97152,21.76091]]],[[[-102.9061,21.72469],[-102.9055,21.72693],[-102.90756,21.72752],[-102.9061,21.72469]]],[[[-102.94185,21.71758],[-102.93473,21.71821],[-102.93627,21.71983],[-102.9403,21.72085],[-102.94245,21.71956],[-102.94185,21.71758]]],[[[-102.96152,21.80781],[-102.96165,21.80448],[-102.95836,21.80659],[-102.96152,21.80781]]],[[[-102.90738,21.81258],[-102.90983,21.8106],[-102.90857,21.8075],[-102.90528,21.81229],[-102.90738,21.81258]]],[[[-102.91752,21.81449],[-102.92167,21.81403],[-102.92237,21.81273],[-102.91684,21.81235],[-102.91752,21.81449]]],[[[-102.86158,21.81664],[-102.86187,21.81647],[-102.86046,21.81343],[-102.85815,21.81565],[-102.85917,21.81988],[-102.86115,21.81722],[-102.86158,21.81664]]],[[[-102.8978,21.82649],[-102.89817,21.82896],[-102.90339,21.82572],[-102.90441,21.82149],[-102.89838,21.82424],[-102.8978,21.82649]]],[[[-102.91453,21.80696],[-102.91294,21.80973],[-102.91562,21.8107],[-102.91453,21.80696]]],[[[-102.87946,21.72645],[-102.87924,21.72434],[-102.87673,21.72618],[-102.87946,21.72645]]],[[[-102.80145,21.74135],[-102.79946,21.73408],[-102.79766,21.73831],[-102.80145,21.74135]]],[[[-102.7989,21.7269],[-102.8035,21.72556],[-102.80712,21.72621],[-102.803,21.72377],[-102.79826,21.72635],[-102.79961,21.72267],[-102.79732,21.72203],[-102.79558,21.72591],[-102.7989,21.7269]]],[[[-102.8184,21.7206],[-102.82066,21.72126],[-102.82248,21.71964],[-102.82047,21.71721],[-102.8184,21.7206]]],[[[-102.8245,21.71824],[-102.82611,21.71652],[-102.82973,21.71701],[-102.83043,21.71285],[-102.82685,21.7111],[-102.8234,21.71372],[-102.8245,21.71824]]],[[[-102.8352,21.7143],[-102.83849,21.71425],[-102.83912,21.71165],[-102.83577,21.71096],[-102.8352,21.7143]]],[[[-102.82044,21.69442],[-102.81848,21.6959],[-102.82274,21.6975],[-102.82291,21.69481],[-102.82044,21.69442]]],[[[-102.80457,21.68649],[-102.80681,21.68734],[-102.80805,21.6835],[-102.8039,21.68322],[-102.80457,21.68649]]],[[[-102.98611,22.10773],[-102.9862,22.11011],[-102.98619,22.10663],[-102.9861,22.1075],[-102.98611,22.10773]]],[[[-103.01525,22.10088],[-103.01322,22.10525],[-103.01098,22.1065],[-103.01767,22.11224],[-103.02076,22.11027],[-103.0202,22.1124],[-103.02219,22.1146],[-103.02685,22.11113],[-103.02768,22.10501],[-103.03012,22.10008],[-103.02578,22.1006],[-103.02824,22.0959],[-103.02618,22.0977],[-103.02351,22.09894],[-103.0229,22.10188],[-103.01998,22.10202],[-103.0218,22.1068],[-103.0203,22.10712],[-103.01525,22.10088]]],[[[-103.03709,22.08501],[-103.0372,22.07787],[-103.03462,22.07777],[-103.03291,22.08203],[-103.03034,22.08438],[-103.03258,22.08659],[-103.03709,22.08501]]],[[[-103.50158,21.13322],[-103.50198,21.13322],[-103.50383,21.13143],[-103.50401,21.12776],[-103.50042,21.12937],[-103.50042,21.12989],[-103.50042,21.13156],[-103.50125,21.13239],[-103.50125,21.13302],[-103.50158,21.13322]]],[[[-103.56633,21.11929],[-103.56636,21.11889],[-103.5656,21.11809],[-103.56559,21.11826],[-103.56594,21.11906],[-103.56633,21.11929]]],[[[-103.56758,21.12086],[-103.56757,21.12087],[-103.56732,21.11987],[-103.5671,21.12136],[-103.56758,21.12086]]],[[[-103.56787,21.12033],[-103.57093,21.11937],[-103.568,21.11961],[-103.56787,21.12033]]],[[[-103.6029,21.20804],[-103.60448,21.21163],[-103.60442,21.20756],[-103.6029,21.20804]]],[[[-103.4676,21.27611],[-103.46515,21.27347],[-103.46449,21.27698],[-103.4676,21.27611]]],[[[-103.4567,21.27072],[-103.45646,21.26991],[-103.45358,21.26633],[-103.45244,21.2673],[-103.45467,21.27144],[-103.45668,21.2715],[-103.4567,21.27072]]],[[[-103.48072,21.26753],[-103.48263,21.26767],[-103.48317,21.26386],[-103.48703,21.26357],[-103.48556,21.26111],[-103.48252,21.26326],[-103.48072,21.26753]]],[[[-103.49602,21.25879],[-103.4978,21.26146],[-103.49868,21.26],[-103.49646,21.25697],[-103.49602,21.25879]]],[[[-103.47638,21.25735],[-103.47985,21.25815],[-103.48251,21.2548],[-103.47638,21.25735]]],[[[-103.46689,21.25474],[-103.46683,21.25112],[-103.46251,21.24945],[-103.46189,21.25645],[-103.46414,21.25652],[-103.46374,21.25165],[-103.46524,21.25474],[-103.46689,21.25474]]],[[[-103.46939,21.2518],[-103.46896,21.24961],[-103.46573,21.24803],[-103.46611,21.25035],[-103.46939,21.2518]]],[[[-103.47072,21.24978],[-103.47325,21.24857],[-103.47291,21.24648],[-103.47072,21.24978]]],[[[-103.46282,21.24316],[-103.45962,21.24281],[-103.46231,21.24657],[-103.46442,21.24691],[-103.46588,21.2435],[-103.4632,21.2432],[-103.46282,21.24316]]],[[[-103.44564,21.22315],[-103.44796,21.22315],[-103.45129,21.22231],[-103.45379,21.22148],[-103.45462,21.22065],[-103.45427,21.21767],[-103.44826,21.21646],[-103.4438,21.21463],[-103.44217,21.21567],[-103.44012,21.21998],[-103.43679,21.21931],[-103.43641,21.22147],[-103.44169,21.22124],[-103.4434,21.22004],[-103.44367,21.21558],[-103.4461,21.21566],[-103.44564,21.22315]]],[[[-103.43888,21.23048],[-103.43823,21.22961],[-103.43942,21.23189],[-103.43892,21.23054],[-103.43888,21.23048]]],[[[-103.4539,21.24201],[-103.45408,21.24224],[-103.4565,21.24097],[-103.45204,21.23861],[-103.4539,21.24201]]],[[[-103.43381,21.23497],[-103.4336,21.2347],[-103.43129,21.23788],[-103.43487,21.23636],[-103.43463,21.23604],[-103.43381,21.23497]]],[[[-103.42826,21.23427],[-103.43269,21.23412],[-103.43218,21.23182],[-103.42747,21.23095],[-103.42826,21.23427]]],[[[-103.43386,21.22407],[-103.43364,21.22797],[-103.43573,21.22826],[-103.43693,21.22401],[-103.43386,21.22407]]],[[[-103.42455,21.21343],[-103.42757,21.213],[-103.4255,21.21115],[-103.42491,21.20802],[-103.42315,21.20914],[-103.42455,21.21343]]],[[[-103.46795,21.20067],[-103.46794,21.20067],[-103.46794,21.20069],[-103.46795,21.20067]]],[[[-103.52776,21.20566],[-103.52789,21.20566],[-103.52789,21.20533],[-103.52776,21.20566]]],[[[-103.52816,21.20649],[-103.53002,21.20649],[-103.52957,21.20566],[-103.52789,21.20566],[-103.52789,21.20592],[-103.52816,21.20649]]],[[[-103.52873,21.21263],[-103.52706,21.21232],[-103.52857,21.21316],[-103.52873,21.21263]]],[[[-103.47657,21.26951],[-103.47922,21.26705],[-103.47651,21.26744],[-103.47657,21.26951]]],[[[-103.4971,21.28643],[-103.50042,21.28643],[-103.50042,21.28595],[-103.4971,21.28643]]],[[[-103.50212,21.28643],[-103.50042,21.28643],[-103.50212,21.28726],[-103.50212,21.28643]]],[[[-103.45514,21.29071],[-103.45564,21.29088],[-103.45608,21.29157],[-103.45998,21.29326],[-103.45586,21.28639],[-103.45544,21.28829],[-103.45115,21.28976],[-103.45304,21.29312],[-103.45514,21.29071]]],[[[-103.46274,21.30465],[-103.46235,21.30404],[-103.46239,21.30354],[-103.4611,21.30073],[-103.45891,21.3092],[-103.46301,21.30891],[-103.46451,21.30727],[-103.46274,21.30465]]],[[[-103.43441,21.30641],[-103.43264,21.3092],[-103.43622,21.3096],[-103.43475,21.30664],[-103.43441,21.30641]]],[[[-103.45918,21.31631],[-103.46179,21.31564],[-103.46098,21.31369],[-103.45918,21.31631]]],[[[-103.60943,21.15965],[-103.60884,21.15927],[-103.60287,21.15949],[-103.60164,21.16043],[-103.6074,21.1628],[-103.60911,21.16192],[-103.60943,21.15965]]],[[[-103.57448,21.1414],[-103.57658,21.14091],[-103.57605,21.13766],[-103.57448,21.1414]]],[[[-103.68158,21.52047],[-103.68123,21.51838],[-103.67594,21.51894],[-103.67559,21.52037],[-103.68158,21.52047]]],[[[-103.68682,21.52328],[-103.68667,21.52324],[-103.68718,21.52077],[-103.68666,21.52059],[-103.68283,21.52133],[-103.68275,21.52125],[-103.68158,21.52047],[-103.68291,21.52151],[-103.68479,21.52203],[-103.68609,21.52118],[-103.68583,21.5234],[-103.68682,21.52328]]],[[[-103.68856,21.52529],[-103.68802,21.52378],[-103.68776,21.52336],[-103.68745,21.52316],[-103.68689,21.52329],[-103.68856,21.52529]]],[[[-103.657,21.54758],[-103.66365,21.54633],[-103.66472,21.54696],[-103.66294,21.54569],[-103.65751,21.54625],[-103.657,21.54758]]],[[[-103.63876,21.57503],[-103.63878,21.57506],[-103.63927,21.57556],[-103.64126,21.57621],[-103.64008,21.57246],[-103.63876,21.57503]]],[[[-103.62658,21.55345],[-103.62475,21.55318],[-103.62404,21.55869],[-103.61979,21.55671],[-103.62008,21.55689],[-103.62054,21.55747],[-103.62058,21.55786],[-103.62031,21.55988],[-103.62082,21.56429],[-103.62303,21.56554],[-103.62325,21.56615],[-103.62404,21.56797],[-103.62455,21.56823],[-103.62515,21.56541],[-103.62266,21.56394],[-103.62278,21.56026],[-103.62608,21.5583],[-103.62658,21.55345]]],[[[-103.6228,21.54373],[-103.62381,21.54467],[-103.62576,21.54505],[-103.62712,21.54264],[-103.62525,21.54187],[-103.62715,21.5387],[-103.62354,21.53817],[-103.62415,21.53463],[-103.62075,21.53034],[-103.61831,21.53082],[-103.6187,21.52806],[-103.61629,21.52722],[-103.61088,21.52851],[-103.60806,21.53472],[-103.60311,21.53643],[-103.6013,21.53594],[-103.60299,21.52386],[-103.60459,21.52071],[-103.60306,21.51921],[-103.60617,21.51733],[-103.60296,21.51617],[-103.59841,21.50989],[-103.60001,21.50755],[-103.59917,21.50526],[-103.59345,21.5029],[-103.59327,21.49994],[-103.59142,21.50089],[-103.59207,21.50269],[-103.5903,21.50587],[-103.58309,21.50821],[-103.58476,21.51027],[-103.58188,21.51303],[-103.58754,21.51474],[-103.58958,21.51286],[-103.59339,21.51423],[-103.59158,21.51691],[-103.58707,21.51657],[-103.58502,21.51876],[-103.58333,21.51723],[-103.58141,21.51988],[-103.57792,21.51806],[-103.57684,21.52198],[-103.57486,21.52166],[-103.57449,21.51859],[-103.56852,21.51811],[-103.56469,21.51129],[-103.56259,21.51086],[-103.56139,21.51273],[-103.55624,21.50974],[-103.55481,21.50956],[-103.55309,21.50936],[-103.55172,21.50919],[-103.55147,21.5092],[-103.5507,21.5096],[-103.55018,21.50987],[-103.54589,21.512],[-103.54474,21.51259],[-103.54057,21.51418],[-103.53655,21.52044],[-103.53169,21.51755],[-103.53188,21.51576],[-103.53659,21.51544],[-103.53597,21.51342],[-103.53482,21.51283],[-103.53435,21.51259],[-103.53246,21.51167],[-103.52747,21.50584],[-103.52706,21.50291],[-103.52583,21.50502],[-103.51634,21.505],[-103.51596,21.50892],[-103.51235,21.51148],[-103.51415,21.51421],[-103.51594,21.51251],[-103.51396,21.51868],[-103.51524,21.51584],[-103.52025,21.51446],[-103.52161,21.51244],[-103.52585,21.51529],[-103.52606,21.52456],[-103.53574,21.52622],[-103.53908,21.52784],[-103.54057,21.52856],[-103.54122,21.52888],[-103.54285,21.52967],[-103.54566,21.53128],[-103.54655,21.52945],[-103.55463,21.5271],[-103.55348,21.5358],[-103.55173,21.53651],[-103.55383,21.53934],[-103.56072,21.54158],[-103.56824,21.55074],[-103.56866,21.54848],[-103.57158,21.54913],[-103.57136,21.55238],[-103.57309,21.55487],[-103.5718,21.55788],[-103.57194,21.55816],[-103.57487,21.55766],[-103.57696,21.55447],[-103.57945,21.55338],[-103.57827,21.54871],[-103.57987,21.54828],[-103.58047,21.55242],[-103.57879,21.55633],[-103.58195,21.56013],[-103.58595,21.56125],[-103.58874,21.55253],[-103.59141,21.55275],[-103.59531,21.55025],[-103.60128,21.54596],[-103.60335,21.54334],[-103.6028,21.54011],[-103.60609,21.54043],[-103.61006,21.5385],[-103.61063,21.53948],[-103.61577,21.53693],[-103.61462,21.53506],[-103.61806,21.53531],[-103.62034,21.53798],[-103.61774,21.54002],[-103.6228,21.54373]],[[-103.5891,21.54748],[-103.58619,21.54859],[-103.58422,21.54492],[-103.58553,21.53545],[-103.58781,21.53411],[-103.58959,21.53589],[-103.58851,21.54115],[-103.58675,21.54429],[-103.59034,21.54396],[-103.58905,21.54628],[-103.59207,21.54628],[-103.59557,21.54438],[-103.59158,21.54869],[-103.5891,21.54748]],[[-103.56245,21.53152],[-103.56642,21.52746],[-103.56962,21.52712],[-103.57,21.52429],[-103.57321,21.53015],[-103.56998,21.53265],[-103.56847,21.53121],[-103.5623,21.53585],[-103.56062,21.53299],[-103.56245,21.53152]],[[-103.58848,21.523],[-103.58857,21.51964],[-103.59053,21.52013],[-103.58848,21.523]]],[[[-103.58079,21.50415],[-103.57646,21.50789],[-103.57878,21.50879],[-103.58152,21.50669],[-103.58079,21.50415]]],[[[-103.58565,21.50084],[-103.58234,21.50257],[-103.5842,21.50372],[-103.58565,21.50084]]],[[[-103.60304,21.49662],[-103.59651,21.4967],[-103.59561,21.49764],[-103.59632,21.50166],[-103.59994,21.50219],[-103.60304,21.49662]]],[[[-103.58965,21.48381],[-103.59369,21.48045],[-103.5949,21.47671],[-103.59517,21.47367],[-103.59296,21.47075],[-103.59082,21.47182],[-103.58782,21.47006],[-103.58334,21.47113],[-103.58181,21.47391],[-103.57396,21.47246],[-103.57448,21.47075],[-103.57117,21.47146],[-103.56881,21.47456],[-103.57361,21.47776],[-103.57508,21.48679],[-103.58316,21.48662],[-103.58733,21.48482],[-103.58965,21.48381]]],[[[-103.535,21.49124],[-103.53353,21.49376],[-103.53244,21.50109],[-103.53564,21.50219],[-103.54004,21.49998],[-103.54198,21.49606],[-103.54191,21.49584],[-103.54081,21.49238],[-103.54212,21.48855],[-103.53976,21.48659],[-103.53798,21.48848],[-103.53829,21.49181],[-103.535,21.49124]]],[[[-103.52982,21.50082],[-103.52956,21.50125],[-103.53084,21.50099],[-103.52982,21.50082]]],[[[-103.52226,21.527],[-103.52329,21.52499],[-103.52317,21.52272],[-103.51797,21.52699],[-103.5174,21.52897],[-103.52226,21.527]]],[[[-103.51043,21.52985],[-103.50759,21.53089],[-103.50539,21.5337],[-103.50859,21.5335],[-103.51103,21.53519],[-103.51602,21.53548],[-103.51354,21.54214],[-103.51797,21.54027],[-103.51841,21.53803],[-103.52235,21.53929],[-103.52266,21.53691],[-103.53032,21.5356],[-103.53128,21.5328],[-103.52504,21.52951],[-103.52793,21.53134],[-103.52707,21.53444],[-103.52502,21.53528],[-103.51997,21.53217],[-103.51088,21.53104],[-103.51043,21.52985]]],[[[-103.50588,21.54965],[-103.50729,21.55199],[-103.51114,21.54823],[-103.50751,21.54792],[-103.50588,21.54965]]],[[[-103.51783,21.51843],[-103.5201,21.52002],[-103.51869,21.51657],[-103.51783,21.51843]]],[[[-103.51142,21.50105],[-103.51267,21.50295],[-103.51366,21.49913],[-103.51623,21.49484],[-103.5189,21.49353],[-103.51575,21.49279],[-103.51156,21.49577],[-103.50888,21.50044],[-103.51142,21.50105]]],[[[-103.52977,21.49096],[-103.53034,21.49048],[-103.53306,21.48625],[-103.53347,21.48179],[-103.52963,21.48258],[-103.52866,21.47976],[-103.52416,21.48125],[-103.52037,21.48877],[-103.52576,21.49143],[-103.52623,21.48973],[-103.52977,21.49096]]],[[[-103.5077,21.4781],[-103.50778,21.47517],[-103.50467,21.47741],[-103.50357,21.47984],[-103.50026,21.4808],[-103.50627,21.48081],[-103.50691,21.47959],[-103.5077,21.4781]]],[[[-103.49636,21.47674],[-103.49828,21.4796],[-103.50154,21.47543],[-103.50015,21.47478],[-103.49636,21.47674]]],[[[-103.65159,21.49671],[-103.64998,21.49574],[-103.64824,21.49468],[-103.64232,21.49078],[-103.63971,21.48541],[-103.63643,21.48336],[-103.63136,21.48525],[-103.6311,21.48565],[-103.63104,21.48574],[-103.6308,21.48611],[-103.62932,21.48837],[-103.63166,21.48877],[-103.62665,21.49534],[-103.62409,21.49572],[-103.62286,21.49931],[-103.61994,21.50004],[-103.61881,21.50297],[-103.62786,21.50357],[-103.62545,21.49967],[-103.62861,21.49731],[-103.62697,21.49653],[-103.63031,21.49436],[-103.62932,21.49693],[-103.6347,21.49358],[-103.6362,21.49393],[-103.63583,21.50394],[-103.63967,21.50581],[-103.64362,21.50584],[-103.64467,21.50889],[-103.65176,21.50995],[-103.65399,21.51374],[-103.65485,21.51213],[-103.65761,21.51416],[-103.65987,21.51136],[-103.66215,21.51157],[-103.66298,21.50851],[-103.65832,21.50539],[-103.66394,21.50635],[-103.66483,21.50449],[-103.65664,21.50246],[-103.65482,21.50563],[-103.65248,21.50243],[-103.65624,21.50239],[-103.65219,21.49964],[-103.65159,21.49671]],[[-103.64024,21.49581],[-103.64141,21.49163],[-103.6392,21.49269],[-103.63876,21.49028],[-103.64176,21.48979],[-103.64244,21.4929],[-103.64024,21.49581]]],[[[-103.66581,21.50377],[-103.66802,21.50488],[-103.6695,21.50144],[-103.66765,21.49929],[-103.66581,21.50377]]],[[[-103.64144,21.51505],[-103.64398,21.51115],[-103.63711,21.51236],[-103.63681,21.51415],[-103.64144,21.51505]]],[[[-103.64091,21.52554],[-103.64433,21.52157],[-103.64445,21.52147],[-103.64473,21.52139],[-103.6453,21.52123],[-103.64661,21.52037],[-103.65704,21.51983],[-103.66072,21.52167],[-103.66376,21.51995],[-103.66375,21.52224],[-103.6662,21.51996],[-103.66522,21.51721],[-103.66217,21.51616],[-103.65898,21.51786],[-103.65539,21.51699],[-103.65143,21.51818],[-103.64487,21.51679],[-103.64171,21.51761],[-103.63627,21.51634],[-103.63444,21.51459],[-103.63217,21.51514],[-103.63414,21.51781],[-103.63172,21.52077],[-103.62901,21.51702],[-103.62789,21.5202],[-103.62534,21.52175],[-103.62926,21.52369],[-103.62993,21.52589],[-103.63719,21.52323],[-103.64043,21.52577],[-103.64091,21.52554]]],[[[-103.64608,21.52113],[-103.6453,21.52123],[-103.64522,21.5215],[-103.64608,21.52113]]],[[[-103.66559,21.53396],[-103.66847,21.53454],[-103.67094,21.53087],[-103.6683,21.52848],[-103.66559,21.53396]]],[[[-103.62841,21.51646],[-103.6309,21.5139],[-103.62968,21.51252],[-103.62431,21.51311],[-103.62524,21.51518],[-103.62841,21.51646]]],[[[-103.6077,21.50907],[-103.60831,21.51016],[-103.61397,21.5087],[-103.61708,21.50933],[-103.6166,21.50733],[-103.61283,21.50604],[-103.61039,21.50854],[-103.6077,21.50907]]],[[[-103.62009,21.4963],[-103.61386,21.49717],[-103.61725,21.498],[-103.62009,21.4963]]],[[[-103.39878,21.8393],[-103.39829,21.84104],[-103.40492,21.84338],[-103.40514,21.8414],[-103.39878,21.8393]]],[[[-103.40019,21.8343],[-103.39963,21.83628],[-103.40304,21.8364],[-103.40336,21.83429],[-103.40019,21.8343]]],[[[-103.35533,21.85862],[-103.35918,21.85377],[-103.3673,21.84733],[-103.37341,21.84146],[-103.37478,21.8348],[-103.3726,21.83057],[-103.37073,21.82395],[-103.36698,21.8185],[-103.35787,21.81853],[-103.35539,21.81552],[-103.34961,21.81512],[-103.34846,21.82082],[-103.34682,21.82331],[-103.34106,21.82905],[-103.33961,21.83557],[-103.34194,21.83518],[-103.34706,21.83928],[-103.34697,21.84054],[-103.35368,21.84062],[-103.35644,21.83734],[-103.36298,21.8385],[-103.35928,21.84514],[-103.35604,21.84463],[-103.35243,21.85],[-103.35185,21.854],[-103.34791,21.85355],[-103.34629,21.85907],[-103.35373,21.86233],[-103.35382,21.85848],[-103.35533,21.85862]],[[-103.35444,21.828],[-103.35874,21.8285],[-103.35843,21.83166],[-103.35469,21.83106],[-103.35444,21.828]],[[-103.35054,21.83009],[-103.34877,21.82731],[-103.35174,21.82707],[-103.35054,21.83009]]],[[[-103.52772,21.81845],[-103.53127,21.81704],[-103.53097,21.81675],[-103.5302,21.81503],[-103.52599,21.81681],[-103.52772,21.81845]]],[[[-103.50282,21.83307],[-103.50502,21.83106],[-103.50321,21.8302],[-103.50282,21.83307]]],[[[-103.51587,21.80555],[-103.52214,21.80184],[-103.52328,21.79672],[-103.52573,21.79437],[-103.52144,21.7943],[-103.521,21.79677],[-103.51682,21.79691],[-103.51587,21.80555]]],[[[-103.50416,21.80358],[-103.50415,21.80434],[-103.50477,21.80458],[-103.50494,21.80461],[-103.50416,21.80358]]],[[[-103.53822,21.79288],[-103.53494,21.79425],[-103.53555,21.79593],[-103.54203,21.79545],[-103.54476,21.79107],[-103.54557,21.78254],[-103.54308,21.7849],[-103.54388,21.78834],[-103.54286,21.7915],[-103.54116,21.78865],[-103.54327,21.78131],[-103.5376,21.78274],[-103.53745,21.78897],[-103.53509,21.78928],[-103.53489,21.792],[-103.53822,21.79288]]],[[[-103.50395,21.7879],[-103.50368,21.78872],[-103.50563,21.79112],[-103.50818,21.78735],[-103.50616,21.78564],[-103.50622,21.78865],[-103.50395,21.7879]]],[[[-103.52787,21.7878],[-103.53066,21.78933],[-103.52987,21.78408],[-103.52787,21.7878]]],[[[-103.50816,21.78151],[-103.50705,21.78297],[-103.50994,21.78405],[-103.5102,21.78151],[-103.50816,21.78151]]],[[[-103.51134,21.77998],[-103.51181,21.78247],[-103.51869,21.78331],[-103.51683,21.78235],[-103.51867,21.77778],[-103.51388,21.77804],[-103.51134,21.77998]]],[[[-102.66067,21.53486],[-102.6609,21.53485],[-102.66178,21.5316],[-102.6595,21.53056],[-102.6592,21.52792],[-102.66214,21.52686],[-102.66072,21.525],[-102.6561,21.52496],[-102.65856,21.52813],[-102.6585,21.5323],[-102.66021,21.53434],[-102.66026,21.5344],[-102.66067,21.53486]]],[[[-102.6308,21.53322],[-102.63082,21.53353],[-102.63082,21.53357],[-102.63074,21.53398],[-102.6325,21.53439],[-102.63324,21.53453],[-102.6308,21.53322]]],[[[-102.62729,21.50451],[-102.62858,21.50642],[-102.62952,21.50751],[-102.6299,21.50833],[-102.63346,21.51156],[-102.63588,21.51392],[-102.6371,21.51487],[-102.63702,21.51311],[-102.64188,21.51429],[-102.63966,21.51693],[-102.63894,21.51627],[-102.63979,21.51705],[-102.64209,21.51865],[-102.64369,21.51576],[-102.64585,21.51699],[-102.64645,21.52185],[-102.64432,21.52056],[-102.64399,21.52309],[-102.64029,21.52176],[-102.63451,21.52635],[-102.64025,21.52814],[-102.64199,21.52472],[-102.64467,21.52671],[-102.64729,21.52262],[-102.65196,21.5265],[-102.6482,21.52634],[-102.65317,21.53199],[-102.65262,21.52687],[-102.65622,21.52844],[-102.65504,21.52481],[-102.65234,21.52259],[-102.65586,21.52169],[-102.65412,21.51885],[-102.65715,21.51712],[-102.65717,21.51358],[-102.65413,21.51455],[-102.65395,21.51858],[-102.64999,21.51983],[-102.64943,21.52194],[-102.64732,21.5196],[-102.64828,21.51693],[-102.65227,21.51612],[-102.6502,21.5134],[-102.64689,21.51388],[-102.64684,21.51224],[-102.65001,21.51235],[-102.65137,21.51403],[-102.65451,21.51395],[-102.65135,21.51153],[-102.65291,21.50871],[-102.64608,21.50743],[-102.64502,21.51157],[-102.64238,21.51124],[-102.64447,21.5084],[-102.64215,21.50606],[-102.63689,21.50629],[-102.6342,21.5037],[-102.63785,21.4982],[-102.63452,21.49872],[-102.63384,21.50243],[-102.63183,21.50091],[-102.62729,21.50451]]],[[[-102.63623,21.47911],[-102.63616,21.47936],[-102.63792,21.48012],[-102.63891,21.47728],[-102.63623,21.47911]]],[[[-102.65056,21.46928],[-102.65125,21.46881],[-102.65132,21.46876],[-102.65144,21.46854],[-102.65116,21.46835],[-102.64896,21.46691],[-102.64908,21.4678],[-102.65056,21.46928]]],[[[-102.65555,21.4086],[-102.65573,21.40838],[-102.65358,21.40575],[-102.65306,21.40558],[-102.65221,21.4075],[-102.65224,21.40753],[-102.6524,21.40773],[-102.65245,21.40779],[-102.65555,21.4086]]],[[[-102.65077,21.40062],[-102.65078,21.40038],[-102.64864,21.39767],[-102.64769,21.39711],[-102.64788,21.39761],[-102.64892,21.39925],[-102.6492,21.3997],[-102.6497,21.40017],[-102.65077,21.40062]]],[[[-102.64111,21.3908],[-102.63971,21.38976],[-102.63909,21.39046],[-102.63833,21.39171],[-102.63828,21.39192],[-102.63813,21.3926],[-102.6384,21.39377],[-102.63875,21.39403],[-102.63881,21.39405],[-102.64348,21.39293],[-102.64343,21.39286],[-102.64111,21.3908]]],[[[-102.64168,21.37948],[-102.64061,21.38198],[-102.64124,21.38238],[-102.64168,21.37948]]],[[[-102.64725,21.37449],[-102.64786,21.37331],[-102.64833,21.37225],[-102.64896,21.36983],[-102.6484,21.36874],[-102.64639,21.36466],[-102.64288,21.36702],[-102.64243,21.37071],[-102.6441,21.36974],[-102.646,21.37201],[-102.64463,21.37463],[-102.64725,21.37449]]],[[[-102.66015,21.38235],[-102.66053,21.38308],[-102.66128,21.38353],[-102.66407,21.3834],[-102.66281,21.38075],[-102.66053,21.37994],[-102.66015,21.38235]]],[[[-102.69163,21.34244],[-102.69074,21.34279],[-102.68912,21.34408],[-102.68893,21.34992],[-102.69004,21.35263],[-102.69072,21.35999],[-102.6932,21.35893],[-102.69426,21.36292],[-102.69649,21.36483],[-102.69812,21.36337],[-102.69485,21.36013],[-102.69368,21.35663],[-102.69131,21.35471],[-102.6897,21.34924],[-102.69282,21.3447],[-102.69163,21.34244]]],[[[-102.69685,21.34294],[-102.69553,21.34102],[-102.69506,21.34074],[-102.69685,21.34294]]],[[[-102.70009,21.34569],[-102.69972,21.34451],[-102.69924,21.34441],[-102.69886,21.34387],[-102.69858,21.34368],[-102.69838,21.34368],[-102.70009,21.34569]]],[[[-102.70064,21.34732],[-102.70026,21.34696],[-102.70047,21.34588],[-102.70009,21.34569],[-102.70012,21.34696],[-102.70064,21.34732]]],[[[-102.70092,21.44153],[-102.69909,21.44277],[-102.7001,21.4445],[-102.69737,21.44878],[-102.70402,21.44984],[-102.70464,21.45372],[-102.70255,21.4571],[-102.70455,21.45754],[-102.7068,21.46125],[-102.71146,21.4626],[-102.71114,21.46507],[-102.71368,21.46509],[-102.71188,21.45885],[-102.70879,21.45728],[-102.71013,21.45461],[-102.70746,21.45407],[-102.70399,21.44027],[-102.70192,21.44085],[-102.70092,21.44153]]],[[[-102.75,21.54355],[-102.75003,21.54353],[-102.74938,21.54288],[-102.74941,21.543],[-102.74948,21.54327],[-102.75,21.54355]]],[[[-102.70752,21.53453],[-102.70804,21.53487],[-102.70836,21.53508],[-102.70995,21.53617],[-102.71047,21.53452],[-102.70752,21.53453]]],[[[-102.69536,21.53215],[-102.6973,21.53208],[-102.69668,21.52827],[-102.69433,21.52945],[-102.69536,21.53215]]],[[[-102.69078,21.51352],[-102.69139,21.513],[-102.69156,21.5096],[-102.69634,21.50909],[-102.69687,21.50738],[-102.70027,21.507],[-102.70164,21.50573],[-102.69946,21.50264],[-102.70135,21.49877],[-102.69882,21.49806],[-102.69818,21.50024],[-102.69384,21.50058],[-102.69752,21.49681],[-102.6952,21.49314],[-102.6927,21.49693],[-102.69399,21.49914],[-102.69095,21.50321],[-102.69209,21.50377],[-102.68764,21.50628],[-102.68866,21.50172],[-102.69171,21.49939],[-102.68815,21.49709],[-102.68488,21.49949],[-102.68772,21.50042],[-102.68606,21.50469],[-102.68366,21.50449],[-102.68185,21.50676],[-102.67885,21.50738],[-102.67599,21.50989],[-102.67787,21.5105],[-102.67935,21.50809],[-102.68271,21.50952],[-102.6821,21.50745],[-102.68735,21.50652],[-102.68556,21.50893],[-102.68577,21.51135],[-102.68187,21.51093],[-102.68468,21.51566],[-102.68444,21.5192],[-102.6812,21.51889],[-102.6811,21.51546],[-102.67956,21.51466],[-102.67569,21.51744],[-102.67554,21.51921],[-102.66874,21.51892],[-102.67151,21.5228],[-102.67167,21.52541],[-102.67689,21.52197],[-102.67979,21.5232],[-102.6837,21.52295],[-102.68384,21.52575],[-102.68679,21.52418],[-102.68557,21.52124],[-102.69142,21.52101],[-102.68904,21.52045],[-102.68893,21.51509],[-102.68928,21.51479],[-102.68946,21.51464],[-102.69078,21.51352]]],[[[-102.68364,21.49901],[-102.6769,21.50022],[-102.67544,21.4985],[-102.67174,21.49854],[-102.67635,21.49048],[-102.67462,21.48719],[-102.66804,21.48601],[-102.66845,21.48435],[-102.66585,21.48223],[-102.66919,21.48252],[-102.66988,21.48096],[-102.66533,21.47897],[-102.66239,21.49066],[-102.65824,21.48964],[-102.66012,21.49263],[-102.65496,21.49171],[-102.65728,21.49418],[-102.65524,21.49517],[-102.66029,21.49605],[-102.66131,21.50068],[-102.67156,21.50297],[-102.67247,21.50169],[-102.67754,21.50363],[-102.68569,21.50077],[-102.68488,21.49949],[-102.68364,21.49901]],[[-102.67233,21.49433],[-102.67061,21.49338],[-102.67301,21.48972],[-102.67405,21.49185],[-102.67233,21.49433]]],[[[-102.68364,21.49901],[-102.68579,21.49157],[-102.6831,21.49313],[-102.68229,21.49609],[-102.67773,21.49609],[-102.68364,21.49901]]],[[[-102.6608,21.51449],[-102.6628,21.51553],[-102.66403,21.51283],[-102.66966,21.51536],[-102.67095,21.51433],[-102.66712,21.51161],[-102.66518,21.51241],[-102.66326,21.51036],[-102.65836,21.50969],[-102.65665,21.50446],[-102.65472,21.50354],[-102.65505,21.49936],[-102.65248,21.50192],[-102.64931,21.50317],[-102.64694,21.50244],[-102.64945,21.50719],[-102.65032,21.50486],[-102.6528,21.50578],[-102.65587,21.50944],[-102.66099,21.51152],[-102.6608,21.51449]]],[[[-102.64221,21.5008],[-102.64361,21.50344],[-102.64444,21.49978],[-102.64221,21.5008]]],[[[-102.64557,21.49492],[-102.64319,21.496],[-102.64435,21.49865],[-102.64748,21.49958],[-102.6456,21.49494],[-102.64557,21.49492]]],[[[-102.66622,21.50769],[-102.66998,21.50578],[-102.67459,21.5074],[-102.66657,21.50311],[-102.66011,21.50158],[-102.65921,21.50408],[-102.66046,21.50628],[-102.66622,21.50769]]],[[[-102.63936,21.49188],[-102.63972,21.49504],[-102.6431,21.49124],[-102.64193,21.48793],[-102.63956,21.48633],[-102.63936,21.49188]]],[[[-102.65259,21.47782],[-102.65135,21.47846],[-102.65125,21.47851],[-102.65087,21.47914],[-102.65049,21.48009],[-102.65186,21.48586],[-102.65355,21.48355],[-102.65593,21.48456],[-102.65759,21.48227],[-102.6568,21.47807],[-102.65414,21.47703],[-102.65259,21.47782]]],[[[-102.67353,21.47199],[-102.67042,21.47154],[-102.67156,21.47766],[-102.67403,21.47703],[-102.67353,21.47199]]],[[[-102.68842,21.47235],[-102.68821,21.47521],[-102.68997,21.47438],[-102.68842,21.47235]]],[[[-102.69691,21.47631],[-102.70016,21.47982],[-102.69806,21.47315],[-102.69691,21.47631]]],[[[-102.69907,21.48371],[-102.7013,21.48311],[-102.69653,21.48169],[-102.6986,21.48116],[-102.69413,21.47782],[-102.69592,21.47524],[-102.6917,21.4728],[-102.69336,21.47669],[-102.69149,21.48018],[-102.69669,21.48401],[-102.69907,21.48371]]],[[[-102.6779,21.48823],[-102.67665,21.48528],[-102.67879,21.48615],[-102.67789,21.48036],[-102.67962,21.47868],[-102.6781,21.47674],[-102.67865,21.47417],[-102.67578,21.47449],[-102.67687,21.47686],[-102.67592,21.48043],[-102.67766,21.4831],[-102.67553,21.48342],[-102.67571,21.48644],[-102.6779,21.48823]]],[[[-102.68158,21.47907],[-102.6841,21.48208],[-102.6835,21.47812],[-102.68158,21.47907]]],[[[-102.70998,21.48481],[-102.71264,21.48258],[-102.71411,21.47971],[-102.7107,21.4804],[-102.71007,21.483],[-102.7085,21.48103],[-102.71029,21.48009],[-102.70625,21.47775],[-102.70525,21.48362],[-102.70655,21.48608],[-102.70905,21.48581],[-102.70935,21.4855],[-102.70998,21.48481]]],[[[-102.69358,21.48935],[-102.68994,21.49157],[-102.69388,21.49193],[-102.69358,21.48935]]],[[[-102.67746,21.4901],[-102.67914,21.49177],[-102.68058,21.49004],[-102.67746,21.4901]]],[[[-102.69081,21.48777],[-102.69292,21.48848],[-102.69424,21.48622],[-102.69147,21.48604],[-102.69081,21.48777]]],[[[-102.71381,21.47468],[-102.71297,21.47618],[-102.7207,21.47804],[-102.71951,21.47532],[-102.72159,21.47456],[-102.71716,21.47118],[-102.71523,21.47236],[-102.70914,21.46922],[-102.70056,21.46822],[-102.69511,21.46682],[-102.69702,21.46876],[-102.69913,21.47445],[-102.70372,21.47768],[-102.70206,21.47477],[-102.70519,21.47293],[-102.70749,21.47445],[-102.70933,21.47128],[-102.71381,21.47468]]],[[[-102.68418,21.4664],[-102.68378,21.46912],[-102.68567,21.46907],[-102.68418,21.4664]]],[[[-102.69105,21.45007],[-102.68769,21.45227],[-102.68636,21.45639],[-102.69347,21.45823],[-102.68917,21.46117],[-102.68633,21.46104],[-102.68613,21.4659],[-102.68943,21.46641],[-102.69078,21.461],[-102.69272,21.4656],[-102.69387,21.46189],[-102.70293,21.46377],[-102.70367,21.46016],[-102.70239,21.45735],[-102.69995,21.45858],[-102.69666,21.45761],[-102.694,21.45448],[-102.69289,21.45013],[-102.69105,21.45007]]],[[[-102.70441,21.46411],[-102.7093,21.46479],[-102.70919,21.46307],[-102.70428,21.46225],[-102.70441,21.46411]]],[[[-102.71909,21.46745],[-102.72289,21.46652],[-102.72138,21.46466],[-102.72413,21.46462],[-102.72819,21.45983],[-102.72097,21.45891],[-102.71999,21.46226],[-102.71717,21.46154],[-102.71769,21.46444],[-102.71964,21.4642],[-102.71909,21.46745]]],[[[-102.72957,21.47168],[-102.73395,21.47177],[-102.73386,21.46935],[-102.72963,21.46913],[-102.72973,21.46766],[-102.72404,21.46762],[-102.72306,21.46914],[-102.7184,21.46937],[-102.71978,21.4709],[-102.72195,21.46967],[-102.72512,21.47107],[-102.72556,21.47329],[-102.72957,21.47168]]],[[[-102.71556,21.46123],[-102.71688,21.45962],[-102.71259,21.459],[-102.71556,21.46123]]],[[[-102.6647,21.47676],[-102.66699,21.47491],[-102.66404,21.47517],[-102.6647,21.47676]]],[[[-102.69474,21.38624],[-102.6965,21.38952],[-102.69705,21.38777],[-102.69474,21.38624]]],[[[-102.6949,21.38225],[-102.69475,21.38615],[-102.69736,21.38583],[-102.6949,21.38225]]],[[[-102.69397,21.36972],[-102.69217,21.37831],[-102.69491,21.382],[-102.69601,21.38182],[-102.69319,21.37677],[-102.69496,21.37424],[-102.69397,21.36972]]],[[[-102.68568,21.36508],[-102.6832,21.36883],[-102.68691,21.36716],[-102.68568,21.36508]]],[[[-102.69433,21.35146],[-102.69599,21.35162],[-102.69698,21.34819],[-102.69455,21.34794],[-102.69433,21.35146]]],[[[-102.637,21.46499],[-102.63992,21.46416],[-102.63851,21.46406],[-102.63814,21.46026],[-102.6367,21.46474],[-102.63676,21.4648],[-102.637,21.46499]]],[[[-102.64643,21.45132],[-102.64585,21.44911],[-102.64473,21.45012],[-102.64643,21.45132]]],[[[-102.64766,21.45876],[-102.64943,21.45552],[-102.64714,21.45674],[-102.64766,21.45876]]],[[[-102.64122,21.46083],[-102.64529,21.46084],[-102.64027,21.45834],[-102.64122,21.46083]]],[[[-102.64215,21.45757],[-102.64632,21.45772],[-102.64649,21.4552],[-102.64438,21.45648],[-102.64307,21.45463],[-102.64215,21.45757]]],[[[-102.65247,21.43215],[-102.65231,21.43136],[-102.65205,21.43225],[-102.65206,21.43225],[-102.65247,21.43215]]],[[[-102.65198,21.4374],[-102.65245,21.43749],[-102.65256,21.43739],[-102.65198,21.4374]]],[[[-102.65274,21.43722],[-102.65353,21.43627],[-102.65314,21.43615],[-102.65245,21.43597],[-102.6514,21.43703],[-102.6516,21.43713],[-102.65178,21.43721],[-102.65274,21.43722]]],[[[-103.09159,21.44974],[-103.09175,21.44963],[-103.09088,21.44762],[-103.08628,21.44696],[-103.08403,21.44335],[-103.07939,21.44496],[-103.07835,21.4474],[-103.07927,21.45009],[-103.08823,21.45018],[-103.09114,21.45129],[-103.09159,21.45129],[-103.09159,21.45046],[-103.09159,21.44975],[-103.09159,21.44974]]],[[[-103.09065,21.45296],[-103.09076,21.45296],[-103.09076,21.45278],[-103.09065,21.45296]]],[[[-103.09036,21.46045],[-103.09076,21.46045],[-103.08999,21.45511],[-103.08679,21.46012],[-103.09036,21.46045]]],[[[-103.08752,21.47841],[-103.08659,21.47627],[-103.08659,21.47585],[-103.08384,21.47744],[-103.08696,21.47897],[-103.08508,21.48255],[-103.0867,21.4852],[-103.09019,21.48621],[-103.08702,21.48773],[-103.0905,21.48863],[-103.08929,21.49117],[-103.09067,21.49333],[-103.09309,21.49351],[-103.09341,21.49698],[-103.09791,21.49951],[-103.09974,21.49831],[-103.09933,21.50177],[-103.10102,21.50116],[-103.10075,21.49875],[-103.10431,21.49965],[-103.10742,21.496],[-103.10857,21.49724],[-103.10745,21.50124],[-103.11235,21.50321],[-103.11364,21.49815],[-103.11747,21.4957],[-103.12095,21.49537],[-103.11922,21.49189],[-103.11655,21.49018],[-103.11323,21.49021],[-103.10931,21.49505],[-103.10401,21.49458],[-103.10278,21.49799],[-103.09999,21.49652],[-103.10114,21.49209],[-103.09885,21.4947],[-103.09679,21.49276],[-103.09896,21.48729],[-103.08977,21.4801],[-103.08752,21.47841]]],[[[-103.10491,21.48545],[-103.10479,21.48645],[-103.10772,21.48799],[-103.10748,21.48554],[-103.10491,21.48545]]],[[[-103.10158,21.48231],[-103.10158,21.48293],[-103.10206,21.48293],[-103.10158,21.48231]]],[[[-103.09921,21.48038],[-103.09908,21.48127],[-103.09992,21.4821],[-103.10132,21.4821],[-103.09921,21.48038]]],[[[-103.10343,21.47864],[-103.10644,21.47751],[-103.10431,21.47427],[-103.10756,21.47374],[-103.10887,21.47169],[-103.10346,21.46929],[-103.10158,21.47377],[-103.10241,21.4746],[-103.1022,21.47689],[-103.09965,21.47946],[-103.10451,21.48065],[-103.11113,21.4843],[-103.1076,21.48059],[-103.10343,21.47864]]],[[[-103.11042,21.44942],[-103.10835,21.45495],[-103.10491,21.45712],[-103.10658,21.45795],[-103.10824,21.45878],[-103.10408,21.46461],[-103.10491,21.46545],[-103.1039,21.46861],[-103.10929,21.46946],[-103.11175,21.46574],[-103.10885,21.46594],[-103.11232,21.4637],[-103.11115,21.46142],[-103.11246,21.45952],[-103.11425,21.46107],[-103.11897,21.45991],[-103.11492,21.45934],[-103.11059,21.45592],[-103.11042,21.44942]]],[[[-103.08476,21.50177],[-103.08419,21.50197],[-103.0857,21.50476],[-103.09031,21.50848],[-103.09315,21.50732],[-103.0973,21.51382],[-103.09992,21.52594],[-103.10583,21.52911],[-103.10871,21.53251],[-103.10791,21.5288],[-103.10418,21.52762],[-103.10249,21.52538],[-103.1003,21.51888],[-103.10121,21.51618],[-103.09947,21.51207],[-103.09725,21.50999],[-103.09615,21.50675],[-103.09237,21.50529],[-103.08965,21.50603],[-103.08603,21.5017],[-103.08476,21.50177]]],[[[-103.08223,21.49279],[-103.08144,21.49664],[-103.0841,21.49309],[-103.08634,21.49745],[-103.08791,21.4966],[-103.0945,21.5016],[-103.09903,21.50195],[-103.09715,21.49995],[-103.08941,21.4964],[-103.08854,21.49237],[-103.0865,21.49373],[-103.08411,21.49014],[-103.08223,21.49279]]],[[[-103.04421,21.50737],[-103.04858,21.5084],[-103.0489,21.50587],[-103.0513,21.50639],[-103.05304,21.50366],[-103.06004,21.50733],[-103.06079,21.50481],[-103.05816,21.50356],[-103.05702,21.50101],[-103.05368,21.50339],[-103.04598,21.50123],[-103.04421,21.50737]]],[[[-103.08215,21.51148],[-103.08239,21.50678],[-103.08074,21.50586],[-103.07935,21.51056],[-103.07451,21.50889],[-103.07278,21.51394],[-103.06993,21.51618],[-103.07479,21.51569],[-103.07697,21.51149],[-103.08215,21.51148]]],[[[-103.04492,21.51373],[-103.04852,21.51082],[-103.04316,21.50971],[-103.04188,21.51311],[-103.04492,21.51373]]],[[[-103.03719,21.51355],[-103.03694,21.51641],[-103.03992,21.51423],[-103.03719,21.51355]]],[[[-103.00934,21.49731],[-103.01104,21.49802],[-103.01234,21.49503],[-103.01357,21.49652],[-103.01637,21.49596],[-103.0178,21.48984],[-103.01933,21.49066],[-103.02257,21.48783],[-103.02542,21.48722],[-103.0193,21.4847],[-103.01922,21.48734],[-103.01515,21.48446],[-103.01439,21.48946],[-103.0168,21.49087],[-103.01462,21.49529],[-103.01229,21.49409],[-103.00934,21.49731]]],[[[-102.97531,21.49623],[-102.97738,21.49462],[-102.97944,21.48727],[-102.97836,21.48603],[-102.97602,21.48888],[-102.97662,21.49203],[-102.97176,21.49592],[-102.97531,21.49623]]],[[[-103.0088,21.48571],[-103.00928,21.48867],[-103.01291,21.48394],[-103.0088,21.48571]]],[[[-102.99966,21.48318],[-103.00221,21.48409],[-103.0032,21.48201],[-102.99966,21.48318]]],[[[-102.97335,21.48254],[-102.97623,21.48284],[-102.97773,21.4809],[-102.97483,21.47836],[-102.97082,21.47665],[-102.97335,21.48254]]],[[[-103.04323,21.48413],[-103.04484,21.48402],[-103.04527,21.47924],[-103.04419,21.47598],[-103.04541,21.47412],[-103.03883,21.47342],[-103.03865,21.47538],[-103.0424,21.47959],[-103.04119,21.48356],[-103.04323,21.48413]]],[[[-103.03674,21.4863],[-103.03702,21.4827],[-103.03421,21.48501],[-103.03257,21.48281],[-103.02871,21.48526],[-103.03215,21.48487],[-103.03674,21.4863]]],[[[-103.01371,21.48441],[-103.01681,21.48375],[-103.01377,21.48216],[-103.01371,21.48441]]],[[[-103.01869,21.48264],[-103.01738,21.48032],[-103.0155,21.48142],[-103.01869,21.48264]]],[[[-102.98992,21.47951],[-102.99244,21.4809],[-102.99284,21.47772],[-102.98992,21.47951]]],[[[-103.05689,21.48506],[-103.05452,21.48248],[-103.05538,21.48587],[-103.05689,21.48506]]],[[[-103.08167,21.49217],[-103.08256,21.49049],[-103.08041,21.48715],[-103.07688,21.4879],[-103.08047,21.49157],[-103.08167,21.49217]]],[[[-103.07229,21.4926],[-103.07286,21.49135],[-103.0768,21.49151],[-103.0748,21.48721],[-103.07447,21.48973],[-103.07014,21.48973],[-103.07227,21.4926],[-103.07229,21.4926]]],[[[-103.02739,21.49642],[-103.03032,21.4962],[-103.03218,21.49204],[-103.0304,21.48943],[-103.02537,21.48929],[-103.02816,21.49124],[-103.03018,21.49445],[-103.02779,21.49401],[-103.02739,21.49642]]],[[[-103.01665,21.47295],[-103.01666,21.47158],[-103.01221,21.4719],[-103.01665,21.47295]]],[[[-103.01353,21.46423],[-103.01103,21.46711],[-103.01653,21.46473],[-103.0151,21.46322],[-103.01528,21.45736],[-103.01264,21.4612],[-103.01353,21.46423]]],[[[-103.0384,21.45427],[-103.03874,21.45688],[-103.04084,21.45448],[-103.03633,21.4521],[-103.03642,21.4505],[-103.0312,21.44498],[-103.03284,21.44127],[-103.02931,21.44421],[-103.02719,21.4402],[-103.02678,21.44319],[-103.02125,21.44186],[-103.01749,21.43854],[-103.01829,21.44082],[-103.01268,21.4433],[-103.01364,21.44557],[-103.0194,21.44706],[-103.02058,21.45034],[-103.02527,21.45212],[-103.02716,21.44945],[-103.03125,21.45101],[-103.03433,21.44879],[-103.03499,21.45191],[-103.0384,21.45427]],[[-103.02751,21.44745],[-103.02659,21.44493],[-103.02952,21.44705],[-103.02751,21.44745]]],[[[-103.02744,21.4626],[-103.02943,21.45601],[-103.02667,21.45732],[-103.02744,21.4626]]],[[[-103.01197,21.45758],[-103.01473,21.45795],[-103.01316,21.45593],[-103.01197,21.45758]]],[[[-103.04508,21.45755],[-103.04924,21.45665],[-103.04711,21.45406],[-103.04472,21.45533],[-103.04508,21.45755]]],[[[-103.07428,21.45305],[-103.07515,21.45132],[-103.07226,21.44659],[-103.0721,21.45214],[-103.07428,21.45305]]],[[[-103.05349,21.46074],[-103.05286,21.46433],[-103.05519,21.46136],[-103.05349,21.46074]]],[[[-103.08784,21.4746],[-103.0882,21.47317],[-103.08808,21.47051],[-103.08456,21.46865],[-103.07963,21.46956],[-103.07781,21.46884],[-103.07666,21.47123],[-103.07431,21.46958],[-103.07199,21.47183],[-103.06613,21.46907],[-103.06693,21.46577],[-103.06197,21.46206],[-103.06279,21.46911],[-103.06474,21.47172],[-103.06808,21.47297],[-103.06838,21.47462],[-103.07282,21.47274],[-103.07667,21.47293],[-103.0803,21.47695],[-103.08743,21.475],[-103.08784,21.4746]]],[[[-103.05591,21.48183],[-103.05881,21.48195],[-103.05904,21.48006],[-103.05581,21.4792],[-103.05591,21.48183]]],[[[-103.04767,21.47364],[-103.05123,21.47441],[-103.04812,21.47009],[-103.04666,21.47003],[-103.04767,21.47364]]],[[[-103.02677,21.47422],[-103.02548,21.4715],[-103.02333,21.47311],[-103.02677,21.47422]]],[[[-103.08768,21.46762],[-103.08743,21.46711],[-103.08786,21.46628],[-103.08676,21.46392],[-103.08048,21.46384],[-103.08012,21.46173],[-103.07782,21.46334],[-103.07689,21.46674],[-103.0793,21.46854],[-103.08309,21.46746],[-103.08768,21.46762]]],[[[-102.99126,21.44253],[-102.99573,21.4404],[-102.99666,21.4374],[-102.99287,21.43589],[-102.99347,21.43857],[-102.99046,21.44151],[-102.99126,21.44253]]],[[[-103.0219,21.43833],[-103.02232,21.43409],[-103.01945,21.4332],[-103.01829,21.43637],[-103.0219,21.43833]]],[[[-102.99735,21.43067],[-102.99594,21.43441],[-103.00234,21.43112],[-103.00038,21.42946],[-102.99735,21.43067]]],[[[-103.02379,21.43319],[-103.02616,21.432],[-103.02694,21.42907],[-103.02496,21.42884],[-103.02379,21.43319]]],[[[-103.03381,21.43197],[-103.034,21.43106],[-103.03355,21.42916],[-103.0285,21.43504],[-103.03248,21.43456],[-103.03381,21.43197]]],[[[-103.0748,21.43927],[-103.07472,21.44057],[-103.07764,21.43815],[-103.08515,21.4369],[-103.08434,21.43309],[-103.08161,21.43608],[-103.07346,21.43743],[-103.0748,21.43927]]],[[[-103.08339,21.44052],[-103.08677,21.43918],[-103.08412,21.43846],[-103.08339,21.44052]]],[[[-103.09614,21.44296],[-103.09363,21.43978],[-103.08968,21.44094],[-103.09575,21.44345],[-103.09614,21.44296]]],[[[-103.09345,21.44629],[-103.094,21.44361],[-103.092,21.44355],[-103.09326,21.44639],[-103.09345,21.44629]]],[[[-103.07189,21.44393],[-103.07674,21.44491],[-103.07485,21.44256],[-103.07189,21.44393]]],[[[-103.10703,21.50312],[-103.10484,21.50261],[-103.10963,21.50959],[-103.1098,21.50667],[-103.10703,21.50312]]],[[[-103.11994,21.50288],[-103.12388,21.50464],[-103.12637,21.5074],[-103.12959,21.5034],[-103.12732,21.50113],[-103.12295,21.5022],[-103.12599,21.49915],[-103.12424,21.49847],[-103.11936,21.5013],[-103.11994,21.50288]]],[[[-103.15703,21.50391],[-103.16275,21.5019],[-103.16143,21.49622],[-103.15848,21.49497],[-103.15843,21.49837],[-103.15634,21.50208],[-103.15703,21.50391]]],[[[-103.17439,21.50079],[-103.17844,21.4994],[-103.17631,21.49667],[-103.17439,21.50079]]],[[[-103.13513,21.50879],[-103.13627,21.51001],[-103.13724,21.50599],[-103.13567,21.50489],[-103.13513,21.50879]]],[[[-103.16501,21.51255],[-103.16702,21.51105],[-103.16489,21.50884],[-103.16501,21.51255]]],[[[-103.14025,21.51499],[-103.1473,21.51492],[-103.14477,21.51206],[-103.13673,21.51243],[-103.14025,21.51499]]],[[[-103.11683,21.51139],[-103.11745,21.5102],[-103.11043,21.50993],[-103.11217,21.51113],[-103.11683,21.51139]]],[[[-103.14524,21.52289],[-103.14642,21.51939],[-103.14262,21.51909],[-103.14212,21.5214],[-103.14524,21.52289]]],[[[-103.13968,21.52131],[-103.14045,21.52417],[-103.142,21.52304],[-103.13968,21.52131]]],[[[-103.15487,21.5242],[-103.15518,21.52517],[-103.15993,21.5215],[-103.15981,21.52022],[-103.15556,21.5223],[-103.15487,21.5242]]],[[[-103.14786,21.52202],[-103.14963,21.52172],[-103.14778,21.51923],[-103.14786,21.52202]]],[[[-103.12272,21.52846],[-103.12408,21.53011],[-103.12502,21.52726],[-103.12157,21.52581],[-103.12272,21.52846]]],[[[-103.13966,21.4827],[-103.13948,21.48466],[-103.146,21.47925],[-103.14267,21.47771],[-103.1367,21.47847],[-103.13335,21.47745],[-103.13159,21.48024],[-103.13747,21.48031],[-103.13835,21.47881],[-103.14199,21.48136],[-103.13966,21.4827]]],[[[-103.12479,21.48285],[-103.12771,21.4841],[-103.13027,21.48326],[-103.12862,21.48012],[-103.12479,21.48285]]],[[[-103.11831,21.48099],[-103.11971,21.48014],[-103.11818,21.47682],[-103.11574,21.47582],[-103.11292,21.47871],[-103.11831,21.48099]]],[[[-103.12174,21.47762],[-103.12655,21.48036],[-103.12879,21.47715],[-103.12604,21.47495],[-103.12275,21.47458],[-103.12174,21.47762]]],[[[-103.1389,21.47218],[-103.13937,21.4745],[-103.14187,21.47361],[-103.14225,21.46977],[-103.14391,21.46625],[-103.13449,21.46714],[-103.13915,21.47011],[-103.1389,21.47218]]],[[[-103.12049,21.47152],[-103.12238,21.47085],[-103.11643,21.46682],[-103.11727,21.46537],[-103.12155,21.46644],[-103.12582,21.46947],[-103.12587,21.46629],[-103.1308,21.46562],[-103.13199,21.468],[-103.13312,21.46579],[-103.13027,21.46168],[-103.12751,21.46075],[-103.1263,21.46581],[-103.11961,21.46426],[-103.12019,21.46252],[-103.11736,21.46242],[-103.11829,21.46488],[-103.11513,21.46466],[-103.11638,21.46782],[-103.11765,21.46842],[-103.11708,21.47086],[-103.11963,21.46962],[-103.12049,21.47152]]],[[[-103.14189,21.46212],[-103.14479,21.46153],[-103.13632,21.45968],[-103.14189,21.46212]]],[[[-103.11926,21.44354],[-103.11907,21.4438],[-103.11907,21.44463],[-103.11907,21.44546],[-103.1199,21.44621],[-103.11926,21.44354]]],[[[-103.03199,21.42464],[-103.03123,21.42082],[-103.0275,21.41965],[-103.02693,21.42258],[-103.03199,21.42464]]],[[[-102.96811,21.42063],[-102.96539,21.42224],[-102.96928,21.42178],[-102.96811,21.42063]]],[[[-103.01135,21.41026],[-103.01034,21.41174],[-103.01404,21.41396],[-103.01442,21.40981],[-103.01135,21.41026]]],[[[-102.99988,21.50771],[-103.00268,21.50866],[-103.00428,21.50615],[-102.99974,21.5061],[-102.99988,21.50771]]]]},"properties":{"POTENCIAL":"MEDIO"}}
]}