{"type":"FeatureCollection", "features": [
{"type":"Feature","geometry":{"type":"MultiPolygon","coordinates":[[[[-102.23387,22.80543],[-102.23365,22.80517],[-102.23336,22.80484],[-102.23032,22.80139],[-102.22822,22.80064],[-102.2245,22.81221],[-102.22426,22.81296],[-102.22396,22.81388],[-102.22626,22.8158],[-102.23501,22.80703],[-102.23387,22.80543]]],[[[-102.2322,22.82079],[-102.24121,22.81814],[-102.23416,22.80853],[-102.22883,22.81479],[-102.23042,22.81929],[-102.2322,22.82079]]],[[[-102.67805,22.81622],[-102.68223,22.81679],[-102.68225,22.81679],[-102.68392,22.81544],[-102.68157,22.81013],[-102.67739,22.80948],[-102.67805,22.81622]]],[[[-102.69721,22.80645],[-102.71117,22.807],[-102.71168,22.80212],[-102.70794,22.80217],[-102.70909,22.79761],[-102.70751,22.79293],[-102.70005,22.79431],[-102.69998,22.80012],[-102.69721,22.80645]]],[[[-102.69433,22.79995],[-102.69839,22.79744],[-102.69679,22.79286],[-102.6936,22.79277],[-102.69425,22.78815],[-102.69871,22.79048],[-102.70021,22.78472],[-102.69543,22.78336],[-102.69518,22.78097],[-102.68943,22.78377],[-102.67412,22.78072],[-102.66967,22.78343],[-102.678,22.78609],[-102.67915,22.78987],[-102.6852,22.79253],[-102.6934,22.79413],[-102.69433,22.79995]]],[[[-102.68647,22.7727],[-102.69608,22.77533],[-102.69697,22.76969],[-102.70236,22.76843],[-102.70192,22.76148],[-102.69813,22.76192],[-102.67516,22.75651],[-102.67518,22.75342],[-102.67899,22.75085],[-102.67138,22.7508],[-102.66918,22.75769],[-102.67344,22.75609],[-102.67179,22.76548],[-102.66975,22.76402],[-102.66552,22.76983],[-102.67823,22.77206],[-102.67859,22.76877],[-102.68347,22.77303],[-102.68647,22.7727]]],[[[-102.65333,22.76441],[-102.65805,22.76525],[-102.65693,22.76836],[-102.66099,22.7691],[-102.66055,22.76556],[-102.65421,22.76405],[-102.65333,22.76441]]],[[[-102.62664,22.75209],[-102.63384,22.75225],[-102.63056,22.75014],[-102.62664,22.75209]]],[[[-102.6234,22.75037],[-102.62343,22.75107],[-102.62356,22.75136],[-102.62527,22.75176],[-102.6234,22.75037]]],[[[-102.6539,22.75267],[-102.65439,22.7528],[-102.65871,22.75474],[-102.66203,22.74613],[-102.66594,22.74779],[-102.66213,22.75074],[-102.66534,22.75259],[-102.67354,22.7403],[-102.6701,22.73837],[-102.67501,22.73796],[-102.68919,22.71488],[-102.67776,22.71225],[-102.67501,22.72887],[-102.67159,22.73363],[-102.6691,22.73356],[-102.66671,22.73969],[-102.65804,22.73807],[-102.65234,22.74403],[-102.65176,22.75074],[-102.6539,22.75267]]],[[[-102.60856,22.74796],[-102.61129,22.7468],[-102.61282,22.74514],[-102.60687,22.74823],[-102.60856,22.74796]]],[[[-102.70826,22.71392],[-102.71273,22.71545],[-102.71248,22.72216],[-102.70041,22.72199],[-102.70013,22.72609],[-102.70622,22.72755],[-102.72913,22.72779],[-102.72931,22.73058],[-102.72169,22.7297],[-102.72316,22.75797],[-102.72706,22.76627],[-102.72363,22.76849],[-102.73174,22.76797],[-102.73431,22.76164],[-102.73175,22.76197],[-102.73154,22.7569],[-102.72931,22.75535],[-102.73515,22.75035],[-102.72395,22.74384],[-102.73194,22.74038],[-102.7326,22.73342],[-102.73655,22.72965],[-102.73609,22.72166],[-102.73116,22.72026],[-102.73089,22.71511],[-102.73564,22.71769],[-102.7323,22.7132],[-102.72087,22.71375],[-102.71923,22.70911],[-102.71157,22.70863],[-102.71429,22.71411],[-102.70826,22.71392]]],[[[-102.70826,22.71392],[-102.71005,22.70607],[-102.70713,22.70634],[-102.70676,22.71388],[-102.70826,22.71392]]],[[[-102.69127,22.72034],[-102.69897,22.71915],[-102.69757,22.71355],[-102.69141,22.71604],[-102.69127,22.72034]]],[[[-102.70044,22.71916],[-102.705,22.71934],[-102.70367,22.71377],[-102.70062,22.71363],[-102.70044,22.71916]]],[[[-102.69899,22.71161],[-102.7039,22.70818],[-102.70562,22.69961],[-102.69945,22.69936],[-102.69197,22.71136],[-102.69899,22.71161]]],[[[-102.70714,22.70538],[-102.71187,22.69988],[-102.70735,22.701],[-102.70714,22.70538]]],[[[-102.72577,22.70322],[-102.72018,22.70299],[-102.72027,22.70605],[-102.72577,22.70322]]],[[[-102.71395,22.76672],[-102.71428,22.76891],[-102.72239,22.76855],[-102.72313,22.76635],[-102.71395,22.76672]]],[[[-102.67945,22.73889],[-102.67672,22.7426],[-102.68338,22.74267],[-102.68356,22.74036],[-102.69007,22.74045],[-102.69056,22.73568],[-102.67833,22.73606],[-102.67945,22.73889]]],[[[-102.68318,22.7273],[-102.68415,22.72908],[-102.69098,22.72931],[-102.69115,22.72275],[-102.68804,22.72263],[-102.68318,22.7273]]],[[[-102.6906,22.6795],[-102.69173,22.68105],[-102.7069,22.68629],[-102.72904,22.66662],[-102.72624,22.66481],[-102.71979,22.66637],[-102.72196,22.67011],[-102.71359,22.66776],[-102.70725,22.66861],[-102.70571,22.67113],[-102.7126,22.67325],[-102.71056,22.67592],[-102.70618,22.6762],[-102.70343,22.67235],[-102.70373,22.67905],[-102.69976,22.67852],[-102.69958,22.67428],[-102.69482,22.67515],[-102.69278,22.67129],[-102.68949,22.67351],[-102.6803,22.67181],[-102.68249,22.67545],[-102.68874,22.67679],[-102.68684,22.67994],[-102.6906,22.6795]]],[[[-102.72491,22.66428],[-102.7292,22.66554],[-102.73094,22.66071],[-102.72714,22.66016],[-102.72491,22.66428]]],[[[-102.75024,22.63079],[-102.74887,22.63509],[-102.75517,22.63001],[-102.75469,22.6221],[-102.76062,22.6223],[-102.76129,22.61888],[-102.75809,22.61782],[-102.75217,22.62196],[-102.75431,22.62922],[-102.75024,22.63079]]],[[[-102.76377,22.62416],[-102.77616,22.62308],[-102.77677,22.61783],[-102.77985,22.61638],[-102.7746,22.61518],[-102.7658,22.61824],[-102.76377,22.62416]]],[[[-102.74724,22.60841],[-102.75343,22.61078],[-102.75404,22.60916],[-102.74797,22.60622],[-102.74724,22.60841]]],[[[-102.76161,22.60072],[-102.76036,22.60834],[-102.7656,22.59909],[-102.76161,22.60072]]],[[[-102.77288,22.59944],[-102.77599,22.598],[-102.76955,22.59561],[-102.76829,22.59813],[-102.77288,22.59944]]],[[[-102.77441,22.59602],[-102.78336,22.60051],[-102.7846,22.59859],[-102.77287,22.59312],[-102.77441,22.59602]]],[[[-102.7552,22.62216],[-102.7557,22.62594],[-102.75843,22.62369],[-102.7552,22.62216]]],[[[-102.77569,22.59096],[-102.78025,22.59017],[-102.78111,22.58665],[-102.77616,22.5862],[-102.77328,22.58907],[-102.77569,22.59096]]],[[[-102.78589,22.58753],[-102.79087,22.58828],[-102.79185,22.58461],[-102.78659,22.58399],[-102.78589,22.58753]]],[[[-102.87273,22.29726],[-102.87678,22.29824],[-102.87611,22.29222],[-102.87383,22.29278],[-102.86695,22.28897],[-102.87199,22.29649],[-102.87273,22.29726]]],[[[-102.87782,22.29781],[-102.88073,22.2909],[-102.87684,22.29153],[-102.87782,22.29781]]],[[[-102.04906,22.5514],[-102.04841,22.55966],[-102.04405,22.55868],[-102.04045,22.56129],[-102.03716,22.57123],[-102.04585,22.57451],[-102.05605,22.57234],[-102.05182,22.57065],[-102.05536,22.5628],[-102.05713,22.56355],[-102.05569,22.55328],[-102.05054,22.55149],[-102.04906,22.5514]]],[[[-101.95266,22.14313],[-101.94983,22.14753],[-101.94838,22.15344],[-101.95015,22.15693],[-101.95036,22.15762],[-101.95034,22.15798],[-101.9584,22.15036],[-101.9568,22.15464],[-101.95941,22.15894],[-101.96024,22.15629],[-101.95736,22.14519],[-101.9625,22.1412],[-101.96698,22.13135],[-101.97039,22.1308],[-101.9694,22.12642],[-101.97204,22.12223],[-101.97448,22.11924],[-101.97751,22.11642],[-101.97375,22.11448],[-101.97049,22.11275],[-101.97295,22.11405],[-101.96611,22.12242],[-101.95923,22.12373],[-101.96102,22.13072],[-101.95732,22.1355],[-101.95705,22.13909],[-101.95266,22.14313]]],[[[-102.01939,22.1579],[-102.01891,22.15393],[-102.01708,22.15396],[-102.013,22.15724],[-102.01939,22.1579]]],[[[-101.94921,22.16256],[-101.95087,22.16403],[-101.95171,22.16486],[-101.95197,22.16484],[-101.94921,22.16256]]],[[[-101.97709,22.13624],[-101.9769,22.1358],[-101.97025,22.13545],[-101.97375,22.1437],[-101.97585,22.14456],[-101.97407,22.13802],[-101.97709,22.13624]]],[[[-101.81933,22.04042],[-101.82015,22.04246],[-101.82028,22.0425],[-101.81933,22.04042]]],[[[-102.2812,23.01956],[-102.28267,23.01959],[-102.29102,23.01208],[-102.29389,23.00724],[-102.30171,23.0079],[-102.30888,23.00083],[-102.31182,23.00366],[-102.31268,23.00982],[-102.31836,23.01404],[-102.31985,23.02013],[-102.32536,23.02702],[-102.33643,23.02332],[-102.33854,23.01682],[-102.34429,23.0113],[-102.33846,23.01125],[-102.33856,23.00382],[-102.33686,23.00219],[-102.33433,22.99048],[-102.33101,22.98634],[-102.32897,22.9779],[-102.32517,22.96466],[-102.32418,22.9616],[-102.32354,22.95963],[-102.31665,22.95973],[-102.31569,22.95482],[-102.31552,22.95396],[-102.3148,22.95115],[-102.31276,22.95129],[-102.3123,22.95704],[-102.30236,22.95776],[-102.30191,22.96335],[-102.31181,22.96258],[-102.31548,22.96789],[-102.32135,22.96934],[-102.32044,22.97308],[-102.31694,22.97533],[-102.31191,22.97385],[-102.31188,22.97385],[-102.31131,22.97416],[-102.31102,22.98506],[-102.30963,22.99228],[-102.302,22.99201],[-102.29928,22.99918],[-102.29007,22.99994],[-102.28922,23.00256],[-102.29486,23.00476],[-102.2812,23.01956]]],[[[-102.28692,23.09908],[-102.28726,23.09825],[-102.28643,23.09832],[-102.28692,23.09908]]],[[[-102.41062,23.11597],[-102.41007,23.11955],[-102.40509,23.12865],[-102.40148,23.13149],[-102.41922,23.13445],[-102.42131,23.13476],[-102.42837,23.13281],[-102.43346,23.12633],[-102.45639,23.0946],[-102.43099,23.09463],[-102.42866,23.08761],[-102.4253,23.0945],[-102.41857,23.09035],[-102.4181,23.09471],[-102.41781,23.09738],[-102.42011,23.09776],[-102.41603,23.11539],[-102.41062,23.11597]]],[[[-102.42176,23.14328],[-102.41902,23.15323],[-102.41974,23.15463],[-102.42107,23.15523],[-102.42836,23.15254],[-102.42955,23.15907],[-102.4366,23.16229],[-102.43752,23.16134],[-102.44123,23.15747],[-102.44284,23.15597],[-102.44357,23.15561],[-102.44513,23.15485],[-102.44264,23.15146],[-102.44393,23.14769],[-102.44745,23.14593],[-102.44817,23.14442],[-102.44344,23.1391],[-102.44496,23.13706],[-102.44033,23.13168],[-102.44157,23.12992],[-102.4482,23.13895],[-102.45239,23.13885],[-102.45432,23.12468],[-102.45606,23.12211],[-102.45663,23.12127],[-102.45735,23.12022],[-102.45822,23.11806],[-102.45213,23.11528],[-102.45479,23.11095],[-102.45864,23.11516],[-102.45919,23.10782],[-102.46207,23.10227],[-102.46932,23.09443],[-102.457,23.09456],[-102.45378,23.09912],[-102.42821,23.13441],[-102.43686,23.13645],[-102.4388,23.13377],[-102.44293,23.13851],[-102.44074,23.14092],[-102.43777,23.13765],[-102.43564,23.14025],[-102.42485,23.13905],[-102.42176,23.14328]]],[[[-102.31093,23.19722],[-102.31057,23.19817],[-102.31066,23.19814],[-102.31093,23.19722]]],[[[-102.31471,23.17508],[-102.31391,23.17485],[-102.31462,23.17544],[-102.31471,23.17508]]],[[[-102.31224,23.1732],[-102.31307,23.17402],[-102.31224,23.17319],[-102.31224,23.1732]]],[[[-102.28643,23.09888],[-102.28643,23.09908],[-102.28656,23.09908],[-102.28643,23.09888]]],[[[-102.30794,23.19784],[-102.30808,23.19734],[-102.30757,23.19748],[-102.30794,23.19784]]],[[[-102.48792,23.08688],[-102.48801,23.08691],[-102.48918,23.08704],[-102.49041,23.08392],[-102.48792,23.08688]]],[[[-102.41603,23.10193],[-102.41304,23.1066],[-102.41632,23.10688],[-102.41603,23.10193]]],[[[-102.34513,22.99915],[-102.34597,23.00708],[-102.34476,23.01061],[-102.35002,23.0079],[-102.3582,22.99999],[-102.35824,22.99992],[-102.35827,22.99977],[-102.35899,22.99769],[-102.35937,22.99821],[-102.3634,22.9959],[-102.36359,22.99587],[-102.37005,22.99424],[-102.36132,22.99171],[-102.36812,22.9791],[-102.35755,22.98212],[-102.35064,22.98862],[-102.34656,22.99105],[-102.34512,22.99626],[-102.35007,22.99206],[-102.34794,23.00332],[-102.34513,22.99915]]],[[[-102.40427,22.87493],[-102.40493,22.86813],[-102.40352,22.87345],[-102.39928,22.87092],[-102.40273,22.86858],[-102.39857,22.86826],[-102.40263,22.86351],[-102.40238,22.86381],[-102.40208,22.86418],[-102.39934,22.8677],[-102.40273,22.86777],[-102.40315,22.86289],[-102.40294,22.85477],[-102.39943,22.85478],[-102.39645,22.86939],[-102.39668,22.86934],[-102.39731,22.86876],[-102.39823,22.8682],[-102.39827,22.86836],[-102.39827,22.86837],[-102.398,22.86855],[-102.39587,22.87055],[-102.39563,22.87121],[-102.39974,22.87429],[-102.40427,22.87493]]],[[[-102.41536,22.86872],[-102.4188,22.87675],[-102.41868,22.87194],[-102.42296,22.87192],[-102.42013,22.86806],[-102.42031,22.86234],[-102.41857,22.85617],[-102.40911,22.86203],[-102.40869,22.86664],[-102.4099,22.86409],[-102.41451,22.86653],[-102.41494,22.86762],[-102.41536,22.86872]]],[[[-102.40613,22.86802],[-102.40839,22.86729],[-102.40813,22.86235],[-102.4044,22.86232],[-102.40376,22.86796],[-102.40613,22.86802]]],[[[-102.40664,22.84608],[-102.40799,22.84618],[-102.40912,22.84627],[-102.41053,22.84513],[-102.40908,22.85031],[-102.41448,22.85304],[-102.41577,22.84355],[-102.41459,22.83815],[-102.41512,22.83695],[-102.41616,22.83518],[-102.41752,22.8351],[-102.42376,22.8352],[-102.42462,22.82872],[-102.42092,22.82639],[-102.4275,22.82694],[-102.42808,22.82427],[-102.42231,22.8248],[-102.42304,22.81989],[-102.42585,22.81711],[-102.42772,22.80879],[-102.42974,22.79103],[-102.43454,22.79146],[-102.43731,22.78689],[-102.4359,22.78119],[-102.44206,22.77334],[-102.44946,22.77115],[-102.45356,22.76276],[-102.45859,22.75867],[-102.45779,22.75496],[-102.45377,22.75172],[-102.44694,22.7534],[-102.44571,22.75177],[-102.43783,22.75293],[-102.43885,22.75761],[-102.431,22.75847],[-102.42603,22.75276],[-102.43183,22.76357],[-102.42831,22.77274],[-102.42818,22.7734],[-102.43173,22.77656],[-102.42879,22.78465],[-102.42562,22.78427],[-102.42399,22.79126],[-102.42034,22.79405],[-102.41846,22.79712],[-102.41571,22.80253],[-102.41505,22.80663],[-102.41504,22.80671],[-102.41172,22.81472],[-102.41129,22.82111],[-102.41254,22.82313],[-102.41838,22.82381],[-102.41675,22.83],[-102.41346,22.82478],[-102.41081,22.82641],[-102.40527,22.82655],[-102.40261,22.83275],[-102.40155,22.82931],[-102.3987,22.83286],[-102.40018,22.8473],[-102.40528,22.84739],[-102.40664,22.84608]]],[[[-102.42601,22.90171],[-102.42685,22.90045],[-102.42674,22.90052],[-102.42665,22.90057],[-102.42601,22.90171]]],[[[-102.42929,22.86658],[-102.43326,22.86572],[-102.43189,22.86121],[-102.42888,22.86114],[-102.42887,22.85713],[-102.42525,22.85529],[-102.42405,22.86189],[-102.42806,22.86313],[-102.42929,22.86658]]],[[[-102.40414,22.85981],[-102.40978,22.86037],[-102.40994,22.85119],[-102.4042,22.85451],[-102.40414,22.85981]]],[[[-102.43842,22.86256],[-102.43589,22.85963],[-102.44131,22.85993],[-102.44442,22.85712],[-102.43271,22.85637],[-102.43363,22.85951],[-102.43842,22.86256]]],[[[-102.42608,22.87681],[-102.42259,22.88223],[-102.42442,22.88421],[-102.42608,22.87681]]],[[[-102.42608,22.87681],[-102.42498,22.87293],[-102.42097,22.87664],[-102.42608,22.87681]]],[[[-103.83737,22.57413],[-103.84581,22.57317],[-103.84048,22.57229],[-103.83737,22.57413]]],[[[-103.81824,22.57696],[-103.8319,22.57391],[-103.83533,22.57405],[-103.83197,22.57182],[-103.82501,22.57097],[-103.82623,22.57282],[-103.81824,22.57696]]],[[[-103.83024,22.58641],[-103.83191,22.58559],[-103.83249,22.58558],[-103.83287,22.58573],[-103.83287,22.5859],[-103.83867,22.58192],[-103.83872,22.58193],[-103.84017,22.58126],[-103.84074,22.58116],[-103.8417,22.57996],[-103.84214,22.57959],[-103.84268,22.57925],[-103.84383,22.5791],[-103.84416,22.57912],[-103.84225,22.57831],[-103.83407,22.57912],[-103.83103,22.58438],[-103.83024,22.58641]]],[[[-103.84552,22.51376],[-103.84859,22.51834],[-103.84937,22.51419],[-103.84552,22.51376]]],[[[-103.84157,22.46516],[-103.84097,22.46628],[-103.84251,22.46676],[-103.84157,22.46516]]],[[[-103.05624,22.5415],[-103.05638,22.54235],[-103.05692,22.54383],[-103.05714,22.54424],[-103.0572,22.54435],[-103.05548,22.54289],[-103.0549,22.53995],[-103.05008,22.54861],[-103.05866,22.54663],[-103.05874,22.54646],[-103.05876,22.54634],[-103.05872,22.54091],[-103.05624,22.5415]]],[[[-103.06181,22.51945],[-103.06261,22.51528],[-103.05903,22.51818],[-103.06181,22.51945]]],[[[-103.07336,22.47732],[-103.07383,22.48142],[-103.07161,22.48959],[-103.07403,22.48746],[-103.07575,22.48104],[-103.07336,22.47732]]],[[[-103.04312,22.51626],[-103.03768,22.5198],[-103.04058,22.52296],[-103.04039,22.52331],[-103.04027,22.52798],[-103.03684,22.53489],[-103.04594,22.53888],[-103.04303,22.54662],[-103.04713,22.54842],[-103.04523,22.55324],[-103.04155,22.5487],[-103.03148,22.57653],[-103.03257,22.58074],[-103.03868,22.58522],[-103.0376,22.58858],[-103.04855,22.59152],[-103.05328,22.58935],[-103.05783,22.59147],[-103.06105,22.58539],[-103.05716,22.57929],[-103.05608,22.57806],[-103.05268,22.5699],[-103.05237,22.56822],[-103.04806,22.55203],[-103.04787,22.55167],[-103.04803,22.55145],[-103.04875,22.5503],[-103.04966,22.54874],[-103.04707,22.54402],[-103.05128,22.54577],[-103.05453,22.53946],[-103.05335,22.53515],[-103.05799,22.53429],[-103.0566,22.53173],[-103.05544,22.52923],[-103.05766,22.52476],[-103.05843,22.51835],[-103.05634,22.51161],[-103.05141,22.51559],[-103.05035,22.52001],[-103.04538,22.52854],[-103.04297,22.52595],[-103.04557,22.51629],[-103.04385,22.51503],[-103.04312,22.51626]],[[-103.05114,22.58615],[-103.05262,22.58164],[-103.05608,22.58245],[-103.05114,22.58615]],[[-103.0453,22.58135],[-103.0505,22.5771],[-103.05061,22.57975],[-103.04585,22.58416],[-103.0453,22.58135]]],[[[-103.56892,23.99605],[-103.56848,23.99324],[-103.56792,23.99079],[-103.56333,23.99167],[-103.56417,23.99632],[-103.56892,23.99605]]],[[[-103.43569,23.98594],[-103.43763,23.99695],[-103.43817,23.99997],[-103.43266,23.9992],[-103.4301,24.00167],[-103.43011,24.01186],[-103.43453,24.01263],[-103.43393,24.00844],[-103.43968,24.00838],[-103.43906,24.00518],[-103.45386,24.00501],[-103.45937,24.00352],[-103.45962,23.99774],[-103.45231,23.99363],[-103.4513,23.98318],[-103.43569,23.98594]]],[[[-103.31561,23.98984],[-103.31428,23.98876],[-103.31049,23.98567],[-103.30971,23.98502],[-103.30944,23.98479],[-103.3026,23.97911],[-103.3044,23.97587],[-103.29391,23.97224],[-103.29133,23.97841],[-103.29778,23.98335],[-103.29939,23.97992],[-103.30106,23.98147],[-103.29881,23.98649],[-103.3005,23.98806],[-103.29697,23.99618],[-103.29978,24.00068],[-103.30533,24.0038],[-103.30016,24.01489],[-103.30355,24.01364],[-103.31054,24.01716],[-103.31342,24.01555],[-103.3091,24.02541],[-103.31169,24.0227],[-103.31531,24.02394],[-103.31388,24.02732],[-103.32,24.02962],[-103.31846,24.03299],[-103.32862,24.03691],[-103.33514,24.02757],[-103.31993,24.0257],[-103.32142,24.02235],[-103.31685,24.02064],[-103.32681,23.99904],[-103.32146,23.99459],[-103.31561,23.98984]]],[[[-103.40397,23.9468],[-103.39599,23.94522],[-103.39478,23.94887],[-103.38798,23.94778],[-103.38672,23.95051],[-103.38083,23.94827],[-103.37976,23.95609],[-103.37619,23.95969],[-103.39409,23.96594],[-103.39454,23.96496],[-103.40819,23.96622],[-103.41232,23.96493],[-103.41029,23.95337],[-103.40669,23.95217],[-103.40591,23.948],[-103.40397,23.9468]]],[[[-103.3061,23.94162],[-103.31333,23.94419],[-103.31542,23.9405],[-103.31924,23.94183],[-103.32119,23.93792],[-103.31699,23.93655],[-103.31963,23.93328],[-103.31153,23.9347],[-103.31573,23.93615],[-103.314,23.93986],[-103.30809,23.93802],[-103.3061,23.94162]]],[[[-103.66831,23.92416],[-103.67237,23.92414],[-103.67347,23.91979],[-103.66947,23.9197],[-103.66831,23.92416]]],[[[-103.3149,23.98196],[-103.32097,23.97744],[-103.31783,23.97616],[-103.3149,23.98196]]],[[[-101.39332,21.99814],[-101.39103,21.99545],[-101.39596,21.99127],[-101.39464,21.98828],[-101.39712,21.98606],[-101.39859,21.98476],[-101.39939,21.98404],[-101.39955,21.98389],[-101.39854,21.983],[-101.39656,21.98122],[-101.39762,21.97626],[-101.39548,21.96805],[-101.39357,21.96809],[-101.39162,21.96982],[-101.38636,21.97388],[-101.38399,21.97399],[-101.38392,21.97409],[-101.38392,21.97412],[-101.38395,21.9748],[-101.38401,21.97604],[-101.38444,21.9823],[-101.38352,21.98217],[-101.37659,21.98118],[-101.37657,21.98127],[-101.37631,21.98172],[-101.37606,21.98201],[-101.37595,21.98226],[-101.37575,21.98271],[-101.37567,21.983],[-101.38911,21.98428],[-101.39076,21.99821],[-101.39332,21.99814]]],[[[-101.41347,21.99832],[-101.40887,21.99903],[-101.40907,22.00208],[-101.4143,22.00156],[-101.41347,21.99832]]],[[[-101.49957,22.04722],[-101.50524,22.04946],[-101.50517,22.04605],[-101.49957,22.04722]]],[[[-101.38758,22.01795],[-101.39095,22.01459],[-101.39156,22.00743],[-101.39107,22.00682],[-101.37456,22.00825],[-101.36859,22.01093],[-101.37625,22.01392],[-101.38594,22.01456],[-101.38758,22.01795]]],[[[-101.40041,21.95944],[-101.40061,21.96003],[-101.40354,21.96124],[-101.4029,21.95609],[-101.40154,21.95677],[-101.40067,21.95776],[-101.40041,21.95944]]],[[[-102.48108,23.06023],[-102.48302,23.05314],[-102.48377,23.05179],[-102.48585,23.04274],[-102.48838,23.03784],[-102.49863,23.03636],[-102.50166,23.03222],[-102.50173,23.02787],[-102.49645,23.03034],[-102.49567,23.03101],[-102.49192,23.03425],[-102.48979,23.02986],[-102.48993,23.02315],[-102.48222,23.0215],[-102.45963,23.01905],[-102.45917,23.02287],[-102.45581,23.0228],[-102.45669,23.0256],[-102.44746,23.03206],[-102.4475,23.04367],[-102.43763,23.04214],[-102.43748,23.04872],[-102.43217,23.05055],[-102.438,23.04958],[-102.43996,23.05761],[-102.43671,23.06619],[-102.43458,23.07806],[-102.42939,23.08463],[-102.43417,23.08504],[-102.43306,23.08961],[-102.43963,23.09038],[-102.44668,23.08942],[-102.44739,23.08245],[-102.45347,23.0864],[-102.4494,23.0861],[-102.44948,23.08893],[-102.45346,23.08787],[-102.45356,23.09094],[-102.45926,23.09057],[-102.48108,23.06023]]],[[[-102.38104,22.95418],[-102.38281,22.95072],[-102.37709,22.95004],[-102.37813,22.94783],[-102.38304,22.94819],[-102.38244,22.94441],[-102.38125,22.94371],[-102.38059,22.94332],[-102.38047,22.94325],[-102.37719,22.94172],[-102.37469,22.94338],[-102.37302,22.94421],[-102.37315,22.94426],[-102.3736,22.94444],[-102.37362,22.94481],[-102.37302,22.94544],[-102.37302,22.94588],[-102.37302,22.94671],[-102.37302,22.94754],[-102.37302,22.94838],[-102.37469,22.95087],[-102.37719,22.95337],[-102.37763,22.95376],[-102.37964,22.95696],[-102.38104,22.95418]]],[[[-102.41023,22.96773],[-102.41021,22.9673],[-102.41004,22.96409],[-102.40999,22.96328],[-102.40997,22.96281],[-102.41284,22.96375],[-102.41817,22.96168],[-102.41641,22.95643],[-102.40985,22.96078],[-102.40263,22.96076],[-102.40278,22.96666],[-102.39898,22.96602],[-102.39917,22.95985],[-102.39538,22.96138],[-102.39559,22.97338],[-102.40284,22.9761],[-102.41058,22.97737],[-102.41023,22.96773]]],[[[-102.41443,22.96793],[-102.41285,22.96819],[-102.41221,22.97732],[-102.41536,22.97677],[-102.41443,22.96793]]],[[[-102.44494,22.92489],[-102.43749,22.92835],[-102.43451,22.93281],[-102.43685,22.93759],[-102.44831,22.93564],[-102.44788,22.93774],[-102.45395,22.93807],[-102.4572,22.92884],[-102.44494,22.92489]]],[[[-102.42852,22.89821],[-102.42827,22.8986],[-102.43087,22.90349],[-102.43418,22.89995],[-102.42852,22.89821]]],[[[-102.62585,22.97406],[-102.63136,22.97417],[-102.63144,22.97179],[-102.62588,22.97173],[-102.62585,22.97406]]],[[[-102.6226,22.98639],[-102.62576,22.98457],[-102.62851,22.98516],[-102.62951,22.97958],[-102.6258,22.97958],[-102.62281,22.97966],[-102.6226,22.98639]]],[[[-102.57434,23.06854],[-102.57862,23.06995],[-102.58105,23.06712],[-102.57674,23.06555],[-102.57434,23.06854]]],[[[-102.46007,23.01526],[-102.46477,23.01752],[-102.46395,23.00913],[-102.4602,23.01381],[-102.45274,23.00869],[-102.45259,23.01024],[-102.46007,23.01526]]],[[[-102.58989,23.00941],[-102.59255,23.0053],[-102.59739,23.00543],[-102.59763,22.99598],[-102.5951,22.99595],[-102.59502,23.00223],[-102.59257,23.0052],[-102.58906,23.00497],[-102.58989,23.00941]]],[[[-102.44725,23.00385],[-102.46181,23.00298],[-102.46303,22.99819],[-102.46288,22.98874],[-102.45987,22.98555],[-102.44731,22.98782],[-102.44725,23.00385]]],[[[-102.59716,22.98954],[-102.59968,22.99052],[-102.60497,22.98224],[-102.60254,22.98119],[-102.59716,22.98954]]],[[[-102.58919,22.98284],[-102.59178,22.98376],[-102.59584,22.97786],[-102.59137,22.97925],[-102.58919,22.98284]]],[[[-102.60652,22.97947],[-102.60928,22.98437],[-102.61424,22.97641],[-102.60966,22.97417],[-102.60652,22.97947]]],[[[-102.42411,22.94078],[-102.42493,22.94375],[-102.42761,22.94017],[-102.42411,22.94078]]],[[[-102.59195,22.93522],[-102.60165,22.93565],[-102.60483,22.93003],[-102.59343,22.92933],[-102.59195,22.93522]]],[[[-102.46126,22.93294],[-102.46503,22.93088],[-102.46141,22.92992],[-102.46126,22.93294]]],[[[-102.16961,22.68808],[-102.16771,22.68082],[-102.16631,22.68464],[-102.16877,22.68918],[-102.16961,22.68808]]],[[[-102.12788,22.55745],[-102.12816,22.55332],[-102.12828,22.55168],[-102.12919,22.53849],[-102.13218,22.539],[-102.12927,22.53709],[-102.1217,22.53166],[-102.10646,22.53411],[-102.10169,22.53414],[-102.10158,22.53414],[-102.10116,22.53413],[-102.1007,22.53414],[-102.09409,22.53372],[-102.08993,22.53372],[-102.08743,22.53455],[-102.0912,22.53994],[-102.09365,22.54879],[-102.09113,22.55305],[-102.08721,22.5541],[-102.09157,22.55359],[-102.09921,22.55231],[-102.10237,22.55528],[-102.10945,22.55476],[-102.10458,22.56056],[-102.11657,22.56327],[-102.1206,22.55838],[-102.12787,22.5575],[-102.12788,22.55745]]],[[[-102.22168,22.68967],[-102.22788,22.68803],[-102.2308,22.68502],[-102.22041,22.68033],[-102.21636,22.68539],[-102.22168,22.68967]]],[[[-102.23592,22.64185],[-102.23633,22.63862],[-102.23154,22.63877],[-102.23168,22.64199],[-102.23592,22.64185]]],[[[-102.22517,22.6121],[-102.21728,22.6161],[-102.21418,22.62125],[-102.22782,22.62176],[-102.22778,22.61956],[-102.22698,22.6184],[-102.22693,22.61833],[-102.22618,22.61596],[-102.22559,22.61372],[-102.22517,22.6121]]],[[[-102.3193,22.60917],[-102.32046,22.60861],[-102.31319,22.60554],[-102.31761,22.60924],[-102.3193,22.60917]]],[[[-102.31248,22.60559],[-102.30935,22.60584],[-102.3066,22.60265],[-102.30172,22.59844],[-102.30189,22.59633],[-102.30156,22.59625],[-102.30144,22.60361],[-102.30274,22.60585],[-102.31193,22.60789],[-102.31248,22.60559]]],[[[-102.23573,22.58069],[-102.23492,22.5808],[-102.23451,22.58086],[-102.23327,22.58202],[-102.23556,22.58486],[-102.23798,22.58244],[-102.23813,22.58035],[-102.23577,22.58068],[-102.23573,22.58069]]],[[[-102.2751,22.58188],[-102.26555,22.58167],[-102.26455,22.58501],[-102.2751,22.58188]]],[[[-102.33173,22.61155],[-102.3314,22.61581],[-102.34243,22.61537],[-102.34135,22.61115],[-102.33173,22.61155]]],[[[-102.69443,22.89323],[-102.69309,22.88862],[-102.68929,22.89528],[-102.69443,22.89323]]],[[[-102.68623,22.90628],[-102.68819,22.90626],[-102.69024,22.90268],[-102.68621,22.90269],[-102.68288,22.90631],[-102.68623,22.90628]]],[[[-102.66554,22.8557],[-102.66488,22.86032],[-102.67233,22.86144],[-102.67324,22.85688],[-102.66947,22.85626],[-102.67025,22.85205],[-102.66649,22.85156],[-102.66554,22.8557]]],[[[-102.68975,22.85122],[-102.69636,22.8497],[-102.69523,22.8444],[-102.69231,22.84404],[-102.68975,22.85122]]],[[[-102.68195,22.84908],[-102.68503,22.84956],[-102.68574,22.84504],[-102.68273,22.84467],[-102.68195,22.84908]]],[[[-102.70858,22.84581],[-102.71114,22.84611],[-102.71366,22.84179],[-102.71289,22.83606],[-102.70127,22.84255],[-102.70895,22.84348],[-102.70858,22.84581]]],[[[-102.67525,22.83178],[-102.67604,22.83406],[-102.68729,22.83581],[-102.68797,22.83151],[-102.68411,22.83071],[-102.68483,22.82624],[-102.68113,22.82576],[-102.6804,22.8301],[-102.67557,22.82954],[-102.67525,22.83178]]],[[[-102.7286,22.85512],[-102.73148,22.85517],[-102.73242,22.85062],[-102.72947,22.85058],[-102.7286,22.85512]]],[[[-102.69412,22.8649],[-102.69818,22.86],[-102.69394,22.86034],[-102.69412,22.8649]]],[[[-102.71207,22.86396],[-102.71574,22.86182],[-102.71706,22.8571],[-102.71432,22.85702],[-102.71207,22.86396]]],[[[-102.68757,22.8577],[-102.69272,22.85971],[-102.69315,22.85667],[-102.68772,22.85528],[-102.68757,22.8577]]],[[[-102.71561,22.87414],[-102.72137,22.87447],[-102.72269,22.8677],[-102.71973,22.86743],[-102.71561,22.87414]]],[[[-102.66556,22.88225],[-102.65615,22.87986],[-102.65853,22.88555],[-102.66207,22.88176],[-102.66556,22.88225]]],[[[-102.66918,22.87843],[-102.66902,22.88274],[-102.66797,22.89123],[-102.67,22.89147],[-102.67219,22.88317],[-102.67459,22.88352],[-102.67785,22.87539],[-102.67368,22.87911],[-102.66918,22.87843]]],[[[-102.65406,22.879],[-102.6507,22.87597],[-102.64435,22.87489],[-102.64295,22.87831],[-102.64803,22.88389],[-102.64949,22.8801],[-102.65406,22.879]]],[[[-102.63262,22.87013],[-102.63942,22.87424],[-102.63427,22.86832],[-102.63262,22.87013]]],[[[-102.68874,22.87879],[-102.67841,22.8773],[-102.67709,22.88216],[-102.68862,22.88353],[-102.68874,22.87879]]],[[[-102.66805,22.89855],[-102.67639,22.89805],[-102.68252,22.89548],[-102.6697,22.89506],[-102.66805,22.89855]]],[[[-102.67086,22.91111],[-102.67398,22.90942],[-102.6717,22.90426],[-102.66672,22.90558],[-102.67086,22.91111]]],[[[-102.66167,22.91048],[-102.66404,22.90617],[-102.65863,22.90726],[-102.66167,22.91048]]],[[[-102.68018,22.82097],[-102.68397,22.82151],[-102.6849,22.81797],[-102.68071,22.81823],[-102.68018,22.82097]]],[[[-103.57959,24.17848],[-103.58023,24.17974],[-103.58093,24.17955],[-103.57959,24.17848]]],[[[-103.60396,24.15303],[-103.60577,24.15115],[-103.61955,24.12256],[-103.62201,24.11746],[-103.62202,24.11746],[-103.63597,24.11029],[-103.64043,24.11738],[-103.64079,24.11796],[-103.64501,24.12466],[-103.64518,24.12494],[-103.65439,24.13956],[-103.65603,24.14224],[-103.65806,24.14554],[-103.66007,24.14884],[-103.66036,24.14933],[-103.66991,24.14412],[-103.67238,24.14277],[-103.66518,24.14149],[-103.66003,24.13485],[-103.658,24.12917],[-103.65826,24.12136],[-103.65427,24.11543],[-103.65397,24.11041],[-103.66216,24.10594],[-103.65913,24.09977],[-103.65832,24.09879],[-103.65204,24.09785],[-103.64134,24.09195],[-103.6382,24.09603],[-103.63697,24.09178],[-103.63315,24.0937],[-103.62982,24.09195],[-103.62006,24.09487],[-103.61896,24.09678],[-103.61886,24.09681],[-103.61058,24.10148],[-103.60764,24.10893],[-103.606,24.11159],[-103.605,24.11306],[-103.60463,24.11362],[-103.60426,24.1139],[-103.60131,24.11486],[-103.5996,24.11539],[-103.59477,24.1164],[-103.59243,24.12041],[-103.59411,24.12765],[-103.58498,24.1336],[-103.57634,24.13883],[-103.57318,24.14684],[-103.56737,24.15639],[-103.56934,24.16592],[-103.57661,24.16694],[-103.58727,24.17043],[-103.60396,24.15303]]],[[[-103.40358,24.07469],[-103.39844,24.0681],[-103.40243,24.06454],[-103.40968,24.06089],[-103.41088,24.06196],[-103.41092,24.05888],[-103.38826,24.05881],[-103.38836,24.05632],[-103.36861,24.05649],[-103.36869,24.06936],[-103.36441,24.07149],[-103.36597,24.07821],[-103.36861,24.07964],[-103.37546,24.07717],[-103.38484,24.07661],[-103.38968,24.08311],[-103.40342,24.07737],[-103.38731,24.07712],[-103.38833,24.07439],[-103.40358,24.07469]]],[[[-103.52687,24.29171],[-103.52896,24.29226],[-103.52857,24.29199],[-103.52687,24.29171]]],[[[-103.47898,24.29608],[-103.482,24.29505],[-103.49483,24.29526],[-103.4999,24.29299],[-103.49472,24.29276],[-103.48128,24.28876],[-103.4792,24.28954],[-103.47898,24.29608]]],[[[-103.32919,24.01755],[-103.33909,24.01927],[-103.34247,24.01183],[-103.33953,24.00928],[-103.33318,24.00875],[-103.32919,24.01755]]],[[[-102.23871,22.38086],[-102.24265,22.37883],[-102.24275,22.37878],[-102.24897,22.38591],[-102.24904,22.3854],[-102.25044,22.3789],[-102.25313,22.37861],[-102.25205,22.37435],[-102.25132,22.37435],[-102.24624,22.37418],[-102.23849,22.37407],[-102.23636,22.37444],[-102.2347,22.37359],[-102.22889,22.37443],[-102.23264,22.37857],[-102.23871,22.38086]]],[[[-102.2864,22.45337],[-102.29694,22.45305],[-102.29586,22.44777],[-102.29554,22.44622],[-102.29537,22.4455],[-102.29441,22.44078],[-102.29009,22.41994],[-102.29008,22.41992],[-102.28992,22.41985],[-102.28912,22.4194],[-102.28842,22.41833],[-102.2881,22.41728],[-102.28742,22.41615],[-102.2872,22.41611],[-102.28493,22.41684],[-102.28437,22.41627],[-102.28335,22.41595],[-102.28254,22.41563],[-102.28184,22.4138],[-102.27761,22.41411],[-102.27725,22.4139],[-102.27696,22.41368],[-102.27684,22.41338],[-102.2766,22.41334],[-102.27642,22.41332],[-102.27335,22.41391],[-102.27161,22.41255],[-102.27099,22.41206],[-102.27254,22.40964],[-102.27301,22.40883],[-102.2704,22.40791],[-102.26878,22.40748],[-102.26838,22.4072],[-102.2681,22.407],[-102.2674,22.40657],[-102.2664,22.40449],[-102.26571,22.4042],[-102.26397,22.39911],[-102.26076,22.39868],[-102.26055,22.39537],[-102.25866,22.39326],[-102.25788,22.39279],[-102.25011,22.38745],[-102.25394,22.39427],[-102.2639,22.40895],[-102.26604,22.40638],[-102.26876,22.41187],[-102.26559,22.41327],[-102.2638,22.40911],[-102.25949,22.41622],[-102.26187,22.42083],[-102.26482,22.43492],[-102.26311,22.43797],[-102.26541,22.44195],[-102.27108,22.44597],[-102.2777,22.44745],[-102.28423,22.44586],[-102.2864,22.45337]],[[-102.26463,22.4276],[-102.26741,22.42711],[-102.26934,22.43238],[-102.26511,22.43238],[-102.26463,22.4276]]],[[[-102.08456,22.34914],[-102.08632,22.35662],[-102.08711,22.3522],[-102.09054,22.34919],[-102.08456,22.34914]]],[[[-102.0793,22.31212],[-102.07576,22.3154],[-102.08014,22.31854],[-102.0793,22.31212]]],[[[-101.96471,22.23627],[-101.96503,22.23717],[-101.96598,22.24169],[-101.9708,22.24624],[-101.96685,22.25229],[-101.97248,22.25353],[-101.96737,22.25558],[-101.96536,22.25381],[-101.96591,22.25637],[-101.9696,22.25946],[-101.96948,22.26522],[-101.96543,22.26452],[-101.96384,22.26926],[-101.95916,22.27157],[-101.95989,22.27652],[-101.95683,22.2815],[-101.95369,22.28226],[-101.95631,22.29001],[-101.96336,22.28855],[-101.9676,22.292],[-101.96998,22.28584],[-101.96317,22.28306],[-101.97311,22.27727],[-101.96897,22.27098],[-101.97257,22.26903],[-101.9738,22.26509],[-101.9782,22.26711],[-101.9775,22.26265],[-101.9864,22.26238],[-101.98866,22.26451],[-101.9911,22.2591],[-101.99282,22.26389],[-102.00208,22.26694],[-101.99768,22.27219],[-101.99965,22.27469],[-101.99378,22.27331],[-101.99447,22.27615],[-101.9909,22.28528],[-101.98285,22.2835],[-101.97531,22.29805],[-101.97059,22.29722],[-101.97065,22.29986],[-101.96445,22.3075],[-101.96046,22.30755],[-101.95762,22.31423],[-101.96617,22.3141],[-101.96542,22.31138],[-101.96919,22.31035],[-101.96384,22.32068],[-101.95908,22.3237],[-101.95083,22.32356],[-101.95071,22.32493],[-101.95231,22.3271],[-101.9531,22.32818],[-101.95738,22.33013],[-101.96551,22.32424],[-101.96608,22.32383],[-101.96796,22.3235],[-101.96829,22.32351],[-101.9773,22.33033],[-101.99056,22.32455],[-101.99747,22.32697],[-101.9998,22.32204],[-102.00272,22.33179],[-102.00719,22.32836],[-102.01423,22.32645],[-102.01622,22.3193],[-102.02198,22.31425],[-102.02288,22.30764],[-102.02708,22.30457],[-102.03389,22.30351],[-102.03722,22.30528],[-102.04332,22.31387],[-102.05388,22.31921],[-102.05442,22.31993],[-102.06023,22.3243],[-102.07056,22.3165],[-102.07022,22.30783],[-102.07222,22.30492],[-102.06739,22.30328],[-102.06362,22.30199],[-102.06248,22.30161],[-102.05861,22.30064],[-102.0567,22.29993],[-102.0576,22.29615],[-102.05566,22.29531],[-102.0565,22.2948],[-102.0576,22.29414],[-102.05841,22.29365],[-102.05121,22.29121],[-102.04179,22.29523],[-102.04155,22.29545],[-102.03734,22.29909],[-102.03179,22.2889],[-102.03076,22.28893],[-102.0288,22.27863],[-102.03105,22.27432],[-102.02981,22.27057],[-102.02921,22.26901],[-102.02916,22.26903],[-102.02907,22.26906],[-102.02856,22.26922],[-102.02821,22.2679],[-102.02814,22.26764],[-102.0283,22.26646],[-102.0284,22.26599],[-102.02581,22.25624],[-102.02376,22.25146],[-102.02249,22.24164],[-102.00965,22.24154],[-102.00487,22.24141],[-102.00212,22.24136],[-102.00151,22.23898],[-101.99975,22.23173],[-101.9893,22.23192],[-101.98744,22.22649],[-101.98511,22.22724],[-101.983,22.23452],[-101.98706,22.23674],[-101.98156,22.23665],[-101.98197,22.23171],[-101.9689,22.23146],[-101.97647,22.23277],[-101.97484,22.23645],[-101.96471,22.23627]],[[-101.97569,22.3029],[-101.97844,22.30083],[-101.98316,22.29153],[-101.9892,22.29221],[-101.98874,22.29672],[-101.99286,22.29689],[-101.99241,22.30153],[-101.98429,22.30103],[-101.97967,22.31006],[-101.97319,22.30971],[-101.97569,22.3029]]],[[[-102.95124,22.79767],[-102.95087,22.79933],[-102.95097,22.79933],[-102.95124,22.79767]]],[[[-102.94773,22.79315],[-102.95235,22.78775],[-102.95542,22.78047],[-102.9543,22.77344],[-102.95406,22.77258],[-102.95381,22.77165],[-102.95359,22.77085],[-102.95415,22.76316],[-102.95239,22.75835],[-102.95664,22.75098],[-102.96087,22.74854],[-102.95969,22.75339],[-102.96333,22.74925],[-102.96496,22.74366],[-102.96351,22.74092],[-102.96101,22.74437],[-102.96147,22.73828],[-102.96364,22.74063],[-102.96368,22.74053],[-102.96392,22.73999],[-102.96505,22.73991],[-102.9676,22.72758],[-102.97056,22.71928],[-102.97002,22.71542],[-102.97946,22.70758],[-102.98224,22.7085],[-102.98074,22.69975],[-102.98386,22.69296],[-102.98608,22.68386],[-102.98222,22.68137],[-102.98156,22.67398],[-102.98341,22.67153],[-102.98133,22.66688],[-102.97803,22.67314],[-102.97352,22.67018],[-102.97666,22.66898],[-102.97752,22.66474],[-102.97259,22.66489],[-102.97157,22.66847],[-102.96154,22.67482],[-102.96335,22.67768],[-102.95909,22.68156],[-102.95823,22.68879],[-102.9546,22.68768],[-102.95414,22.68222],[-102.9499,22.68315],[-102.95118,22.68857],[-102.96397,22.69262],[-102.96361,22.69658],[-102.95647,22.70461],[-102.95627,22.70853],[-102.95268,22.71106],[-102.95836,22.71121],[-102.96071,22.71551],[-102.96333,22.7146],[-102.9568,22.7215],[-102.94739,22.7277],[-102.94459,22.73301],[-102.93422,22.73567],[-102.9316,22.73919],[-102.92693,22.73725],[-102.92458,22.74179],[-102.91869,22.74755],[-102.92149,22.74926],[-102.92641,22.74747],[-102.93037,22.7415],[-102.92771,22.74966],[-102.92378,22.74911],[-102.92206,22.7534],[-102.9165,22.75719],[-102.9102,22.7565],[-102.90686,22.75896],[-102.91047,22.7597],[-102.90961,22.76445],[-102.91184,22.76935],[-102.91539,22.7673],[-102.9195,22.76809],[-102.92037,22.77233],[-102.92414,22.77162],[-102.92653,22.77482],[-102.92793,22.77063],[-102.931,22.77014],[-102.92961,22.77714],[-102.93156,22.77803],[-102.93373,22.76699],[-102.92794,22.76594],[-102.92847,22.76263],[-102.93486,22.76369],[-102.93173,22.77954],[-102.93308,22.78437],[-102.93221,22.79012],[-102.93541,22.79124],[-102.94592,22.79406],[-102.94773,22.79315]],[[-102.96305,22.71089],[-102.96245,22.70747],[-102.95787,22.70843],[-102.96422,22.70186],[-102.96817,22.70077],[-102.96543,22.70622],[-102.9688,22.70545],[-102.97054,22.70933],[-102.96305,22.71089]]],[[[-102.88316,22.77031],[-102.88438,22.77322],[-102.88868,22.7676],[-102.88316,22.77031]]],[[[-102.93409,22.69161],[-102.93637,22.68816],[-102.94136,22.68584],[-102.93189,22.68322],[-102.93409,22.69161]]],[[[-102.89088,22.68905],[-102.89867,22.68868],[-102.9105,22.6791],[-102.91313,22.67576],[-102.90974,22.67427],[-102.91346,22.67266],[-102.91596,22.67807],[-102.91111,22.68223],[-102.93345,22.68085],[-102.94092,22.67868],[-102.9439,22.67381],[-102.94262,22.66392],[-102.93863,22.66964],[-102.93068,22.67075],[-102.92775,22.6649],[-102.9262,22.65796],[-102.92138,22.65664],[-102.91805,22.6613],[-102.92317,22.66613],[-102.91171,22.66928],[-102.9037,22.6746],[-102.89126,22.67538],[-102.88892,22.67864],[-102.88943,22.68862],[-102.89088,22.68905]]],[[[-103.00827,22.67116],[-103.01186,22.66795],[-103.00574,22.66187],[-103.00578,22.66913],[-103.00827,22.67116]]],[[[-103.01557,22.66248],[-103.02182,22.65035],[-103.01232,22.6473],[-103.01242,22.64422],[-103.00662,22.6415],[-103.00449,22.64639],[-103.01052,22.65128],[-103.00554,22.65967],[-103.00098,22.65906],[-103.00823,22.66323],[-103.01234,22.66752],[-103.01541,22.66277],[-103.01557,22.66248]]],[[[-103.02374,22.64732],[-103.02742,22.6434],[-103.03893,22.63753],[-103.04075,22.63732],[-103.04076,22.63731],[-103.04307,22.63704],[-103.04547,22.63676],[-103.04512,22.63518],[-103.03263,22.6277],[-103.02455,22.63161],[-103.02147,22.63652],[-103.02135,22.63311],[-103.03207,22.62613],[-103.03407,22.62032],[-103.03017,22.61837],[-103.03235,22.61246],[-103.0365,22.61376],[-103.0381,22.61056],[-103.04338,22.61563],[-103.04987,22.60725],[-103.05689,22.59316],[-103.05463,22.59072],[-103.0466,22.59354],[-103.03606,22.58998],[-103.03598,22.59241],[-103.02973,22.59116],[-103.02729,22.59289],[-103.03029,22.59531],[-103.02789,22.59958],[-103.02298,22.59484],[-103.01595,22.60332],[-103.01491,22.60921],[-103.01239,22.60811],[-103.01032,22.61421],[-103.01271,22.61593],[-103.01358,22.6246],[-103.00765,22.6356],[-103.00697,22.64081],[-103.01404,22.64114],[-103.01854,22.64407],[-103.0199,22.64186],[-103.02461,22.64449],[-103.02374,22.64732]],[[-103.02816,22.63459],[-103.03081,22.6312],[-103.03397,22.63309],[-103.03371,22.63771],[-103.02816,22.63459]],[[-103.01621,22.63368],[-103.01884,22.62724],[-103.02215,22.62918],[-103.0198,22.63384],[-103.01621,22.63368]],[[-103.03398,22.60606],[-103.03468,22.59898],[-103.0366,22.60145],[-103.04101,22.59919],[-103.04111,22.60322],[-103.03709,22.60156],[-103.04003,22.60611],[-103.04391,22.60512],[-103.03845,22.60987],[-103.03398,22.60606]]],[[[-102.99148,22.66329],[-102.99392,22.6673],[-102.99381,22.67216],[-102.99605,22.67267],[-102.99639,22.66571],[-102.99386,22.66213],[-102.98637,22.66055],[-102.98578,22.66292],[-102.99148,22.66329]]],[[[-102.94421,22.66527],[-102.9469,22.66216],[-102.94421,22.66038],[-102.94421,22.66527]]],[[[-103.00489,22.67724],[-103.0065,22.67278],[-103.00297,22.67149],[-103.00248,22.67578],[-103.00489,22.67724]]],[[[-103.00238,22.63493],[-103.00697,22.63742],[-103.0074,22.63543],[-103.01339,22.62392],[-103.01226,22.61581],[-103.00882,22.61812],[-103.0065,22.62407],[-103.00947,22.62626],[-103.0054,22.63459],[-103.00238,22.63493]]],[[[-102.98287,22.63174],[-102.98349,22.63483],[-102.98988,22.6365],[-102.98695,22.63258],[-102.99097,22.6248],[-102.99256,22.63141],[-102.99837,22.634],[-102.99749,22.61994],[-102.99369,22.61922],[-102.98956,22.6218],[-102.98911,22.62376],[-102.98481,22.62531],[-102.98287,22.63174]]],[[[-102.98526,22.62086],[-102.98591,22.62249],[-102.98878,22.61969],[-102.98986,22.62056],[-102.99254,22.6191],[-102.99536,22.61883],[-102.9989,22.61623],[-102.99934,22.61325],[-102.99523,22.61573],[-102.99319,22.61343],[-102.9932,22.61538],[-102.99164,22.61894],[-102.9883,22.61814],[-102.98544,22.62064],[-102.98526,22.62086]]],[[[-102.992,22.61058],[-102.98762,22.61801],[-102.99118,22.6171],[-102.99129,22.61516],[-102.99291,22.61494],[-102.992,22.61058]]],[[[-102.78443,22.60855],[-102.79021,22.61148],[-102.7916,22.60941],[-102.78641,22.60674],[-102.78443,22.60855]]],[[[-102.99952,22.61618],[-103.00102,22.61211],[-103.00317,22.61645],[-103.0089,22.61437],[-103.00949,22.61091],[-103.01801,22.59802],[-103.02404,22.59145],[-103.01756,22.59397],[-103.01141,22.59304],[-103.01032,22.59694],[-103.00758,22.59761],[-103.00672,22.60036],[-103.00485,22.60229],[-103.00111,22.60433],[-103.00036,22.60875],[-102.99786,22.61162],[-102.99954,22.61256],[-102.99952,22.61618]]],[[[-103.00106,22.6014],[-102.99869,22.60886],[-103.00018,22.60789],[-103.00068,22.60269],[-103.00392,22.60237],[-103.01083,22.59276],[-103.00106,22.6014]]],[[[-103.0617,22.60538],[-103.06758,22.59628],[-103.06223,22.59578],[-103.0581,22.5919],[-103.05275,22.60268],[-103.0617,22.60538]]],[[[-103.04814,22.61862],[-103.04804,22.61817],[-103.04798,22.61792],[-103.0481,22.61768],[-103.04972,22.61661],[-103.05495,22.61782],[-103.0554,22.61549],[-103.0547,22.61147],[-103.04864,22.60982],[-103.04469,22.61521],[-103.04814,22.61862]]],[[[-103.04871,22.62113],[-103.04831,22.61939],[-103.0404,22.61995],[-103.03932,22.6261],[-103.04516,22.62818],[-103.04182,22.62323],[-103.04871,22.62113]]],[[[-103.03418,22.61852],[-103.03732,22.62345],[-103.03997,22.61863],[-103.03418,22.61852]]],[[[-102.99118,22.71601],[-102.99235,22.70981],[-102.98455,22.70675],[-102.97981,22.71209],[-102.99118,22.71601]]],[[[-103.02707,22.56914],[-103.0328,22.5713],[-103.04227,22.54626],[-103.02814,22.54442],[-103.03211,22.55719],[-103.02942,22.56203],[-103.02932,22.56768],[-103.02707,22.56914]]],[[[-102.41337,22.92655],[-102.41382,22.92673],[-102.41324,22.92756],[-102.41216,22.92813],[-102.41216,22.92839],[-102.41132,22.93339],[-102.41132,22.93422],[-102.41132,22.93505],[-102.41132,22.93589],[-102.41132,22.93672],[-102.40966,22.94255],[-102.40471,22.94547],[-102.41109,22.94598],[-102.4137,22.94049],[-102.41705,22.95133],[-102.41822,22.94902],[-102.41614,22.94038],[-102.4189,22.93976],[-102.41838,22.93246],[-102.41263,22.93265],[-102.41493,22.9287],[-102.42612,22.92739],[-102.42253,22.92365],[-102.41419,22.92387],[-102.41382,22.9259],[-102.41343,22.92605],[-102.41337,22.92655]]],[[[-102.43207,22.91645],[-102.42819,22.91385],[-102.42848,22.9188],[-102.43207,22.91645]]],[[[-102.43012,22.93322],[-102.42963,22.92824],[-102.42689,22.92876],[-102.43012,22.93322]]],[[[-102.37302,22.94426],[-102.37302,22.94421],[-102.37292,22.94425],[-102.37302,22.94426]]],[[[-102.31257,22.94566],[-102.31186,22.9351],[-102.30693,22.93549],[-102.30565,22.93895],[-102.31048,22.93855],[-102.3103,22.94213],[-102.30389,22.94071],[-102.30338,22.94633],[-102.31257,22.94566]]],[[[-102.29574,22.96701],[-102.29503,22.96943],[-102.30138,22.96899],[-102.30154,22.96665],[-102.29574,22.96701]]],[[[-102.28424,22.87533],[-102.2837,22.87427],[-102.28251,22.87889],[-102.28628,22.8793],[-102.28431,22.87548],[-102.28424,22.87533]]],[[[-102.28253,22.87186],[-102.2821,22.87096],[-102.2795,22.86677],[-102.27728,22.87419],[-102.2832,22.87323],[-102.28253,22.87186]]],[[[-102.26102,22.86436],[-102.26689,22.8643],[-102.26709,22.85475],[-102.26106,22.85456],[-102.26102,22.86436]]],[[[-102.43468,22.74842],[-102.44551,22.74723],[-102.45234,22.75092],[-102.45412,22.74797],[-102.45205,22.74379],[-102.44448,22.74349],[-102.43913,22.73889],[-102.43488,22.74419],[-102.43468,22.74842]]],[[[-102.48466,22.74856],[-102.48759,22.74897],[-102.48425,22.7418],[-102.48477,22.73956],[-102.4781,22.73664],[-102.4685,22.73685],[-102.46631,22.74303],[-102.46991,22.74548],[-102.4776,22.7429],[-102.48224,22.74294],[-102.48174,22.74838],[-102.48466,22.74856]]],[[[-102.4893,22.74818],[-102.49147,22.74963],[-102.49325,22.74436],[-102.49023,22.74263],[-102.4893,22.74818]]],[[[-102.5291,22.65406],[-102.53167,22.65253],[-102.53553,22.64514],[-102.53219,22.64598],[-102.5317,22.65026],[-102.5278,22.65021],[-102.52816,22.64678],[-102.5227,22.64639],[-102.51889,22.65137],[-102.5291,22.65406]]],[[[-102.52804,22.64402],[-102.52929,22.64626],[-102.53506,22.64238],[-102.53099,22.6384],[-102.52635,22.64253],[-102.52804,22.64402]]],[[[-102.48266,22.63203],[-102.4816,22.62555],[-102.47764,22.6245],[-102.48266,22.63203]]],[[[-102.02171,22.70259],[-102.01763,22.70001],[-102.01972,22.69583],[-102.00745,22.69113],[-102.00618,22.69502],[-102.01473,22.70136],[-102.02171,22.70259]]],[[[-102.16556,22.67101],[-102.16272,22.67355],[-102.15914,22.6798],[-102.1605,22.68689],[-102.16341,22.68889],[-102.16598,22.68947],[-102.16087,22.67882],[-102.16806,22.67487],[-102.16556,22.67101]]],[[[-102.07693,22.65405],[-102.08126,22.65231],[-102.08408,22.64496],[-102.08232,22.64147],[-102.06794,22.63591],[-102.06552,22.64043],[-102.06275,22.64085],[-102.05842,22.65077],[-102.06765,22.65389],[-102.06886,22.65108],[-102.07693,22.65405]]],[[[-102.07451,22.61522],[-102.07026,22.6238],[-102.07945,22.62672],[-102.08049,22.62414],[-102.07907,22.61463],[-102.07451,22.61522]]],[[[-102.08481,22.62416],[-102.08926,22.62574],[-102.08415,22.61596],[-102.08128,22.62278],[-102.08481,22.62416]]],[[[-102.1002,22.61015],[-102.10438,22.61271],[-102.10618,22.60505],[-102.10411,22.60418],[-102.1002,22.61015]]],[[[-102.08527,22.60295],[-102.08887,22.60725],[-102.09081,22.60588],[-102.0871,22.6017],[-102.08527,22.60295]]],[[[-102.10158,22.5868],[-102.10106,22.59123],[-102.10492,22.58311],[-102.10158,22.5868]]],[[[-102.09152,22.58577],[-102.09156,22.57912],[-102.08521,22.58241],[-102.09152,22.58577]]],[[[-102.69508,23.00412],[-102.69356,23.00496],[-102.69853,23.01396],[-102.70311,23.00461],[-102.70691,23.00666],[-102.70178,22.99979],[-102.70538,22.99973],[-102.70289,22.99639],[-102.6995,23.00041],[-102.70032,23.00704],[-102.6967,23.00848],[-102.69508,23.00412]]],[[[-102.69256,22.99484],[-102.68954,22.99671],[-102.6898,22.99711],[-102.69041,22.99806],[-102.69508,23.00412],[-102.69733,23.00243],[-102.69256,22.99484]]],[[[-102.81781,22.97691],[-102.82053,22.97702],[-102.82074,22.97487],[-102.81784,22.9752],[-102.81781,22.97691]]],[[[-102.72431,23.03993],[-102.72824,23.03846],[-102.7302,23.03069],[-102.72665,23.03049],[-102.72662,23.03664],[-102.72431,23.03993]]],[[[-102.71972,23.02821],[-102.71897,23.03249],[-102.72177,23.03503],[-102.72182,23.02882],[-102.71972,23.02821]]],[[[-102.74726,23.02665],[-102.75637,23.02696],[-102.75654,23.02382],[-102.75016,23.02649],[-102.75034,23.02216],[-102.74742,23.02213],[-102.74726,23.02665]]],[[[-102.70984,23.02619],[-102.71318,23.02292],[-102.7102,23.01424],[-102.7072,23.01531],[-102.70984,23.02619]]],[[[-102.73134,23.0215],[-102.73981,23.02033],[-102.75095,23.01108],[-102.74738,23.01087],[-102.74657,23.0066],[-102.7412,23.0051],[-102.73325,23.01509],[-102.73134,23.0215]]],[[[-102.72568,23.00712],[-102.728,23.01073],[-102.73063,23.00757],[-102.72568,23.00712]]],[[[-102.78958,23.01356],[-102.79261,23.01257],[-102.79287,23.0082],[-102.78958,23.01356]]],[[[-102.76102,23.02058],[-102.76588,23.02084],[-102.76611,23.01664],[-102.77109,23.01688],[-102.77123,23.01419],[-102.76635,23.01385],[-102.76612,23.01647],[-102.76128,23.01625],[-102.76102,23.02058]]],[[[-102.75777,23.00062],[-102.76242,23.00088],[-102.76254,22.99629],[-102.75798,22.99607],[-102.75777,23.00062]]],[[[-102.71669,22.98599],[-102.71865,22.98409],[-102.7158,22.98073],[-102.71137,22.98227],[-102.71669,22.98599]]],[[[-102.7032,22.97857],[-102.70051,22.97954],[-102.70615,22.98398],[-102.7032,22.97857]]],[[[-102.71615,22.97969],[-102.71762,22.98272],[-102.7223,22.98079],[-102.72063,22.97726],[-102.71615,22.97969]]],[[[-102.8078,22.98152],[-102.80772,22.98417],[-102.81257,22.98414],[-102.81265,22.98143],[-102.8078,22.98152]]],[[[-102.32786,22.42932],[-102.32269,22.42985],[-102.32129,22.43331],[-102.32676,22.43179],[-102.32786,22.42932]]],[[[-102.33452,22.42671],[-102.33222,22.42714],[-102.33139,22.42714],[-102.32938,22.42877],[-102.33452,22.42671]]],[[[-102.34963,22.43762],[-102.34009,22.43599],[-102.3376,22.43342],[-102.33689,22.4269],[-102.33478,22.42673],[-102.32745,22.43463],[-102.34414,22.43907],[-102.34963,22.43762]]],[[[-102.32811,22.47013],[-102.32889,22.47044],[-102.32961,22.47144],[-102.32985,22.47143],[-102.33157,22.46904],[-102.32806,22.46711],[-102.32889,22.46961],[-102.32807,22.46993],[-102.32811,22.47013]]],[[[-102.64474,23.00635],[-102.64835,23.00835],[-102.64646,23.00145],[-102.64474,23.00635]]],[[[-102.67545,23.01725],[-102.67814,23.01141],[-102.67632,23.01025],[-102.6688,23.01439],[-102.6678,23.01293],[-102.65453,23.02033],[-102.65681,23.02288],[-102.6576,23.02287],[-102.65734,23.02063],[-102.66914,23.02082],[-102.67545,23.01725]]],[[[-102.65693,23.00833],[-102.65812,23.01014],[-102.65339,23.01287],[-102.656,23.01657],[-102.66126,23.01373],[-102.65858,23.00985],[-102.66772,23.00315],[-102.66649,23.00091],[-102.65791,23.00575],[-102.65693,23.00833]]],[[[-102.63959,22.98149],[-102.64142,22.98139],[-102.64106,22.9892],[-102.64426,22.98926],[-102.64362,22.99718],[-102.64501,23.00063],[-102.64809,22.99782],[-102.64892,22.97748],[-102.6551,22.97433],[-102.65007,22.9745],[-102.64331,22.97857],[-102.64349,22.96941],[-102.63958,22.96887],[-102.63981,22.97785],[-102.63959,22.98149]]],[[[-102.6803,22.97396],[-102.68699,22.96479],[-102.68597,22.96172],[-102.68025,22.96716],[-102.6803,22.97396]]],[[[-102.65555,22.96501],[-102.65183,22.96852],[-102.65685,22.96674],[-102.65555,22.96501]]],[[[-102.6721,22.95139],[-102.67177,22.95608],[-102.67469,22.9519],[-102.6721,22.95139]]],[[[-102.6721,22.95139],[-102.67885,22.94629],[-102.67729,22.94273],[-102.67156,22.94469],[-102.6721,22.95139]]],[[[-102.65502,22.94653],[-102.65337,22.95058],[-102.65697,22.94881],[-102.65502,22.94653]]],[[[-102.68466,22.94],[-102.68172,22.94124],[-102.68616,22.94323],[-102.68466,22.94]]],[[[-102.77057,22.94279],[-102.78304,22.94272],[-102.78535,22.93845],[-102.77837,22.93818],[-102.77822,22.94047],[-102.77069,22.9403],[-102.77057,22.94279]]],[[[-102.66874,22.93121],[-102.67109,22.93691],[-102.67223,22.93095],[-102.66874,22.93121]]],[[[-102.71949,22.96569],[-102.71842,22.96897],[-102.72254,22.96746],[-102.71949,22.96569]]],[[[-102.68425,22.97999],[-102.68896,22.98064],[-102.69398,22.97759],[-102.68738,22.97302],[-102.68425,22.97999]]],[[[-102.672,22.98862],[-102.67546,22.98663],[-102.67281,22.98275],[-102.67726,22.98199],[-102.67557,22.9795],[-102.6681,22.98358],[-102.672,22.98862]]],[[[-102.6804,22.99443],[-102.68369,22.99254],[-102.68118,22.9887],[-102.6777,22.99072],[-102.6804,22.99443]]],[[[-102.68884,22.98388],[-102.69152,22.98876],[-102.69408,22.98787],[-102.69392,22.98326],[-102.68884,22.98388]]],[[[-102.7946,22.92391],[-102.79853,22.92408],[-102.79815,22.92985],[-102.80214,22.92965],[-102.80261,22.92092],[-102.80053,22.92313],[-102.7946,22.92391]]],[[[-102.72965,22.91578],[-102.73427,22.91615],[-102.73564,22.90946],[-102.73089,22.90909],[-102.72965,22.91578]]],[[[-102.71062,22.91168],[-102.71537,22.91217],[-102.7162,22.90834],[-102.71138,22.90792],[-102.71062,22.91168]]],[[[-102.70035,22.90697],[-102.69958,22.90992],[-102.70391,22.91035],[-102.70035,22.90697]]],[[[-102.73431,22.89574],[-102.73325,22.90096],[-102.73737,22.90128],[-102.73593,22.895],[-102.73431,22.89574]]],[[[-102.74443,22.90043],[-102.74724,22.89673],[-102.7467,22.89188],[-102.74443,22.90043]]],[[[-102.72331,22.89099],[-102.72528,22.8912],[-102.72642,22.8858],[-102.72415,22.88544],[-102.72331,22.89099]]],[[[-102.80687,22.91423],[-102.81068,22.91658],[-102.81082,22.91205],[-102.80687,22.91423]]],[[[-101.84729,22.04073],[-101.83968,22.04028],[-101.84853,22.04194],[-101.84864,22.04165],[-101.84739,22.04089],[-101.84729,22.04073]]],[[[-102.3771,22.95369],[-102.37719,22.95337],[-102.37639,22.9536],[-102.3771,22.95369]]]]},"properties":{"POTENCIAL":"ALTO"}},
{"type":"Feature","geometry":{"type":"MultiPolygon","coordinates":[[[[-103.4576,21.50026],[-103.45921,21.50081],[-103.45984,21.50104],[-103.46368,21.50043],[-103.4666,21.49706],[-103.46322,21.49658],[-103.46481,21.49299],[-103.46749,21.49456],[-103.47008,21.49205],[-103.46772,21.48577],[-103.46757,21.49142],[-103.46563,21.49042],[-103.46611,21.48402],[-103.47028,21.48176],[-103.4763,21.48148],[-103.47571,21.48113],[-103.47456,21.48045],[-103.46964,21.47585],[-103.46923,21.47485],[-103.4696,21.47151],[-103.46781,21.46925],[-103.46789,21.47546],[-103.46108,21.48035],[-103.46171,21.48645],[-103.45745,21.48614],[-103.45555,21.48171],[-103.4582,21.47703],[-103.46486,21.47523],[-103.46564,21.47074],[-103.463,21.46866],[-103.45961,21.4709],[-103.45742,21.46818],[-103.45208,21.47273],[-103.45502,21.47854],[-103.45002,21.48378],[-103.44587,21.48268],[-103.44109,21.48623],[-103.44196,21.4895],[-103.44657,21.49194],[-103.44939,21.48567],[-103.45365,21.48638],[-103.455,21.48941],[-103.45139,21.49341],[-103.45053,21.49784],[-103.453,21.50395],[-103.45748,21.50338],[-103.4576,21.50026]]],[[[-103.38126,21.5151],[-103.38325,21.51261],[-103.38107,21.50606],[-103.38224,21.5017],[-103.37945,21.49986],[-103.37696,21.50266],[-103.37344,21.50181],[-103.374,21.50517],[-103.38073,21.50792],[-103.37776,21.51197],[-103.38126,21.5151]]],[[[-103.41172,21.5284],[-103.41894,21.52105],[-103.42392,21.52362],[-103.43106,21.52072],[-103.43021,21.51773],[-103.42094,21.50753],[-103.41258,21.5056],[-103.40174,21.50555],[-103.40408,21.50196],[-103.40244,21.49987],[-103.39737,21.50647],[-103.39318,21.50761],[-103.38761,21.5049],[-103.39169,21.50997],[-103.39032,21.51143],[-103.39492,21.51606],[-103.38914,21.51793],[-103.39126,21.51922],[-103.38649,21.52707],[-103.39007,21.52738],[-103.39384,21.52213],[-103.3973,21.52136],[-103.39887,21.51763],[-103.40638,21.52015],[-103.40639,21.51688],[-103.40301,21.51637],[-103.39934,21.51042],[-103.40448,21.51193],[-103.40389,21.50944],[-103.40986,21.50722],[-103.41686,21.51044],[-103.42013,21.50928],[-103.4191,21.51307],[-103.4143,21.50964],[-103.41419,21.5122],[-103.40954,21.51538],[-103.40838,21.52082],[-103.41172,21.5284]]],[[[-103.38004,21.51921],[-103.38628,21.51827],[-103.38639,21.51573],[-103.38004,21.51921]]],[[[-103.45046,21.51917],[-103.45455,21.51758],[-103.45375,21.51015],[-103.44734,21.5076],[-103.45046,21.51917]]],[[[-103.45702,21.53712],[-103.46087,21.53708],[-103.46001,21.53136],[-103.46385,21.52381],[-103.45891,21.52404],[-103.46089,21.51172],[-103.45344,21.52297],[-103.44813,21.52353],[-103.45552,21.52653],[-103.45866,21.5319],[-103.45702,21.53712]]],[[[-103.45397,21.55126],[-103.45602,21.55513],[-103.45739,21.55003],[-103.45397,21.55126]]],[[[-102.22626,22.8158],[-102.22396,22.81388],[-102.22367,22.81479],[-102.22626,22.8158]]],[[[-102.30983,22.69036],[-102.29809,22.67405],[-102.28598,22.6734],[-102.28136,22.67562],[-102.2834,22.67786],[-102.27906,22.67862],[-102.28376,22.68268],[-102.2871,22.68229],[-102.28435,22.67812],[-102.29166,22.67892],[-102.30008,22.69021],[-102.30618,22.69309],[-102.31136,22.69279],[-102.30983,22.69036]]],[[[-102.28266,22.82095],[-102.28544,22.82357],[-102.28744,22.81995],[-102.29065,22.81928],[-102.29265,22.81886],[-102.29269,22.80886],[-102.29038,22.80515],[-102.29052,22.79774],[-102.29291,22.79331],[-102.2893,22.78976],[-102.28398,22.793],[-102.28437,22.80538],[-102.27715,22.80345],[-102.27392,22.8071],[-102.27443,22.81281],[-102.27709,22.80966],[-102.28455,22.80991],[-102.27711,22.81324],[-102.28218,22.81595],[-102.28266,22.82095]]],[[[-102.25985,22.82573],[-102.26222,22.82523],[-102.26238,22.82136],[-102.25946,22.82198],[-102.25518,22.81917],[-102.25985,22.82573]]],[[[-102.26226,22.81191],[-102.26521,22.80705],[-102.27103,22.80881],[-102.27323,22.80144],[-102.268,22.79874],[-102.26377,22.79881],[-102.25809,22.80907],[-102.26226,22.81191]]],[[[-102.27374,22.79169],[-102.273,22.79651],[-102.27651,22.7982],[-102.28087,22.79488],[-102.27944,22.78477],[-102.28049,22.77939],[-102.2783,22.77877],[-102.27584,22.78472],[-102.27621,22.78878],[-102.27374,22.79169]]],[[[-102.26039,22.81845],[-102.26184,22.81598],[-102.25949,22.8125],[-102.25803,22.81534],[-102.26039,22.81845]]],[[[-102.30229,22.79832],[-102.30757,22.79398],[-102.30041,22.79387],[-102.30229,22.79832]]],[[[-102.30118,22.80566],[-102.30728,22.80747],[-102.30747,22.80337],[-102.30331,22.80324],[-102.30126,22.8],[-102.30118,22.80566]]],[[[-102.29293,22.80938],[-102.29872,22.81042],[-102.2988,22.80652],[-102.29295,22.80655],[-102.29293,22.80938]]],[[[-102.28392,22.74701],[-102.27921,22.75787],[-102.28389,22.75758],[-102.28392,22.74701]]],[[[-102.32236,22.73594],[-102.32024,22.74011],[-102.32344,22.74062],[-102.32759,22.73293],[-102.32431,22.73205],[-102.32236,22.73594]]],[[[-102.3081,22.72627],[-102.30823,22.72723],[-102.32824,22.73259],[-102.3317,22.72662],[-102.32307,22.72429],[-102.32558,22.72023],[-102.3037,22.71639],[-102.2994,22.71695],[-102.29313,22.71436],[-102.29094,22.717],[-102.29227,22.72251],[-102.30388,22.72611],[-102.3081,22.72627]]],[[[-102.31529,22.71779],[-102.32611,22.71871],[-102.32574,22.71317],[-102.31719,22.70101],[-102.31249,22.70127],[-102.30883,22.69906],[-102.30639,22.70274],[-102.30392,22.69612],[-102.3099,22.69476],[-102.29891,22.69078],[-102.30007,22.69664],[-102.28986,22.69793],[-102.29033,22.70722],[-102.28731,22.70794],[-102.28863,22.71301],[-102.31529,22.71779]]],[[[-102.3213,22.69593],[-102.32294,22.69867],[-102.31741,22.70049],[-102.32122,22.7059],[-102.3243,22.70372],[-102.32311,22.69867],[-102.32489,22.69799],[-102.3213,22.69593]]],[[[-102.33231,22.71201],[-102.3367,22.71847],[-102.34009,22.71738],[-102.34346,22.71148],[-102.33555,22.71414],[-102.33873,22.71125],[-102.33668,22.70842],[-102.33231,22.71201]]],[[[-102.30674,22.73867],[-102.31001,22.73912],[-102.30924,22.7335],[-102.30674,22.73867]]],[[[-102.62527,22.75176],[-102.62356,22.75136],[-102.62591,22.75326],[-102.63384,22.75225],[-102.62664,22.75209],[-102.62527,22.75176]]],[[[-102.87199,22.29649],[-102.86695,22.28897],[-102.86523,22.29079],[-102.87102,22.29964],[-102.87199,22.29649]]],[[[-102.88073,22.2909],[-102.87782,22.29781],[-102.88004,22.29812],[-102.88073,22.2909]]],[[[-102.88008,22.16395],[-102.88438,22.15848],[-102.87761,22.15361],[-102.8775,22.16204],[-102.88008,22.16395]]],[[[-102.88753,22.16272],[-102.89281,22.16344],[-102.88732,22.15986],[-102.88525,22.15578],[-102.88848,22.15361],[-102.88029,22.15119],[-102.87448,22.15096],[-102.87227,22.15382],[-102.87179,22.15993],[-102.87473,22.16154],[-102.87451,22.15241],[-102.87769,22.153],[-102.88316,22.15592],[-102.88753,22.16272]]],[[[-102.85837,22.15791],[-102.86681,22.15825],[-102.86537,22.15314],[-102.85515,22.15028],[-102.85535,22.15576],[-102.85837,22.15791]]],[[[-102.82569,22.10237],[-102.83502,22.09842],[-102.83549,22.09336],[-102.82512,22.09839],[-102.82569,22.10237]]],[[[-102.882,22.08937],[-102.87897,22.09386],[-102.88433,22.09149],[-102.882,22.08937]]],[[[-101.77859,22.29894],[-101.7891,22.29786],[-101.7889,22.29594],[-101.77985,22.29656],[-101.77497,22.29376],[-101.77303,22.29811],[-101.77859,22.29894]]],[[[-101.76752,22.32316],[-101.76538,22.32773],[-101.76538,22.32774],[-101.76097,22.34482],[-101.76022,22.34821],[-101.75988,22.35275],[-101.76171,22.35258],[-101.7621,22.35254],[-101.76718,22.35214],[-101.76719,22.35208],[-101.77178,22.34186],[-101.77186,22.34174],[-101.77233,22.33991],[-101.77255,22.33953],[-101.77399,22.33683],[-101.77418,22.33543],[-101.7748,22.33415],[-101.77479,22.33406],[-101.77981,22.32269],[-101.78225,22.31418],[-101.78503,22.30959],[-101.79342,22.30248],[-101.79543,22.29918],[-101.79933,22.29392],[-101.80669,22.28772],[-101.81241,22.27724],[-101.80404,22.27845],[-101.79744,22.27455],[-101.79596,22.27667],[-101.7953,22.28055],[-101.79423,22.2871],[-101.79418,22.28741],[-101.7936,22.29107],[-101.79345,22.29207],[-101.79325,22.29374],[-101.79225,22.29938],[-101.78591,22.29979],[-101.7859,22.29979],[-101.77799,22.30032],[-101.76752,22.32316]]],[[[-101.7671,22.38285],[-101.76726,22.38274],[-101.76647,22.37852],[-101.73789,22.36735],[-101.73822,22.37348],[-101.74141,22.37624],[-101.74288,22.38655],[-101.74973,22.38998],[-101.75082,22.39355],[-101.75416,22.39274],[-101.75844,22.38595],[-101.75658,22.38187],[-101.761,22.38384],[-101.7671,22.38285]]],[[[-101.72852,22.36456],[-101.72986,22.36719],[-101.73154,22.35694],[-101.71586,22.35524],[-101.71625,22.35856],[-101.72017,22.35955],[-101.71625,22.3639],[-101.7253,22.36631],[-101.72852,22.36456]]],[[[-101.71182,22.34859],[-101.71641,22.349],[-101.71778,22.3463],[-101.71632,22.33902],[-101.71182,22.34859]]],[[[-101.73507,22.32719],[-101.73436,22.3323],[-101.75432,22.33985],[-101.75388,22.3299],[-101.73625,22.32371],[-101.73507,22.32719]]],[[[-101.75598,22.3376],[-101.75789,22.33866],[-101.76062,22.33287],[-101.75944,22.32941],[-101.75598,22.3376]]],[[[-101.74218,22.31557],[-101.74156,22.32108],[-101.74344,22.32198],[-101.74657,22.31674],[-101.74218,22.31557]]],[[[-101.91185,22.10134],[-101.90921,22.10338],[-101.91376,22.10668],[-101.91504,22.11446],[-101.91843,22.11262],[-101.91812,22.1097],[-101.92406,22.10537],[-101.92805,22.10036],[-101.93382,22.09861],[-101.93607,22.0919],[-101.91761,22.09843],[-101.91185,22.10134]]],[[[-101.94795,22.15281],[-101.94745,22.15209],[-101.94491,22.14836],[-101.94322,22.15199],[-101.94695,22.15768],[-101.95015,22.15693],[-101.94838,22.15344],[-101.94795,22.15281]]],[[[-102.0195,22.15882],[-102.01917,22.15969],[-102.01697,22.16312],[-102.01561,22.16524],[-102.01424,22.16739],[-102.01377,22.16829],[-102.01399,22.16836],[-102.02497,22.16858],[-102.03163,22.16344],[-102.03382,22.15893],[-102.03386,22.15364],[-102.03288,22.15366],[-102.03179,22.15368],[-102.02753,22.15376],[-102.01891,22.15393],[-102.01939,22.1579],[-102.0195,22.15882]]],[[[-101.94938,22.16382],[-101.95087,22.16403],[-101.94921,22.16256],[-101.94938,22.16382]]],[[[-101.94825,22.16211],[-101.94791,22.16032],[-101.94583,22.16232],[-101.94654,22.163],[-101.94825,22.16211]]],[[[-101.82254,22.04518],[-101.82461,22.04487],[-101.82133,22.04399],[-101.82173,22.04452],[-101.82254,22.04518]]],[[[-101.82028,22.0425],[-101.82015,22.04246],[-101.8204,22.04279],[-101.82028,22.0425]]],[[[-102.25714,23.03549],[-102.25334,23.03779],[-102.25228,23.04662],[-102.26005,23.04592],[-102.25645,23.0561],[-102.25986,23.06164],[-102.25983,23.06179],[-102.2602,23.06445],[-102.27009,23.06614],[-102.2746,23.0687],[-102.27046,23.0757],[-102.28057,23.07672],[-102.2861,23.07847],[-102.287,23.0848],[-102.28343,23.08681],[-102.28261,23.09229],[-102.28643,23.09832],[-102.28726,23.09825],[-102.28692,23.09908],[-102.29842,23.11666],[-102.30057,23.11539],[-102.30186,23.10515],[-102.30593,23.10498],[-102.30874,23.09606],[-102.30621,23.09556],[-102.3179,23.08632],[-102.3232,23.0904],[-102.33554,23.0802],[-102.34324,23.0898],[-102.34371,23.08511],[-102.3474,23.08023],[-102.35211,23.07819],[-102.35042,23.06843],[-102.35278,23.06467],[-102.35473,23.06288],[-102.3581,23.05369],[-102.35707,23.04155],[-102.35537,23.03827],[-102.36011,23.0382],[-102.36139,23.03459],[-102.35842,23.0345],[-102.36,23.02821],[-102.35434,23.02742],[-102.35199,23.03442],[-102.34842,23.03434],[-102.34953,23.02375],[-102.3599,23.02301],[-102.35983,23.02129],[-102.35681,23.01994],[-102.35657,23.01993],[-102.35642,23.01992],[-102.3555,23.01841],[-102.35437,23.01654],[-102.355,23.01302],[-102.35252,23.01295],[-102.35462,23.0084],[-102.35506,23.00766],[-102.35592,23.00587],[-102.35666,23.00484],[-102.35672,23.00467],[-102.35694,23.0033],[-102.35808,23.00036],[-102.35824,22.99992],[-102.3582,22.99999],[-102.35002,23.0079],[-102.34476,23.01061],[-102.34597,23.00708],[-102.34513,22.99915],[-102.34512,22.99626],[-102.34656,22.99105],[-102.35064,22.98862],[-102.35755,22.98212],[-102.36812,22.9791],[-102.37964,22.95696],[-102.37763,22.95376],[-102.37719,22.95337],[-102.37469,22.95087],[-102.37302,22.94838],[-102.37302,22.94754],[-102.37302,22.94671],[-102.37302,22.94588],[-102.37302,22.94544],[-102.37362,22.94481],[-102.3736,22.94444],[-102.37315,22.94426],[-102.37302,22.94421],[-102.37469,22.94338],[-102.37719,22.94172],[-102.38047,22.94325],[-102.38059,22.94332],[-102.38125,22.94371],[-102.38256,22.93715],[-102.38082,22.93211],[-102.39658,22.93202],[-102.39528,22.92999],[-102.39646,22.91543],[-102.39862,22.9125],[-102.40301,22.91253],[-102.40295,22.91892],[-102.40853,22.9168],[-102.41059,22.90537],[-102.40792,22.90361],[-102.40819,22.90286],[-102.40804,22.90227],[-102.41097,22.89864],[-102.41287,22.88836],[-102.41303,22.87892],[-102.4185,22.87995],[-102.4188,22.87675],[-102.41536,22.86872],[-102.41298,22.86742],[-102.41256,22.87288],[-102.40808,22.876],[-102.40427,22.87543],[-102.40356,22.87693],[-102.40785,22.87964],[-102.40139,22.87986],[-102.39724,22.88685],[-102.39457,22.89605],[-102.39641,22.89927],[-102.39047,22.90012],[-102.39051,22.90845],[-102.37765,22.90852],[-102.37914,22.9163],[-102.37032,22.91645],[-102.36924,22.90108],[-102.36187,22.90069],[-102.36045,22.90363],[-102.35221,22.90343],[-102.35238,22.9084],[-102.3433,22.9132],[-102.34469,22.91453],[-102.33243,22.91804],[-102.34077,22.92843],[-102.34664,22.92873],[-102.34797,22.92351],[-102.35052,22.92677],[-102.352,22.93496],[-102.34342,22.935],[-102.34136,22.93016],[-102.33735,22.93039],[-102.33761,22.92491],[-102.33498,22.92243],[-102.32946,22.92267],[-102.32965,22.9267],[-102.33478,22.92693],[-102.33296,22.93383],[-102.33615,22.93502],[-102.3238,22.93648],[-102.32298,22.9343],[-102.31186,22.9351],[-102.31257,22.94566],[-102.31319,22.94719],[-102.31406,22.94933],[-102.3148,22.95115],[-102.31552,22.95396],[-102.31569,22.95482],[-102.31665,22.95973],[-102.32354,22.95963],[-102.32418,22.9616],[-102.32517,22.96466],[-102.32897,22.9779],[-102.33101,22.98634],[-102.33433,22.99048],[-102.33686,23.00219],[-102.33856,23.00382],[-102.33846,23.01125],[-102.34429,23.0113],[-102.33854,23.01682],[-102.33643,23.02332],[-102.32536,23.02702],[-102.31985,23.02013],[-102.31836,23.01404],[-102.31268,23.00982],[-102.31182,23.00366],[-102.30888,23.00083],[-102.30171,23.0079],[-102.29389,23.00724],[-102.29102,23.01208],[-102.28267,23.01959],[-102.2812,23.01956],[-102.2762,23.02544],[-102.27239,23.02427],[-102.27126,23.0277],[-102.27556,23.02649],[-102.26976,23.03583],[-102.25714,23.03549]],[[-102.28753,23.0457],[-102.29085,23.04015],[-102.29534,23.04113],[-102.29335,23.04658],[-102.28753,23.0457]],[[-102.4087,22.89533],[-102.40347,22.89479],[-102.40376,22.89056],[-102.40782,22.8896],[-102.4087,22.89533]],[[-102.36037,22.94608],[-102.36163,22.94122],[-102.36414,22.9407],[-102.36229,22.94665],[-102.36037,22.94608]],[[-102.37302,22.94421],[-102.37302,22.94426],[-102.37292,22.94425],[-102.37302,22.94421]],[[-102.37719,22.95337],[-102.3771,22.95369],[-102.37639,22.9536],[-102.37719,22.95337]]],[[[-102.41781,23.09738],[-102.4181,23.09471],[-102.41857,23.09035],[-102.4253,23.0945],[-102.42866,23.08761],[-102.42939,23.08463],[-102.43458,23.07806],[-102.43671,23.06619],[-102.43996,23.05761],[-102.438,23.04958],[-102.43217,23.05055],[-102.4375,23.05197],[-102.43772,23.06123],[-102.435,23.07175],[-102.42182,23.06986],[-102.42135,23.0716],[-102.40413,23.06901],[-102.40161,23.0717],[-102.40323,23.07479],[-102.3998,23.07743],[-102.40067,23.08029],[-102.4115,23.08045],[-102.41044,23.08468],[-102.40612,23.08451],[-102.40605,23.09079],[-102.39978,23.09081],[-102.39956,23.09478],[-102.41392,23.09475],[-102.41781,23.09738]]],[[[-102.40148,23.13149],[-102.40509,23.12865],[-102.41007,23.11955],[-102.41062,23.11597],[-102.40657,23.11846],[-102.40553,23.1266],[-102.4034,23.12889],[-102.39376,23.12775],[-102.39381,23.13317],[-102.39689,23.13091],[-102.40148,23.13149]]],[[[-102.41974,23.15463],[-102.41902,23.15323],[-102.42176,23.14328],[-102.41568,23.15279],[-102.41974,23.15463]]],[[[-102.42955,23.15907],[-102.42836,23.15254],[-102.42107,23.15523],[-102.42955,23.15907]]],[[[-102.45606,23.12211],[-102.45432,23.12468],[-102.45239,23.13885],[-102.45687,23.1323],[-102.45566,23.12643],[-102.45822,23.12983],[-102.46024,23.12461],[-102.45606,23.12211]]],[[[-102.46762,23.10358],[-102.46798,23.10242],[-102.46966,23.09709],[-102.47001,23.09597],[-102.47026,23.09488],[-102.46932,23.09443],[-102.46207,23.10227],[-102.45919,23.10782],[-102.45864,23.11516],[-102.46367,23.11554],[-102.46762,23.10358]]],[[[-102.41885,23.23001],[-102.42271,23.22673],[-102.42472,23.2202],[-102.42691,23.21929],[-102.4225,23.21755],[-102.42323,23.21409],[-102.41155,23.21397],[-102.41151,23.21878],[-102.40286,23.21866],[-102.40276,23.21414],[-102.39951,23.21423],[-102.39956,23.2214],[-102.40178,23.2231],[-102.4115,23.22308],[-102.41168,23.23213],[-102.40773,23.23219],[-102.40855,23.23743],[-102.41793,23.22922],[-102.41885,23.23001]]],[[[-102.35789,23.2394],[-102.36665,23.23011],[-102.35915,23.22958],[-102.35517,23.23512],[-102.35815,23.23542],[-102.35789,23.2394]]],[[[-102.34933,23.23134],[-102.35209,23.23284],[-102.35659,23.23004],[-102.35156,23.22771],[-102.34933,23.23134]]],[[[-102.36254,23.22531],[-102.36644,23.2281],[-102.36783,23.22532],[-102.36254,23.22531]]],[[[-102.36346,23.21756],[-102.36398,23.21725],[-102.36407,23.21719],[-102.36566,23.21128],[-102.35482,23.20955],[-102.35252,23.21507],[-102.34899,23.21779],[-102.35249,23.21821],[-102.35591,23.21412],[-102.35314,23.2221],[-102.36013,23.22115],[-102.36346,23.21756]]],[[[-102.40965,23.20453],[-102.4284,23.20498],[-102.42684,23.19597],[-102.40998,23.19646],[-102.40965,23.20453]]],[[[-102.31066,23.19814],[-102.31057,23.19817],[-102.31093,23.19722],[-102.31236,23.19499],[-102.30886,23.19267],[-102.31776,23.19404],[-102.32113,23.19109],[-102.3283,23.19074],[-102.3285,23.19153],[-102.33061,23.18893],[-102.33853,23.18945],[-102.34135,23.17971],[-102.34211,23.18435],[-102.35204,23.18235],[-102.3499,23.17679],[-102.34128,23.17518],[-102.34055,23.17874],[-102.33269,23.178],[-102.3292,23.18266],[-102.32786,23.17812],[-102.31649,23.17774],[-102.31568,23.17773],[-102.31462,23.17544],[-102.31391,23.17485],[-102.31471,23.17508],[-102.31224,23.17319],[-102.31307,23.17402],[-102.31224,23.1732],[-102.30552,23.17282],[-102.30634,23.17853],[-102.3005,23.17804],[-102.30086,23.17468],[-102.29636,23.17381],[-102.29813,23.16457],[-102.2997,23.17151],[-102.30232,23.16876],[-102.31279,23.16701],[-102.3148,23.16789],[-102.31761,23.16242],[-102.31656,23.16218],[-102.32006,23.15237],[-102.31709,23.14709],[-102.31042,23.14735],[-102.29126,23.13654],[-102.29776,23.11609],[-102.28656,23.09908],[-102.28643,23.09908],[-102.28643,23.09888],[-102.28319,23.09383],[-102.27777,23.09534],[-102.27735,23.09086],[-102.2736,23.09272],[-102.27374,23.09783],[-102.2777,23.10228],[-102.28199,23.10182],[-102.2795,23.11261],[-102.26693,23.1124],[-102.2666,23.11753],[-102.26954,23.1196],[-102.26988,23.12396],[-102.26807,23.13273],[-102.27184,23.13583],[-102.26778,23.13654],[-102.26627,23.12719],[-102.26386,23.12823],[-102.26544,23.13398],[-102.26344,23.14508],[-102.26421,23.14807],[-102.26696,23.14706],[-102.2707,23.14954],[-102.26666,23.15538],[-102.2786,23.15614],[-102.28172,23.1584],[-102.28403,23.15526],[-102.27956,23.16606],[-102.2828,23.16949],[-102.28789,23.16925],[-102.29029,23.17415],[-102.28771,23.17498],[-102.28752,23.17576],[-102.29233,23.17892],[-102.28797,23.18567],[-102.28366,23.18885],[-102.30389,23.19199],[-102.30026,23.20098],[-102.30566,23.20121],[-102.30644,23.20126],[-102.30689,23.19982],[-102.3069,23.19914],[-102.30757,23.19748],[-102.30808,23.19734],[-102.30794,23.19784],[-102.31184,23.20224],[-102.31066,23.19814]]],[[[-102.25096,23.14582],[-102.25072,23.15399],[-102.25502,23.15196],[-102.25459,23.14706],[-102.25096,23.14582]]],[[[-102.24467,23.12327],[-102.24646,23.12557],[-102.25278,23.12292],[-102.24902,23.12057],[-102.24467,23.12327]]],[[[-102.2498,23.1116],[-102.25374,23.11572],[-102.25385,23.11177],[-102.24981,23.11158],[-102.2498,23.1116]]],[[[-102.25764,23.1132],[-102.26355,23.111],[-102.26086,23.10913],[-102.25764,23.1132]]],[[[-102.25642,23.10002],[-102.26105,23.09837],[-102.2594,23.09651],[-102.25642,23.10002]]],[[[-102.26706,23.09693],[-102.27106,23.0975],[-102.27392,23.08572],[-102.26872,23.08401],[-102.26706,23.09693]]],[[[-102.25519,23.09441],[-102.26233,23.09348],[-102.26088,23.09091],[-102.25493,23.08957],[-102.25172,23.08366],[-102.24996,23.08751],[-102.25083,23.09307],[-102.25519,23.09441]]],[[[-102.32417,23.13719],[-102.31589,23.13615],[-102.31503,23.1429],[-102.32266,23.14542],[-102.32138,23.14237],[-102.3243,23.13749],[-102.32417,23.13719]]],[[[-102.40824,23.15688],[-102.41217,23.15572],[-102.41636,23.15002],[-102.40674,23.14699],[-102.40233,23.15329],[-102.40824,23.15688]]],[[[-102.41788,23.16001],[-102.42373,23.15682],[-102.41913,23.15659],[-102.41788,23.16001]]],[[[-102.39468,23.155],[-102.39168,23.15906],[-102.39477,23.16108],[-102.39775,23.15678],[-102.39468,23.155]]],[[[-102.43343,23.18397],[-102.43432,23.18207],[-102.42419,23.17988],[-102.42498,23.18406],[-102.43343,23.18397]]],[[[-102.49106,23.08254],[-102.49041,23.08392],[-102.48918,23.08704],[-102.49286,23.08717],[-102.49239,23.08078],[-102.49106,23.08254]]],[[[-102.41304,23.1066],[-102.41603,23.10193],[-102.40917,23.10121],[-102.40861,23.10627],[-102.41304,23.1066]]],[[[-102.41494,22.86762],[-102.41451,22.86653],[-102.4099,22.86409],[-102.40869,22.86664],[-102.40839,22.86729],[-102.40613,22.86802],[-102.40493,22.86813],[-102.40427,22.87493],[-102.40725,22.87548],[-102.40832,22.87195],[-102.41228,22.87249],[-102.41302,22.86586],[-102.41494,22.86762]]],[[[-102.42815,22.89828],[-102.42827,22.8986],[-102.42852,22.89821],[-102.42814,22.89818],[-102.42815,22.89828]]],[[[-102.42665,22.90057],[-102.42674,22.90052],[-102.42685,22.90045],[-102.42681,22.9004],[-102.42665,22.90057]]],[[[-102.42504,22.88551],[-102.42442,22.88421],[-102.42259,22.88223],[-102.42145,22.88118],[-102.42065,22.88],[-102.4185,22.87995],[-102.41758,22.88943],[-102.42015,22.89246],[-102.42701,22.88816],[-102.42504,22.88551]]],[[[-103.84581,22.57317],[-103.83737,22.57413],[-103.83533,22.57405],[-103.8319,22.57391],[-103.81824,22.57696],[-103.82175,22.58075],[-103.82261,22.5777],[-103.83106,22.57489],[-103.83485,22.57808],[-103.83312,22.57983],[-103.83103,22.58438],[-103.83407,22.57912],[-103.84225,22.57831],[-103.84416,22.57912],[-103.8452,22.57959],[-103.84535,22.57904],[-103.8456,22.57869],[-103.84581,22.57317]]],[[[-103.84251,22.46676],[-103.84097,22.46628],[-103.83668,22.46984],[-103.83486,22.47023],[-103.83214,22.47091],[-103.83182,22.47161],[-103.83262,22.47661],[-103.83273,22.47702],[-103.83337,22.47923],[-103.83432,22.4805],[-103.83456,22.48134],[-103.83514,22.48251],[-103.83739,22.48725],[-103.84342,22.49052],[-103.84936,22.48276],[-103.84163,22.4846],[-103.84652,22.47762],[-103.84132,22.47378],[-103.84251,22.46676]]],[[[-103.84017,22.58126],[-103.83872,22.58193],[-103.83898,22.58196],[-103.84017,22.58126]]],[[[-103.29458,21.89646],[-103.29123,21.89819],[-103.29066,21.89847],[-103.29067,21.89847],[-103.29106,21.89833],[-103.2902,21.89979],[-103.2855,21.89926],[-103.28201,21.90046],[-103.26972,21.89807],[-103.27223,21.90049],[-103.2783,21.90167],[-103.27851,21.90408],[-103.28794,21.90403],[-103.29238,21.90522],[-103.29024,21.90818],[-103.28289,21.9079],[-103.2888,21.91068],[-103.29338,21.90966],[-103.29405,21.90583],[-103.30165,21.9021],[-103.30107,21.8985],[-103.30618,21.89906],[-103.31202,21.89295],[-103.31002,21.89223],[-103.31376,21.89245],[-103.31296,21.89386],[-103.31511,21.89465],[-103.31706,21.89236],[-103.31305,21.88888],[-103.31272,21.88273],[-103.30958,21.87896],[-103.31313,21.87923],[-103.31348,21.88693],[-103.31868,21.89335],[-103.31861,21.89046],[-103.31671,21.88841],[-103.31347,21.87707],[-103.30675,21.8765],[-103.30537,21.87451],[-103.31517,21.8738],[-103.31388,21.86511],[-103.31609,21.86253],[-103.31446,21.85567],[-103.31417,21.85462],[-103.31326,21.85239],[-103.31264,21.84858],[-103.31196,21.84781],[-103.31131,21.8473],[-103.31024,21.84614],[-103.31067,21.8445],[-103.31076,21.84401],[-103.31084,21.84358],[-103.30752,21.8419],[-103.30777,21.83805],[-103.31001,21.84096],[-103.31067,21.84204],[-103.31372,21.83582],[-103.31274,21.83407],[-103.31115,21.83416],[-103.31007,21.83416],[-103.3086,21.83511],[-103.30852,21.83518],[-103.30669,21.83225],[-103.3131,21.83244],[-103.3171,21.83158],[-103.31135,21.82832],[-103.311,21.82768],[-103.31074,21.82741],[-103.31053,21.82666],[-103.31452,21.82551],[-103.31096,21.82252],[-103.31107,21.82234],[-103.31264,21.82149],[-103.31515,21.81494],[-103.31021,21.81331],[-103.3148,21.80152],[-103.31997,21.80108],[-103.32336,21.79415],[-103.3222,21.79017],[-103.30951,21.78963],[-103.32246,21.78769],[-103.32782,21.79054],[-103.32391,21.78414],[-103.32861,21.77894],[-103.32437,21.77251],[-103.32837,21.77089],[-103.33126,21.7653],[-103.32773,21.76066],[-103.33038,21.74929],[-103.31914,21.7437],[-103.31996,21.74018],[-103.32398,21.74007],[-103.32556,21.73409],[-103.32878,21.72901],[-103.32698,21.71641],[-103.32881,21.71242],[-103.32266,21.70452],[-103.32681,21.70374],[-103.3256,21.70253],[-103.32521,21.70284],[-103.32498,21.70301],[-103.32493,21.70303],[-103.32442,21.70303],[-103.32334,21.70133],[-103.32521,21.69043],[-103.32143,21.68957],[-103.32109,21.695],[-103.31536,21.69325],[-103.31774,21.68642],[-103.32711,21.68675],[-103.33046,21.683],[-103.33664,21.68823],[-103.33318,21.69189],[-103.33296,21.68838],[-103.33012,21.6922],[-103.33195,21.69584],[-103.33773,21.68799],[-103.33557,21.68291],[-103.33715,21.67981],[-103.33148,21.68025],[-103.33081,21.67712],[-103.33692,21.67528],[-103.3349,21.66595],[-103.34062,21.65378],[-103.34368,21.65227],[-103.34742,21.64552],[-103.34319,21.64658],[-103.34199,21.64973],[-103.33852,21.6468],[-103.34046,21.64006],[-103.33739,21.64113],[-103.33248,21.63845],[-103.33046,21.64325],[-103.33584,21.64313],[-103.33803,21.64719],[-103.33384,21.65765],[-103.32682,21.66072],[-103.3284,21.65457],[-103.32739,21.64801],[-103.33054,21.6484],[-103.32872,21.65494],[-103.3333,21.65662],[-103.33508,21.6522],[-103.33396,21.64505],[-103.32752,21.64635],[-103.32215,21.64235],[-103.32214,21.63452],[-103.32713,21.63122],[-103.32481,21.63637],[-103.32557,21.6407],[-103.33142,21.6366],[-103.33275,21.63032],[-103.33745,21.63064],[-103.3437,21.63392],[-103.34239,21.63912],[-103.34973,21.63893],[-103.35116,21.63374],[-103.34731,21.63218],[-103.34757,21.62501],[-103.34519,21.62146],[-103.34017,21.62062],[-103.34441,21.61557],[-103.34023,21.61502],[-103.3377,21.61095],[-103.3339,21.61511],[-103.33313,21.60863],[-103.3354,21.60479],[-103.34108,21.60211],[-103.33965,21.59821],[-103.33626,21.60005],[-103.3273,21.59879],[-103.32241,21.60841],[-103.32679,21.60308],[-103.32873,21.60859],[-103.32673,21.61388],[-103.32448,21.6105],[-103.31477,21.61425],[-103.3178,21.61466],[-103.31692,21.61953],[-103.31134,21.62535],[-103.31276,21.62757],[-103.3194,21.62954],[-103.31498,21.63191],[-103.31107,21.64101],[-103.30678,21.64062],[-103.30327,21.64353],[-103.29427,21.64234],[-103.29705,21.64695],[-103.30805,21.64557],[-103.30931,21.64842],[-103.30823,21.65645],[-103.30653,21.65591],[-103.3068,21.64959],[-103.30068,21.64992],[-103.29835,21.65763],[-103.30754,21.65951],[-103.31281,21.66589],[-103.31417,21.67186],[-103.31767,21.67004],[-103.31461,21.66508],[-103.31678,21.66332],[-103.32069,21.66818],[-103.32079,21.66413],[-103.32392,21.66365],[-103.32402,21.66021],[-103.31778,21.66087],[-103.31449,21.6575],[-103.31735,21.65266],[-103.31986,21.65707],[-103.32661,21.66069],[-103.32713,21.66667],[-103.33293,21.67176],[-103.33209,21.67614],[-103.3274,21.67395],[-103.32025,21.67417],[-103.31433,21.67692],[-103.31763,21.68484],[-103.31423,21.68919],[-103.31357,21.68172],[-103.30956,21.68149],[-103.30236,21.68923],[-103.30804,21.68972],[-103.31251,21.69242],[-103.3101,21.69938],[-103.30075,21.69918],[-103.30041,21.70214],[-103.31341,21.70137],[-103.31144,21.70997],[-103.30987,21.7243],[-103.31069,21.72747],[-103.3075,21.73047],[-103.30171,21.73127],[-103.29604,21.73573],[-103.29393,21.73337],[-103.28589,21.73278],[-103.29249,21.73781],[-103.29842,21.73717],[-103.29886,21.7422],[-103.30271,21.74478],[-103.29882,21.74743],[-103.30424,21.74765],[-103.30577,21.75312],[-103.3,21.75317],[-103.294,21.75882],[-103.2986,21.76247],[-103.29852,21.75619],[-103.30469,21.75475],[-103.30246,21.76054],[-103.30633,21.76089],[-103.30544,21.7559],[-103.30797,21.75794],[-103.30703,21.76814],[-103.31065,21.76519],[-103.30941,21.77079],[-103.31419,21.77481],[-103.31175,21.78088],[-103.31427,21.78166],[-103.3124,21.78653],[-103.30748,21.78436],[-103.30297,21.78649],[-103.29921,21.792],[-103.30283,21.79408],[-103.3034,21.79904],[-103.29571,21.79619],[-103.2945,21.79991],[-103.2838,21.79988],[-103.2875,21.80357],[-103.27927,21.80431],[-103.27188,21.80361],[-103.27047,21.81107],[-103.27445,21.82033],[-103.27122,21.82604],[-103.26586,21.82474],[-103.26594,21.82222],[-103.2556,21.82094],[-103.2541,21.82426],[-103.2617,21.82438],[-103.24997,21.82602],[-103.25007,21.83138],[-103.25216,21.83275],[-103.25815,21.82924],[-103.26679,21.83453],[-103.27753,21.83386],[-103.27507,21.83814],[-103.27046,21.83848],[-103.27012,21.84111],[-103.26287,21.84385],[-103.26702,21.84404],[-103.26652,21.84686],[-103.26022,21.84955],[-103.25531,21.84971],[-103.25654,21.85341],[-103.26428,21.85177],[-103.27139,21.84693],[-103.26844,21.8458],[-103.27481,21.84321],[-103.27376,21.84701],[-103.27957,21.84605],[-103.27633,21.85024],[-103.28509,21.853],[-103.2845,21.85934],[-103.29135,21.85612],[-103.29293,21.8582],[-103.287,21.86325],[-103.28246,21.86302],[-103.28351,21.86573],[-103.2922,21.86584],[-103.294,21.86829],[-103.29682,21.86603],[-103.3006,21.86726],[-103.29795,21.87256],[-103.2988,21.87755],[-103.29469,21.87801],[-103.29394,21.88181],[-103.28765,21.88313],[-103.2855,21.88575],[-103.28904,21.88722],[-103.28979,21.88365],[-103.29322,21.88413],[-103.29165,21.88718],[-103.29745,21.89006],[-103.29458,21.89646]],[[-103.30281,21.88144],[-103.30259,21.87537],[-103.30734,21.87758],[-103.30619,21.88174],[-103.30281,21.88144]],[[-103.30694,21.87142],[-103.30119,21.85982],[-103.30899,21.86035],[-103.30967,21.86693],[-103.31203,21.86352],[-103.30903,21.85511],[-103.30477,21.85507],[-103.30383,21.84788],[-103.30205,21.84596],[-103.30397,21.83628],[-103.29893,21.83535],[-103.29879,21.82881],[-103.30123,21.82586],[-103.30122,21.81759],[-103.29727,21.81661],[-103.29793,21.81013],[-103.29996,21.81311],[-103.2977,21.81544],[-103.30842,21.81066],[-103.29784,21.80526],[-103.30392,21.80216],[-103.30575,21.80697],[-103.30881,21.80699],[-103.30945,21.80993],[-103.30793,21.81379],[-103.30243,21.81603],[-103.30354,21.82708],[-103.30532,21.83257],[-103.30137,21.83069],[-103.30556,21.83911],[-103.30431,21.84365],[-103.30543,21.85169],[-103.31275,21.85577],[-103.313,21.86894],[-103.30584,21.87403],[-103.30694,21.87142]],[[-103.29427,21.85374],[-103.28999,21.85157],[-103.29661,21.84993],[-103.29944,21.84737],[-103.29931,21.85254],[-103.29427,21.85374]],[[-103.28309,21.83233],[-103.28122,21.82904],[-103.28657,21.82857],[-103.28309,21.83233]],[[-103.28003,21.82185],[-103.28433,21.82537],[-103.2816,21.8274],[-103.28003,21.82185]],[[-103.28882,21.81892],[-103.28493,21.81509],[-103.28348,21.81879],[-103.27988,21.81683],[-103.28472,21.80919],[-103.28916,21.81249],[-103.29213,21.8116],[-103.29073,21.81948],[-103.28882,21.81892]],[[-103.31748,21.76026],[-103.32112,21.75507],[-103.31877,21.75015],[-103.32344,21.75315],[-103.32534,21.75761],[-103.32205,21.76186],[-103.31748,21.76026]],[[-103.30749,21.74623],[-103.30232,21.74267],[-103.3049,21.74111],[-103.3042,21.73715],[-103.31314,21.73977],[-103.30749,21.74623]],[[-103.31638,21.7425],[-103.31478,21.73914],[-103.31814,21.73154],[-103.31262,21.72795],[-103.31071,21.72424],[-103.31763,21.72204],[-103.31339,21.72545],[-103.31978,21.72952],[-103.31638,21.7425]],[[-103.33601,21.62592],[-103.34032,21.6229],[-103.33985,21.62925],[-103.33601,21.62592]],[[-103.32634,21.62547],[-103.32661,21.62386],[-103.33449,21.62027],[-103.33357,21.62294],[-103.32634,21.62547]]],[[[-103.27878,21.91005],[-103.27717,21.91385],[-103.28331,21.91224],[-103.2858,21.9165],[-103.29514,21.91837],[-103.29726,21.92186],[-103.30431,21.9199],[-103.30642,21.92225],[-103.30985,21.92037],[-103.30037,21.91721],[-103.30502,21.91093],[-103.3014,21.91229],[-103.29952,21.91671],[-103.29456,21.91666],[-103.29618,21.91292],[-103.29155,21.91558],[-103.28748,21.91085],[-103.28049,21.90933],[-103.28035,21.90886],[-103.27878,21.91005]]],[[[-103.31822,21.89433],[-103.30827,21.89775],[-103.30636,21.90412],[-103.31117,21.90995],[-103.31342,21.90953],[-103.316,21.91628],[-103.316,21.90762],[-103.32004,21.89928],[-103.31859,21.89384],[-103.31822,21.89433]]],[[[-103.42756,21.43328],[-103.42965,21.43007],[-103.42564,21.43073],[-103.42756,21.43328]]],[[[-103.45084,21.45999],[-103.45388,21.46217],[-103.45767,21.45672],[-103.4584,21.45135],[-103.45466,21.44665],[-103.45256,21.45075],[-103.45399,21.45676],[-103.44524,21.44983],[-103.44488,21.45288],[-103.44856,21.45556],[-103.44667,21.45981],[-103.45084,21.45999]]],[[[-103.43742,21.46048],[-103.4413,21.46354],[-103.44291,21.46014],[-103.43955,21.45691],[-103.43521,21.45604],[-103.43742,21.46048]]],[[[-103.44549,21.47983],[-103.45039,21.47877],[-103.44666,21.47352],[-103.45036,21.47309],[-103.45174,21.46814],[-103.45659,21.46727],[-103.45482,21.46441],[-103.4508,21.46777],[-103.44025,21.47146],[-103.43959,21.46501],[-103.4344,21.47153],[-103.42738,21.47045],[-103.43059,21.46576],[-103.42005,21.45848],[-103.41504,21.45793],[-103.41278,21.46273],[-103.42599,21.46819],[-103.4241,21.47347],[-103.417,21.47004],[-103.41425,21.47296],[-103.41914,21.47213],[-103.42095,21.47411],[-103.42901,21.47629],[-103.43694,21.4743],[-103.43687,21.47688],[-103.44504,21.4767],[-103.44549,21.47983]]],[[[-103.39591,21.64303],[-103.39038,21.63967],[-103.39016,21.63654],[-103.39608,21.63688],[-103.39783,21.63459],[-103.39489,21.62489],[-103.39217,21.62772],[-103.38962,21.62458],[-103.37808,21.62268],[-103.38543,21.63055],[-103.38589,21.63691],[-103.38012,21.63688],[-103.38057,21.64143],[-103.38577,21.63854],[-103.39284,21.64291],[-103.39591,21.64303]],[[-103.38765,21.63455],[-103.38889,21.63082],[-103.39308,21.63069],[-103.38765,21.63455]]],[[[-103.38883,21.61198],[-103.39272,21.61485],[-103.39401,21.61246],[-103.38883,21.61198]]],[[[-102.96453,21.9988],[-102.96355,22.00037],[-102.97185,22.00304],[-102.97045,21.99672],[-102.96665,21.99759],[-102.9601,21.99541],[-102.96453,21.9988]]],[[[-102.95487,21.99295],[-102.96209,21.9941],[-102.96284,21.99245],[-102.95523,21.98991],[-102.95487,21.99295]]],[[[-102.97324,21.88271],[-102.97259,21.88331],[-102.97237,21.88351],[-102.97141,21.8844],[-102.97493,21.88748],[-102.97208,21.88949],[-102.97537,21.89269],[-102.97304,21.8952],[-102.97735,21.89632],[-102.97949,21.89386],[-102.98525,21.89689],[-102.99234,21.89415],[-102.98866,21.88625],[-102.98759,21.88556],[-102.98241,21.8909],[-102.98603,21.88425],[-102.98535,21.88279],[-102.97849,21.88061],[-102.97697,21.88067],[-102.97591,21.88071],[-102.97463,21.88129],[-102.97324,21.88271]]],[[[-103.54924,23.93532],[-103.54763,23.93933],[-103.55123,23.93852],[-103.54924,23.93532]]],[[[-103.65567,23.8312],[-103.65143,23.82926],[-103.65322,23.83334],[-103.65567,23.8312]]],[[[-101.40907,22.00208],[-101.40887,21.99903],[-101.41347,21.99832],[-101.40271,21.99781],[-101.40238,21.98323],[-101.41615,21.98524],[-101.41558,21.97993],[-101.41215,21.97568],[-101.41529,21.97618],[-101.41729,21.96993],[-101.41403,21.96178],[-101.41596,21.96089],[-101.41385,21.95427],[-101.41654,21.9544],[-101.41621,21.94858],[-101.40938,21.94663],[-101.40512,21.94864],[-101.40465,21.95037],[-101.40463,21.95044],[-101.4043,21.95279],[-101.40406,21.95333],[-101.40402,21.95343],[-101.40382,21.95378],[-101.4029,21.95609],[-101.40354,21.96124],[-101.40061,21.96003],[-101.40065,21.96015],[-101.40092,21.96082],[-101.40093,21.96086],[-101.3986,21.96514],[-101.39834,21.96531],[-101.39548,21.96805],[-101.39762,21.97626],[-101.39656,21.98122],[-101.39854,21.983],[-101.39955,21.98389],[-101.39939,21.98404],[-101.39859,21.98476],[-101.39712,21.98606],[-101.39464,21.98828],[-101.39596,21.99127],[-101.39103,21.99545],[-101.39332,21.99814],[-101.40263,21.99781],[-101.40314,22.002],[-101.40907,22.00208]],[[-101.40324,21.97875],[-101.40049,21.97547],[-101.40539,21.97365],[-101.40631,21.97715],[-101.40324,21.97875]]],[[[-101.68647,22.30781],[-101.68601,22.31307],[-101.69052,22.31202],[-101.68993,22.30045],[-101.6877,22.30001],[-101.68647,22.30781]]],[[[-101.65858,22.29351],[-101.65571,22.29076],[-101.65872,22.28695],[-101.65572,22.2828],[-101.64582,22.28589],[-101.6488,22.28722],[-101.65249,22.28401],[-101.65468,22.29312],[-101.65858,22.29351]]],[[[-101.67598,22.25063],[-101.68,22.24872],[-101.6789,22.2371],[-101.67627,22.23457],[-101.68192,22.23493],[-101.67955,22.22985],[-101.67309,22.22975],[-101.67598,22.25063]]],[[[-101.73277,22.25001],[-101.74032,22.24015],[-101.73403,22.23435],[-101.73489,22.2327],[-101.72538,22.22681],[-101.71847,22.22777],[-101.71685,22.23256],[-101.71033,22.22845],[-101.7087,22.23244],[-101.70553,22.23116],[-101.70148,22.23769],[-101.69708,22.24203],[-101.70825,22.24502],[-101.71307,22.24958],[-101.71723,22.24552],[-101.72599,22.23971],[-101.73277,22.25001]]],[[[-101.74965,22.22656],[-101.7499,22.22187],[-101.74553,22.21928],[-101.74329,22.22624],[-101.74965,22.22656]]],[[[-101.73597,22.21324],[-101.74414,22.21477],[-101.74359,22.20857],[-101.74663,22.20745],[-101.74261,22.20518],[-101.73781,22.20527],[-101.73597,22.21324]]],[[[-101.47122,22.10747],[-101.47561,22.10766],[-101.48364,22.10128],[-101.48385,22.09393],[-101.48559,22.09078],[-101.48032,22.08947],[-101.47737,22.09248],[-101.46592,22.09335],[-101.46208,22.0962],[-101.4656,22.10149],[-101.47012,22.1007],[-101.4692,22.10698],[-101.47122,22.10747]]],[[[-101.50524,22.04946],[-101.49957,22.04722],[-101.49774,22.04744],[-101.5,22.05398],[-101.49567,22.05829],[-101.49227,22.0577],[-101.49104,22.06622],[-101.50242,22.05949],[-101.50858,22.05682],[-101.50408,22.05414],[-101.50524,22.04946]]],[[[-101.7244,22.03781],[-101.72689,22.03743],[-101.71969,22.03258],[-101.72218,22.02864],[-101.72442,22.03068],[-101.73319,22.0237],[-101.73209,22.01988],[-101.72396,22.02428],[-101.72488,22.00676],[-101.72085,22.00377],[-101.71511,22.00401],[-101.71423,21.99997],[-101.70639,22.00183],[-101.70669,22.01995],[-101.70992,22.02293],[-101.70407,22.02275],[-101.70248,22.02959],[-101.70016,22.02916],[-101.69937,22.04058],[-101.70149,22.04471],[-101.70722,22.04691],[-101.72006,22.04366],[-101.72109,22.03997],[-101.7244,22.03781]]],[[[-101.39156,22.00743],[-101.39095,22.01459],[-101.38758,22.01795],[-101.39196,22.02072],[-101.3918,22.02485],[-101.40256,22.02631],[-101.41086,22.0243],[-101.40946,22.00611],[-101.39156,22.00743]]],[[[-102.49863,23.03636],[-102.48838,23.03784],[-102.48585,23.04274],[-102.48377,23.05179],[-102.48771,23.05147],[-102.49863,23.03636]]],[[[-102.48993,23.02315],[-102.48979,23.02986],[-102.49192,23.03425],[-102.49567,23.03101],[-102.49645,23.03034],[-102.50173,23.02787],[-102.50166,23.03222],[-102.50492,23.02775],[-102.49351,23.02205],[-102.48993,23.02315]]],[[[-102.44746,23.03206],[-102.45669,23.0256],[-102.45581,23.0228],[-102.44742,23.02262],[-102.44746,23.03206]]],[[[-102.3634,22.9959],[-102.35937,22.99821],[-102.36232,23.00495],[-102.36864,23.00344],[-102.3638,23.00048],[-102.3634,22.9959]]],[[[-102.37005,22.99424],[-102.36359,22.99587],[-102.36559,23.00037],[-102.37099,23.00157],[-102.36498,23.0087],[-102.37258,23.00597],[-102.37195,22.99749],[-102.36917,22.99944],[-102.37005,22.99424]]],[[[-102.62568,22.99293],[-102.62826,22.99301],[-102.62851,22.98516],[-102.62576,22.98457],[-102.6226,22.98639],[-102.62239,22.99323],[-102.62568,22.99293]]],[[[-102.62536,23.01712],[-102.62534,23.01857],[-102.62532,23.02044],[-102.62587,23.02088],[-102.62573,23.02506],[-102.62016,23.02743],[-102.61152,23.0269],[-102.61121,23.03729],[-102.61426,23.0374],[-102.61467,23.04109],[-102.61037,23.04713],[-102.61442,23.04849],[-102.60754,23.05143],[-102.61239,23.05279],[-102.61136,23.05981],[-102.61373,23.07086],[-102.61483,23.07532],[-102.6151,23.08165],[-102.61695,23.08731],[-102.61726,23.08806],[-102.62089,23.09042],[-102.62129,23.09065],[-102.62128,23.09067],[-102.61837,23.09507],[-102.61906,23.10019],[-102.62277,23.09832],[-102.62772,23.10152],[-102.62934,23.09935],[-102.62203,23.09451],[-102.62376,23.09229],[-102.62643,23.08891],[-102.62402,23.08736],[-102.6266,23.08387],[-102.62423,23.08229],[-102.62981,23.0747],[-102.63131,23.07736],[-102.62822,23.08164],[-102.63297,23.08483],[-102.64136,23.08405],[-102.64169,23.075],[-102.64379,23.07503],[-102.64364,23.08292],[-102.64533,23.08874],[-102.64117,23.08868],[-102.64045,23.0964],[-102.63884,23.09665],[-102.637,23.09414],[-102.63703,23.0941],[-102.63196,23.09101],[-102.63106,23.09703],[-102.63355,23.09867],[-102.63012,23.10308],[-102.63731,23.10785],[-102.6348,23.11192],[-102.64061,23.11586],[-102.64252,23.11617],[-102.64862,23.10867],[-102.64942,23.10768],[-102.6553,23.10073],[-102.65505,23.08897],[-102.65313,23.08898],[-102.65333,23.08279],[-102.66327,23.08024],[-102.66014,23.06655],[-102.66034,23.05651],[-102.66196,23.05257],[-102.65839,23.05244],[-102.65848,23.04785],[-102.6526,23.04766],[-102.65262,23.0431],[-102.66235,23.0433],[-102.66116,23.0345],[-102.65675,23.03404],[-102.65736,23.03846],[-102.65082,23.03837],[-102.65071,23.04302],[-102.64495,23.04278],[-102.64653,23.02948],[-102.64666,23.0206],[-102.64835,23.00835],[-102.64474,23.00635],[-102.64307,23.00815],[-102.64219,23.02022],[-102.63918,23.02013],[-102.63982,23.00931],[-102.63466,23.01596],[-102.63463,23.01266],[-102.63821,23.0098],[-102.63856,23.00387],[-102.63561,23.00648],[-102.63452,23.01246],[-102.62812,23.01175],[-102.63041,23.01519],[-102.62537,23.01568],[-102.62536,23.01712]],[[-102.63229,23.06535],[-102.62743,23.06409],[-102.62856,23.06089],[-102.62855,23.0472],[-102.63247,23.04715],[-102.63472,23.04249],[-102.6344,23.04869],[-102.63245,23.04838],[-102.63234,23.05657],[-102.63444,23.05649],[-102.63435,23.06425],[-102.63928,23.0644],[-102.63782,23.07474],[-102.63396,23.07457],[-102.63229,23.06535]],[[-102.64453,23.05716],[-102.65039,23.05668],[-102.65015,23.06138],[-102.6443,23.06101],[-102.64453,23.05716]],[[-102.63661,23.05465],[-102.63449,23.05095],[-102.6401,23.05189],[-102.6402,23.06092],[-102.63622,23.06076],[-102.63661,23.05465]]],[[[-102.59769,23.0616],[-102.60161,23.06466],[-102.60533,23.06047],[-102.60147,23.05724],[-102.59769,23.0616]]],[[[-102.59957,23.02965],[-102.59919,23.03692],[-102.60142,23.03707],[-102.60175,23.02615],[-102.59957,23.02965]]],[[[-102.62145,23.01592],[-102.62152,23.01363],[-102.61359,23.01343],[-102.61329,23.01576],[-102.62145,23.01592]]],[[[-102.37413,23.03452],[-102.37636,23.03192],[-102.37059,23.02962],[-102.36956,23.03246],[-102.37413,23.03452]]],[[[-102.40404,23.04908],[-102.4156,23.0512],[-102.41562,23.04651],[-102.41137,23.04589],[-102.41301,23.04135],[-102.40704,23.04017],[-102.40404,23.04908]]],[[[-102.17025,22.68725],[-102.17275,22.68478],[-102.17603,22.68549],[-102.18178,22.6843],[-102.17793,22.68037],[-102.17472,22.68398],[-102.16771,22.68082],[-102.16961,22.68808],[-102.17025,22.68725]]],[[[-102.08173,22.53642],[-102.08859,22.54769],[-102.08817,22.54986],[-102.08721,22.5541],[-102.09113,22.55305],[-102.09365,22.54879],[-102.0912,22.53994],[-102.08743,22.53455],[-102.0813,22.53568],[-102.06771,22.53599],[-102.08173,22.53642]]],[[[-102.29413,22.55854],[-102.29491,22.55165],[-102.28781,22.55274],[-102.27808,22.54609],[-102.2756,22.53539],[-102.2756,22.53455],[-102.27403,22.53226],[-102.27405,22.53184],[-102.27428,22.52857],[-102.27422,22.52817],[-102.27052,22.52762],[-102.26979,22.52711],[-102.26924,22.5275],[-102.26098,22.53492],[-102.25692,22.54085],[-102.251,22.54571],[-102.25161,22.55966],[-102.25363,22.56459],[-102.25703,22.56236],[-102.26077,22.56829],[-102.26115,22.57262],[-102.26762,22.57102],[-102.27108,22.57314],[-102.27309,22.56251],[-102.27492,22.57147],[-102.26838,22.57545],[-102.27544,22.57455],[-102.2828,22.57531],[-102.28594,22.57769],[-102.28634,22.57373],[-102.29281,22.57198],[-102.30431,22.57231],[-102.30171,22.56886],[-102.29362,22.56428],[-102.29413,22.55854]]],[[[-102.33146,22.65386],[-102.34687,22.65205],[-102.34705,22.64817],[-102.34099,22.64663],[-102.34056,22.64156],[-102.33545,22.6404],[-102.33541,22.64792],[-102.33074,22.64997],[-102.33146,22.65386]]],[[[-102.23196,22.62241],[-102.24149,22.62207],[-102.24634,22.62335],[-102.24886,22.62701],[-102.25324,22.62708],[-102.2544,22.63229],[-102.25193,22.64037],[-102.2417,22.64037],[-102.23633,22.63862],[-102.23592,22.64185],[-102.23503,22.64737],[-102.2592,22.65203],[-102.26036,22.64518],[-102.25846,22.64398],[-102.25906,22.62683],[-102.25366,22.62685],[-102.25347,22.62484],[-102.26177,22.62294],[-102.25224,22.6089],[-102.23463,22.60754],[-102.22956,22.61013],[-102.23092,22.61526],[-102.22909,22.62105],[-102.23196,22.62241]]],[[[-102.32326,22.60595],[-102.32464,22.60342],[-102.32196,22.60108],[-102.31762,22.60185],[-102.30889,22.59843],[-102.31293,22.59874],[-102.31683,22.59615],[-102.32246,22.59663],[-102.32092,22.58548],[-102.31636,22.58506],[-102.31709,22.57928],[-102.31056,22.57865],[-102.30997,22.59028],[-102.30559,22.59228],[-102.30557,22.5972],[-102.30189,22.59633],[-102.30172,22.59844],[-102.3066,22.60265],[-102.30935,22.60584],[-102.31248,22.60559],[-102.31319,22.60554],[-102.32046,22.60861],[-102.32326,22.60595]]],[[[-102.25052,22.58695],[-102.25042,22.5822],[-102.24669,22.57797],[-102.24189,22.5834],[-102.2473,22.59439],[-102.25015,22.59176],[-102.25052,22.58695]]],[[[-102.24266,22.57761],[-102.23813,22.58035],[-102.23798,22.58244],[-102.24084,22.58304],[-102.24266,22.57761]]],[[[-102.26555,22.58167],[-102.2751,22.58188],[-102.27152,22.57858],[-102.26689,22.5777],[-102.26555,22.58167]]],[[[-102.2757,22.61101],[-102.26784,22.60959],[-102.26803,22.62503],[-102.27747,22.6251],[-102.27737,22.62185],[-102.27265,22.62123],[-102.27369,22.61481],[-102.2757,22.61101]]],[[[-102.31814,22.6191],[-102.32154,22.61906],[-102.31981,22.61504],[-102.31814,22.6191]]],[[[-102.32983,22.57283],[-102.3216,22.56956],[-102.32062,22.57338],[-102.32961,22.57375],[-102.32983,22.57283]]],[[[-102.27435,22.52774],[-102.27443,22.52775],[-102.2745,22.52627],[-102.26991,22.52678],[-102.26984,22.52708],[-102.27069,22.52732],[-102.27435,22.52774]]],[[[-101.96343,22.35292],[-101.96662,22.35306],[-101.97845,22.35343],[-101.98482,22.35358],[-102.0084,22.35383],[-102.00904,22.3814],[-102.02069,22.38151],[-102.02078,22.38315],[-102.03867,22.38318],[-102.04499,22.37768],[-102.04604,22.38118],[-102.0557,22.38112],[-102.05502,22.37566],[-102.05851,22.37559],[-102.06113,22.37903],[-102.07005,22.38137],[-102.07139,22.38577],[-102.07932,22.38617],[-102.086,22.38363],[-102.08874,22.37259],[-102.08881,22.37137],[-102.0858,22.37013],[-102.08545,22.36619],[-102.08861,22.36747],[-102.08693,22.3643],[-102.08407,22.36088],[-102.08632,22.35662],[-102.08456,22.34914],[-102.08217,22.34892],[-102.08262,22.33776],[-102.08016,22.33227],[-102.08023,22.32655],[-102.07979,22.32336],[-102.08014,22.31854],[-102.07576,22.3154],[-102.0793,22.31212],[-102.07294,22.30977],[-102.07562,22.30607],[-102.07368,22.30541],[-102.07222,22.30492],[-102.07022,22.30783],[-102.07056,22.3165],[-102.06023,22.3243],[-102.05442,22.31993],[-102.05388,22.31921],[-102.04332,22.31387],[-102.03722,22.30528],[-102.03389,22.30351],[-102.02708,22.30457],[-102.02288,22.30764],[-102.02198,22.31425],[-102.01622,22.3193],[-102.01423,22.32645],[-102.00719,22.32836],[-102.00272,22.33179],[-101.9998,22.32204],[-101.99747,22.32697],[-101.99056,22.32455],[-101.9773,22.33033],[-101.96829,22.32351],[-101.96726,22.32762],[-101.97318,22.32782],[-101.97287,22.33973],[-101.97935,22.33941],[-101.97776,22.34921],[-101.96287,22.34898],[-101.96332,22.32746],[-101.96551,22.32424],[-101.95738,22.33013],[-101.9531,22.32818],[-101.9533,22.33173],[-101.95666,22.33225],[-101.95712,22.3386],[-101.95457,22.34548],[-101.95833,22.35269],[-101.95838,22.35279],[-101.96343,22.35292]],[[-102.05881,22.34743],[-102.06117,22.34038],[-102.06347,22.34487],[-102.06991,22.34481],[-102.06847,22.35439],[-102.06206,22.35257],[-102.05881,22.34743]],[[-101.98804,22.34561],[-101.9859,22.33898],[-101.98371,22.33912],[-101.98393,22.3328],[-101.99814,22.33325],[-101.99882,22.33536],[-101.99027,22.33579],[-101.98804,22.34561]],[[-102.04959,22.33684],[-102.04315,22.33543],[-102.03751,22.33161],[-102.03216,22.33169],[-102.03328,22.32263],[-102.03461,22.32186],[-102.04013,22.33083],[-102.04716,22.33159],[-102.05132,22.33583],[-102.04959,22.33684]]],[[[-101.99054,22.41451],[-101.99276,22.41747],[-102.00888,22.41732],[-102.00824,22.42308],[-102.01538,22.41838],[-102.03174,22.41187],[-102.03346,22.40687],[-102.02501,22.39824],[-102.00927,22.41375],[-102.00903,22.39421],[-101.99913,22.39392],[-101.99683,22.39521],[-101.99717,22.41428],[-101.99054,22.41451]]],[[[-101.96758,22.36623],[-101.9699,22.36966],[-101.97533,22.36964],[-101.97447,22.36055],[-101.96693,22.36049],[-101.96758,22.36623]]],[[[-102.863,21.26814],[-102.86409,21.26889],[-102.86426,21.26895],[-102.86562,21.26942],[-102.86594,21.26953],[-102.8672,21.26997],[-102.86674,21.26146],[-102.86874,21.25954],[-102.87495,21.26329],[-102.87301,21.2665],[-102.8751,21.26674],[-102.87612,21.26696],[-102.8776,21.26728],[-102.87712,21.26488],[-102.87697,21.26343],[-102.87611,21.25669],[-102.86632,21.25784],[-102.86346,21.26121],[-102.86239,21.26255],[-102.86624,21.26405],[-102.863,21.26814]]],[[[-102.87823,21.26745],[-102.8776,21.26728],[-102.87828,21.2679],[-102.87823,21.26745]]],[[[-102.73841,22.87819],[-102.74041,22.8783],[-102.74279,22.87843],[-102.74409,22.87846],[-102.74468,22.8751],[-102.73608,22.87481],[-102.73841,22.87819]]],[[[-102.71032,22.87514],[-102.70963,22.87323],[-102.70838,22.87145],[-102.69846,22.87198],[-102.69258,22.87366],[-102.69468,22.87812],[-102.70229,22.88183],[-102.69633,22.88292],[-102.69309,22.88862],[-102.69443,22.89323],[-102.7023,22.89246],[-102.70197,22.8964],[-102.70299,22.89634],[-102.70577,22.88875],[-102.70162,22.88718],[-102.70208,22.8836],[-102.70697,22.8832],[-102.70804,22.87506],[-102.71032,22.87514]]],[[[-102.69818,22.86],[-102.69412,22.8649],[-102.69432,22.86954],[-102.70363,22.87],[-102.70548,22.8655],[-102.70404,22.86189],[-102.70391,22.85955],[-102.69818,22.86]]],[[[-102.67346,22.86441],[-102.67047,22.86367],[-102.66714,22.87177],[-102.66915,22.87053],[-102.67346,22.86441]]],[[[-102.66902,22.88274],[-102.66918,22.87843],[-102.6593,22.87724],[-102.65903,22.87253],[-102.65615,22.87986],[-102.66556,22.88225],[-102.66902,22.88274]]],[[[-102.65377,22.86338],[-102.6556,22.86766],[-102.6568,22.86362],[-102.65377,22.86338]]],[[[-103.26711,21.97368],[-103.26712,21.97369],[-103.26735,21.9742],[-103.26866,21.97568],[-103.26932,21.97602],[-103.27015,21.97644],[-103.27052,21.97678],[-103.27091,21.97715],[-103.27695,21.9896],[-103.27728,21.98981],[-103.27822,21.98969],[-103.28408,21.98498],[-103.28598,21.98354],[-103.28755,21.98234],[-103.28521,21.97562],[-103.28835,21.97242],[-103.29111,21.97427],[-103.29188,21.97876],[-103.2952,21.97611],[-103.29246,21.9749],[-103.2924,21.9665],[-103.2883,21.96882],[-103.28235,21.96664],[-103.28507,21.96446],[-103.29065,21.96691],[-103.29222,21.96063],[-103.28296,21.96533],[-103.2791,21.96409],[-103.27335,21.96736],[-103.2704,21.97249],[-103.26711,21.97368]]],[[[-103.26155,21.97177],[-103.26165,21.97187],[-103.26184,21.97226],[-103.26332,21.97198],[-103.26351,21.97194],[-103.26424,21.97181],[-103.26472,21.97185],[-103.26509,21.97216],[-103.26611,21.97276],[-103.26968,21.97189],[-103.2771,21.96085],[-103.27329,21.96471],[-103.27239,21.9621],[-103.26485,21.96048],[-103.26586,21.96374],[-103.27228,21.96456],[-103.26579,21.96692],[-103.26155,21.97177]]],[[[-103.27937,21.96166],[-103.2868,21.95914],[-103.29612,21.9519],[-103.30012,21.95068],[-103.29693,21.94643],[-103.29138,21.95205],[-103.28876,21.9515],[-103.27937,21.96166]]],[[[-103.2768,21.95894],[-103.28654,21.9517],[-103.28253,21.9483],[-103.27191,21.95],[-103.27673,21.95456],[-103.2768,21.95894]]],[[[-103.30139,21.94664],[-103.30443,21.94824],[-103.30803,21.942],[-103.30804,21.9384],[-103.31263,21.9315],[-103.30475,21.93827],[-103.30139,21.94664]]],[[[-103.31373,21.93076],[-103.31892,21.92358],[-103.3134,21.91554],[-103.31261,21.91106],[-103.30556,21.91165],[-103.30593,21.91507],[-103.31744,21.92316],[-103.31244,21.92942],[-103.31373,21.93076]]],[[[-103.29101,21.95801],[-103.29687,21.95526],[-103.29461,21.95449],[-103.29101,21.95801]]],[[[-103.48541,24.30686],[-103.48607,24.30006],[-103.49685,24.29837],[-103.50341,24.29623],[-103.50469,24.29531],[-103.50429,24.2922],[-103.4999,24.29299],[-103.49483,24.29526],[-103.482,24.29505],[-103.47898,24.29608],[-103.47552,24.30608],[-103.4808,24.30889],[-103.48161,24.31305],[-103.4783,24.31592],[-103.48184,24.31871],[-103.48406,24.31834],[-103.48634,24.31218],[-103.48629,24.31209],[-103.4865,24.31017],[-103.48541,24.30966],[-103.48491,24.30867],[-103.48541,24.30686]]],[[[-103.56953,24.18345],[-103.58023,24.17974],[-103.57959,24.17848],[-103.57956,24.17846],[-103.58727,24.17043],[-103.57661,24.16694],[-103.56934,24.16592],[-103.56737,24.15639],[-103.57318,24.14684],[-103.57634,24.13883],[-103.58498,24.1336],[-103.59411,24.12765],[-103.59243,24.12041],[-103.59477,24.1164],[-103.58913,24.11468],[-103.58212,24.11654],[-103.57649,24.12466],[-103.57495,24.1209],[-103.56909,24.12333],[-103.56363,24.13008],[-103.56783,24.12908],[-103.56468,24.13302],[-103.56166,24.14528],[-103.56141,24.15512],[-103.55639,24.15722],[-103.55158,24.16231],[-103.55512,24.17575],[-103.55821,24.18192],[-103.55898,24.18739],[-103.56198,24.19136],[-103.56511,24.18682],[-103.56953,24.18345]]],[[[-103.40342,24.07737],[-103.38968,24.08311],[-103.38484,24.07661],[-103.37546,24.07717],[-103.36861,24.07964],[-103.36597,24.07821],[-103.36441,24.07149],[-103.35203,24.08355],[-103.34449,24.0753],[-103.3381,24.08166],[-103.347,24.09208],[-103.34937,24.09509],[-103.35431,24.10126],[-103.37154,24.11533],[-103.36694,24.11804],[-103.3667,24.12088],[-103.37076,24.12675],[-103.37619,24.12215],[-103.38453,24.12438],[-103.38687,24.12178],[-103.39202,24.12195],[-103.39247,24.11882],[-103.3991,24.11895],[-103.39979,24.11295],[-103.42781,24.11333],[-103.4267,24.11576],[-103.4342,24.11794],[-103.43629,24.11354],[-103.44943,24.11347],[-103.4471,24.10889],[-103.44646,24.10104],[-103.43752,24.10097],[-103.43573,24.09088],[-103.43085,24.0908],[-103.43003,24.08674],[-103.42535,24.08373],[-103.42515,24.07817],[-103.42272,24.07541],[-103.40829,24.07629],[-103.40839,24.06389],[-103.41088,24.06196],[-103.40968,24.06089],[-103.40243,24.06454],[-103.39844,24.0681],[-103.40358,24.07469],[-103.40342,24.07737]],[[-103.39705,24.10328],[-103.39509,24.10009],[-103.41221,24.10009],[-103.40856,24.10193],[-103.39691,24.1008],[-103.39705,24.10328]],[[-103.4153,24.1054],[-103.42034,24.10288],[-103.42033,24.10638],[-103.4153,24.1054]],[[-103.39386,24.10274],[-103.38982,24.10003],[-103.39476,24.10006],[-103.39386,24.10274]],[[-103.41638,24.0997],[-103.3969,24.09895],[-103.40318,24.09666],[-103.41636,24.09815],[-103.41638,24.0997]],[[-103.3869,24.09887],[-103.38589,24.09404],[-103.39014,24.0971],[-103.39677,24.09349],[-103.39651,24.09889],[-103.3869,24.09887]],[[-103.36713,24.08737],[-103.36262,24.08424],[-103.36607,24.08346],[-103.36713,24.08737]]],[[[-103.64134,24.09195],[-103.65204,24.09785],[-103.65011,24.09382],[-103.64715,24.09414],[-103.64566,24.09021],[-103.64134,24.09195]]],[[[-103.62982,24.09195],[-103.63315,24.0937],[-103.63697,24.09178],[-103.62982,24.09195]]],[[[-103.60764,24.10893],[-103.61058,24.10148],[-103.61886,24.09681],[-103.60745,24.10279],[-103.60764,24.10893]]],[[[-103.53199,24.29374],[-103.5347,24.29161],[-103.53062,24.28904],[-103.53199,24.29374]]],[[[-103.52857,24.29199],[-103.52896,24.29226],[-103.52956,24.29221],[-103.52857,24.29199]]],[[[-103.47062,24.32108],[-103.47031,24.32078],[-103.47062,24.32108],[-103.47104,24.32142],[-103.47135,24.32153],[-103.47103,24.3213],[-103.47062,24.32108]]],[[[-103.46893,24.32042],[-103.46921,24.32057],[-103.46936,24.32065],[-103.46984,24.32068],[-103.46893,24.32042]]],[[[-103.39367,24.15232],[-103.4009,24.14521],[-103.38852,24.14496],[-103.38836,24.14865],[-103.38321,24.15022],[-103.38425,24.15211],[-103.39325,24.15231],[-103.39367,24.15232]]],[[[-103.38563,24.23503],[-103.38768,24.23389],[-103.38351,24.22765],[-103.37911,24.23014],[-103.38563,24.23503]]],[[[-101.57236,24.84201],[-101.5786,24.84192],[-101.58231,24.83784],[-101.57212,24.8405],[-101.57236,24.84201]]],[[[-101.58995,24.82558],[-101.59422,24.8253],[-101.59869,24.82082],[-101.58878,24.82428],[-101.58995,24.82558]]],[[[-102.04031,24.20792],[-102.03972,24.21355],[-102.04597,24.21402],[-102.0434,24.20818],[-102.04031,24.20792]]],[[[-102.02691,24.20331],[-102.02333,24.20329],[-102.02313,24.2101],[-102.03052,24.21033],[-102.03098,24.20335],[-102.02691,24.20331]]],[[[-102.25265,22.43256],[-102.26311,22.43797],[-102.26482,22.43492],[-102.26187,22.42083],[-102.25949,22.41622],[-102.2638,22.40911],[-102.2639,22.40895],[-102.25394,22.39427],[-102.25011,22.38745],[-102.24997,22.38729],[-102.24964,22.38714],[-102.24943,22.38668],[-102.24908,22.38609],[-102.24897,22.38591],[-102.24275,22.37878],[-102.24265,22.37883],[-102.23871,22.38086],[-102.24104,22.38315],[-102.23933,22.38803],[-102.24184,22.39901],[-102.23516,22.39814],[-102.23251,22.40287],[-102.23006,22.40162],[-102.22706,22.40678],[-102.22097,22.40624],[-102.21832,22.41031],[-102.21561,22.40969],[-102.21412,22.41511],[-102.22468,22.41617],[-102.22869,22.40929],[-102.23917,22.41195],[-102.23888,22.41755],[-102.24546,22.41806],[-102.24623,22.4253],[-102.25706,22.42347],[-102.25787,22.42671],[-102.25265,22.43256]]],[[[-102.18897,22.3994],[-102.19447,22.40143],[-102.19706,22.39936],[-102.199,22.38875],[-102.18864,22.38889],[-102.18665,22.39366],[-102.17669,22.3928],[-102.17666,22.40018],[-102.1865,22.40114],[-102.18897,22.3994]]],[[[-102.20869,22.39383],[-102.21209,22.39505],[-102.21288,22.38999],[-102.20321,22.38825],[-102.20222,22.3929],[-102.20869,22.39383]]],[[[-102.21491,22.40014],[-102.21746,22.40148],[-102.22028,22.39664],[-102.22511,22.39894],[-102.22758,22.3945],[-102.22047,22.39065],[-102.21491,22.40014]]],[[[-101.87426,22.2538],[-101.87409,22.25367],[-101.87471,22.2591],[-101.86607,22.26364],[-101.866,22.26757],[-101.86123,22.27323],[-101.85468,22.27774],[-101.85484,22.28005],[-101.86099,22.28461],[-101.86436,22.27951],[-101.86828,22.28304],[-101.8706,22.2812],[-101.87182,22.27608],[-101.86862,22.2731],[-101.87028,22.26726],[-101.87322,22.26601],[-101.87158,22.26277],[-101.87528,22.2591],[-101.87426,22.2538]]],[[[-101.84698,22.27681],[-101.85321,22.27876],[-101.85157,22.27449],[-101.84698,22.27681]]],[[[-101.83197,22.2491],[-101.83181,22.24896],[-101.83097,22.24896],[-101.82642,22.2518],[-101.82634,22.25302],[-101.82659,22.2585],[-101.83318,22.25305],[-101.83302,22.25101],[-101.83197,22.2491]]],[[[-101.81428,22.26894],[-101.81349,22.26894],[-101.81349,22.26872],[-101.81182,22.26825],[-101.81182,22.26894],[-101.81099,22.26811],[-101.81016,22.26778],[-101.80472,22.26626],[-101.80285,22.27195],[-101.81249,22.27696],[-101.81266,22.27644],[-101.81349,22.27477],[-101.81349,22.27394],[-101.81432,22.27061],[-101.81349,22.26978],[-101.81432,22.26978],[-101.81432,22.26895],[-101.81428,22.26894]]],[[[-101.81099,22.26802],[-101.81099,22.26811],[-101.81132,22.26811],[-101.81099,22.26802]]],[[[-101.83252,22.26082],[-101.83181,22.26062],[-101.83258,22.26114],[-101.83252,22.26082]]],[[[-103.42761,24.3846],[-103.4277,24.38427],[-103.42766,24.38423],[-103.42688,24.3835],[-103.42634,24.383],[-103.42454,24.37972],[-103.42014,24.38409],[-103.42195,24.38964],[-103.42761,24.3846]]],[[[-103.42105,24.42165],[-103.42466,24.41555],[-103.4221,24.41605],[-103.42105,24.42165]]],[[[-102.95203,22.79575],[-102.95409,22.79109],[-102.94676,22.79443],[-102.95087,22.79933],[-102.95124,22.79767],[-102.95203,22.79575]]],[[[-102.9548,22.78791],[-102.9564,22.78384],[-102.95632,22.78211],[-102.95607,22.77916],[-102.95607,22.77915],[-102.95717,22.77733],[-102.95821,22.77113],[-102.95825,22.77019],[-102.95826,22.77014],[-102.95835,22.76797],[-102.95838,22.76752],[-102.9584,22.76705],[-102.95864,22.76182],[-102.95893,22.75928],[-102.95969,22.75339],[-102.96087,22.74854],[-102.95664,22.75098],[-102.95239,22.75835],[-102.95415,22.76316],[-102.95359,22.77085],[-102.95381,22.77165],[-102.95406,22.77258],[-102.9543,22.77344],[-102.95542,22.78047],[-102.95235,22.78775],[-102.94773,22.79315],[-102.9548,22.78791]]],[[[-102.9654,22.74091],[-102.96517,22.74017],[-102.96505,22.73991],[-102.96392,22.73999],[-102.9654,22.74091]]],[[[-102.98762,22.61801],[-102.992,22.61058],[-102.98682,22.6092],[-102.98531,22.61483],[-102.98262,22.61595],[-102.98762,22.61801]]],[[[-103.05342,22.62051],[-103.05495,22.61782],[-103.04972,22.61661],[-103.0481,22.61768],[-103.04798,22.61792],[-103.04804,22.61817],[-103.04814,22.61862],[-103.05342,22.62051]]],[[[-102.85257,21.72159],[-102.8541,21.71844],[-102.85032,21.71406],[-102.84819,21.71813],[-102.84379,21.71728],[-102.84378,21.71753],[-102.84409,21.718],[-102.8338,21.72284],[-102.84558,21.7253],[-102.84218,21.72742],[-102.84651,21.72978],[-102.85045,21.7241],[-102.84722,21.71992],[-102.84757,21.71982],[-102.8478,21.71983],[-102.8482,21.71984],[-102.84997,21.71591],[-102.85257,21.72159]]],[[[-102.83905,21.70299],[-102.83863,21.70109],[-102.83743,21.6994],[-102.83726,21.69885],[-102.83461,21.69751],[-102.83503,21.69774],[-102.83558,21.69803],[-102.83059,21.70445],[-102.83367,21.70955],[-102.83952,21.711],[-102.84079,21.70436],[-102.83905,21.70299]]],[[[-103.03695,21.70912],[-103.03901,21.71047],[-103.04232,21.70654],[-103.03695,21.70912]]],[[[-102.85661,21.68651],[-102.86207,21.68662],[-102.86458,21.68441],[-102.86191,21.679],[-102.85661,21.68651]]],[[[-102.93133,21.65564],[-102.93518,21.65003],[-102.93196,21.65011],[-102.93133,21.65564]]],[[[-102.89867,21.64391],[-102.90263,21.6406],[-102.89918,21.63648],[-102.89867,21.64391]]],[[[-102.89121,21.66734],[-102.89428,21.67073],[-102.89697,21.66768],[-102.89121,21.66734]]],[[[-102.84299,21.73372],[-102.84548,21.73093],[-102.83939,21.72857],[-102.83776,21.73206],[-102.84299,21.73372]]],[[[-102.83333,21.74008],[-102.84035,21.73668],[-102.8428,21.73393],[-102.83571,21.73651],[-102.82964,21.73472],[-102.83361,21.73269],[-102.82952,21.73136],[-102.82738,21.73507],[-102.8316,21.73629],[-102.83333,21.74008]]],[[[-102.83056,21.74143],[-102.83296,21.74026],[-102.83137,21.7371],[-102.82545,21.73792],[-102.83056,21.74143]]],[[[-102.82766,21.7455],[-102.82803,21.74328],[-102.82504,21.73948],[-102.81875,21.73573],[-102.82134,21.74188],[-102.82766,21.7455]]],[[[-102.82732,21.74759],[-102.82758,21.74599],[-102.82273,21.74395],[-102.82391,21.75054],[-102.82732,21.74759]]],[[[-102.87337,21.79593],[-102.8783,21.79866],[-102.8843,21.80445],[-102.88506,21.80075],[-102.88267,21.79674],[-102.88881,21.79489],[-102.88462,21.79245],[-102.88081,21.79557],[-102.8778,21.79314],[-102.87299,21.7955],[-102.87337,21.79593]]],[[[-102.85365,21.79391],[-102.86089,21.79099],[-102.85886,21.78623],[-102.85942,21.77903],[-102.85686,21.78359],[-102.85823,21.78786],[-102.85365,21.79391]]],[[[-102.9904,21.82866],[-102.99373,21.82923],[-102.99475,21.83078],[-102.99946,21.83552],[-103.00154,21.83628],[-103.00346,21.83699],[-103.00778,21.83746],[-103.01359,21.83684],[-103.01379,21.83987],[-103.01929,21.83961],[-103.01617,21.84284],[-103.0201,21.84242],[-103.02005,21.83755],[-103.01376,21.83528],[-103.01209,21.82541],[-103.00301,21.81848],[-102.99198,21.81553],[-102.99377,21.81153],[-102.99133,21.80975],[-102.98875,21.80912],[-102.98711,21.80868],[-102.98524,21.80814],[-102.98229,21.81053],[-102.98088,21.80688],[-102.97883,21.80802],[-102.97805,21.80855],[-102.97605,21.81079],[-102.97948,21.81193],[-102.98144,21.82178],[-102.98384,21.82033],[-102.98936,21.82236],[-102.98829,21.82643],[-102.9904,21.82866]]],[[[-102.8245,21.71824],[-102.82973,21.71701],[-102.83043,21.71285],[-102.82685,21.7111],[-102.8234,21.71372],[-102.8245,21.71824]]],[[[-102.38244,22.94441],[-102.38304,22.94819],[-102.38635,22.94418],[-102.38244,22.94441]]],[[[-102.41343,22.92605],[-102.41382,22.9259],[-102.41419,22.92387],[-102.409,22.9239],[-102.41343,22.92605]]],[[[-102.41324,22.92756],[-102.41382,22.92673],[-102.41337,22.92655],[-102.41324,22.92756]]],[[[-102.40471,22.94547],[-102.40966,22.94255],[-102.41132,22.93672],[-102.41132,22.93589],[-102.41132,22.93505],[-102.41132,22.93422],[-102.41132,22.93339],[-102.41216,22.92839],[-102.41216,22.92813],[-102.40822,22.92786],[-102.40543,22.9319],[-102.40471,22.94547]]],[[[-102.41129,22.82111],[-102.41172,22.81472],[-102.41504,22.80671],[-102.40871,22.81021],[-102.40741,22.81501],[-102.41105,22.8169],[-102.41129,22.82111]]],[[[-102.33128,22.9125],[-102.33096,22.91632],[-102.3342,22.91437],[-102.33128,22.9125]]],[[[-102.34205,22.91004],[-102.34416,22.90375],[-102.34042,22.90384],[-102.34205,22.91004]]],[[[-102.30286,22.88508],[-102.30466,22.8795],[-102.29875,22.86397],[-102.29523,22.86421],[-102.29344,22.86973],[-102.29669,22.87155],[-102.29607,22.87463],[-102.29943,22.88395],[-102.30286,22.88508]]],[[[-102.28816,22.87953],[-102.28675,22.88025],[-102.28703,22.88092],[-102.28816,22.87953]]],[[[-102.28431,22.87548],[-102.28628,22.8793],[-102.28816,22.87953],[-102.2872,22.87555],[-102.28431,22.87548]]],[[[-102.2795,22.86677],[-102.2821,22.87096],[-102.28599,22.86828],[-102.2795,22.86677]]],[[[-102.33278,22.86295],[-102.33759,22.8624],[-102.33386,22.854],[-102.32235,22.82422],[-102.31918,22.82499],[-102.32037,22.83087],[-102.32434,22.83686],[-102.3255,22.84768],[-102.33107,22.86205],[-102.33278,22.86295]]],[[[-102.27822,22.83967],[-102.27854,22.84065],[-102.2787,22.84115],[-102.28125,22.84283],[-102.28183,22.83524],[-102.27805,22.83914],[-102.27822,22.83967]]],[[[-102.26718,22.8328],[-102.26836,22.82703],[-102.26583,22.82737],[-102.26718,22.8328]]],[[[-102.34664,22.92873],[-102.34529,22.93261],[-102.34938,22.93264],[-102.34843,22.92721],[-102.34664,22.92873]]],[[[-102.16341,22.68889],[-102.1605,22.68689],[-102.15914,22.6798],[-102.16272,22.67355],[-102.15969,22.67606],[-102.15585,22.6737],[-102.15871,22.68784],[-102.16341,22.68889]]],[[[-102.05163,22.67612],[-102.04807,22.67478],[-102.04543,22.68079],[-102.05092,22.68267],[-102.05138,22.67751],[-102.05163,22.67612]]],[[[-102.77232,23.07136],[-102.77246,23.07586],[-102.76677,23.07633],[-102.7667,23.08361],[-102.76148,23.08493],[-102.76213,23.10229],[-102.75007,23.10232],[-102.74999,23.10686],[-102.75526,23.11967],[-102.77252,23.11977],[-102.77996,23.11869],[-102.7798,23.11246],[-102.79022,23.11237],[-102.79532,23.10638],[-102.7977,23.10262],[-102.80178,23.09961],[-102.79471,23.08556],[-102.78577,23.07368],[-102.7795,23.07413],[-102.77941,23.07134],[-102.77232,23.07136]]],[[[-102.72605,23.05046],[-102.72661,23.05181],[-102.72864,23.05668],[-102.73213,23.06224],[-102.73219,23.05767],[-102.73845,23.05595],[-102.74132,23.0472],[-102.73506,23.0444],[-102.72978,23.04623],[-102.72605,23.05046]]],[[[-102.69853,23.01396],[-102.69356,23.00496],[-102.68941,23.00725],[-102.68938,23.00729],[-102.6891,23.00744],[-102.68506,23.00436],[-102.68302,23.00654],[-102.6861,23.01138],[-102.68073,23.01601],[-102.68344,23.02115],[-102.67769,23.02114],[-102.67764,23.02334],[-102.69029,23.02376],[-102.6912,23.02556],[-102.69853,23.01396]]],[[[-102.75758,23.05754],[-102.75856,23.06389],[-102.76706,23.06389],[-102.76629,23.05548],[-102.74776,23.0548],[-102.74772,23.05668],[-102.75758,23.05754]]],[[[-102.80179,23.05843],[-102.80185,23.06216],[-102.80794,23.05846],[-102.80179,23.05843]]],[[[-102.78998,23.04744],[-102.79777,23.04762],[-102.79002,23.04593],[-102.78998,23.04744]]],[[[-102.72824,23.03846],[-102.72431,23.03993],[-102.72565,23.04576],[-102.72858,23.04579],[-102.72824,23.03846]]],[[[-102.75336,23.04357],[-102.75373,23.03739],[-102.75081,23.03734],[-102.75061,23.04194],[-102.75336,23.04357]]],[[[-102.71897,23.03249],[-102.71972,23.02821],[-102.71718,23.02821],[-102.71897,23.03249]]],[[[-102.71318,23.02292],[-102.70984,23.02619],[-102.71322,23.02617],[-102.71318,23.02292]]],[[[-102.78691,23.03821],[-102.78672,23.04301],[-102.79154,23.04316],[-102.79174,23.03827],[-102.78691,23.03821]]],[[[-102.71319,23.0513],[-102.71654,23.04845],[-102.72533,23.04866],[-102.72413,23.04566],[-102.71437,23.04535],[-102.71319,23.0513]]],[[[-102.7093,23.04471],[-102.70862,23.04827],[-102.71353,23.04835],[-102.71321,23.04274],[-102.71528,23.03961],[-102.70938,23.04151],[-102.7093,23.04471]]],[[[-102.65858,23.12598],[-102.65724,23.12673],[-102.66136,23.1358],[-102.65751,23.13529],[-102.65622,23.13859],[-102.66096,23.13949],[-102.66065,23.14248],[-102.66056,23.14337],[-102.66001,23.14414],[-102.65961,23.14484],[-102.65945,23.14564],[-102.65944,23.14571],[-102.66268,23.14715],[-102.6644,23.17067],[-102.66942,23.17248],[-102.68772,23.17371],[-102.69428,23.16909],[-102.69434,23.16633],[-102.69946,23.16655],[-102.69956,23.17085],[-102.71385,23.17061],[-102.71378,23.16547],[-102.72589,23.16514],[-102.72985,23.1668],[-102.75027,23.16685],[-102.75027,23.16362],[-102.73936,23.15496],[-102.74206,23.15076],[-102.74207,23.14058],[-102.73232,23.13874],[-102.73373,23.12902],[-102.73999,23.13321],[-102.74021,23.12775],[-102.71992,23.12761],[-102.71831,23.11405],[-102.71634,23.11417],[-102.71648,23.10739],[-102.71287,23.10726],[-102.713,23.10261],[-102.71983,23.10253],[-102.71976,23.08856],[-102.71172,23.08814],[-102.70971,23.09175],[-102.69909,23.09122],[-102.70367,23.08101],[-102.69771,23.07912],[-102.69644,23.07264],[-102.68725,23.0696],[-102.68669,23.07555],[-102.68151,23.08099],[-102.67985,23.08051],[-102.67676,23.09071],[-102.67236,23.08981],[-102.6673,23.0971],[-102.67054,23.09924],[-102.66863,23.10409],[-102.66422,23.10904],[-102.66626,23.11472],[-102.66847,23.11744],[-102.6706,23.12023],[-102.67716,23.1234],[-102.67348,23.12608],[-102.65858,23.12598]],[[-102.71389,23.16189],[-102.71396,23.15565],[-102.71931,23.15562],[-102.71709,23.15842],[-102.71986,23.16186],[-102.71389,23.16189]]],[[[-102.70524,23.05747],[-102.70401,23.05712],[-102.70216,23.0597],[-102.70047,23.05618],[-102.69817,23.04826],[-102.69441,23.05814],[-102.68878,23.06708],[-102.69742,23.06995],[-102.69965,23.06765],[-102.70833,23.07079],[-102.71211,23.07544],[-102.71594,23.07037],[-102.71069,23.06828],[-102.71556,23.06147],[-102.70524,23.05747]]],[[[-102.70197,23.17705],[-102.70936,23.18115],[-102.71154,23.18456],[-102.72012,23.18452],[-102.71969,23.18001],[-102.71366,23.17994],[-102.71104,23.17563],[-102.70314,23.17499],[-102.70197,23.17705]]],[[[-102.73275,23.07943],[-102.73679,23.0779],[-102.73446,23.07114],[-102.73263,23.07126],[-102.73275,23.07943]]],[[[-102.32269,22.42985],[-102.32786,22.42932],[-102.32938,22.42877],[-102.33139,22.42714],[-102.32304,22.42899],[-102.32269,22.42985]]],[[[-102.32118,22.40057],[-102.32117,22.40357],[-102.3294,22.39776],[-102.32118,22.40057]]],[[[-101.22615,24.69049],[-101.22283,24.6942],[-101.22708,24.69741],[-101.2306,24.69351],[-101.22615,24.69049]]],[[[-101.20639,24.65622],[-101.20942,24.66345],[-101.21461,24.66252],[-101.21019,24.65242],[-101.2047,24.65258],[-101.20639,24.65622]]],[[[-101.18465,24.61203],[-101.17929,24.61857],[-101.18484,24.62205],[-101.18909,24.63216],[-101.19469,24.64203],[-101.20142,24.64067],[-101.19979,24.63346],[-101.20158,24.63048],[-101.19656,24.63075],[-101.19398,24.62076],[-101.19057,24.62058],[-101.18956,24.6167],[-101.18465,24.61203]]],[[[-102.69024,22.90268],[-102.68819,22.90626],[-102.69367,22.9062],[-102.69368,22.90268],[-102.69024,22.90268]]],[[[-102.67464,23.04795],[-102.67626,23.05258],[-102.67864,23.04811],[-102.6845,23.04849],[-102.6854,23.03964],[-102.67506,23.03905],[-102.67464,23.04795]]],[[[-102.67464,23.04795],[-102.67077,23.04784],[-102.67036,23.05265],[-102.67422,23.05258],[-102.67464,23.04795]]],[[[-102.66884,23.03161],[-102.67031,23.02623],[-102.66815,23.02597],[-102.66884,23.03161]]],[[[-102.67073,23.02164],[-102.6708,23.02541],[-102.67506,23.02111],[-102.67237,23.02123],[-102.67073,23.02164]]],[[[-102.67814,23.01141],[-102.67545,23.01725],[-102.68099,23.01417],[-102.67814,23.01141]]],[[[-102.63605,22.96712],[-102.63941,22.96696],[-102.63964,22.96231],[-102.63617,22.96219],[-102.63605,22.96712]]],[[[-102.63587,22.99554],[-102.6361,22.98952],[-102.63398,22.98803],[-102.63587,22.99568],[-102.63587,22.99554]]],[[[-102.69958,22.90992],[-102.70035,22.90697],[-102.70133,22.89796],[-102.69623,22.89833],[-102.69727,22.90207],[-102.69627,22.91131],[-102.69958,22.90992]]],[[[-102.7467,22.89188],[-102.74724,22.89673],[-102.74443,22.90043],[-102.74679,22.89824],[-102.75083,22.9002],[-102.75302,22.89573],[-102.75545,22.89587],[-102.75677,22.8901],[-102.74859,22.88872],[-102.7467,22.89188]]],[[[-102.73062,22.88445],[-102.73284,22.88688],[-102.73431,22.87909],[-102.73149,22.87893],[-102.73062,22.88445]]],[[[-102.23632,22.37386],[-102.23558,22.37354],[-102.2347,22.37359],[-102.23636,22.37444],[-102.23849,22.37407],[-102.23674,22.37401],[-102.23632,22.37386]]],[[[-101.85495,22.0418],[-101.85363,22.0423],[-101.85476,22.04259],[-101.85495,22.0418]]]]},"properties":{"POTENCIAL":"MEDIO"}}
]}