{"type":"FeatureCollection", "features": [
{"type":"Feature","geometry":{"type":"MultiPolygon","coordinates":[[[[-103.38353,21.51303],[-103.38107,21.50606],[-103.38224,21.5017],[-103.37945,21.49986],[-103.37696,21.50266],[-103.37344,21.50181],[-103.374,21.50517],[-103.38073,21.50792],[-103.37776,21.51197],[-103.3814,21.51466],[-103.38353,21.51303]]],[[[-103.39128,21.50914],[-103.39746,21.50686],[-103.39909,21.50374],[-103.39318,21.50761],[-103.38761,21.5049],[-103.39128,21.50914]]],[[[-102.23387,22.80543],[-102.23365,22.80517],[-102.23336,22.80484],[-102.23032,22.80139],[-102.22822,22.80064],[-102.2245,22.81221],[-102.22426,22.81296],[-102.22396,22.81388],[-102.22626,22.8158],[-102.23501,22.80703],[-102.23387,22.80543]]],[[[-102.2322,22.82079],[-102.24121,22.81814],[-102.23416,22.80853],[-102.22883,22.81479],[-102.23042,22.81929],[-102.2322,22.82079]]],[[[-102.67805,22.81622],[-102.68223,22.81679],[-102.68225,22.81679],[-102.68392,22.81544],[-102.68157,22.81013],[-102.67739,22.80948],[-102.67805,22.81622]]],[[[-102.69721,22.80645],[-102.71117,22.807],[-102.71168,22.80212],[-102.70794,22.80217],[-102.70909,22.79761],[-102.70751,22.79293],[-102.70005,22.79431],[-102.69998,22.80012],[-102.69721,22.80645]]],[[[-102.69433,22.79995],[-102.69839,22.79744],[-102.69679,22.79286],[-102.6936,22.79277],[-102.69425,22.78815],[-102.69871,22.79048],[-102.70021,22.78472],[-102.69518,22.78097],[-102.68943,22.78377],[-102.67412,22.78072],[-102.66967,22.78343],[-102.678,22.78609],[-102.67915,22.78987],[-102.6852,22.79253],[-102.6934,22.79413],[-102.69433,22.79995]]],[[[-102.68647,22.7727],[-102.69608,22.77533],[-102.69697,22.76969],[-102.70236,22.76843],[-102.70192,22.76148],[-102.69813,22.76192],[-102.67516,22.75651],[-102.67518,22.75342],[-102.67899,22.75085],[-102.67138,22.7508],[-102.66918,22.75769],[-102.67344,22.75609],[-102.67179,22.76548],[-102.66975,22.76402],[-102.66552,22.76983],[-102.67823,22.77206],[-102.67859,22.76877],[-102.68347,22.77303],[-102.68647,22.7727]]],[[[-102.65333,22.76441],[-102.65805,22.76525],[-102.65693,22.76836],[-102.66099,22.7691],[-102.66055,22.76556],[-102.65421,22.76405],[-102.65333,22.76441]]],[[[-102.62664,22.75209],[-102.63384,22.75225],[-102.63056,22.75014],[-102.62664,22.75209]]],[[[-102.6234,22.75037],[-102.62343,22.75107],[-102.62356,22.75136],[-102.62527,22.75176],[-102.6234,22.75037]]],[[[-102.6539,22.75267],[-102.65439,22.7528],[-102.65871,22.75474],[-102.66203,22.74613],[-102.66594,22.74779],[-102.66213,22.75074],[-102.66534,22.75259],[-102.67354,22.7403],[-102.68919,22.71488],[-102.67776,22.71225],[-102.67501,22.72887],[-102.67159,22.73363],[-102.6691,22.73356],[-102.66671,22.73969],[-102.65804,22.73807],[-102.65234,22.74403],[-102.65176,22.75074],[-102.6539,22.75267]]],[[[-102.60856,22.74796],[-102.61129,22.7468],[-102.61282,22.74514],[-102.60687,22.74823],[-102.60856,22.74796]]],[[[-102.70826,22.71392],[-102.71273,22.71545],[-102.71248,22.72216],[-102.70041,22.72199],[-102.70013,22.72609],[-102.70622,22.72755],[-102.72913,22.72779],[-102.72931,22.73058],[-102.72169,22.7297],[-102.72316,22.75797],[-102.72706,22.76627],[-102.72363,22.76849],[-102.73174,22.76797],[-102.73431,22.76164],[-102.73175,22.76197],[-102.72931,22.75535],[-102.73515,22.75035],[-102.72395,22.74384],[-102.73194,22.74038],[-102.7326,22.73342],[-102.73655,22.72965],[-102.73609,22.72166],[-102.73116,22.72026],[-102.73089,22.71511],[-102.73564,22.71769],[-102.7323,22.7132],[-102.72087,22.71375],[-102.71923,22.70911],[-102.71157,22.70863],[-102.71429,22.71411],[-102.70826,22.71392]]],[[[-102.70826,22.71392],[-102.71005,22.70607],[-102.70713,22.70634],[-102.70826,22.71392]]],[[[-102.69127,22.72034],[-102.69897,22.71915],[-102.69757,22.71355],[-102.69141,22.71604],[-102.69127,22.72034]]],[[[-102.70044,22.71916],[-102.705,22.71934],[-102.70367,22.71377],[-102.70062,22.71363],[-102.70044,22.71916]]],[[[-102.69899,22.71161],[-102.7039,22.70818],[-102.70562,22.69961],[-102.69945,22.69936],[-102.69197,22.71136],[-102.69899,22.71161]]],[[[-102.70714,22.70538],[-102.71187,22.69988],[-102.70735,22.701],[-102.70714,22.70538]]],[[[-102.72577,22.70322],[-102.72018,22.70299],[-102.72027,22.70605],[-102.72577,22.70322]]],[[[-102.71395,22.76672],[-102.71428,22.76891],[-102.72239,22.76855],[-102.72313,22.76635],[-102.71395,22.76672]]],[[[-102.67945,22.73889],[-102.67672,22.7426],[-102.68338,22.74267],[-102.68356,22.74036],[-102.69007,22.74045],[-102.69056,22.73568],[-102.67833,22.73606],[-102.67945,22.73889]]],[[[-102.68318,22.7273],[-102.68415,22.72908],[-102.69098,22.72931],[-102.69115,22.72275],[-102.68804,22.72263],[-102.68318,22.7273]]],[[[-102.6906,22.6795],[-102.69173,22.68105],[-102.7069,22.68629],[-102.72904,22.66662],[-102.72624,22.66481],[-102.71979,22.66637],[-102.72196,22.67011],[-102.71359,22.66776],[-102.70725,22.66861],[-102.70571,22.67113],[-102.7126,22.67325],[-102.70618,22.6762],[-102.70343,22.67235],[-102.70373,22.67905],[-102.69976,22.67852],[-102.69958,22.67428],[-102.69482,22.67515],[-102.69278,22.67129],[-102.68949,22.67351],[-102.6803,22.67181],[-102.68249,22.67545],[-102.68874,22.67679],[-102.6906,22.6795]]],[[[-102.72491,22.66428],[-102.7292,22.66554],[-102.73094,22.66071],[-102.72714,22.66016],[-102.72491,22.66428]]],[[[-102.75024,22.63079],[-102.74887,22.63509],[-102.75517,22.63001],[-102.75469,22.6221],[-102.76062,22.6223],[-102.76129,22.61888],[-102.75809,22.61782],[-102.75217,22.62196],[-102.75431,22.62922],[-102.75024,22.63079]]],[[[-102.76377,22.62416],[-102.77616,22.62308],[-102.77677,22.61783],[-102.7746,22.61518],[-102.7658,22.61824],[-102.76377,22.62416]]],[[[-102.74724,22.60841],[-102.75343,22.61078],[-102.75404,22.60916],[-102.74797,22.60622],[-102.74724,22.60841]]],[[[-102.76161,22.60072],[-102.76036,22.60834],[-102.7656,22.59909],[-102.76161,22.60072]]],[[[-102.77288,22.59944],[-102.77599,22.598],[-102.76955,22.59561],[-102.76829,22.59813],[-102.77288,22.59944]]],[[[-102.77441,22.59602],[-102.78336,22.60051],[-102.7846,22.59859],[-102.77287,22.59312],[-102.77441,22.59602]]],[[[-102.7552,22.62216],[-102.7557,22.62594],[-102.75843,22.62369],[-102.7552,22.62216]]],[[[-102.77569,22.59096],[-102.78025,22.59017],[-102.78111,22.58665],[-102.77616,22.5862],[-102.77328,22.58907],[-102.77569,22.59096]]],[[[-102.76688,22.58415],[-102.77382,22.58219],[-102.7678,22.58082],[-102.76688,22.58415]]],[[[-102.78589,22.58753],[-102.79087,22.58828],[-102.79185,22.58461],[-102.78659,22.58399],[-102.78589,22.58753]]],[[[-102.80541,22.56355],[-102.80797,22.55446],[-102.80218,22.55359],[-102.80665,22.55913],[-102.80311,22.55778],[-102.80541,22.56355]]],[[[-102.78106,22.56019],[-102.78563,22.56038],[-102.78636,22.55768],[-102.78131,22.55749],[-102.78106,22.56019]]],[[[-102.79868,22.55303],[-102.8042,22.55066],[-102.79997,22.54933],[-102.79868,22.55303]]],[[[-102.77866,22.54299],[-102.78829,22.54485],[-102.79087,22.54351],[-102.77935,22.5414],[-102.77866,22.54299]]],[[[-102.79054,22.49561],[-102.79336,22.49609],[-102.79338,22.48981],[-102.79102,22.48925],[-102.79054,22.49561]]],[[[-102.86161,22.43476],[-102.86219,22.44024],[-102.85816,22.45013],[-102.86591,22.44904],[-102.87151,22.44616],[-102.87351,22.43935],[-102.87416,22.43121],[-102.86687,22.43176],[-102.86161,22.43476]]],[[[-102.83615,22.4249],[-102.83727,22.42803],[-102.83718,22.43238],[-102.83883,22.43445],[-102.84296,22.43158],[-102.84454,22.42893],[-102.84746,22.43236],[-102.84289,22.4251],[-102.83965,22.42735],[-102.83615,22.4249]]],[[[-102.8168,22.44576],[-102.81657,22.4457],[-102.81892,22.44674],[-102.81733,22.44591],[-102.8168,22.44576]]],[[[-102.86775,22.39882],[-102.86817,22.4027],[-102.86882,22.40353],[-102.87474,22.39065],[-102.87416,22.38481],[-102.8639,22.38855],[-102.86631,22.3967],[-102.86775,22.39882]]],[[[-102.86947,22.37967],[-102.86654,22.385],[-102.87489,22.38306],[-102.87657,22.379],[-102.86947,22.37967]]],[[[-102.89794,22.38255],[-102.90092,22.38052],[-102.90431,22.38203],[-102.91181,22.38283],[-102.91559,22.37808],[-102.91572,22.37466],[-102.91953,22.37597],[-102.92148,22.37199],[-102.91943,22.36739],[-102.92201,22.35836],[-102.90478,22.36242],[-102.90515,22.35965],[-102.89862,22.35777],[-102.89861,22.35591],[-102.9048,22.35509],[-102.90597,22.34776],[-102.89602,22.34887],[-102.89658,22.35774],[-102.89306,22.35703],[-102.89344,22.36901],[-102.88959,22.37606],[-102.90057,22.37794],[-102.89794,22.38255]]],[[[-102.86999,22.37663],[-102.87873,22.37154],[-102.87939,22.36846],[-102.87553,22.36706],[-102.86999,22.37663]]],[[[-102.85651,22.34793],[-102.86881,22.34944],[-102.87178,22.34544],[-102.86922,22.34225],[-102.85513,22.34377],[-102.85359,22.34739],[-102.85651,22.34793]]],[[[-102.90769,22.31404],[-102.90394,22.32178],[-102.89718,22.32599],[-102.89356,22.32672],[-102.88959,22.33637],[-102.88852,22.34473],[-102.89281,22.34276],[-102.90888,22.31374],[-102.90769,22.31404]]],[[[-102.92614,22.30789],[-102.9267,22.31443],[-102.93361,22.31499],[-102.9314,22.31266],[-102.93233,22.30661],[-102.92614,22.30789]]],[[[-102.8687,22.31579],[-102.86323,22.31271],[-102.86405,22.31639],[-102.8687,22.31579]]],[[[-102.8726,22.29707],[-102.87678,22.29829],[-102.87611,22.29222],[-102.87383,22.29278],[-102.86659,22.28884],[-102.87191,22.29648],[-102.8726,22.29707]]],[[[-102.80113,22.28511],[-102.80576,22.28515],[-102.8052,22.28208],[-102.79673,22.27326],[-102.78779,22.27321],[-102.78517,22.27529],[-102.78258,22.2822],[-102.78872,22.28438],[-102.795,22.28223],[-102.80113,22.28511]]],[[[-102.8777,22.29785],[-102.88073,22.29095],[-102.87684,22.29153],[-102.8777,22.29785]]],[[[-102.04906,22.55139],[-102.04841,22.55966],[-102.04405,22.55868],[-102.04045,22.56129],[-102.03716,22.57123],[-102.04585,22.57451],[-102.05605,22.57234],[-102.05182,22.57065],[-102.05536,22.5628],[-102.05713,22.56355],[-102.05569,22.55328],[-102.05049,22.55147],[-102.04906,22.55139]]],[[[-101.91793,22.51112],[-101.91791,22.51123],[-101.92397,22.51165],[-101.92014,22.50974],[-101.91793,22.51112]]],[[[-101.86828,22.16723],[-101.86123,22.16928],[-101.85822,22.17015],[-101.8618,22.1696],[-101.86219,22.16982],[-101.86223,22.16984],[-101.86828,22.16723]]],[[[-101.90792,22.14496],[-101.90328,22.1387],[-101.89764,22.13755],[-101.88834,22.14282],[-101.87859,22.14976],[-101.87841,22.15375],[-101.87302,22.15511],[-101.87214,22.15596],[-101.87543,22.15616],[-101.87057,22.16244],[-101.87113,22.16325],[-101.87671,22.15698],[-101.87958,22.15639],[-101.87994,22.15112],[-101.88244,22.15209],[-101.89279,22.14295],[-101.90468,22.14187],[-101.90236,22.14322],[-101.90655,22.14863],[-101.90792,22.14496]]],[[[-101.91209,22.14862],[-101.90882,22.14618],[-101.90705,22.14977],[-101.90871,22.1539],[-101.91225,22.15213],[-101.91209,22.14862]]],[[[-101.83236,22.0407],[-101.83397,22.04268],[-101.83394,22.04275],[-101.8311,22.04667],[-101.83415,22.0452],[-101.84475,22.0519],[-101.851,22.04649],[-101.85063,22.04343],[-101.85055,22.04343],[-101.85043,22.04325],[-101.84988,22.04362],[-101.84962,22.04341],[-101.84887,22.04282],[-101.84864,22.04165],[-101.84739,22.04089],[-101.84729,22.04073],[-101.8361,22.03977],[-101.83413,22.04032],[-101.83363,22.03997],[-101.83304,22.03956],[-101.83296,22.03918],[-101.83236,22.0407]]],[[[-101.95267,22.14313],[-101.94982,22.14753],[-101.94838,22.15344],[-101.95028,22.15694],[-101.95306,22.15803],[-101.9568,22.15464],[-101.96189,22.15883],[-101.95859,22.15266],[-101.95736,22.14519],[-101.9625,22.1412],[-101.96698,22.13135],[-101.97039,22.1308],[-101.9694,22.12642],[-101.97132,22.12337],[-101.97452,22.11892],[-101.97751,22.11642],[-101.97375,22.11448],[-101.97049,22.11275],[-101.97295,22.11405],[-101.96611,22.12242],[-101.95923,22.12373],[-101.96102,22.13072],[-101.95732,22.1355],[-101.95705,22.13909],[-101.95267,22.14313]]],[[[-102.01921,22.15776],[-102.01905,22.15392],[-102.01708,22.15396],[-102.013,22.15724],[-102.01921,22.15776]]],[[[-101.95732,22.16983],[-101.95251,22.18109],[-101.95108,22.18088],[-101.94739,22.18555],[-101.95084,22.18738],[-101.9537,22.18309],[-101.95769,22.18285],[-101.95455,22.18723],[-101.95833,22.19368],[-101.96303,22.19307],[-101.96515,22.18722],[-101.96143,22.18298],[-101.96612,22.18182],[-101.96274,22.17629],[-101.95756,22.17611],[-101.95732,22.16983]]],[[[-101.94789,22.1603],[-101.94742,22.16075],[-101.94719,22.16109],[-101.94826,22.16211],[-101.94789,22.1603]]],[[[-101.94029,22.19696],[-101.94465,22.19602],[-101.94721,22.18663],[-101.93942,22.18418],[-101.93643,22.18489],[-101.94466,22.19141],[-101.94029,22.19696]]],[[[-101.97697,22.13581],[-101.97025,22.13545],[-101.97515,22.14898],[-101.97504,22.1556],[-101.97825,22.15386],[-101.97554,22.14873],[-101.97407,22.13802],[-101.97712,22.13624],[-101.97697,22.13581]]],[[[-101.81438,22.04203],[-101.81476,22.04219],[-101.81475,22.0426],[-101.81086,22.04606],[-101.8178,22.04274],[-101.81639,22.04792],[-101.82038,22.04285],[-101.81817,22.0401],[-101.81438,22.04203]]],[[[-102.29136,23.31587],[-102.2941,23.31843],[-102.29928,23.31105],[-102.29384,23.3079],[-102.29002,23.31458],[-102.29136,23.31587]]],[[[-102.25724,23.05472],[-102.26028,23.05953],[-102.26029,23.05954],[-102.2599,23.06275],[-102.2602,23.06445],[-102.27009,23.06614],[-102.2746,23.0687],[-102.27304,23.07197],[-102.27852,23.0737],[-102.28457,23.0696],[-102.29007,23.07533],[-102.29514,23.07698],[-102.29446,23.08994],[-102.29333,23.09341],[-102.28652,23.09846],[-102.29842,23.11666],[-102.30057,23.11539],[-102.30186,23.10515],[-102.30593,23.10498],[-102.30874,23.09606],[-102.30621,23.09556],[-102.3179,23.08632],[-102.3232,23.0904],[-102.32642,23.0878],[-102.32979,23.08337],[-102.32818,23.07867],[-102.33138,23.07395],[-102.33019,23.06815],[-102.33006,23.06749],[-102.33344,23.06267],[-102.33155,23.05715],[-102.336,23.05535],[-102.34339,23.0555],[-102.34845,23.05165],[-102.34586,23.03916],[-102.34115,23.04159],[-102.33988,23.03377],[-102.33033,23.03704],[-102.33151,23.03242],[-102.33572,23.02804],[-102.34481,23.0213],[-102.34613,23.01744],[-102.34313,23.01126],[-102.33846,23.01125],[-102.33856,23.00382],[-102.33686,23.00219],[-102.33433,22.99048],[-102.33101,22.98634],[-102.32897,22.9779],[-102.32517,22.96466],[-102.32418,22.9616],[-102.32354,22.95963],[-102.31665,22.95973],[-102.31569,22.95482],[-102.31552,22.95396],[-102.3148,22.95115],[-102.31276,22.95129],[-102.3123,22.95704],[-102.30236,22.95776],[-102.30191,22.96335],[-102.31181,22.96258],[-102.31548,22.96789],[-102.32135,22.96934],[-102.31694,22.97533],[-102.31191,22.97385],[-102.31188,22.97385],[-102.31131,22.97416],[-102.31102,22.98506],[-102.30963,22.99228],[-102.302,22.99201],[-102.29928,22.99918],[-102.29007,22.99994],[-102.28922,23.00256],[-102.29486,23.00476],[-102.27731,23.02371],[-102.27239,23.02427],[-102.27126,23.0277],[-102.27556,23.02649],[-102.26976,23.03583],[-102.26017,23.03607],[-102.2542,23.03497],[-102.25201,23.04219],[-102.25228,23.04662],[-102.26005,23.04592],[-102.25724,23.05472]],[[-102.28753,23.0457],[-102.29085,23.04015],[-102.29534,23.04113],[-102.29335,23.04658],[-102.28753,23.0457]]],[[[-102.41062,23.11597],[-102.41007,23.11955],[-102.40509,23.12865],[-102.40148,23.13149],[-102.41922,23.13445],[-102.42131,23.13476],[-102.42837,23.13281],[-102.43346,23.12633],[-102.45639,23.0946],[-102.43099,23.09463],[-102.42866,23.08761],[-102.4253,23.0945],[-102.41857,23.09035],[-102.4181,23.09471],[-102.41781,23.09738],[-102.42011,23.09776],[-102.41603,23.11539],[-102.41062,23.11597]]],[[[-102.42176,23.14328],[-102.41974,23.15463],[-102.42107,23.15523],[-102.42836,23.15254],[-102.42955,23.15907],[-102.4366,23.16229],[-102.43752,23.16134],[-102.44123,23.15747],[-102.44284,23.15597],[-102.44357,23.15561],[-102.44513,23.15485],[-102.44264,23.15146],[-102.44745,23.14593],[-102.44817,23.14442],[-102.44344,23.1391],[-102.44496,23.13706],[-102.44033,23.13168],[-102.44157,23.12992],[-102.4482,23.13895],[-102.45239,23.13885],[-102.45432,23.12468],[-102.45606,23.12211],[-102.45663,23.12127],[-102.45735,23.12022],[-102.45822,23.11806],[-102.45213,23.11528],[-102.45479,23.11095],[-102.45864,23.11516],[-102.45919,23.10782],[-102.46207,23.10227],[-102.46932,23.09443],[-102.457,23.09456],[-102.45378,23.09912],[-102.42821,23.13441],[-102.43686,23.13645],[-102.4388,23.13377],[-102.44293,23.13851],[-102.44074,23.14092],[-102.43777,23.13765],[-102.43564,23.14025],[-102.42485,23.13905],[-102.42176,23.14328]]],[[[-102.40758,23.72103],[-102.41007,23.73059],[-102.40974,23.73495],[-102.41033,23.73919],[-102.4111,23.74079],[-102.41495,23.74479],[-102.41643,23.74071],[-102.41836,23.73695],[-102.4214,23.72966],[-102.41235,23.73197],[-102.41247,23.7123],[-102.40544,23.71453],[-102.40696,23.7182],[-102.40758,23.72103]]],[[[-102.4018,23.73213],[-102.40175,23.71777],[-102.395,23.71964],[-102.39674,23.72242],[-102.39335,23.72746],[-102.39305,23.72843],[-102.39297,23.72867],[-102.39263,23.73234],[-102.38881,23.73524],[-102.38934,23.73675],[-102.39027,23.73941],[-102.39151,23.74136],[-102.39186,23.74178],[-102.3935,23.74371],[-102.40106,23.74172],[-102.4018,23.73213]]],[[[-102.37332,23.80149],[-102.36794,23.80691],[-102.36962,23.80942],[-102.37565,23.8071],[-102.37332,23.80149]]],[[[-102.43214,23.82556],[-102.42792,23.8238],[-102.42813,23.82705],[-102.43214,23.82556]]],[[[-102.35468,23.83202],[-102.35217,23.83601],[-102.35617,23.83494],[-102.35468,23.83202]]],[[[-102.3676,23.8773],[-102.371,23.88216],[-102.37093,23.88545],[-102.3736,23.88496],[-102.37406,23.87926],[-102.37754,23.88347],[-102.37617,23.87631],[-102.3676,23.8773]]],[[[-102.35863,23.64386],[-102.36481,23.64247],[-102.36208,23.63804],[-102.35456,23.64097],[-102.35863,23.64386]]],[[[-102.17538,23.65786],[-102.18217,23.6575],[-102.18467,23.65206],[-102.17371,23.65327],[-102.17538,23.65786]]],[[[-102.53241,23.55975],[-102.53468,23.55755],[-102.52783,23.55579],[-102.5282,23.55932],[-102.53241,23.55975]]],[[[-102.47351,23.51386],[-102.4734,23.50756],[-102.4667,23.5046],[-102.46721,23.51179],[-102.47351,23.51386]]],[[[-102.46647,23.50412],[-102.4746,23.50772],[-102.47468,23.50508],[-102.46605,23.50135],[-102.46205,23.50222],[-102.46647,23.50412]]],[[[-102.48943,23.5035],[-102.48964,23.49998],[-102.48742,23.49914],[-102.48565,23.50427],[-102.48943,23.5035]]],[[[-102.18748,23.45902],[-102.19123,23.46162],[-102.19268,23.45611],[-102.18915,23.45195],[-102.18928,23.45902],[-102.18748,23.45902]]],[[[-102.18007,23.45935],[-102.18478,23.45827],[-102.18244,23.45421],[-102.18007,23.45935]]],[[[-102.3628,23.33313],[-102.36503,23.32643],[-102.36181,23.32547],[-102.3628,23.33313]]],[[[-102.32857,23.19173],[-102.32778,23.18885],[-102.32737,23.188],[-102.32632,23.18584],[-102.31895,23.18735],[-102.31618,23.17929],[-102.31608,23.17844],[-102.31599,23.17773],[-102.3146,23.17554],[-102.31225,23.17316],[-102.30552,23.17282],[-102.30634,23.17853],[-102.3005,23.17804],[-102.30077,23.17529],[-102.29848,23.18024],[-102.30844,23.18685],[-102.31031,23.1929],[-102.31776,23.19404],[-102.32113,23.19109],[-102.32857,23.19173]]],[[[-102.29852,23.16524],[-102.30316,23.16849],[-102.31019,23.16726],[-102.31468,23.15119],[-102.3169,23.1471],[-102.31042,23.14735],[-102.30075,23.1421],[-102.30006,23.14696],[-102.29665,23.1505],[-102.28686,23.14753],[-102.28677,23.15181],[-102.29207,23.16073],[-102.29797,23.16467],[-102.29852,23.16524]]],[[[-102.28627,23.09864],[-102.28266,23.10133],[-102.28286,23.11139],[-102.27673,23.12451],[-102.27692,23.13418],[-102.27533,23.14194],[-102.27816,23.142],[-102.28383,23.134],[-102.29103,23.12945],[-102.29225,23.13319],[-102.29776,23.11609],[-102.28627,23.09864]]],[[[-102.31078,23.19775],[-102.30758,23.19721],[-102.31184,23.20224],[-102.31078,23.19775]]],[[[-102.25222,23.10494],[-102.2544,23.10285],[-102.24898,23.09871],[-102.25222,23.10494]]],[[[-102.25588,23.09436],[-102.25921,23.09072],[-102.25493,23.08957],[-102.25172,23.08366],[-102.24996,23.08751],[-102.25083,23.09307],[-102.25588,23.09436]]],[[[-102.31767,23.14568],[-102.31812,23.14484],[-102.32162,23.14017],[-102.3243,23.13721],[-102.31589,23.13615],[-102.31503,23.1429],[-102.31714,23.14666],[-102.31767,23.14568]]],[[[-102.48792,23.08688],[-102.48801,23.08691],[-102.48918,23.08704],[-102.49041,23.08392],[-102.48792,23.08688]]],[[[-102.41603,23.10193],[-102.41304,23.1066],[-102.41632,23.10688],[-102.41603,23.10193]]],[[[-102.34513,22.99915],[-102.34597,23.00708],[-102.34476,23.01061],[-102.35002,23.0079],[-102.3582,22.99999],[-102.35824,22.99992],[-102.35827,22.99977],[-102.35899,22.99769],[-102.35937,22.99821],[-102.3634,22.9959],[-102.36359,22.99587],[-102.37005,22.99424],[-102.36132,22.99171],[-102.36812,22.9791],[-102.35755,22.98212],[-102.35064,22.98862],[-102.34656,22.99105],[-102.34512,22.99626],[-102.35007,22.99206],[-102.34794,23.00332],[-102.34513,22.99915]]],[[[-102.4042,22.87492],[-102.40501,22.86813],[-102.40352,22.87345],[-102.39857,22.86826],[-102.40263,22.86351],[-102.40238,22.86381],[-102.40208,22.86418],[-102.39934,22.8677],[-102.40273,22.86777],[-102.40315,22.86289],[-102.40294,22.85477],[-102.39943,22.85478],[-102.39645,22.86939],[-102.39668,22.86934],[-102.39731,22.86876],[-102.39823,22.8682],[-102.39827,22.86836],[-102.39827,22.86837],[-102.398,22.86855],[-102.39587,22.87055],[-102.39563,22.87121],[-102.4042,22.87492]]],[[[-102.41536,22.86872],[-102.4188,22.87675],[-102.41868,22.87194],[-102.42296,22.87192],[-102.42013,22.86806],[-102.41857,22.85617],[-102.40911,22.86203],[-102.40869,22.86664],[-102.41003,22.86387],[-102.41461,22.86683],[-102.41492,22.86761],[-102.41536,22.86872]]],[[[-102.40613,22.86802],[-102.40838,22.86728],[-102.40813,22.86235],[-102.4044,22.86232],[-102.40376,22.86796],[-102.40613,22.86802]]],[[[-102.40664,22.84608],[-102.40799,22.84618],[-102.40912,22.84627],[-102.41053,22.84513],[-102.40908,22.85031],[-102.41448,22.85304],[-102.41577,22.84355],[-102.41459,22.83815],[-102.41512,22.83695],[-102.41616,22.83518],[-102.41752,22.8351],[-102.42376,22.8352],[-102.42462,22.82872],[-102.42092,22.82639],[-102.4275,22.82694],[-102.42808,22.82427],[-102.42231,22.8248],[-102.42304,22.81989],[-102.42585,22.81711],[-102.42772,22.80879],[-102.42974,22.79103],[-102.43454,22.79146],[-102.43731,22.78689],[-102.4359,22.78119],[-102.44206,22.77334],[-102.44946,22.77115],[-102.45356,22.76276],[-102.45859,22.75867],[-102.45779,22.75496],[-102.45377,22.75172],[-102.44694,22.7534],[-102.44571,22.75177],[-102.43783,22.75293],[-102.43885,22.75761],[-102.431,22.75847],[-102.42603,22.75276],[-102.43183,22.76357],[-102.42834,22.77273],[-102.42817,22.77345],[-102.43173,22.77656],[-102.42879,22.78465],[-102.42562,22.78427],[-102.42399,22.79126],[-102.42033,22.79405],[-102.41841,22.79721],[-102.41571,22.80252],[-102.41505,22.80662],[-102.41503,22.80673],[-102.41173,22.81473],[-102.41129,22.82111],[-102.41838,22.82381],[-102.41675,22.83],[-102.41346,22.82478],[-102.41081,22.8264],[-102.40526,22.82657],[-102.40261,22.83275],[-102.40155,22.82931],[-102.3987,22.83286],[-102.40018,22.8473],[-102.40528,22.84739],[-102.40664,22.84608]]],[[[-102.42601,22.90171],[-102.42684,22.90044],[-102.42676,22.90049],[-102.42667,22.90055],[-102.42601,22.90171]]],[[[-102.42929,22.86658],[-102.43326,22.86572],[-102.43189,22.86121],[-102.42888,22.86114],[-102.42887,22.85713],[-102.42525,22.85529],[-102.42405,22.86189],[-102.42806,22.86313],[-102.42929,22.86658]]],[[[-102.40414,22.85981],[-102.40978,22.86037],[-102.40994,22.85119],[-102.4042,22.85451],[-102.40414,22.85981]]],[[[-102.43842,22.86256],[-102.43589,22.85963],[-102.44131,22.85993],[-102.44442,22.85712],[-102.43271,22.85637],[-102.43363,22.85951],[-102.43842,22.86256]]],[[[-102.42608,22.87681],[-102.4226,22.88223],[-102.42442,22.88422],[-102.42608,22.87681]]],[[[-102.42608,22.87681],[-102.42498,22.87293],[-102.42097,22.87664],[-102.42608,22.87681]]],[[[-103.83738,22.57412],[-103.84604,22.57324],[-103.84048,22.57229],[-103.83738,22.57412]]],[[[-103.81808,22.57734],[-103.8184,22.57734],[-103.81916,22.57721],[-103.83168,22.574],[-103.83538,22.57408],[-103.83197,22.57182],[-103.82501,22.57097],[-103.82623,22.57282],[-103.81793,22.57595],[-103.81808,22.57734]]],[[[-103.83024,22.58641],[-103.83191,22.58559],[-103.83249,22.58558],[-103.83287,22.58573],[-103.83287,22.5859],[-103.83867,22.58192],[-103.83872,22.58193],[-103.84017,22.58126],[-103.84074,22.58116],[-103.8417,22.57996],[-103.84214,22.57959],[-103.84268,22.57925],[-103.84383,22.5791],[-103.84416,22.57912],[-103.84225,22.57831],[-103.83407,22.57912],[-103.83103,22.58438],[-103.83024,22.58641]]],[[[-103.49374,23.02178],[-103.49431,23.01721],[-103.50171,23.01628],[-103.50227,23.01279],[-103.49069,23.01154],[-103.48982,23.01677],[-103.49374,23.02178]]],[[[-103.49814,23.00828],[-103.49413,23.00546],[-103.49177,22.99739],[-103.49287,22.99351],[-103.49542,22.98668],[-103.49541,22.98666],[-103.49046,22.98378],[-103.49162,22.9807],[-103.50124,22.98257],[-103.50245,22.98059],[-103.50206,22.97897],[-103.48825,22.97631],[-103.49047,22.9747],[-103.49487,22.97679],[-103.49651,22.97304],[-103.4913,22.97056],[-103.49135,22.96696],[-103.48407,22.96546],[-103.48841,22.96172],[-103.46715,22.95722],[-103.4669,22.95497],[-103.4606,22.9644],[-103.45949,22.97189],[-103.46486,22.9688],[-103.46888,22.97382],[-103.46626,22.97568],[-103.46874,22.97919],[-103.47606,22.98402],[-103.47525,22.98562],[-103.46469,22.97763],[-103.47031,22.9843],[-103.4696,22.98902],[-103.47331,22.99432],[-103.47901,22.99396],[-103.48048,23.00048],[-103.48439,23.00325],[-103.48554,23.00755],[-103.50103,23.0111],[-103.49993,23.00959],[-103.49814,23.00828]],[[-103.47665,22.97951],[-103.47429,22.97415],[-103.48247,22.9745],[-103.47665,22.97951]]],[[[-103.46207,22.97609],[-103.46413,22.97709],[-103.46738,22.97289],[-103.46448,22.97019],[-103.46207,22.97609]]],[[[-103.5022,22.9706],[-103.50139,22.96685],[-103.49893,22.96381],[-103.49591,22.9647],[-103.49295,22.97071],[-103.49856,22.97296],[-103.50011,22.96941],[-103.50164,22.97607],[-103.5022,22.9706]]],[[[-103.47196,22.94862],[-103.47979,22.94237],[-103.48319,22.9312],[-103.48217,22.92702],[-103.48751,22.92286],[-103.48619,22.91744],[-103.49041,22.89736],[-103.49188,22.89468],[-103.4892,22.89133],[-103.48246,22.89387],[-103.47346,22.89417],[-103.46077,22.91203],[-103.46539,22.91431],[-103.46712,22.919],[-103.47204,22.9193],[-103.47784,22.91531],[-103.4763,22.92476],[-103.47151,22.93528],[-103.46948,22.94334],[-103.47196,22.94862]]],[[[-103.49592,22.92455],[-103.50045,22.91731],[-103.49915,22.91546],[-103.49083,22.91576],[-103.48966,22.91333],[-103.48946,22.92356],[-103.49592,22.92455]]],[[[-103.53993,22.87679],[-103.54517,22.87447],[-103.53874,22.87496],[-103.53993,22.87679]]],[[[-103.50297,22.8745],[-103.50869,22.87078],[-103.50782,22.86647],[-103.50354,22.86084],[-103.50061,22.86765],[-103.50001,22.87319],[-103.50297,22.8745]]],[[[-103.50305,22.84715],[-103.50279,22.85159],[-103.50622,22.85698],[-103.50623,22.84852],[-103.50327,22.8447],[-103.50305,22.84715]]],[[[-103.5207,22.85053],[-103.52458,22.84982],[-103.51881,22.84344],[-103.50871,22.84335],[-103.50865,22.84622],[-103.5207,22.85053]]],[[[-103.54463,22.86651],[-103.54501,22.87079],[-103.54886,22.86767],[-103.54648,22.86188],[-103.54008,22.86443],[-103.54463,22.86651]]],[[[-103.38565,22.83175],[-103.38814,22.83192],[-103.39637,22.82317],[-103.39979,22.82861],[-103.4017,22.8208],[-103.39825,22.81857],[-103.39211,22.82173],[-103.3913,22.81899],[-103.3792,22.82268],[-103.38723,22.82533],[-103.38342,22.82898],[-103.38565,22.83175]]],[[[-103.4046,22.8193],[-103.41099,22.81945],[-103.41208,22.81561],[-103.4046,22.8193]]],[[[-103.41344,22.81521],[-103.4126,22.81896],[-103.41023,22.82021],[-103.4119,22.8232],[-103.41426,22.81504],[-103.42657,22.81241],[-103.43184,22.81002],[-103.43194,22.80675],[-103.43651,22.80375],[-103.43412,22.80043],[-103.42983,22.80352],[-103.43006,22.80614],[-103.42596,22.81074],[-103.41634,22.81138],[-103.41344,22.81521]]],[[[-103.43319,22.79201],[-103.43767,22.79688],[-103.43747,22.8039],[-103.4402,22.80485],[-103.44457,22.79956],[-103.43876,22.79622],[-103.43521,22.79217],[-103.43319,22.79201]]],[[[-103.53781,22.81829],[-103.53838,22.81398],[-103.5445,22.80624],[-103.53835,22.8137],[-103.52761,22.8193],[-103.53201,22.82028],[-103.53781,22.81829]]],[[[-103.52775,22.82181],[-103.52347,22.82631],[-103.52554,22.82806],[-103.53301,22.82364],[-103.53364,22.82083],[-103.52775,22.82181]]],[[[-103.50921,22.78271],[-103.51533,22.783],[-103.51551,22.78011],[-103.51151,22.77988],[-103.50921,22.78271]]],[[[-103.52116,22.78158],[-103.52715,22.77947],[-103.52383,22.7761],[-103.5178,22.7803],[-103.51975,22.78193],[-103.52073,22.78169],[-103.52116,22.78158]]],[[[-103.56164,22.76784],[-103.56502,22.76884],[-103.56892,22.76528],[-103.57315,22.75647],[-103.56921,22.75751],[-103.56219,22.76665],[-103.56164,22.76784]]],[[[-103.57818,22.74276],[-103.57938,22.74005],[-103.58117,22.73584],[-103.57688,22.73842],[-103.57267,22.74542],[-103.57433,22.75442],[-103.57798,22.74398],[-103.57818,22.74276]]],[[[-103.57187,22.7321],[-103.57726,22.73059],[-103.57841,22.72602],[-103.56712,22.72581],[-103.57187,22.7321]]],[[[-103.61972,22.71217],[-103.62598,22.71235],[-103.62136,22.70844],[-103.61973,22.71196],[-103.61972,22.71217]]],[[[-103.59235,22.70257],[-103.59287,22.70124],[-103.59555,22.69666],[-103.59695,22.69205],[-103.59323,22.69519],[-103.58418,22.69698],[-103.58336,22.70512],[-103.5754,22.70331],[-103.57567,22.70783],[-103.58013,22.70488],[-103.58221,22.70714],[-103.59174,22.7039],[-103.59235,22.70257]]],[[[-103.59001,22.68627],[-103.59751,22.68571],[-103.59256,22.67884],[-103.59001,22.68627]]],[[[-103.49505,22.57802],[-103.49816,22.57893],[-103.49382,22.57241],[-103.49505,22.57802]]],[[[-103.81296,22.52897],[-103.81657,22.52695],[-103.82321,22.51539],[-103.81587,22.51983],[-103.80893,22.52616],[-103.81066,22.53026],[-103.81231,22.52934],[-103.81296,22.52897]]],[[[-103.84552,22.51376],[-103.84859,22.51834],[-103.84937,22.51419],[-103.84552,22.51376]]],[[[-103.83528,22.46747],[-103.84083,22.46538],[-103.84241,22.46684],[-103.84123,22.46461],[-103.83705,22.46572],[-103.83271,22.46376],[-103.83528,22.46747]]],[[[-103.05624,22.5415],[-103.05638,22.54235],[-103.05692,22.54383],[-103.05714,22.54424],[-103.0572,22.54435],[-103.05548,22.54289],[-103.0549,22.53995],[-103.05006,22.54805],[-103.04707,22.54402],[-103.05128,22.54577],[-103.06284,22.5257],[-103.05603,22.52448],[-103.05843,22.51835],[-103.05634,22.51161],[-103.05141,22.51559],[-103.05035,22.52001],[-103.04538,22.52854],[-103.04297,22.52595],[-103.04557,22.51629],[-103.04385,22.51503],[-103.04312,22.51626],[-103.03768,22.5198],[-103.04058,22.52296],[-103.04039,22.52331],[-103.04027,22.52798],[-103.03684,22.53489],[-103.04594,22.53888],[-103.04303,22.54662],[-103.04713,22.54842],[-103.04523,22.55324],[-103.04155,22.5487],[-103.03148,22.57653],[-103.03257,22.58074],[-103.03868,22.58522],[-103.0376,22.58858],[-103.04855,22.59152],[-103.05328,22.58935],[-103.05783,22.59147],[-103.06254,22.58353],[-103.06294,22.5786],[-103.0705,22.57745],[-103.07269,22.57396],[-103.0775,22.5651],[-103.07997,22.56591],[-103.08304,22.55955],[-103.07886,22.55766],[-103.07185,22.55758],[-103.0679,22.56142],[-103.06353,22.5592],[-103.06617,22.55386],[-103.06308,22.55142],[-103.06011,22.55772],[-103.06132,22.5505],[-103.05889,22.5465],[-103.06042,22.54855],[-103.06198,22.54963],[-103.06164,22.54588],[-103.07438,22.55084],[-103.07249,22.55376],[-103.07579,22.55495],[-103.07854,22.55251],[-103.08424,22.55487],[-103.08479,22.55501],[-103.09099,22.55739],[-103.09364,22.54995],[-103.09807,22.54992],[-103.09271,22.54738],[-103.09189,22.54109],[-103.09571,22.54282],[-103.09591,22.53978],[-103.08931,22.54079],[-103.09153,22.53597],[-103.08541,22.53643],[-103.08412,22.53999],[-103.07378,22.53923],[-103.07682,22.5373],[-103.0753,22.53248],[-103.06932,22.53183],[-103.06594,22.52784],[-103.06466,22.53289],[-103.06681,22.53518],[-103.06083,22.53465],[-103.06349,22.53758],[-103.06355,22.54184],[-103.07308,22.54156],[-103.07243,22.54523],[-103.06902,22.54294],[-103.06288,22.54226],[-103.05649,22.54],[-103.05624,22.5415]],[[-103.05114,22.58615],[-103.05262,22.58164],[-103.05608,22.58245],[-103.05114,22.58615]],[[-103.0453,22.58135],[-103.0505,22.5771],[-103.05061,22.57975],[-103.04585,22.58416],[-103.0453,22.58135]],[[-103.06856,22.57657],[-103.06601,22.57322],[-103.07181,22.56963],[-103.07069,22.57569],[-103.06856,22.57657]],[[-103.05317,22.53246],[-103.05419,22.52871],[-103.05665,22.53175],[-103.05317,22.53246]]],[[[-103.08179,22.44201],[-103.06895,22.44824],[-103.06805,22.45112],[-103.07471,22.45173],[-103.07146,22.46144],[-103.0678,22.4611],[-103.06961,22.45252],[-103.06717,22.45126],[-103.05705,22.45529],[-103.05197,22.46044],[-103.04852,22.47375],[-103.04484,22.47235],[-103.03907,22.47687],[-103.03635,22.47569],[-103.03345,22.48335],[-103.03479,22.48616],[-103.0323,22.49127],[-103.02818,22.49487],[-103.03251,22.49593],[-103.03563,22.49399],[-103.04641,22.49352],[-103.05017,22.49144],[-103.04824,22.48722],[-103.05858,22.49349],[-103.05933,22.49745],[-103.06258,22.49885],[-103.0594,22.49945],[-103.05942,22.50192],[-103.05579,22.50314],[-103.05491,22.50672],[-103.05699,22.50693],[-103.06012,22.51262],[-103.06471,22.51534],[-103.05872,22.51713],[-103.06329,22.52012],[-103.06373,22.5238],[-103.06834,22.52288],[-103.06604,22.52082],[-103.06893,22.51374],[-103.06547,22.50853],[-103.07032,22.50265],[-103.0702,22.49793],[-103.07459,22.49448],[-103.07421,22.49893],[-103.07912,22.49498],[-103.07513,22.49316],[-103.0809,22.48557],[-103.07842,22.48122],[-103.07409,22.4806],[-103.07131,22.47539],[-103.07769,22.469],[-103.08158,22.46039],[-103.07342,22.46078],[-103.07762,22.45668],[-103.0819,22.45734],[-103.0849,22.44866],[-103.08465,22.44444],[-103.08179,22.44201]],[[-103.05568,22.48382],[-103.05629,22.47265],[-103.05971,22.47363],[-103.05909,22.483],[-103.05568,22.48382]],[[-103.06246,22.47377],[-103.07127,22.47025],[-103.07005,22.47362],[-103.06246,22.47377]]],[[[-103.21501,22.3058],[-103.21502,22.30556],[-103.21692,22.302],[-103.21745,22.30172],[-103.21747,22.30161],[-103.21763,22.30146],[-103.21766,22.30115],[-103.21736,22.30095],[-103.217,22.30049],[-103.2167,22.29998],[-103.21707,22.29948],[-103.21809,22.29875],[-103.22037,22.2964],[-103.22081,22.29256],[-103.22057,22.29225],[-103.21898,22.29041],[-103.2195,22.28847],[-103.21899,22.28783],[-103.22079,22.28506],[-103.22099,22.28395],[-103.22185,22.28362],[-103.22244,22.28258],[-103.22024,22.28022],[-103.21357,22.2893],[-103.20922,22.30098],[-103.21501,22.3058]]],[[[-103.0977,22.47711],[-103.09912,22.48113],[-103.10065,22.47596],[-103.0977,22.47711]]],[[[-103.10133,22.47927],[-103.10523,22.47724],[-103.10452,22.47334],[-103.10063,22.4735],[-103.10133,22.47927]]],[[[-103.09883,22.47377],[-103.10797,22.46788],[-103.10935,22.47187],[-103.11256,22.46803],[-103.11205,22.4633],[-103.11444,22.4601],[-103.11854,22.46011],[-103.11629,22.46591],[-103.1228,22.4643],[-103.1218,22.46722],[-103.12699,22.46971],[-103.12667,22.46081],[-103.11993,22.46156],[-103.12312,22.45764],[-103.12249,22.45402],[-103.12605,22.45463],[-103.12667,22.44987],[-103.11761,22.44817],[-103.11655,22.44605],[-103.12119,22.44065],[-103.11541,22.44112],[-103.11369,22.44369],[-103.10667,22.44334],[-103.10304,22.44106],[-103.09838,22.44239],[-103.09794,22.44551],[-103.10718,22.44885],[-103.10131,22.45173],[-103.10471,22.4622],[-103.09963,22.47214],[-103.10375,22.4616],[-103.10181,22.4582],[-103.09804,22.46436],[-103.09883,22.47377]]],[[[-103.10935,22.43489],[-103.11581,22.43809],[-103.12444,22.42696],[-103.13837,22.4069],[-103.12927,22.40315],[-103.12689,22.40658],[-103.11936,22.40329],[-103.11263,22.41473],[-103.12087,22.41701],[-103.11595,22.42381],[-103.11912,22.42556],[-103.11831,22.43158],[-103.1123,22.42885],[-103.10935,22.43489]]],[[[-103.15095,22.38383],[-103.15579,22.38294],[-103.15559,22.37824],[-103.15912,22.37245],[-103.15809,22.36987],[-103.15061,22.37066],[-103.14786,22.3752],[-103.15339,22.38123],[-103.15095,22.38383]]],[[[-103.10348,22.34118],[-103.10865,22.34164],[-103.10908,22.3404],[-103.09965,22.33663],[-103.10348,22.34118]]],[[[-103.12013,22.34008],[-103.12019,22.33509],[-103.11578,22.33781],[-103.11704,22.33968],[-103.1093,22.33913],[-103.11598,22.34304],[-103.12013,22.34008]]],[[[-103.04488,22.51017],[-103.04595,22.51262],[-103.05131,22.50812],[-103.05823,22.49982],[-103.05889,22.49591],[-103.0547,22.49976],[-103.04872,22.50256],[-103.04282,22.50929],[-103.04488,22.51017]]],[[[-103.56892,23.99605],[-103.56848,23.99324],[-103.56792,23.99079],[-103.56333,23.99167],[-103.56417,23.99632],[-103.56892,23.99605]]],[[[-103.43569,23.98594],[-103.43763,23.99695],[-103.43817,23.99997],[-103.43266,23.9992],[-103.4301,24.00167],[-103.43011,24.01186],[-103.43453,24.01263],[-103.43393,24.00844],[-103.43968,24.00838],[-103.43906,24.00518],[-103.45386,24.00501],[-103.45937,24.00352],[-103.45962,23.99774],[-103.45231,23.99363],[-103.4513,23.98318],[-103.43569,23.98594]]],[[[-103.31561,23.98984],[-103.31428,23.98876],[-103.31049,23.98567],[-103.30971,23.98502],[-103.30944,23.98479],[-103.3026,23.97911],[-103.3044,23.97587],[-103.29391,23.97224],[-103.29133,23.97841],[-103.29778,23.98335],[-103.29939,23.97992],[-103.30106,23.98147],[-103.29881,23.98649],[-103.3005,23.98806],[-103.29697,23.99618],[-103.29978,24.00068],[-103.30533,24.0038],[-103.30016,24.01489],[-103.30355,24.01364],[-103.31054,24.01716],[-103.31342,24.01555],[-103.3091,24.02541],[-103.31169,24.0227],[-103.31531,24.02394],[-103.31388,24.02732],[-103.32,24.02962],[-103.31846,24.03299],[-103.32862,24.03691],[-103.33514,24.02757],[-103.31993,24.0257],[-103.32142,24.02235],[-103.31685,24.02064],[-103.32681,23.99904],[-103.32146,23.99459],[-103.31561,23.98984]]],[[[-103.84462,23.74953],[-103.84747,23.75862],[-103.85468,23.76247],[-103.85723,23.75915],[-103.85293,23.75453],[-103.84462,23.74953]]],[[[-103.84757,23.75898],[-103.84888,23.76258],[-103.85383,23.76344],[-103.85441,23.76277],[-103.84757,23.75898]]],[[[-103.40397,23.9468],[-103.39599,23.94522],[-103.39478,23.94887],[-103.38798,23.94778],[-103.38672,23.95051],[-103.38083,23.94827],[-103.37976,23.95609],[-103.37619,23.95969],[-103.39409,23.96594],[-103.39454,23.96496],[-103.40819,23.96622],[-103.41232,23.96493],[-103.41029,23.95337],[-103.40669,23.95217],[-103.40591,23.948],[-103.40397,23.9468]]],[[[-103.3061,23.94162],[-103.31333,23.94419],[-103.31542,23.9405],[-103.31924,23.94183],[-103.32119,23.93792],[-103.31699,23.93655],[-103.31963,23.93328],[-103.31153,23.9347],[-103.31573,23.93615],[-103.314,23.93986],[-103.30809,23.93802],[-103.3061,23.94162]]],[[[-103.66831,23.92416],[-103.67237,23.92414],[-103.67347,23.91979],[-103.66947,23.9197],[-103.66831,23.92416]]],[[[-103.71364,23.90759],[-103.71805,23.91037],[-103.71912,23.90376],[-103.71507,23.90339],[-103.71364,23.90759]]],[[[-103.5503,23.76958],[-103.55151,23.76725],[-103.54509,23.76313],[-103.54725,23.75865],[-103.54404,23.75638],[-103.54087,23.76274],[-103.5503,23.76958]]],[[[-103.66116,23.76823],[-103.66654,23.7679],[-103.67017,23.76246],[-103.66396,23.75889],[-103.66116,23.76823]]],[[[-103.3149,23.98196],[-103.32097,23.97744],[-103.31783,23.97616],[-103.3149,23.98196]]],[[[-103.33439,23.6575],[-103.33975,23.6601],[-103.34398,23.65845],[-103.33439,23.6575]]],[[[-103.38412,23.64546],[-103.3802,23.64453],[-103.38003,23.64013],[-103.37172,23.63877],[-103.37395,23.64559],[-103.37076,23.65604],[-103.3824,23.65885],[-103.38139,23.65629],[-103.38899,23.65621],[-103.38997,23.65396],[-103.38181,23.65345],[-103.38112,23.64866],[-103.38412,23.64546]]],[[[-103.33726,23.64894],[-103.3397,23.65299],[-103.34737,23.65276],[-103.34218,23.64788],[-103.33726,23.64894]]],[[[-103.12592,23.64208],[-103.13923,23.63445],[-103.13508,23.63281],[-103.13364,23.63726],[-103.12484,23.63913],[-103.12592,23.64208]]],[[[-103.14867,23.62567],[-103.14376,23.62979],[-103.1441,23.6332],[-103.14547,23.63262],[-103.1465,23.63227],[-103.14674,23.63221],[-103.1531,23.62385],[-103.14867,23.62567]]],[[[-103.16538,23.61925],[-103.1714,23.61589],[-103.16956,23.6148],[-103.16538,23.61925]]],[[[-103.15959,23.62489],[-103.16351,23.62038],[-103.16091,23.61967],[-103.15959,23.62489]]],[[[-103.1195,23.61508],[-103.1198,23.61589],[-103.1204,23.61753],[-103.12077,23.61878],[-103.12146,23.62108],[-103.12456,23.61582],[-103.11718,23.61356],[-103.1195,23.61508]]],[[[-103.12157,23.60806],[-103.11855,23.60239],[-103.1155,23.6102],[-103.1132,23.6093],[-103.11437,23.61231],[-103.12157,23.60806]]],[[[-103.25434,23.60851],[-103.24543,23.60748],[-103.24204,23.61185],[-103.23781,23.61563],[-103.24329,23.61379],[-103.24706,23.61488],[-103.24803,23.60857],[-103.25572,23.61128],[-103.25434,23.60851]]],[[[-103.32181,23.62749],[-103.32742,23.62483],[-103.32394,23.62165],[-103.32061,23.62379],[-103.32181,23.62749]]],[[[-103.35872,23.6263],[-103.36786,23.62739],[-103.36617,23.62424],[-103.35653,23.62464],[-103.35872,23.6263]]],[[[-103.27087,23.5466],[-103.2669,23.55323],[-103.26792,23.55515],[-103.27287,23.54788],[-103.27087,23.5466]]],[[[-102.9996,23.86969],[-102.99926,23.86933],[-103.00579,23.868],[-103.00657,23.86668],[-103.00852,23.8654],[-103.00864,23.86532],[-103.00744,23.8627],[-102.99962,23.85926],[-102.99833,23.86588],[-102.99512,23.86715],[-102.98822,23.8728],[-102.98768,23.87614],[-102.98735,23.87818],[-102.98717,23.87927],[-102.98635,23.88081],[-102.9836,23.88486],[-102.98972,23.88692],[-102.99312,23.89345],[-102.99617,23.88804],[-102.99446,23.88338],[-102.99697,23.87701],[-103.00337,23.873],[-103.00499,23.86966],[-102.9996,23.86969]]],[[[-103.0186,23.85561],[-103.0254,23.85221],[-103.02959,23.84463],[-103.03566,23.83767],[-103.03056,23.84285],[-103.02369,23.84173],[-103.01822,23.84412],[-103.01697,23.84671],[-103.01527,23.8522],[-103.00895,23.85357],[-103.00415,23.85255],[-103.00033,23.85568],[-103.01017,23.85421],[-103.0186,23.85561]]],[[[-103.04686,23.83008],[-103.04713,23.82988],[-103.0472,23.82982],[-103.0528,23.82557],[-103.06054,23.82739],[-103.06627,23.82535],[-103.06307,23.82271],[-103.06787,23.81391],[-103.0687,23.80543],[-103.08028,23.79721],[-103.08131,23.78668],[-103.09023,23.78434],[-103.09161,23.78299],[-103.10236,23.79039],[-103.10774,23.7861],[-103.11546,23.78679],[-103.11579,23.7825],[-103.10535,23.78567],[-103.10065,23.78378],[-103.09358,23.78216],[-103.09334,23.78193],[-103.09198,23.78062],[-103.09142,23.78008],[-103.09032,23.77762],[-103.08811,23.78078],[-103.07994,23.77971],[-103.07498,23.78904],[-103.07653,23.79537],[-103.06512,23.79781],[-103.06566,23.80582],[-103.05964,23.80658],[-103.05801,23.80797],[-103.05372,23.81486],[-103.04904,23.81514],[-103.04837,23.81558],[-103.04742,23.8162],[-103.04741,23.81621],[-103.047,23.81648],[-103.04566,23.81735],[-103.04699,23.81869],[-103.04422,23.82508],[-103.03571,23.82681],[-103.03554,23.82705],[-103.03575,23.82972],[-103.04065,23.83387],[-103.04213,23.83275],[-103.04305,23.83213],[-103.04634,23.83047],[-103.03914,23.82896],[-103.04519,23.82779],[-103.04686,23.83008]]],[[[-103.09396,23.75773],[-103.10102,23.7555],[-103.10649,23.75144],[-103.10598,23.74747],[-103.10332,23.74431],[-103.10506,23.74027],[-103.10772,23.73714],[-103.10326,23.73956],[-103.09922,23.7479],[-103.09546,23.74883],[-103.08771,23.7544],[-103.08594,23.75724],[-103.08461,23.76133],[-103.08651,23.76539],[-103.0851,23.76873],[-103.08798,23.77425],[-103.08347,23.77888],[-103.08721,23.77979],[-103.09032,23.77644],[-103.09036,23.77434],[-103.08954,23.76985],[-103.08785,23.76658],[-103.09219,23.75921],[-103.09396,23.75773]]],[[[-103.14053,23.84559],[-103.13554,23.84596],[-103.13735,23.84918],[-103.14053,23.84559]]],[[[-103.13745,23.83655],[-103.14011,23.83742],[-103.14046,23.83195],[-103.13745,23.83655]]],[[[-101.39333,21.99814],[-101.39178,21.99399],[-101.39593,21.99126],[-101.39465,21.98833],[-101.39709,21.98599],[-101.39851,21.98463],[-101.39854,21.98303],[-101.39659,21.98116],[-101.3976,21.97627],[-101.39548,21.96805],[-101.39357,21.96809],[-101.39162,21.96982],[-101.38636,21.97388],[-101.38399,21.97399],[-101.38392,21.97409],[-101.38392,21.97412],[-101.38395,21.9748],[-101.38401,21.97604],[-101.38444,21.9823],[-101.38352,21.98217],[-101.37659,21.98118],[-101.37657,21.98127],[-101.37631,21.98172],[-101.37606,21.98201],[-101.37595,21.98226],[-101.37575,21.98271],[-101.37567,21.983],[-101.38911,21.98428],[-101.39076,21.99821],[-101.39333,21.99814]]],[[[-101.41347,21.99832],[-101.40759,21.99926],[-101.40909,22.00208],[-101.4143,22.00156],[-101.41347,21.99832]]],[[[-101.49957,22.04722],[-101.50524,22.04946],[-101.50517,22.04605],[-101.49957,22.04722]]],[[[-101.38758,22.01792],[-101.39083,22.01572],[-101.39157,22.00743],[-101.37456,22.00825],[-101.36859,22.01093],[-101.37625,22.01392],[-101.38594,22.01456],[-101.38758,22.01792]]],[[[-101.40041,21.95944],[-101.40061,21.96003],[-101.40354,21.96124],[-101.4029,21.95609],[-101.40154,21.95677],[-101.40067,21.95776],[-101.40041,21.95944]]],[[[-102.48108,23.06023],[-102.48302,23.05314],[-102.48377,23.05179],[-102.48585,23.04274],[-102.48838,23.03784],[-102.49863,23.03636],[-102.50166,23.03222],[-102.50173,23.02787],[-102.49645,23.03034],[-102.49567,23.03101],[-102.49192,23.03425],[-102.48979,23.02986],[-102.48993,23.02315],[-102.48222,23.0215],[-102.45963,23.01905],[-102.45917,23.02287],[-102.45581,23.0228],[-102.45669,23.0256],[-102.44746,23.03206],[-102.4475,23.04367],[-102.43763,23.04214],[-102.43748,23.04872],[-102.43217,23.05055],[-102.438,23.04958],[-102.43996,23.05761],[-102.43671,23.06619],[-102.43458,23.07806],[-102.42939,23.08463],[-102.43417,23.08504],[-102.43306,23.08961],[-102.43963,23.09038],[-102.44668,23.08942],[-102.44739,23.08245],[-102.45347,23.0864],[-102.45356,23.09094],[-102.45926,23.09057],[-102.48108,23.06023]]],[[[-102.38104,22.95418],[-102.38281,22.95072],[-102.37709,22.95004],[-102.38304,22.94819],[-102.38244,22.94441],[-102.38125,22.94371],[-102.38059,22.94332],[-102.38047,22.94325],[-102.37719,22.94172],[-102.37469,22.94338],[-102.37302,22.94421],[-102.37315,22.94426],[-102.3736,22.94444],[-102.37362,22.94481],[-102.37302,22.94544],[-102.37302,22.94588],[-102.37302,22.94671],[-102.37302,22.94754],[-102.37302,22.94838],[-102.37469,22.95087],[-102.37719,22.95337],[-102.37763,22.95376],[-102.37964,22.95696],[-102.38104,22.95418]]],[[[-102.41023,22.96773],[-102.41021,22.9673],[-102.41004,22.96409],[-102.40999,22.96328],[-102.40997,22.96281],[-102.41817,22.96168],[-102.41641,22.95643],[-102.40985,22.96078],[-102.40263,22.96076],[-102.40278,22.96666],[-102.39898,22.96602],[-102.39917,22.95985],[-102.39538,22.96138],[-102.39559,22.97338],[-102.40284,22.9761],[-102.41058,22.97737],[-102.41023,22.96773]]],[[[-102.41443,22.96793],[-102.41285,22.96819],[-102.41221,22.97732],[-102.41536,22.97677],[-102.41443,22.96793]]],[[[-102.44494,22.92489],[-102.43749,22.92835],[-102.43451,22.93281],[-102.43685,22.93759],[-102.44831,22.93564],[-102.44788,22.93774],[-102.45395,22.93807],[-102.4572,22.92884],[-102.44494,22.92489]]],[[[-102.42853,22.89821],[-102.42827,22.8986],[-102.43087,22.90349],[-102.43418,22.89995],[-102.42853,22.89821]]],[[[-102.62585,22.97406],[-102.63136,22.97417],[-102.63144,22.97179],[-102.62588,22.97173],[-102.62585,22.97406]]],[[[-102.6226,22.98639],[-102.62576,22.98457],[-102.62851,22.98516],[-102.62951,22.97958],[-102.6258,22.97958],[-102.62281,22.97966],[-102.6226,22.98639]]],[[[-102.57434,23.06854],[-102.57862,23.06995],[-102.58105,23.06712],[-102.57674,23.06555],[-102.57434,23.06854]]],[[[-102.46007,23.01526],[-102.46477,23.01752],[-102.46395,23.00913],[-102.4602,23.01381],[-102.45274,23.00869],[-102.45259,23.01024],[-102.46007,23.01526]]],[[[-102.58989,23.00941],[-102.59255,23.0053],[-102.59739,23.00543],[-102.59763,22.99598],[-102.5951,22.99595],[-102.59502,23.00223],[-102.58906,23.00497],[-102.58989,23.00941]]],[[[-102.44725,23.00385],[-102.46181,23.00298],[-102.46303,22.99819],[-102.46288,22.98874],[-102.45987,22.98555],[-102.44731,22.98782],[-102.44725,23.00385]]],[[[-102.59716,22.98954],[-102.59968,22.99052],[-102.60497,22.98224],[-102.60254,22.98119],[-102.59716,22.98954]]],[[[-102.58919,22.98284],[-102.59178,22.98376],[-102.59584,22.97786],[-102.59137,22.97925],[-102.58919,22.98284]]],[[[-102.60652,22.97947],[-102.60928,22.98437],[-102.61424,22.97641],[-102.60966,22.97417],[-102.60652,22.97947]]],[[[-102.59195,22.93522],[-102.60165,22.93565],[-102.60483,22.93003],[-102.59343,22.92933],[-102.59195,22.93522]]],[[[-102.16962,22.68807],[-102.16772,22.68082],[-102.16631,22.68464],[-102.16877,22.68918],[-102.16962,22.68807]]],[[[-102.12788,22.55745],[-102.12816,22.55332],[-102.12828,22.55168],[-102.12919,22.53849],[-102.13981,22.5403],[-102.14137,22.53629],[-102.14324,22.52361],[-102.13015,22.52197],[-102.13159,22.51784],[-102.1364,22.51828],[-102.13845,22.50682],[-102.1383,22.50038],[-102.13431,22.49909],[-102.13311,22.50496],[-102.12678,22.50362],[-102.12296,22.52268],[-102.12273,22.52896],[-102.12271,22.52896],[-102.11116,22.52706],[-102.10494,22.53392],[-102.10165,22.53398],[-102.10068,22.534],[-102.08702,22.53408],[-102.09118,22.53996],[-102.09366,22.549],[-102.09115,22.55307],[-102.08721,22.55408],[-102.09157,22.55359],[-102.09921,22.55231],[-102.10237,22.55528],[-102.10945,22.55476],[-102.10458,22.56056],[-102.11657,22.56327],[-102.1206,22.55838],[-102.12787,22.5575],[-102.12788,22.55745]]],[[[-102.07626,22.528],[-102.07719,22.52435],[-102.07721,22.52429],[-102.07717,22.5243],[-102.07626,22.528]]],[[[-102.21126,22.44702],[-102.21126,22.44701],[-102.20804,22.4457],[-102.20759,22.45011],[-102.21126,22.44702]]],[[[-102.2506,22.53667],[-102.25263,22.53353],[-102.25855,22.51246],[-102.25663,22.50963],[-102.25671,22.50587],[-102.25675,22.50372],[-102.2568,22.50122],[-102.25519,22.50488],[-102.25111,22.50414],[-102.25249,22.49948],[-102.25682,22.50033],[-102.25697,22.49305],[-102.25698,22.49268],[-102.25674,22.48626],[-102.25686,22.48481],[-102.25676,22.48009],[-102.26279,22.4764],[-102.25589,22.47759],[-102.24998,22.47684],[-102.24877,22.4805],[-102.25207,22.48615],[-102.25608,22.48629],[-102.24942,22.50834],[-102.25009,22.51955],[-102.2506,22.53667]]],[[[-102.22168,22.68967],[-102.22788,22.68803],[-102.2308,22.68502],[-102.22041,22.68033],[-102.21636,22.68539],[-102.22168,22.68967]]],[[[-102.23591,22.64186],[-102.23632,22.63862],[-102.23154,22.63877],[-102.23168,22.64199],[-102.23591,22.64186]]],[[[-102.22516,22.61211],[-102.21728,22.6161],[-102.21418,22.62125],[-102.22782,22.62176],[-102.22778,22.61956],[-102.22699,22.6184],[-102.22693,22.61831],[-102.22615,22.61596],[-102.22558,22.61374],[-102.22516,22.61211]]],[[[-102.3193,22.60917],[-102.32046,22.60861],[-102.31319,22.60554],[-102.31761,22.60924],[-102.3193,22.60917]]],[[[-102.31248,22.60559],[-102.30935,22.60584],[-102.3066,22.60265],[-102.30172,22.59844],[-102.30189,22.59633],[-102.30156,22.59625],[-102.30144,22.60361],[-102.30274,22.60585],[-102.31193,22.60789],[-102.31248,22.60559]]],[[[-102.23828,22.58237],[-102.24096,22.57715],[-102.23359,22.58041],[-102.23292,22.58384],[-102.23828,22.58237]]],[[[-102.2751,22.58188],[-102.26555,22.58167],[-102.26455,22.58501],[-102.2751,22.58188]]],[[[-102.33173,22.61155],[-102.3314,22.61581],[-102.34243,22.61537],[-102.34135,22.61115],[-102.33173,22.61155]]],[[[-102.24452,22.57089],[-102.24467,22.57016],[-102.24474,22.5698],[-102.24509,22.5655],[-102.24166,22.56587],[-102.24033,22.57057],[-102.24452,22.57089]]],[[[-102.19815,22.44261],[-102.20633,22.44267],[-102.20792,22.44064],[-102.20109,22.43567],[-102.19815,22.44261]]],[[[-102.85269,21.37417],[-102.85349,21.37508],[-102.85523,21.37708],[-102.85647,21.37854],[-102.86255,21.38105],[-102.86341,21.37947],[-102.85575,21.37119],[-102.85326,21.3683],[-102.85106,21.37091],[-102.85269,21.37417]]],[[[-102.85979,21.37033],[-102.86319,21.36914],[-102.86186,21.36529],[-102.87053,21.36643],[-102.86794,21.36476],[-102.86354,21.36269],[-102.86198,21.36212],[-102.86184,21.36207],[-102.85686,21.35959],[-102.85326,21.36412],[-102.85739,21.37044],[-102.85979,21.37033]]],[[[-102.85215,21.35261],[-102.84618,21.34167],[-102.85056,21.33849],[-102.85483,21.33156],[-102.85076,21.33755],[-102.83951,21.34256],[-102.83758,21.34412],[-102.83527,21.34633],[-102.83481,21.34684],[-102.83479,21.34686],[-102.83342,21.34828],[-102.82773,21.35291],[-102.81451,21.35269],[-102.8154,21.35151],[-102.81426,21.35116],[-102.81035,21.35285],[-102.79564,21.3475],[-102.7938,21.34636],[-102.79478,21.34815],[-102.78776,21.34857],[-102.78757,21.35407],[-102.78773,21.35413],[-102.78808,21.35425],[-102.78957,21.35479],[-102.79045,21.3551],[-102.7919,21.35507],[-102.79533,21.35529],[-102.79751,21.35603],[-102.8018,21.35646],[-102.80276,21.35265],[-102.81089,21.35429],[-102.81105,21.35428],[-102.81775,21.35388],[-102.81919,21.35549],[-102.82599,21.35672],[-102.82858,21.35475],[-102.83517,21.35939],[-102.83546,21.35875],[-102.84016,21.35443],[-102.84285,21.35571],[-102.84636,21.35197],[-102.8473,21.35541],[-102.85412,21.3615],[-102.85568,21.358],[-102.85224,21.35272],[-102.85215,21.35261]]],[[[-102.88458,21.3405],[-102.88435,21.34054],[-102.88228,21.34085],[-102.87506,21.34177],[-102.87467,21.3414],[-102.87465,21.34137],[-102.87391,21.34055],[-102.86979,21.33593],[-102.86877,21.33455],[-102.8686,21.33432],[-102.86706,21.33219],[-102.86319,21.33274],[-102.86726,21.33871],[-102.86845,21.34569],[-102.89182,21.34307],[-102.88762,21.34004],[-102.88458,21.3405]]],[[[-102.70197,22.8964],[-102.70299,22.89634],[-102.70577,22.88875],[-102.70162,22.88718],[-102.70208,22.8836],[-102.70697,22.8832],[-102.70838,22.87145],[-102.69265,22.87273],[-102.69233,22.87701],[-102.69794,22.87811],[-102.70229,22.88183],[-102.69633,22.88292],[-102.68929,22.89528],[-102.69318,22.89332],[-102.7023,22.89246],[-102.70197,22.8964]]],[[[-102.68623,22.90628],[-102.69367,22.9062],[-102.69368,22.90268],[-102.68621,22.90269],[-102.68288,22.90631],[-102.68623,22.90628]]],[[[-102.66554,22.8557],[-102.66488,22.86032],[-102.67233,22.86144],[-102.67324,22.85688],[-102.66947,22.85626],[-102.67025,22.85205],[-102.66649,22.85156],[-102.66554,22.8557]]],[[[-102.68975,22.85122],[-102.69636,22.8497],[-102.69523,22.8444],[-102.69231,22.84404],[-102.68975,22.85122]]],[[[-102.68195,22.84908],[-102.68503,22.84956],[-102.68574,22.84504],[-102.68273,22.84467],[-102.68195,22.84908]]],[[[-102.70858,22.84581],[-102.71114,22.84611],[-102.71366,22.84179],[-102.71289,22.83606],[-102.70127,22.84255],[-102.70895,22.84348],[-102.70858,22.84581]]],[[[-102.67525,22.83178],[-102.67604,22.83406],[-102.68729,22.83581],[-102.68797,22.83151],[-102.68411,22.83071],[-102.68483,22.82624],[-102.68113,22.82576],[-102.6804,22.8301],[-102.67525,22.83178]]],[[[-102.7286,22.85512],[-102.73148,22.85517],[-102.73242,22.85062],[-102.72947,22.85058],[-102.7286,22.85512]]],[[[-102.69432,22.86954],[-102.70363,22.87],[-102.70556,22.86295],[-102.70391,22.85955],[-102.69394,22.86034],[-102.69432,22.86954]]],[[[-102.71561,22.87414],[-102.72137,22.87447],[-102.72269,22.8677],[-102.71973,22.86743],[-102.71561,22.87414]]],[[[-102.66556,22.88225],[-102.65615,22.87986],[-102.65853,22.88555],[-102.66207,22.88176],[-102.66556,22.88225]]],[[[-102.66918,22.87843],[-102.66902,22.88274],[-102.66797,22.89123],[-102.67,22.89147],[-102.67219,22.88317],[-102.67459,22.88352],[-102.67785,22.87539],[-102.67368,22.87911],[-102.66918,22.87843]]],[[[-102.65406,22.879],[-102.6507,22.87597],[-102.64435,22.87489],[-102.64295,22.87831],[-102.64803,22.88389],[-102.64949,22.8801],[-102.65406,22.879]]],[[[-102.63262,22.87013],[-102.63942,22.87424],[-102.63427,22.86832],[-102.63262,22.87013]]],[[[-102.68874,22.87879],[-102.67841,22.8773],[-102.67709,22.88216],[-102.68862,22.88353],[-102.68874,22.87879]]],[[[-102.68757,22.8577],[-102.69272,22.85971],[-102.69315,22.85667],[-102.68772,22.85528],[-102.68757,22.8577]]],[[[-102.71207,22.86396],[-102.71574,22.86182],[-102.71706,22.8571],[-102.71432,22.85702],[-102.71207,22.86396]]],[[[-102.66805,22.89855],[-102.67639,22.89805],[-102.68252,22.89548],[-102.6697,22.89506],[-102.66805,22.89855]]],[[[-102.67086,22.91111],[-102.67398,22.90942],[-102.6717,22.90426],[-102.66672,22.90558],[-102.67086,22.91111]]],[[[-102.66167,22.91048],[-102.66404,22.90617],[-102.65863,22.90726],[-102.66167,22.91048]]],[[[-102.68018,22.82097],[-102.68397,22.82151],[-102.6849,22.81797],[-102.68018,22.82097]]],[[[-103.57956,24.17846],[-103.57964,24.17837],[-103.57911,24.17854],[-103.5802,24.17975],[-103.58093,24.17955],[-103.57956,24.17846]]],[[[-103.60396,24.15303],[-103.60577,24.15115],[-103.61955,24.12256],[-103.62201,24.11746],[-103.62202,24.11746],[-103.63597,24.11029],[-103.64043,24.11738],[-103.64079,24.11796],[-103.64501,24.12466],[-103.64518,24.12494],[-103.65439,24.13956],[-103.65603,24.14224],[-103.65806,24.14554],[-103.66007,24.14884],[-103.66036,24.14933],[-103.67673,24.1404],[-103.67693,24.14029],[-103.67898,24.13917],[-103.68007,24.13859],[-103.68538,24.13572],[-103.68032,24.1353],[-103.68239,24.13266],[-103.68393,24.12348],[-103.68886,24.11997],[-103.68922,24.11886],[-103.68971,24.11737],[-103.68996,24.11668],[-103.69047,24.11569],[-103.6906,24.11545],[-103.68924,24.11287],[-103.68099,24.11372],[-103.67488,24.1128],[-103.67077,24.1136],[-103.65921,24.10331],[-103.65913,24.09977],[-103.65847,24.09882],[-103.65205,24.09787],[-103.64136,24.09199],[-103.6382,24.09603],[-103.63694,24.0919],[-103.6316,24.0937],[-103.62982,24.09195],[-103.62006,24.09487],[-103.61896,24.09678],[-103.61886,24.09681],[-103.61058,24.10148],[-103.60764,24.10893],[-103.60612,24.11159],[-103.60505,24.11269],[-103.60136,24.11486],[-103.59972,24.1152],[-103.59486,24.11551],[-103.59268,24.12088],[-103.59411,24.12765],[-103.58498,24.1336],[-103.57681,24.13825],[-103.57318,24.14684],[-103.56684,24.1584],[-103.56907,24.16524],[-103.58366,24.16884],[-103.58716,24.17054],[-103.60396,24.15303]]],[[[-103.40347,24.07468],[-103.39843,24.06795],[-103.40973,24.06089],[-103.41088,24.06199],[-103.41092,24.05888],[-103.38826,24.05881],[-103.38836,24.05632],[-103.36861,24.05649],[-103.36869,24.06936],[-103.36442,24.07148],[-103.366,24.07827],[-103.36868,24.07965],[-103.37577,24.07706],[-103.38501,24.07688],[-103.38968,24.08307],[-103.40342,24.07737],[-103.38731,24.07712],[-103.38833,24.07439],[-103.40347,24.07468]]],[[[-103.53199,24.29374],[-103.5347,24.29161],[-103.53062,24.28904],[-103.53199,24.29374]]],[[[-103.47898,24.29608],[-103.482,24.29505],[-103.50069,24.29538],[-103.50375,24.29475],[-103.50406,24.29392],[-103.50429,24.2922],[-103.49472,24.29276],[-103.48128,24.28876],[-103.4792,24.28954],[-103.47898,24.29608]]],[[[-103.32919,24.01755],[-103.33909,24.01927],[-103.34247,24.01183],[-103.33953,24.00928],[-103.33318,24.00875],[-103.32919,24.01755]]],[[[-101.73399,24.1313],[-101.74518,24.12921],[-101.74963,24.12614],[-101.74813,24.11968],[-101.73896,24.12562],[-101.73436,24.12647],[-101.73399,24.1313]]],[[[-101.56942,24.11096],[-101.56881,24.11688],[-101.57353,24.11683],[-101.57764,24.11138],[-101.5734,24.10782],[-101.56942,24.11096]]],[[[-102.23872,22.38089],[-102.24255,22.37884],[-102.24274,22.37874],[-102.24898,22.38579],[-102.24904,22.3854],[-102.25044,22.3789],[-102.25313,22.37861],[-102.25205,22.37435],[-102.25132,22.37435],[-102.24624,22.37418],[-102.23775,22.37408],[-102.23763,22.3751],[-102.2347,22.37359],[-102.22889,22.37443],[-102.23264,22.37857],[-102.23872,22.38089]]],[[[-102.264,22.47552],[-102.26763,22.47901],[-102.26825,22.48728],[-102.26955,22.48573],[-102.27658,22.49336],[-102.27122,22.48917],[-102.26971,22.49508],[-102.27449,22.50606],[-102.27347,22.51204],[-102.27248,22.51782],[-102.27512,22.5191],[-102.27611,22.52892],[-102.27436,22.53402],[-102.28814,22.53853],[-102.29451,22.53807],[-102.29837,22.53826],[-102.30408,22.53854],[-102.30417,22.53419],[-102.29498,22.53397],[-102.29356,22.53086],[-102.2898,22.53062],[-102.28772,22.514],[-102.2913,22.51452],[-102.29286,22.50967],[-102.29164,22.5008],[-102.28765,22.49706],[-102.28777,22.49258],[-102.29419,22.4909],[-102.29433,22.48857],[-102.30386,22.48744],[-102.30006,22.46855],[-102.29851,22.45954],[-102.29848,22.45955],[-102.29831,22.45959],[-102.29739,22.45527],[-102.29586,22.44777],[-102.29554,22.44622],[-102.29537,22.4455],[-102.29441,22.44078],[-102.29009,22.41994],[-102.29008,22.41992],[-102.28992,22.41985],[-102.28912,22.4194],[-102.28842,22.41833],[-102.2881,22.41728],[-102.28742,22.41615],[-102.2872,22.41611],[-102.28493,22.41684],[-102.28437,22.41627],[-102.28335,22.41595],[-102.28254,22.41563],[-102.28184,22.4138],[-102.27761,22.41411],[-102.27725,22.4139],[-102.27696,22.41368],[-102.27684,22.41338],[-102.2766,22.41334],[-102.27642,22.41332],[-102.27335,22.41391],[-102.27161,22.41255],[-102.27099,22.41206],[-102.27254,22.40964],[-102.27301,22.40883],[-102.2704,22.40791],[-102.26878,22.40748],[-102.26838,22.4072],[-102.2681,22.407],[-102.2674,22.40657],[-102.2664,22.40449],[-102.26571,22.4042],[-102.26397,22.39911],[-102.26076,22.39868],[-102.26055,22.39537],[-102.25866,22.39326],[-102.25788,22.39279],[-102.25072,22.38803],[-102.25394,22.39427],[-102.2639,22.40895],[-102.26604,22.40638],[-102.26876,22.41187],[-102.26559,22.41327],[-102.2638,22.40911],[-102.25949,22.41622],[-102.26187,22.42083],[-102.2644,22.43349],[-102.26432,22.43763],[-102.25925,22.43921],[-102.25441,22.43755],[-102.25115,22.43926],[-102.25408,22.44589],[-102.24895,22.44643],[-102.2505,22.4508],[-102.24536,22.45158],[-102.2464,22.45557],[-102.25607,22.45422],[-102.25616,22.45148],[-102.26148,22.45079],[-102.26418,22.45962],[-102.28014,22.45688],[-102.27682,22.44752],[-102.28423,22.44586],[-102.28686,22.45491],[-102.29387,22.4541],[-102.29637,22.46011],[-102.26233,22.46588],[-102.26843,22.4737],[-102.264,22.47552]],[[-102.27497,22.50344],[-102.2794,22.50314],[-102.28357,22.49953],[-102.28354,22.50415],[-102.27497,22.50344]],[[-102.26463,22.4276],[-102.26741,22.42711],[-102.26934,22.43238],[-102.26511,22.43238],[-102.26463,22.4276]]],[[[-102.26853,22.49099],[-102.2686,22.49189],[-102.26884,22.49273],[-102.26922,22.49376],[-102.26853,22.49099]]],[[[-102.08466,22.34915],[-102.08631,22.35666],[-102.08711,22.3522],[-102.09054,22.34919],[-102.08466,22.34915]]],[[[-102.0793,22.31208],[-102.07536,22.31586],[-102.08015,22.31851],[-102.0793,22.31208]]],[[[-101.96533,22.25387],[-101.9658,22.25629],[-101.9696,22.25946],[-101.96948,22.26522],[-101.96543,22.26452],[-101.96384,22.26926],[-101.95916,22.27157],[-101.95989,22.27652],[-101.95683,22.2815],[-101.95369,22.28226],[-101.95631,22.29001],[-101.96336,22.28855],[-101.9676,22.292],[-101.96998,22.28584],[-101.96317,22.28306],[-101.97311,22.27727],[-101.96897,22.27098],[-101.97257,22.26903],[-101.9738,22.26509],[-101.9782,22.26711],[-101.9775,22.26265],[-101.9864,22.26238],[-101.98866,22.26451],[-101.9911,22.2591],[-101.99282,22.26389],[-102.00208,22.26694],[-101.99768,22.27219],[-101.99965,22.27469],[-101.99378,22.27331],[-101.99447,22.27615],[-101.9909,22.28528],[-101.98285,22.2835],[-101.97531,22.29805],[-101.97059,22.29722],[-101.97065,22.29986],[-101.96445,22.3075],[-101.96046,22.30755],[-101.95762,22.31423],[-101.96617,22.3141],[-101.96384,22.32068],[-101.95908,22.3237],[-101.95071,22.32493],[-101.95232,22.3271],[-101.9531,22.32815],[-101.95872,22.32913],[-101.96551,22.32425],[-101.9661,22.32383],[-101.96796,22.3235],[-101.96841,22.32372],[-101.9773,22.33032],[-101.99055,22.32458],[-101.99746,22.32695],[-101.99981,22.32211],[-102.00254,22.3318],[-102.00713,22.32842],[-102.01203,22.32852],[-102.01623,22.31931],[-102.02207,22.3135],[-102.02295,22.30724],[-102.0302,22.30351],[-102.03671,22.30453],[-102.04032,22.31177],[-102.05131,22.317],[-102.05408,22.31966],[-102.05437,22.31994],[-102.05728,22.3243],[-102.06121,22.32349],[-102.06881,22.31902],[-102.07045,22.31584],[-102.07028,22.30775],[-102.07221,22.30491],[-102.06739,22.30327],[-102.06362,22.302],[-102.06248,22.30161],[-102.05861,22.30064],[-102.0567,22.29993],[-102.0576,22.29615],[-102.05566,22.29531],[-102.0565,22.2948],[-102.0576,22.29414],[-102.05841,22.29365],[-102.05121,22.29121],[-102.04179,22.29523],[-102.04155,22.29545],[-102.03734,22.29909],[-102.03179,22.2889],[-102.03076,22.28893],[-102.0288,22.27863],[-102.03105,22.27432],[-102.02981,22.27057],[-102.02921,22.26901],[-102.02916,22.26903],[-102.02907,22.26906],[-102.02856,22.26922],[-102.02821,22.2679],[-102.02814,22.26764],[-102.0283,22.26646],[-102.0284,22.26599],[-102.02581,22.25624],[-102.02376,22.25146],[-102.02249,22.24164],[-102.00965,22.24154],[-102.00487,22.24141],[-102.00212,22.24136],[-102.00151,22.23898],[-101.99975,22.23173],[-101.9893,22.23192],[-101.98744,22.22649],[-101.98511,22.22724],[-101.983,22.23452],[-101.98706,22.23674],[-101.98156,22.23665],[-101.98197,22.23171],[-101.9689,22.23146],[-101.97647,22.23277],[-101.97484,22.23645],[-101.96427,22.23623],[-101.9708,22.24624],[-101.96685,22.25229],[-101.97248,22.25353],[-101.96737,22.25558],[-101.96533,22.25387]],[[-101.97569,22.3029],[-101.97844,22.30083],[-101.98316,22.29153],[-101.9892,22.29221],[-101.98874,22.29672],[-101.99286,22.29689],[-101.99241,22.30153],[-101.98429,22.30103],[-101.97967,22.31006],[-101.97319,22.30971],[-101.97569,22.3029]]],[[[-102.9955,22.83329],[-102.99852,22.83341],[-102.99784,22.82444],[-102.996,22.82173],[-102.99151,22.82423],[-102.99187,22.83313],[-102.9955,22.83329]]],[[[-102.9471,22.81086],[-102.9458,22.80098],[-102.94701,22.79435],[-102.93827,22.79698],[-102.94529,22.81004],[-102.94653,22.81524],[-102.94686,22.81199],[-102.9471,22.81086]]],[[[-102.96496,22.74366],[-102.96351,22.74092],[-102.96101,22.74437],[-102.96147,22.73828],[-102.96364,22.74063],[-102.96368,22.74053],[-102.96392,22.73999],[-102.96505,22.73991],[-102.9676,22.72758],[-102.97056,22.71928],[-102.97002,22.71542],[-102.97946,22.70758],[-102.98224,22.7085],[-102.98074,22.69975],[-102.98386,22.69296],[-102.98608,22.68386],[-102.98222,22.68137],[-102.98156,22.67398],[-102.98341,22.67153],[-102.98133,22.66688],[-102.97803,22.67314],[-102.97352,22.67018],[-102.97666,22.66898],[-102.97752,22.66474],[-102.97259,22.66489],[-102.97157,22.66847],[-102.96154,22.67482],[-102.96335,22.67768],[-102.95909,22.68156],[-102.95823,22.68879],[-102.9546,22.68768],[-102.95414,22.68222],[-102.9499,22.68315],[-102.95118,22.68857],[-102.96397,22.69262],[-102.96361,22.69658],[-102.95647,22.70461],[-102.95627,22.70853],[-102.95268,22.71106],[-102.95836,22.71121],[-102.96071,22.71551],[-102.96333,22.7146],[-102.9568,22.7215],[-102.94739,22.7277],[-102.94459,22.73301],[-102.93422,22.73567],[-102.9316,22.73919],[-102.92693,22.73725],[-102.92458,22.74179],[-102.91869,22.74755],[-102.92149,22.74926],[-102.92641,22.74747],[-102.93037,22.7415],[-102.92771,22.74966],[-102.92378,22.74911],[-102.92206,22.7534],[-102.9165,22.75719],[-102.9102,22.7565],[-102.90961,22.76445],[-102.91184,22.76935],[-102.9195,22.76809],[-102.92037,22.77233],[-102.92414,22.77162],[-102.92653,22.77482],[-102.92793,22.77063],[-102.931,22.77014],[-102.92961,22.77714],[-102.93156,22.77803],[-102.93373,22.76699],[-102.92794,22.76594],[-102.92847,22.76263],[-102.93486,22.76369],[-102.93173,22.77954],[-102.93548,22.79584],[-102.9311,22.79529],[-102.93183,22.8024],[-102.93483,22.80178],[-102.93764,22.79564],[-102.94773,22.79315],[-102.95236,22.78775],[-102.95542,22.78047],[-102.9543,22.77344],[-102.95406,22.77258],[-102.95381,22.77165],[-102.95359,22.77085],[-102.95415,22.76316],[-102.95239,22.75835],[-102.95664,22.75098],[-102.96087,22.74854],[-102.95971,22.75337],[-102.96333,22.74925],[-102.96496,22.74366]],[[-102.96305,22.71089],[-102.96245,22.70747],[-102.95787,22.70843],[-102.96422,22.70186],[-102.96817,22.70077],[-102.96543,22.70622],[-102.9688,22.70545],[-102.97054,22.70933],[-102.96305,22.71089]]],[[[-102.88316,22.77031],[-102.88438,22.77322],[-102.88868,22.7676],[-102.88316,22.77031]]],[[[-102.93409,22.69161],[-102.93637,22.68816],[-102.94136,22.68584],[-102.93189,22.68322],[-102.93409,22.69161]]],[[[-102.89088,22.68905],[-102.89867,22.68868],[-102.9105,22.6791],[-102.91346,22.67266],[-102.91596,22.67807],[-102.91111,22.68223],[-102.93345,22.68085],[-102.94092,22.67868],[-102.9439,22.67381],[-102.94262,22.66392],[-102.93863,22.66964],[-102.93068,22.67075],[-102.9262,22.65796],[-102.92138,22.65664],[-102.91805,22.6613],[-102.92317,22.66613],[-102.91171,22.66928],[-102.9037,22.6746],[-102.89126,22.67538],[-102.88892,22.67864],[-102.88943,22.68862],[-102.89088,22.68905]]],[[[-102.81851,22.66465],[-102.82089,22.66543],[-102.82531,22.65838],[-102.83014,22.65569],[-102.82049,22.6575],[-102.81851,22.66465]]],[[[-103.06654,22.69026],[-103.06719,22.68725],[-103.06085,22.68507],[-103.05374,22.68601],[-103.05469,22.67796],[-103.05137,22.67621],[-103.04861,22.66837],[-103.0525,22.66435],[-103.05297,22.66287],[-103.0474,22.65925],[-103.04781,22.65572],[-103.04463,22.65331],[-103.04031,22.64857],[-103.03336,22.64783],[-103.04287,22.64791],[-103.04569,22.63776],[-103.04512,22.63518],[-103.03263,22.6277],[-103.02135,22.63311],[-103.03207,22.62613],[-103.03407,22.62032],[-103.03017,22.61837],[-103.03235,22.61246],[-103.0365,22.61376],[-103.0381,22.61056],[-103.04338,22.61563],[-103.04987,22.60725],[-103.05689,22.59316],[-103.05463,22.59072],[-103.0466,22.59354],[-103.03606,22.58998],[-103.03598,22.59241],[-103.02973,22.59116],[-103.03029,22.59531],[-103.02789,22.59958],[-103.02298,22.59484],[-103.01595,22.60332],[-103.01491,22.60921],[-103.01239,22.60811],[-103.01032,22.61421],[-103.01271,22.61593],[-103.01358,22.6246],[-103.00765,22.6356],[-103.00697,22.64081],[-103.01404,22.64114],[-103.01854,22.64407],[-103.0199,22.64186],[-103.02461,22.64449],[-103.02311,22.64717],[-103.02955,22.64785],[-103.03145,22.65023],[-103.02855,22.66025],[-103.02411,22.6549],[-103.02511,22.65105],[-103.01232,22.6473],[-103.01242,22.64422],[-103.00662,22.6415],[-103.00449,22.64639],[-103.01052,22.65128],[-103.00554,22.65967],[-103.00578,22.66913],[-103.02607,22.69081],[-103.03259,22.69388],[-103.03454,22.68958],[-103.03787,22.6919],[-103.03648,22.69735],[-103.0315,22.69652],[-103.03525,22.70049],[-103.04081,22.70309],[-103.04135,22.70125],[-103.04934,22.7054],[-103.04986,22.70295],[-103.04222,22.69796],[-103.04977,22.70115],[-103.0518,22.71023],[-103.05916,22.71284],[-103.06013,22.70857],[-103.05547,22.70614],[-103.05781,22.70254],[-103.06947,22.70081],[-103.07242,22.69524],[-103.07101,22.69309],[-103.06291,22.69346],[-103.06654,22.69026]],[[-103.04054,22.63857],[-103.03924,22.63471],[-103.0439,22.63781],[-103.04054,22.63857]],[[-103.02816,22.63459],[-103.03081,22.6312],[-103.03397,22.63309],[-103.03371,22.63771],[-103.02816,22.63459]],[[-103.01621,22.63368],[-103.01884,22.62724],[-103.02215,22.62918],[-103.0198,22.63384],[-103.01621,22.63368]],[[-103.03398,22.60606],[-103.03468,22.59898],[-103.0366,22.60145],[-103.04101,22.59919],[-103.04111,22.60322],[-103.03709,22.60156],[-103.04003,22.60611],[-103.04391,22.60512],[-103.03845,22.60987],[-103.03398,22.60606]]],[[[-102.9966,22.71883],[-102.99525,22.71222],[-102.98996,22.70798],[-102.98455,22.70675],[-102.97981,22.71209],[-102.99098,22.71569],[-102.9966,22.71883]]],[[[-103.00297,22.67149],[-103.00308,22.67581],[-103.01089,22.68201],[-103.01309,22.67818],[-103.00836,22.67331],[-103.00297,22.67149]]],[[[-102.99148,22.66329],[-102.99605,22.67267],[-102.99639,22.66571],[-102.99386,22.66213],[-102.98637,22.66055],[-102.98578,22.66292],[-102.99148,22.66329]]],[[[-102.94421,22.66527],[-102.9469,22.66216],[-102.94421,22.66038],[-102.94421,22.66527]]],[[[-103.00238,22.63493],[-103.00697,22.63742],[-103.0074,22.63543],[-103.01339,22.62392],[-103.01226,22.61581],[-103.00882,22.61812],[-103.0065,22.62407],[-103.00947,22.62626],[-103.0054,22.63459],[-103.00238,22.63493]]],[[[-102.98287,22.63174],[-102.98349,22.63483],[-102.98988,22.6365],[-102.98695,22.63258],[-102.99097,22.6248],[-102.99256,22.63141],[-102.99837,22.634],[-102.99749,22.61994],[-102.99369,22.61922],[-102.98956,22.6218],[-102.98911,22.62376],[-102.98481,22.62531],[-102.98287,22.63174]]],[[[-102.98527,22.62089],[-102.98591,22.62249],[-102.98878,22.61969],[-102.98986,22.62056],[-102.99254,22.6191],[-102.99536,22.61883],[-102.9989,22.61623],[-102.99934,22.61325],[-102.99523,22.61573],[-102.99319,22.61343],[-102.9932,22.61538],[-102.99164,22.61894],[-102.9883,22.61814],[-102.98547,22.62065],[-102.98527,22.62089]]],[[[-102.99196,22.61067],[-102.98761,22.61801],[-102.99118,22.6171],[-102.99129,22.61516],[-102.99291,22.61494],[-102.99306,22.60962],[-102.99196,22.61067]]],[[[-102.78443,22.60855],[-102.79021,22.61148],[-102.7916,22.60941],[-102.78641,22.60674],[-102.78443,22.60855]]],[[[-102.99952,22.61618],[-103.00102,22.61211],[-103.00317,22.61645],[-103.0089,22.61437],[-103.00949,22.61091],[-103.01801,22.59802],[-103.02404,22.59145],[-103.01756,22.59397],[-103.01141,22.59304],[-103.01032,22.59694],[-103.00758,22.59761],[-103.00672,22.60036],[-103.00485,22.60229],[-103.00111,22.60433],[-103.00036,22.60875],[-102.99786,22.61162],[-102.99954,22.61256],[-102.99952,22.61618]]],[[[-103.00106,22.6014],[-102.99869,22.60886],[-103.00018,22.60789],[-103.00068,22.60269],[-103.00392,22.60237],[-103.01083,22.59276],[-103.00106,22.6014]]],[[[-103.05294,22.60169],[-103.06336,22.60587],[-103.06471,22.60126],[-103.06937,22.59789],[-103.06223,22.59578],[-103.0581,22.5919],[-103.05294,22.60169]]],[[[-103.04868,22.61881],[-103.04866,22.61809],[-103.04965,22.61658],[-103.05504,22.61778],[-103.0547,22.61147],[-103.04864,22.60982],[-103.04469,22.61521],[-103.04868,22.61881]]],[[[-103.04873,22.62113],[-103.04869,22.61952],[-103.0404,22.61995],[-103.03932,22.6261],[-103.04516,22.62818],[-103.04182,22.62323],[-103.04873,22.62113]]],[[[-103.03418,22.61852],[-103.03732,22.62345],[-103.03997,22.61863],[-103.03418,22.61852]]],[[[-103.05044,22.65728],[-103.05262,22.64963],[-103.05626,22.65308],[-103.05688,22.64719],[-103.04093,22.64835],[-103.04424,22.65255],[-103.05044,22.65728]]],[[[-102.9538,22.80017],[-102.95368,22.80154],[-102.95293,22.81033],[-102.95067,22.80616],[-102.95378,22.81523],[-102.95536,22.81435],[-102.95619,22.81521],[-102.96235,22.80059],[-102.96037,22.79625],[-102.96139,22.79239],[-102.95675,22.79263],[-102.95388,22.79922],[-102.9538,22.80017]]],[[[-102.87692,22.57452],[-102.87701,22.57848],[-102.88036,22.58016],[-102.88492,22.5732],[-102.87949,22.57194],[-102.8769,22.5683],[-102.87692,22.57452]]],[[[-103.03024,22.55085],[-103.03274,22.55591],[-103.02942,22.56203],[-103.02932,22.56768],[-103.02692,22.56983],[-103.0328,22.5713],[-103.04227,22.54626],[-103.02789,22.54556],[-103.03,22.54965],[-103.03024,22.55085]]],[[[-102.41337,22.92655],[-102.41382,22.92673],[-102.41324,22.92756],[-102.41216,22.92813],[-102.41216,22.92839],[-102.41132,22.93339],[-102.41132,22.93422],[-102.41132,22.93505],[-102.41132,22.93589],[-102.41132,22.93672],[-102.40966,22.94255],[-102.40471,22.94547],[-102.41109,22.94598],[-102.4137,22.94049],[-102.41705,22.95133],[-102.41822,22.94902],[-102.41614,22.94038],[-102.4189,22.93976],[-102.41838,22.93246],[-102.41263,22.93265],[-102.41493,22.9287],[-102.42612,22.92739],[-102.42253,22.92365],[-102.41419,22.92387],[-102.41382,22.9259],[-102.41343,22.92605],[-102.41337,22.92655]]],[[[-102.43207,22.91645],[-102.42819,22.91385],[-102.42848,22.9188],[-102.43207,22.91645]]],[[[-102.43012,22.93322],[-102.42963,22.92824],[-102.42689,22.92876],[-102.43012,22.93322]]],[[[-102.37302,22.94426],[-102.37302,22.94421],[-102.37292,22.94425],[-102.37302,22.94426]]],[[[-102.31257,22.94566],[-102.31186,22.9351],[-102.30693,22.93549],[-102.30565,22.93895],[-102.31048,22.93855],[-102.3103,22.94213],[-102.30389,22.94071],[-102.30338,22.94633],[-102.31257,22.94566]]],[[[-102.29574,22.96701],[-102.29503,22.96943],[-102.30138,22.96899],[-102.30154,22.96665],[-102.29574,22.96701]]],[[[-102.28424,22.87533],[-102.2837,22.87427],[-102.28251,22.87889],[-102.28628,22.8793],[-102.28431,22.87548],[-102.28424,22.87533]]],[[[-102.28253,22.87186],[-102.2821,22.87096],[-102.2795,22.86677],[-102.27728,22.87419],[-102.2832,22.87323],[-102.28253,22.87186]]],[[[-102.26102,22.86436],[-102.26689,22.8643],[-102.26709,22.85475],[-102.26106,22.85456],[-102.26102,22.86436]]],[[[-102.43468,22.74842],[-102.44551,22.74723],[-102.45234,22.75092],[-102.45412,22.74797],[-102.45205,22.74379],[-102.44448,22.74349],[-102.43913,22.73889],[-102.43488,22.74419],[-102.43468,22.74842]]],[[[-102.48466,22.74856],[-102.48759,22.74897],[-102.48477,22.73956],[-102.4781,22.73664],[-102.4685,22.73685],[-102.46631,22.74303],[-102.46991,22.74548],[-102.4776,22.7429],[-102.48224,22.74294],[-102.48174,22.74838],[-102.48466,22.74856]]],[[[-102.4893,22.74818],[-102.49147,22.74963],[-102.49325,22.74436],[-102.49023,22.74263],[-102.4893,22.74818]]],[[[-102.5291,22.65406],[-102.53167,22.65253],[-102.53553,22.64514],[-102.53219,22.64598],[-102.5317,22.65026],[-102.5278,22.65021],[-102.52816,22.64678],[-102.5227,22.64639],[-102.51889,22.65137],[-102.5291,22.65406]]],[[[-102.52804,22.64402],[-102.52929,22.64626],[-102.53506,22.64238],[-102.53099,22.6384],[-102.52635,22.64253],[-102.52804,22.64402]]],[[[-102.48266,22.63203],[-102.4816,22.62555],[-102.47764,22.6245],[-102.48266,22.63203]]],[[[-102.55625,22.56673],[-102.55282,22.56994],[-102.5592,22.57006],[-102.55625,22.56673]]],[[[-102.54565,22.56543],[-102.54983,22.56108],[-102.54579,22.56186],[-102.54565,22.56543]]],[[[-102.02171,22.70259],[-102.01763,22.70001],[-102.01972,22.69583],[-102.00745,22.69113],[-102.00618,22.69502],[-102.01473,22.70136],[-102.02171,22.70259]]],[[[-102.16554,22.67103],[-102.16274,22.67353],[-102.15914,22.67986],[-102.16052,22.68692],[-102.16343,22.6889],[-102.16598,22.68947],[-102.16087,22.67882],[-102.16806,22.67487],[-102.16554,22.67103]]],[[[-102.07693,22.65405],[-102.08126,22.65231],[-102.08408,22.64496],[-102.08232,22.64147],[-102.06794,22.63591],[-102.06552,22.64043],[-102.06275,22.64085],[-102.05842,22.65077],[-102.06765,22.65389],[-102.06886,22.65108],[-102.07693,22.65405]]],[[[-102.07451,22.61522],[-102.07026,22.6238],[-102.07945,22.62672],[-102.08049,22.62414],[-102.07907,22.61463],[-102.07451,22.61522]]],[[[-102.08481,22.62416],[-102.08926,22.62574],[-102.08415,22.61596],[-102.08128,22.62278],[-102.08481,22.62416]]],[[[-102.1002,22.61015],[-102.10438,22.61271],[-102.10618,22.60505],[-102.10411,22.60418],[-102.1002,22.61015]]],[[[-102.08527,22.60295],[-102.08887,22.60725],[-102.09081,22.60588],[-102.0871,22.6017],[-102.08527,22.60295]]],[[[-102.10158,22.5868],[-102.10106,22.59123],[-102.10492,22.58311],[-102.10158,22.5868]]],[[[-102.09152,22.58577],[-102.09156,22.57912],[-102.08521,22.58241],[-102.09152,22.58577]]],[[[-103.23905,24.05224],[-103.23894,24.05649],[-103.2427,24.05646],[-103.24269,24.05225],[-103.23905,24.05224]]],[[[-102.69508,23.00412],[-102.69356,23.00496],[-102.69853,23.01396],[-102.70311,23.00461],[-102.70691,23.00666],[-102.70178,22.99979],[-102.70538,22.99973],[-102.70289,22.99639],[-102.6995,23.00041],[-102.70032,23.00704],[-102.6967,23.00848],[-102.69508,23.00412]]],[[[-102.69256,22.99484],[-102.68954,22.99671],[-102.6898,22.99711],[-102.69041,22.99806],[-102.69508,23.00412],[-102.69733,23.00243],[-102.69256,22.99484]]],[[[-102.72431,23.03993],[-102.72824,23.03846],[-102.7302,23.03069],[-102.72665,23.03049],[-102.72662,23.03664],[-102.72431,23.03993]]],[[[-102.71895,23.03245],[-102.72177,23.03503],[-102.72182,23.02882],[-102.71951,23.02821],[-102.71895,23.03245]]],[[[-102.74726,23.02665],[-102.75637,23.02696],[-102.75654,23.02382],[-102.75016,23.02649],[-102.75034,23.02216],[-102.74742,23.02213],[-102.74726,23.02665]]],[[[-102.70984,23.02619],[-102.71318,23.02292],[-102.7102,23.01424],[-102.7072,23.01531],[-102.70984,23.02619]]],[[[-102.73134,23.0215],[-102.73981,23.02033],[-102.75095,23.01108],[-102.74738,23.01087],[-102.74657,23.0066],[-102.7412,23.0051],[-102.73325,23.01509],[-102.73134,23.0215]]],[[[-102.72568,23.00712],[-102.728,23.01073],[-102.73063,23.00757],[-102.72568,23.00712]]],[[[-102.78958,23.01356],[-102.79261,23.01257],[-102.79287,23.0082],[-102.78958,23.01356]]],[[[-102.76102,23.02058],[-102.76588,23.02084],[-102.76611,23.01664],[-102.77109,23.01688],[-102.77123,23.01419],[-102.76635,23.01385],[-102.76612,23.01647],[-102.76128,23.01625],[-102.76102,23.02058]]],[[[-102.75777,23.00062],[-102.76242,23.00088],[-102.76254,22.99629],[-102.75798,22.99607],[-102.75777,23.00062]]],[[[-102.71669,22.98599],[-102.71865,22.98409],[-102.7158,22.98073],[-102.71137,22.98227],[-102.71669,22.98599]]],[[[-102.7032,22.97857],[-102.70051,22.97954],[-102.70615,22.98398],[-102.7032,22.97857]]],[[[-102.71615,22.97969],[-102.71762,22.98272],[-102.7223,22.98079],[-102.72063,22.97726],[-102.71615,22.97969]]],[[[-102.8078,22.98152],[-102.80772,22.98417],[-102.81257,22.98414],[-102.81265,22.98143],[-102.8078,22.98152]]],[[[-102.7903,23.47943],[-102.78812,23.48831],[-102.79106,23.49302],[-102.79353,23.48777],[-102.79766,23.4838],[-102.7968,23.48056],[-102.79498,23.47366],[-102.79209,23.47254],[-102.7903,23.47943]]],[[[-102.78018,23.47947],[-102.7831,23.48365],[-102.78439,23.47836],[-102.78823,23.47892],[-102.78927,23.47545],[-102.78377,23.4734],[-102.78018,23.47947]]],[[[-102.65866,23.12598],[-102.65779,23.12656],[-102.66089,23.13401],[-102.66104,23.13576],[-102.66152,23.14127],[-102.66064,23.14254],[-102.65919,23.14699],[-102.66268,23.14715],[-102.66297,23.15691],[-102.66312,23.15754],[-102.66433,23.16464],[-102.66447,23.16595],[-102.66482,23.16922],[-102.66592,23.17208],[-102.66549,23.17737],[-102.66235,23.18498],[-102.66568,23.19104],[-102.66615,23.18412],[-102.6716,23.18327],[-102.67178,23.18016],[-102.68445,23.18007],[-102.68868,23.1812],[-102.68772,23.17342],[-102.69428,23.16909],[-102.69434,23.16633],[-102.69946,23.16655],[-102.69956,23.17085],[-102.71385,23.17061],[-102.71514,23.16548],[-102.70573,23.16354],[-102.70258,23.16073],[-102.70936,23.15689],[-102.71332,23.15245],[-102.71966,23.15473],[-102.72472,23.15317],[-102.72357,23.14036],[-102.72652,23.13614],[-102.72366,23.13119],[-102.71688,23.13014],[-102.71541,23.12742],[-102.71896,23.1234],[-102.71833,23.11652],[-102.7071,23.12239],[-102.70235,23.11946],[-102.68512,23.11766],[-102.67947,23.12176],[-102.67594,23.12944],[-102.66978,23.1298],[-102.66746,23.12604],[-102.65866,23.12598]]],[[[-102.73302,23.16681],[-102.73252,23.16204],[-102.72808,23.16177],[-102.72508,23.16513],[-102.73302,23.16681]]],[[[-102.82228,23.46657],[-102.83078,23.46531],[-102.83337,23.45059],[-102.81862,23.45067],[-102.80869,23.45459],[-102.81081,23.46109],[-102.82337,23.46022],[-102.82228,23.46657]]],[[[-102.83672,23.43185],[-102.83359,23.43371],[-102.8368,23.4367],[-102.83672,23.43185]]],[[[-102.98983,23.41449],[-102.99515,23.41755],[-103.00117,23.41768],[-103.0032,23.41574],[-102.98983,23.41449]]],[[[-102.99553,23.40464],[-103.00389,23.40674],[-103.00421,23.40314],[-102.99531,23.40281],[-102.99553,23.40464]]],[[[-103.02286,23.39555],[-103.0304,23.39924],[-103.03279,23.39491],[-103.02166,23.39332],[-103.02286,23.39555]]],[[[-103.00705,23.40294],[-103.01228,23.40702],[-103.01256,23.40125],[-103.01627,23.40129],[-103.0154,23.39751],[-102.99942,23.39705],[-102.99953,23.39903],[-103.00965,23.39926],[-103.00705,23.40294]]],[[[-102.62442,23.37254],[-102.62966,23.36749],[-102.62837,23.36423],[-102.62442,23.37254]]],[[[-102.74458,23.35912],[-102.74928,23.36218],[-102.75322,23.36089],[-102.75357,23.35446],[-102.74609,23.35318],[-102.74458,23.35912]]],[[[-102.99211,23.33042],[-102.99282,23.33664],[-102.99613,23.33656],[-102.99631,23.33208],[-102.99211,23.33042]]],[[[-102.92443,23.32556],[-102.92685,23.32213],[-102.92691,23.31693],[-102.92299,23.31621],[-102.92266,23.31241],[-102.91767,23.31209],[-102.91683,23.31671],[-102.90344,23.31607],[-102.90345,23.32514],[-102.92443,23.32556]]],[[[-103.06649,23.3557],[-103.06948,23.3529],[-103.07542,23.35399],[-103.08321,23.34378],[-103.08287,23.33901],[-103.05087,23.31791],[-103.0548,23.31349],[-103.07294,23.31837],[-103.08012,23.30661],[-103.06048,23.3008],[-103.04758,23.29272],[-103.04218,23.28801],[-103.04853,23.29018],[-103.05306,23.28628],[-103.0617,23.28986],[-103.0675,23.27905],[-103.06192,23.27855],[-103.05165,23.27395],[-103.05281,23.2706],[-103.04874,23.26942],[-103.04827,23.27288],[-103.04357,23.27828],[-103.04054,23.27622],[-103.03787,23.28189],[-103.04226,23.28491],[-103.03746,23.28449],[-103.0307,23.29684],[-103.02408,23.29535],[-103.01736,23.30803],[-103.01263,23.30772],[-103.00882,23.31228],[-103.01254,23.31797],[-103.02625,23.32543],[-103.02098,23.32457],[-103.02024,23.32909],[-103.02744,23.33389],[-103.04171,23.34181],[-103.04158,23.34266],[-103.05849,23.35182],[-103.05817,23.34691],[-103.06746,23.35179],[-103.06116,23.35222],[-103.06649,23.3557]]],[[[-103.05057,23.38121],[-103.05274,23.38224],[-103.05997,23.37583],[-103.06015,23.37259],[-103.05477,23.36686],[-103.05456,23.36122],[-103.06057,23.36267],[-103.06244,23.36014],[-103.05937,23.3578],[-103.05833,23.35292],[-103.03737,23.34214],[-103.03718,23.34589],[-103.03284,23.34469],[-103.03232,23.34925],[-103.02613,23.34591],[-103.02629,23.33812],[-103.02179,23.33743],[-103.01976,23.34021],[-103.01841,23.36051],[-103.02938,23.35741],[-103.03142,23.36211],[-103.03102,23.36711],[-103.03295,23.37171],[-103.03521,23.36934],[-103.04228,23.37272],[-103.04325,23.3681],[-103.04863,23.37478],[-103.05057,23.38121]]],[[[-103.01787,23.38757],[-103.00515,23.36462],[-102.9979,23.36247],[-102.99677,23.36783],[-103.00091,23.37411],[-103.0017,23.38377],[-103.00568,23.38434],[-103.00636,23.38044],[-103.01787,23.38757]]],[[[-102.99664,23.38517],[-102.99869,23.38141],[-102.99449,23.38144],[-102.99664,23.38517]]],[[[-102.99664,23.38517],[-102.9977,23.39318],[-103.00136,23.39321],[-103.00102,23.38618],[-102.99664,23.38517]]],[[[-102.98693,23.36207],[-102.98796,23.3653],[-102.98979,23.37399],[-102.98938,23.37947],[-102.98899,23.38467],[-102.98792,23.38894],[-102.99171,23.38967],[-102.99447,23.385],[-102.99148,23.38112],[-102.99779,23.37319],[-102.993,23.36698],[-102.9926,23.36161],[-102.98868,23.35818],[-102.98693,23.36207]]],[[[-103.00748,23.36699],[-103.01169,23.36944],[-103.01156,23.37503],[-103.01708,23.37626],[-103.01784,23.36863],[-103.00738,23.36516],[-103.00748,23.36699]]],[[[-103.01511,23.38151],[-103.01978,23.38307],[-103.01915,23.37944],[-103.01348,23.37845],[-103.01511,23.38151]]],[[[-103.09056,23.3592],[-103.09371,23.36121],[-103.09243,23.35652],[-103.09056,23.3592]]],[[[-102.9946,23.31594],[-102.99997,23.31985],[-102.99608,23.32047],[-102.99608,23.32049],[-102.99988,23.32517],[-103.00193,23.32128],[-103.00976,23.32002],[-103.0093,23.31643],[-103.00247,23.3071],[-102.99805,23.30749],[-102.99374,23.31504],[-102.9946,23.31594]]],[[[-102.98203,23.30116],[-102.97245,23.30237],[-102.96962,23.309],[-102.97271,23.31431],[-102.98015,23.31064],[-102.98372,23.31969],[-102.98572,23.32072],[-102.98916,23.32065],[-102.99212,23.31414],[-102.99326,23.30748],[-102.9852,23.30759],[-102.98502,23.30391],[-102.98203,23.30116]]],[[[-102.89447,23.30717],[-102.89824,23.30825],[-102.8981,23.30511],[-102.89432,23.30399],[-102.89447,23.30717]]],[[[-102.90609,23.29569],[-102.90643,23.30522],[-102.90951,23.30511],[-102.90856,23.29589],[-102.90609,23.29569]]],[[[-102.97094,23.299],[-102.98247,23.29875],[-102.98229,23.29696],[-102.98199,23.29669],[-102.98058,23.29543],[-102.97815,23.29326],[-102.96978,23.29642],[-102.97094,23.299]]],[[[-102.96896,23.28944],[-102.97056,23.28268],[-102.96515,23.28209],[-102.96574,23.28519],[-102.96896,23.28944]]],[[[-103.00323,23.28357],[-102.99603,23.28824],[-102.99498,23.29165],[-103.00428,23.2926],[-103.00828,23.28989],[-103.01113,23.28507],[-103.00874,23.28332],[-103.00557,23.28626],[-103.00323,23.28357]]],[[[-102.96621,23.2597],[-102.96536,23.27375],[-102.97174,23.27568],[-102.97344,23.26915],[-102.96621,23.2597]]],[[[-103.01951,23.2687],[-103.0205,23.26581],[-103.03034,23.25753],[-103.02938,23.25285],[-102.99994,23.23892],[-102.99618,23.24591],[-102.99052,23.24323],[-102.98493,23.24716],[-102.97766,23.24197],[-102.97583,23.24542],[-102.97081,23.2454],[-102.97436,23.25227],[-102.97946,23.25591],[-102.9802,23.25065],[-102.99103,23.25543],[-102.99222,23.25326],[-103.00414,23.26102],[-103.01951,23.2687]]],[[[-103.00357,23.27246],[-103.00584,23.27142],[-102.9991,23.2651],[-102.99844,23.26901],[-103.00357,23.27246]]],[[[-103.02691,23.26458],[-103.03015,23.26968],[-103.03803,23.25975],[-103.03089,23.26413],[-103.02691,23.26458]]],[[[-103.07429,23.25932],[-103.07908,23.26242],[-103.08146,23.26065],[-103.07601,23.25736],[-103.07429,23.25932]]],[[[-102.97754,23.25924],[-102.97443,23.26142],[-102.97679,23.26407],[-102.97964,23.26187],[-102.97754,23.25924]]],[[[-103.00179,23.23683],[-103.00627,23.24098],[-103.01255,23.22617],[-103.0173,23.22455],[-103.01524,23.22046],[-103.00913,23.21668],[-103.00568,23.22485],[-102.99924,23.22871],[-102.99276,23.2286],[-102.99078,23.23424],[-103.00162,23.23482],[-103.00179,23.23683]]],[[[-103.05333,23.22551],[-103.05496,23.22225],[-103.05172,23.21961],[-103.05144,23.21435],[-103.05412,23.20821],[-103.04959,23.20687],[-103.0441,23.20208],[-103.04064,23.20931],[-103.03123,23.21153],[-103.03163,23.21333],[-103.04095,23.21903],[-103.0395,23.22293],[-103.04467,23.22535],[-103.04682,23.22159],[-103.05333,23.22551]]],[[[-103.02289,23.20227],[-103.02641,23.20348],[-103.02504,23.20752],[-103.02927,23.20961],[-103.03393,23.19845],[-103.02869,23.19669],[-103.02748,23.20037],[-103.02404,23.19902],[-103.02289,23.20227]]],[[[-103.00645,23.20092],[-103.00838,23.20665],[-103.01196,23.20863],[-103.01709,23.20317],[-103.00556,23.19507],[-103.00645,23.20092]]],[[[-102.70021,23.18015],[-102.70007,23.18462],[-102.72012,23.18452],[-102.71969,23.18001],[-102.71366,23.17994],[-102.71104,23.17563],[-102.70314,23.17499],[-102.70021,23.18015]]],[[[-103.07443,23.16867],[-103.07494,23.17117],[-103.08002,23.17061],[-103.08373,23.16662],[-103.08154,23.16135],[-103.0775,23.16293],[-103.075,23.15608],[-103.07306,23.159],[-103.07518,23.16552],[-103.07443,23.16867]]],[[[-103.17615,23.15043],[-103.17275,23.14811],[-103.15914,23.14592],[-103.15924,23.14819],[-103.15122,23.14748],[-103.14566,23.15072],[-103.14677,23.14646],[-103.13418,23.15205],[-103.13592,23.15913],[-103.13447,23.16296],[-103.12974,23.16256],[-103.13232,23.1589],[-103.13062,23.15486],[-103.1236,23.15794],[-103.12226,23.16329],[-103.11907,23.16033],[-103.11654,23.16333],[-103.12038,23.16448],[-103.12074,23.16802],[-103.12952,23.16842],[-103.12938,23.17216],[-103.12467,23.17286],[-103.12335,23.17758],[-103.12737,23.17669],[-103.13088,23.1721],[-103.13107,23.1684],[-103.13801,23.16661],[-103.13977,23.17207],[-103.14159,23.17124],[-103.14351,23.16275],[-103.1538,23.16275],[-103.15845,23.1599],[-103.16019,23.15463],[-103.16407,23.15272],[-103.1709,23.15485],[-103.17671,23.15481],[-103.17616,23.15046],[-103.17615,23.15043]]],[[[-103.18958,23.15618],[-103.1808,23.16027],[-103.18617,23.16016],[-103.18761,23.16484],[-103.19645,23.16353],[-103.1904,23.15616],[-103.18958,23.15618]]],[[[-103.19863,23.16603],[-103.20364,23.16649],[-103.20297,23.16238],[-103.19956,23.16246],[-103.19863,23.16603]]],[[[-103.07769,23.20486],[-103.08529,23.21007],[-103.09084,23.21096],[-103.09382,23.21383],[-103.09887,23.20936],[-103.09737,23.20283],[-103.10189,23.19856],[-103.10098,23.19352],[-103.09763,23.19348],[-103.09206,23.1704],[-103.08098,23.17164],[-103.08214,23.17665],[-103.07334,23.17786],[-103.07371,23.19218],[-103.07551,23.19579],[-103.07415,23.20121],[-103.07769,23.20486]]],[[[-102.92667,23.17806],[-102.92866,23.17469],[-102.92304,23.17427],[-102.92667,23.17806]]],[[[-103.05883,23.17301],[-103.06083,23.17693],[-103.06602,23.17604],[-103.0661,23.1723],[-103.05883,23.17301]]],[[[-103.05519,23.18592],[-103.05351,23.1896],[-103.06408,23.19577],[-103.06657,23.19246],[-103.06174,23.18544],[-103.05519,23.18592]]],[[[-103.14245,23.17478],[-103.14038,23.17566],[-103.14178,23.18083],[-103.14638,23.17573],[-103.14245,23.17478]]],[[[-103.07138,23.22495],[-103.07552,23.22622],[-103.07914,23.22057],[-103.08815,23.21611],[-103.08944,23.21391],[-103.08256,23.20945],[-103.07769,23.21511],[-103.06917,23.21163],[-103.07195,23.20823],[-103.06569,23.20553],[-103.06393,23.21044],[-103.06081,23.20982],[-103.05905,23.21451],[-103.06696,23.21777],[-103.06552,23.22355],[-103.07138,23.22495]]],[[[-103.1039,23.21339],[-103.10328,23.2167],[-103.11054,23.21437],[-103.1039,23.21339]]],[[[-103.05935,23.23217],[-103.05612,23.23716],[-103.06324,23.24136],[-103.06797,23.23759],[-103.06893,23.23095],[-103.06347,23.22684],[-103.05935,23.23217]]],[[[-103.08335,23.23966],[-103.08763,23.24209],[-103.08874,23.23979],[-103.08493,23.23702],[-103.08335,23.23966]]],[[[-103.06946,23.24255],[-103.07492,23.2456],[-103.07612,23.24292],[-103.0708,23.23998],[-103.06946,23.24255]]],[[[-103.03867,23.24571],[-103.04267,23.2485],[-103.04593,23.24439],[-103.04183,23.24079],[-103.03867,23.24571]]],[[[-103.07189,23.25196],[-103.07222,23.24768],[-103.06899,23.24621],[-103.06643,23.24989],[-103.07189,23.25196]]],[[[-103.02829,23.2452],[-103.03548,23.25051],[-103.03681,23.24753],[-103.0296,23.24332],[-103.02829,23.2452]]],[[[-103.16139,23.15772],[-103.158,23.1625],[-103.1652,23.16612],[-103.16776,23.15777],[-103.16139,23.15772]]],[[[-103.09322,23.16455],[-103.09098,23.1682],[-103.09665,23.16587],[-103.09322,23.16455]]],[[[-103.11504,23.15615],[-103.11659,23.15462],[-103.11459,23.14892],[-103.11145,23.15171],[-103.11504,23.15615]]],[[[-103.13409,23.15169],[-103.14691,23.14578],[-103.14792,23.14074],[-103.14439,23.13846],[-103.14444,23.13514],[-103.12752,23.13447],[-103.12322,23.14047],[-103.11699,23.13974],[-103.11755,23.14411],[-103.131,23.14],[-103.13409,23.15169]]],[[[-103.17295,23.13946],[-103.17909,23.13837],[-103.17877,23.13486],[-103.17466,23.13547],[-103.17326,23.13127],[-103.16745,23.13079],[-103.16293,23.13435],[-103.17295,23.13946]]],[[[-103.12096,23.12929],[-103.12623,23.13171],[-103.12388,23.12476],[-103.11387,23.12709],[-103.11457,23.12987],[-103.12096,23.12929]]],[[[-103.18512,23.13308],[-103.19062,23.13261],[-103.19146,23.12835],[-103.18666,23.1232],[-103.17646,23.12364],[-103.17723,23.13098],[-103.18512,23.13308]]],[[[-103.12069,23.11637],[-103.12247,23.12409],[-103.12607,23.12343],[-103.12385,23.11553],[-103.12069,23.11637]]],[[[-103.18064,23.12032],[-103.18483,23.12207],[-103.18857,23.11518],[-103.18002,23.11444],[-103.18273,23.11673],[-103.18064,23.12032]]],[[[-103.08715,23.29477],[-103.10729,23.30062],[-103.11113,23.29399],[-103.10818,23.29048],[-103.10846,23.28695],[-103.10436,23.29198],[-103.09306,23.28871],[-103.09761,23.28227],[-103.09546,23.28134],[-103.08715,23.29477]]],[[[-103.18969,23.09784],[-103.18401,23.09795],[-103.18358,23.09526],[-103.18068,23.09868],[-103.18919,23.10133],[-103.18969,23.09784]]],[[[-103.16338,23.09696],[-103.16097,23.10635],[-103.17079,23.10767],[-103.1719,23.09714],[-103.17428,23.09602],[-103.17032,23.08812],[-103.17409,23.07882],[-103.16524,23.0763],[-103.15982,23.07994],[-103.14877,23.07834],[-103.14829,23.08225],[-103.15492,23.0834],[-103.158,23.08668],[-103.16484,23.08526],[-103.16067,23.08963],[-103.15979,23.09569],[-103.16338,23.09696]]],[[[-103.90373,23.59866],[-103.90199,23.5947],[-103.90178,23.59452],[-103.90171,23.59446],[-103.90099,23.59385],[-103.89878,23.59199],[-103.89777,23.59114],[-103.89747,23.5909],[-103.89747,23.59089],[-103.89748,23.59082],[-103.89748,23.59081],[-103.89503,23.58767],[-103.89439,23.5874],[-103.89269,23.58488],[-103.89554,23.5917],[-103.90373,23.59866]]],[[[-103.90492,23.6031],[-103.90687,23.60187],[-103.89603,23.59252],[-103.89904,23.5997],[-103.90492,23.6031]]],[[[-103.86178,23.58644],[-103.86562,23.58334],[-103.87683,23.58407],[-103.88425,23.58135],[-103.8877,23.58283],[-103.89057,23.58075],[-103.88655,23.578],[-103.87767,23.57647],[-103.86092,23.57902],[-103.86178,23.58644]]],[[[-102.32786,22.4293],[-102.32268,22.42986],[-102.32129,22.43331],[-102.32676,22.43179],[-102.32786,22.4293]]],[[[-102.35455,22.41226],[-102.34774,22.42022],[-102.34093,22.42594],[-102.33617,22.42584],[-102.32939,22.42877],[-102.33161,22.42909],[-102.32745,22.43463],[-102.34414,22.43907],[-102.34935,22.43792],[-102.35103,22.43207],[-102.35319,22.4333],[-102.357,22.42868],[-102.35379,22.4175],[-102.35455,22.41226]]],[[[-102.31077,22.5237],[-102.31409,22.52123],[-102.31644,22.52845],[-102.32164,22.52878],[-102.32359,22.5231],[-102.32339,22.51353],[-102.32526,22.50975],[-102.31875,22.50882],[-102.3171,22.51063],[-102.31594,22.50397],[-102.30727,22.50316],[-102.30572,22.51966],[-102.29599,22.51993],[-102.29585,22.52446],[-102.31077,22.5237]]],[[[-102.34606,22.45271],[-102.34199,22.45356],[-102.34558,22.45957],[-102.33976,22.45949],[-102.3433,22.45704],[-102.33924,22.45559],[-102.33954,22.45252],[-102.32371,22.45826],[-102.31921,22.46372],[-102.32258,22.46882],[-102.32769,22.46766],[-102.32849,22.47149],[-102.33603,22.47754],[-102.34407,22.47917],[-102.34717,22.47188],[-102.34649,22.46525],[-102.34937,22.46386],[-102.34629,22.45305],[-102.34606,22.45271]]],[[[-101.34228,24.40707],[-101.3351,24.4084],[-101.33232,24.40024],[-101.3331,24.40949],[-101.34252,24.40953],[-101.34228,24.40707]]],[[[-101.35707,24.39093],[-101.35228,24.39364],[-101.35074,24.40043],[-101.35831,24.40188],[-101.35879,24.39413],[-101.35707,24.39093]]],[[[-102.75882,23.51563],[-102.75833,23.51776],[-102.76745,23.51858],[-102.76848,23.51509],[-102.75991,23.51398],[-102.75882,23.51563]]],[[[-102.64474,23.00635],[-102.64835,23.00835],[-102.64646,23.00145],[-102.64474,23.00635]]],[[[-102.67545,23.01725],[-102.67814,23.01141],[-102.67632,23.01025],[-102.6688,23.01439],[-102.6678,23.01293],[-102.65453,23.02033],[-102.65681,23.02288],[-102.6576,23.02287],[-102.65734,23.02063],[-102.66914,23.02082],[-102.67545,23.01725]]],[[[-102.65693,23.00833],[-102.65812,23.01014],[-102.65339,23.01287],[-102.656,23.01657],[-102.66126,23.01373],[-102.65858,23.00985],[-102.66772,23.00315],[-102.66649,23.00091],[-102.65791,23.00575],[-102.65693,23.00833]]],[[[-102.63959,22.98149],[-102.64142,22.98139],[-102.64106,22.9892],[-102.64426,22.98926],[-102.64362,22.99718],[-102.64501,23.00063],[-102.64809,22.99782],[-102.64892,22.97748],[-102.6551,22.97433],[-102.65007,22.9745],[-102.64331,22.97857],[-102.64349,22.96941],[-102.63958,22.96887],[-102.63981,22.97785],[-102.63959,22.98149]]],[[[-102.6803,22.97396],[-102.68699,22.96479],[-102.68597,22.96172],[-102.68025,22.96716],[-102.6803,22.97396]]],[[[-102.6721,22.95139],[-102.67177,22.95608],[-102.67469,22.9519],[-102.6721,22.95139]]],[[[-102.6721,22.95139],[-102.67885,22.94629],[-102.67729,22.94273],[-102.67156,22.94469],[-102.6721,22.95139]]],[[[-102.65502,22.94653],[-102.65337,22.95058],[-102.65697,22.94881],[-102.65502,22.94653]]],[[[-102.77057,22.94279],[-102.78304,22.94272],[-102.78535,22.93845],[-102.77837,22.93818],[-102.77822,22.94047],[-102.77069,22.9403],[-102.77057,22.94279]]],[[[-102.66874,22.93121],[-102.67109,22.93691],[-102.67223,22.93095],[-102.66874,22.93121]]],[[[-102.71949,22.96569],[-102.71842,22.96897],[-102.72254,22.96746],[-102.71949,22.96569]]],[[[-102.68425,22.97999],[-102.68896,22.98064],[-102.69398,22.97759],[-102.68738,22.97302],[-102.68425,22.97999]]],[[[-102.672,22.98862],[-102.67546,22.98663],[-102.67281,22.98275],[-102.67726,22.98199],[-102.67557,22.9795],[-102.6681,22.98358],[-102.672,22.98862]]],[[[-102.6804,22.99443],[-102.68369,22.99254],[-102.68118,22.9887],[-102.6777,22.99072],[-102.6804,22.99443]]],[[[-102.68884,22.98388],[-102.69152,22.98876],[-102.69408,22.98787],[-102.69392,22.98326],[-102.68884,22.98388]]],[[[-102.7946,22.92391],[-102.79853,22.92408],[-102.79815,22.92985],[-102.80214,22.92965],[-102.80261,22.92092],[-102.80053,22.92313],[-102.7946,22.92391]]],[[[-102.72965,22.91578],[-102.73427,22.91615],[-102.73564,22.90946],[-102.73089,22.90909],[-102.72965,22.91578]]],[[[-102.71062,22.91168],[-102.71537,22.91217],[-102.7162,22.90834],[-102.71138,22.90792],[-102.71062,22.91168]]],[[[-102.69627,22.91131],[-102.70391,22.91035],[-102.69959,22.9069],[-102.70133,22.89796],[-102.69623,22.89833],[-102.69727,22.90207],[-102.69627,22.91131]]],[[[-102.73431,22.89574],[-102.73325,22.90096],[-102.73737,22.90128],[-102.73593,22.895],[-102.73431,22.89574]]],[[[-102.74443,22.90043],[-102.74765,22.89355],[-102.74659,22.89187],[-102.74443,22.90043]]],[[[-102.72331,22.89099],[-102.72642,22.8858],[-102.72415,22.88544],[-102.72331,22.89099]]],[[[-102.80687,22.91423],[-102.81068,22.91658],[-102.81082,22.91205],[-102.80687,22.91423]]],[[[-102.65291,21.4115],[-102.65265,21.41339],[-102.6527,21.41363],[-102.65271,21.41363],[-102.65565,21.41831],[-102.65626,21.41911],[-102.65627,21.41913],[-102.65637,21.4193],[-102.65638,21.41931],[-102.65666,21.42166],[-102.65752,21.42221],[-102.65576,21.42391],[-102.65564,21.42379],[-102.65547,21.42363],[-102.65529,21.42246],[-102.6552,21.42227],[-102.65463,21.42199],[-102.65391,21.42153],[-102.65389,21.42152],[-102.65355,21.42156],[-102.65459,21.42611],[-102.65396,21.42636],[-102.65364,21.42617],[-102.65286,21.42586],[-102.65241,21.42773],[-102.65242,21.42774],[-102.65277,21.42825],[-102.65298,21.42856],[-102.65228,21.4314],[-102.65247,21.43215],[-102.65594,21.43266],[-102.65636,21.43802],[-102.65398,21.43634],[-102.65373,21.43634],[-102.65372,21.43634],[-102.65353,21.43627],[-102.65274,21.43722],[-102.65424,21.43727],[-102.65467,21.43761],[-102.65436,21.44126],[-102.6508,21.44111],[-102.65139,21.44344],[-102.65247,21.44681],[-102.65172,21.44724],[-102.65131,21.44867],[-102.65125,21.44867],[-102.65073,21.44867],[-102.64641,21.44873],[-102.64603,21.45105],[-102.64943,21.45552],[-102.64766,21.45876],[-102.64803,21.46248],[-102.64824,21.46268],[-102.64827,21.46275],[-102.64896,21.46691],[-102.65108,21.46845],[-102.65136,21.46867],[-102.65056,21.46928],[-102.65487,21.4707],[-102.66553,21.46507],[-102.65734,21.46048],[-102.66424,21.46203],[-102.66889,21.46888],[-102.67194,21.46343],[-102.66378,21.4537],[-102.65892,21.43815],[-102.66245,21.44288],[-102.66902,21.44364],[-102.67072,21.43892],[-102.66114,21.43863],[-102.66722,21.43734],[-102.66757,21.43422],[-102.66079,21.43411],[-102.66749,21.43171],[-102.66658,21.42522],[-102.65834,21.42399],[-102.65596,21.41657],[-102.66098,21.41238],[-102.65407,21.41335],[-102.65291,21.4115]]],[[[-102.64763,21.39536],[-102.64751,21.3967],[-102.64769,21.39711],[-102.64864,21.39767],[-102.64763,21.39536]]],[[[-102.6792,21.45365],[-102.6751,21.45038],[-102.68039,21.45076],[-102.67868,21.44619],[-102.68031,21.44269],[-102.67374,21.44565],[-102.66888,21.44373],[-102.66175,21.44335],[-102.66814,21.44782],[-102.6756,21.44859],[-102.67198,21.45019],[-102.6792,21.45365]]],[[[-102.66481,21.45239],[-102.66945,21.45204],[-102.66605,21.44806],[-102.66286,21.4478],[-102.66481,21.45239]]],[[[-102.6842,21.35057],[-102.68466,21.34969],[-102.68484,21.34934],[-102.6851,21.34887],[-102.6856,21.34568],[-102.68208,21.33952],[-102.67954,21.34372],[-102.68297,21.34535],[-102.67814,21.35383],[-102.68404,21.35207],[-102.6842,21.35057]]],[[[-102.3771,22.95369],[-102.37719,22.95337],[-102.37639,22.9536],[-102.3771,22.95369]]],[[[-103.50375,24.29475],[-103.50329,24.29626],[-103.50422,24.29475],[-103.50375,24.29475]]]]},"properties":{"POTENCIAL":"ALTO"}},
{"type":"Feature","geometry":{"type":"MultiPolygon","coordinates":[[[[-103.4576,21.50026],[-103.45921,21.50081],[-103.45984,21.50104],[-103.4666,21.49706],[-103.46322,21.49658],[-103.46481,21.49299],[-103.47008,21.49205],[-103.46611,21.48402],[-103.47028,21.48176],[-103.4763,21.48148],[-103.47571,21.48113],[-103.47456,21.48045],[-103.46964,21.47585],[-103.46923,21.47485],[-103.4696,21.47151],[-103.46789,21.47546],[-103.46108,21.48035],[-103.46171,21.48645],[-103.45745,21.48614],[-103.45555,21.48171],[-103.4582,21.47703],[-103.46486,21.47523],[-103.46564,21.47074],[-103.463,21.46866],[-103.45961,21.4709],[-103.45742,21.46818],[-103.45208,21.47273],[-103.45502,21.47854],[-103.45002,21.48378],[-103.44587,21.48268],[-103.44109,21.48623],[-103.44196,21.4895],[-103.44657,21.49194],[-103.44939,21.48567],[-103.45365,21.48638],[-103.455,21.48941],[-103.45139,21.49341],[-103.45053,21.49784],[-103.453,21.50395],[-103.45748,21.50338],[-103.4576,21.50026]]],[[[-103.38719,21.5254],[-103.39161,21.52539],[-103.3973,21.52136],[-103.39887,21.51763],[-103.40638,21.52015],[-103.39934,21.51042],[-103.40448,21.51193],[-103.40389,21.50944],[-103.40986,21.50722],[-103.4143,21.50964],[-103.41419,21.5122],[-103.40954,21.51538],[-103.40838,21.52082],[-103.41176,21.5255],[-103.4174,21.52382],[-103.41894,21.52105],[-103.42392,21.52362],[-103.43106,21.52072],[-103.43021,21.51773],[-103.42094,21.50753],[-103.41258,21.5056],[-103.40174,21.50555],[-103.40244,21.49987],[-103.39909,21.50374],[-103.39746,21.50686],[-103.39128,21.50914],[-103.39032,21.51143],[-103.39492,21.51606],[-103.38914,21.51793],[-103.39126,21.51922],[-103.38719,21.5254]]],[[[-103.45046,21.51917],[-103.45455,21.51758],[-103.45375,21.51015],[-103.44734,21.5076],[-103.45046,21.51917]]],[[[-103.45702,21.53712],[-103.46087,21.53708],[-103.46001,21.53136],[-103.46385,21.52381],[-103.45891,21.52404],[-103.46089,21.51172],[-103.45344,21.52297],[-103.44813,21.52353],[-103.45552,21.52653],[-103.45866,21.5319],[-103.45702,21.53712]]],[[[-103.38143,21.52226],[-103.38176,21.52257],[-103.38181,21.52261],[-103.38103,21.52109],[-103.38143,21.52226]]],[[[-103.38099,21.52021],[-103.38628,21.51827],[-103.38639,21.51573],[-103.38085,21.51666],[-103.38099,21.52021]]],[[[-103.45397,21.55126],[-103.45602,21.55513],[-103.45739,21.55003],[-103.45397,21.55126]]],[[[-102.22626,22.8158],[-102.22396,22.81388],[-102.22367,22.81479],[-102.22626,22.8158]]],[[[-102.30983,22.69036],[-102.29809,22.67405],[-102.28598,22.6734],[-102.27906,22.67862],[-102.28376,22.68268],[-102.2871,22.68229],[-102.28435,22.67812],[-102.29166,22.67892],[-102.30008,22.69021],[-102.30618,22.69309],[-102.31136,22.69279],[-102.30983,22.69036]]],[[[-102.28266,22.82095],[-102.28544,22.82357],[-102.28744,22.81995],[-102.29065,22.81928],[-102.29265,22.81886],[-102.29269,22.80886],[-102.29038,22.80515],[-102.29052,22.79774],[-102.29291,22.79331],[-102.2893,22.78976],[-102.28398,22.793],[-102.28437,22.80538],[-102.27715,22.80345],[-102.27392,22.8071],[-102.27443,22.81281],[-102.27709,22.80966],[-102.28455,22.80991],[-102.27711,22.81324],[-102.28218,22.81595],[-102.28266,22.82095]]],[[[-102.25985,22.82573],[-102.26222,22.82523],[-102.26238,22.82136],[-102.25518,22.81917],[-102.25985,22.82573]]],[[[-102.26226,22.81191],[-102.26521,22.80705],[-102.27103,22.80881],[-102.27323,22.80144],[-102.268,22.79874],[-102.26377,22.79881],[-102.25809,22.80907],[-102.26226,22.81191]]],[[[-102.27374,22.79169],[-102.273,22.79651],[-102.27651,22.7982],[-102.28087,22.79488],[-102.27944,22.78477],[-102.28049,22.77939],[-102.2783,22.77877],[-102.27374,22.79169]]],[[[-102.30229,22.79832],[-102.30757,22.79398],[-102.30041,22.79387],[-102.30229,22.79832]]],[[[-102.30118,22.80566],[-102.30728,22.80747],[-102.30747,22.80337],[-102.30331,22.80324],[-102.30126,22.8],[-102.30118,22.80566]]],[[[-102.29293,22.80938],[-102.29872,22.81042],[-102.2988,22.80652],[-102.29295,22.80655],[-102.29293,22.80938]]],[[[-102.28392,22.74701],[-102.27921,22.75787],[-102.28389,22.75758],[-102.28392,22.74701]]],[[[-102.32236,22.73594],[-102.32024,22.74011],[-102.32344,22.74062],[-102.32759,22.73293],[-102.32431,22.73205],[-102.32236,22.73594]]],[[[-102.3081,22.72627],[-102.30823,22.72723],[-102.32824,22.73259],[-102.3317,22.72662],[-102.32307,22.72429],[-102.32558,22.72023],[-102.3037,22.71639],[-102.2994,22.71695],[-102.29313,22.71436],[-102.29094,22.717],[-102.29227,22.72251],[-102.30388,22.72611],[-102.3081,22.72627]]],[[[-102.31529,22.71779],[-102.32611,22.71871],[-102.32574,22.71317],[-102.31719,22.70101],[-102.30883,22.69906],[-102.30639,22.70274],[-102.30392,22.69612],[-102.3099,22.69476],[-102.29891,22.69078],[-102.30007,22.69664],[-102.28986,22.69793],[-102.29033,22.70722],[-102.28731,22.70794],[-102.28863,22.71301],[-102.31529,22.71779]]],[[[-102.3213,22.69593],[-102.32294,22.69867],[-102.31741,22.70049],[-102.32122,22.7059],[-102.3243,22.70372],[-102.32311,22.69867],[-102.32489,22.69799],[-102.3213,22.69593]]],[[[-102.33231,22.71201],[-102.3367,22.71847],[-102.34009,22.71738],[-102.34346,22.71148],[-102.33555,22.71414],[-102.33873,22.71125],[-102.33668,22.70842],[-102.33231,22.71201]]],[[[-102.30674,22.73867],[-102.31001,22.73912],[-102.30924,22.7335],[-102.30674,22.73867]]],[[[-102.62527,22.75176],[-102.62356,22.75136],[-102.62591,22.75326],[-102.63384,22.75225],[-102.62664,22.75209],[-102.62527,22.75176]]],[[[-102.80797,22.55446],[-102.80541,22.56355],[-102.81044,22.56471],[-102.81204,22.56163],[-102.80797,22.55446]]],[[[-102.85816,22.45013],[-102.86219,22.44024],[-102.86161,22.43476],[-102.85491,22.4337],[-102.84977,22.44456],[-102.85816,22.45013]]],[[[-102.84788,22.43133],[-102.84746,22.43236],[-102.84454,22.42893],[-102.84296,22.43158],[-102.84129,22.4344],[-102.84009,22.43481],[-102.83802,22.43892],[-102.83423,22.43881],[-102.82996,22.43263],[-102.82671,22.43969],[-102.82132,22.43931],[-102.81733,22.44591],[-102.81892,22.44674],[-102.82392,22.44398],[-102.83376,22.44213],[-102.84587,22.44762],[-102.84803,22.44706],[-102.8557,22.43088],[-102.84831,22.42739],[-102.84788,22.43133]]],[[[-102.83727,22.42803],[-102.83615,22.4249],[-102.83286,22.42209],[-102.83341,22.42639],[-102.83727,22.42803]]],[[[-102.83883,22.43445],[-102.83718,22.43238],[-102.83171,22.42856],[-102.82639,22.42982],[-102.8245,22.43633],[-102.83156,22.43064],[-102.83648,22.43518],[-102.83883,22.43445]]],[[[-102.86631,22.3967],[-102.8639,22.38855],[-102.86358,22.39765],[-102.86631,22.3967]]],[[[-102.90431,22.38203],[-102.90092,22.38052],[-102.89794,22.38255],[-102.90431,22.38203]]],[[[-102.86881,22.34944],[-102.85651,22.34793],[-102.85914,22.35071],[-102.86941,22.35232],[-102.86881,22.34944]]],[[[-102.89419,22.31422],[-102.89356,22.32159],[-102.89898,22.32208],[-102.89827,22.32507],[-102.89356,22.32672],[-102.89718,22.32599],[-102.90394,22.32178],[-102.90769,22.31404],[-102.89419,22.31422]]],[[[-102.87117,22.31584],[-102.87808,22.31598],[-102.88002,22.30923],[-102.87358,22.30681],[-102.86954,22.31022],[-102.86906,22.30569],[-102.86696,22.31093],[-102.86323,22.31271],[-102.8687,22.31579],[-102.87117,22.31584]]],[[[-102.87191,22.29648],[-102.86659,22.28884],[-102.86523,22.29079],[-102.87102,22.29964],[-102.87191,22.29648]]],[[[-102.88073,22.29095],[-102.8777,22.29785],[-102.88004,22.29812],[-102.88073,22.29095]]],[[[-102.88008,22.16395],[-102.88438,22.15848],[-102.87761,22.15361],[-102.8775,22.16204],[-102.88008,22.16395]]],[[[-102.88753,22.16272],[-102.89281,22.16344],[-102.88732,22.15986],[-102.88525,22.15578],[-102.88848,22.15361],[-102.88029,22.15119],[-102.87448,22.15096],[-102.87227,22.15382],[-102.87179,22.15993],[-102.87473,22.16154],[-102.87451,22.15241],[-102.87769,22.153],[-102.88316,22.15592],[-102.88753,22.16272]]],[[[-102.85837,22.15791],[-102.86681,22.15825],[-102.86537,22.15314],[-102.85515,22.15028],[-102.85535,22.15576],[-102.85837,22.15791]]],[[[-102.82569,22.10237],[-102.83502,22.09842],[-102.83549,22.09336],[-102.82512,22.09839],[-102.82569,22.10237]]],[[[-102.882,22.08937],[-102.87897,22.09386],[-102.88433,22.09149],[-102.882,22.08937]]],[[[-101.77859,22.29894],[-101.7891,22.29786],[-101.7889,22.29594],[-101.77985,22.29656],[-101.77497,22.29376],[-101.77303,22.29811],[-101.77859,22.29894]]],[[[-101.76752,22.32316],[-101.76538,22.32773],[-101.76538,22.32774],[-101.76097,22.34482],[-101.76022,22.34821],[-101.75988,22.35275],[-101.76171,22.35258],[-101.7621,22.35254],[-101.77655,22.35116],[-101.78073,22.34856],[-101.78109,22.35118],[-101.7815,22.35121],[-101.78477,22.3514],[-101.78673,22.35144],[-101.79125,22.35163],[-101.79338,22.35174],[-101.79568,22.35184],[-101.78997,22.35762],[-101.79569,22.36399],[-101.79953,22.3595],[-101.80254,22.35202],[-101.80762,22.35221],[-101.80799,22.35223],[-101.8093,22.34729],[-101.81236,22.3452],[-101.82035,22.35145],[-101.81928,22.34101],[-101.81726,22.33804],[-101.8209,22.3351],[-101.81935,22.33085],[-101.82502,22.3281],[-101.82793,22.33067],[-101.83703,22.31872],[-101.84647,22.30287],[-101.84414,22.30271],[-101.84913,22.29776],[-101.85287,22.29287],[-101.85763,22.2919],[-101.86002,22.28797],[-101.86612,22.28939],[-101.8726,22.28773],[-101.87461,22.2823],[-101.86979,22.28052],[-101.87182,22.27608],[-101.86862,22.2731],[-101.87028,22.26726],[-101.87322,22.26601],[-101.87158,22.26277],[-101.87528,22.2591],[-101.86607,22.26364],[-101.866,22.26757],[-101.86123,22.27323],[-101.85326,22.27917],[-101.85157,22.27449],[-101.84776,22.27495],[-101.8445,22.28272],[-101.8492,22.2956],[-101.8389,22.29645],[-101.84135,22.27733],[-101.83503,22.27509],[-101.83273,22.26791],[-101.83696,22.26645],[-101.83458,22.2608],[-101.83616,22.25743],[-101.83519,22.25155],[-101.83252,22.25075],[-101.83017,22.24368],[-101.82077,22.25024],[-101.8189,22.25336],[-101.81935,22.26863],[-101.82583,22.26962],[-101.82647,22.27653],[-101.82237,22.27908],[-101.81624,22.27509],[-101.8203,22.27088],[-101.80472,22.26626],[-101.80285,22.27195],[-101.81236,22.27695],[-101.80404,22.27845],[-101.79744,22.27455],[-101.79596,22.27667],[-101.7953,22.28055],[-101.79423,22.2871],[-101.79418,22.28741],[-101.7936,22.29107],[-101.79345,22.29207],[-101.79325,22.29374],[-101.79225,22.29938],[-101.78591,22.29979],[-101.7859,22.29979],[-101.77799,22.30032],[-101.76752,22.32316]],[[-101.78404,22.34209],[-101.77757,22.34051],[-101.78702,22.33907],[-101.78999,22.34138],[-101.78404,22.34209]],[[-101.81742,22.30598],[-101.81855,22.303],[-101.82435,22.3029],[-101.81742,22.30598]],[[-101.8611,22.28573],[-101.86436,22.27951],[-101.87042,22.28439],[-101.86462,22.28645],[-101.8611,22.28573]]],[[[-101.77177,22.45494],[-101.77634,22.45642],[-101.77734,22.45331],[-101.78311,22.45338],[-101.78465,22.44291],[-101.76174,22.4417],[-101.76502,22.44718],[-101.76412,22.45238],[-101.77177,22.45494]]],[[[-101.75073,22.39746],[-101.75495,22.39545],[-101.75658,22.38187],[-101.761,22.38384],[-101.76647,22.37852],[-101.73789,22.36735],[-101.73822,22.37348],[-101.74141,22.37624],[-101.74288,22.38655],[-101.74973,22.38998],[-101.75235,22.38955],[-101.75073,22.39746]]],[[[-101.72852,22.36456],[-101.72986,22.36719],[-101.73154,22.35694],[-101.71586,22.35524],[-101.71625,22.35856],[-101.72017,22.35955],[-101.71625,22.3639],[-101.7253,22.36631],[-101.72852,22.36456]]],[[[-101.71182,22.34859],[-101.71641,22.349],[-101.71778,22.3463],[-101.71632,22.33902],[-101.71182,22.34859]]],[[[-101.73507,22.32719],[-101.73436,22.3323],[-101.75432,22.33985],[-101.75388,22.3299],[-101.73625,22.32371],[-101.73507,22.32719]]],[[[-101.75598,22.3376],[-101.75789,22.33866],[-101.76062,22.33287],[-101.75944,22.32941],[-101.75598,22.3376]]],[[[-101.74218,22.31557],[-101.74344,22.32198],[-101.74657,22.31674],[-101.74218,22.31557]]],[[[-102.01936,22.44022],[-102.01979,22.4378],[-102.02459,22.43821],[-102.03204,22.43884],[-102.032,22.43657],[-102.03542,22.43542],[-102.03881,22.43465],[-102.04004,22.42712],[-102.04139,22.42277],[-102.03309,22.42176],[-102.03414,22.4161],[-102.03056,22.41054],[-102.03346,22.40687],[-102.02501,22.39824],[-102.00927,22.41375],[-102.00903,22.39421],[-101.99913,22.39392],[-101.99683,22.39521],[-101.99717,22.41428],[-101.99058,22.41448],[-101.98969,22.41752],[-102.00888,22.41732],[-102.00616,22.44092],[-102.01703,22.4409],[-102.01936,22.44022]]],[[[-101.95114,22.51655],[-101.95484,22.51617],[-101.95224,22.51324],[-101.95631,22.50639],[-101.95428,22.50297],[-101.95043,22.50408],[-101.94752,22.50047],[-101.93922,22.50353],[-101.94219,22.51144],[-101.9492,22.51309],[-101.95114,22.51655]]],[[[-101.92865,22.50585],[-101.92014,22.50974],[-101.92397,22.51165],[-101.92608,22.51264],[-101.93197,22.50868],[-101.93106,22.50625],[-101.92865,22.50585]]],[[[-101.95748,22.49195],[-101.9538,22.4962],[-101.95864,22.50138],[-101.96308,22.49863],[-101.95748,22.49195]]],[[[-101.97043,22.48548],[-101.97033,22.48932],[-101.97338,22.48945],[-101.97395,22.48399],[-101.97043,22.48548]]],[[[-101.86851,22.16716],[-101.87051,22.16614],[-101.87113,22.16325],[-101.87057,22.16244],[-101.86866,22.16474],[-101.86031,22.16885],[-101.85822,22.17015],[-101.86123,22.16928],[-101.86828,22.16723],[-101.86851,22.16716]]],[[[-101.90882,22.14618],[-101.91209,22.14862],[-101.91652,22.14655],[-101.91859,22.14259],[-101.92392,22.13884],[-101.93198,22.13838],[-101.93551,22.14272],[-101.93524,22.14843],[-101.93947,22.14983],[-101.93654,22.14552],[-101.93709,22.138],[-101.93456,22.13514],[-101.93647,22.13104],[-101.94035,22.13109],[-101.93758,22.12655],[-101.93511,22.12775],[-101.94251,22.11803],[-101.9371,22.11729],[-101.9332,22.12236],[-101.92364,22.12098],[-101.92165,22.11556],[-101.9231,22.11228],[-101.91808,22.11251],[-101.91812,22.1097],[-101.92406,22.10537],[-101.92805,22.10036],[-101.93382,22.09861],[-101.93607,22.0919],[-101.91761,22.09843],[-101.9163,22.10058],[-101.90954,22.10163],[-101.90286,22.09932],[-101.8869,22.10171],[-101.89448,22.10157],[-101.89051,22.10528],[-101.90021,22.11348],[-101.90469,22.11596],[-101.9074,22.11222],[-101.91182,22.11135],[-101.91005,22.11557],[-101.90321,22.11835],[-101.89575,22.13505],[-101.88726,22.14315],[-101.88568,22.14071],[-101.8778,22.1408],[-101.88302,22.14589],[-101.87503,22.1465],[-101.872,22.14451],[-101.87053,22.15008],[-101.87859,22.14976],[-101.88834,22.14282],[-101.89764,22.13755],[-101.90328,22.1387],[-101.90792,22.14496],[-101.90882,22.14618]],[[-101.90401,22.12569],[-101.90954,22.1188],[-101.91081,22.12315],[-101.90401,22.12569]],[[-101.92063,22.12324],[-101.91628,22.11919],[-101.91201,22.12236],[-101.91314,22.11691],[-101.91727,22.11502],[-101.92063,22.12324]],[[-101.90263,22.10801],[-101.89801,22.10765],[-101.9023,22.10482],[-101.90897,22.10771],[-101.90289,22.11154],[-101.90263,22.10801]]],[[[-101.82923,22.04741],[-101.83061,22.04686],[-101.8311,22.04667],[-101.83394,22.04275],[-101.82923,22.04741]]],[[[-101.85417,22.04433],[-101.85495,22.0418],[-101.85063,22.04343],[-101.851,22.04649],[-101.85417,22.04433]]],[[[-101.94795,22.1528],[-101.94787,22.15232],[-101.94489,22.14833],[-101.94336,22.15502],[-101.94695,22.15768],[-101.95028,22.15694],[-101.94838,22.15344],[-101.94795,22.1528]]],[[[-102.01696,22.16312],[-102.01562,22.16524],[-102.01427,22.16738],[-102.01371,22.16827],[-102.01399,22.16836],[-102.02497,22.16858],[-102.03163,22.16344],[-102.03382,22.15893],[-102.03386,22.15364],[-102.03287,22.15366],[-102.03185,22.15368],[-102.028,22.15375],[-102.01905,22.15392],[-102.01921,22.15776],[-102.01827,22.16512],[-102.01696,22.16312]]],[[[-101.95108,22.18088],[-101.95251,22.18109],[-101.95732,22.16983],[-101.95281,22.16725],[-101.95554,22.172],[-101.95274,22.17479],[-101.95108,22.18088]]],[[[-101.94716,22.16105],[-101.94715,22.16101],[-101.94614,22.1634],[-101.94826,22.16211],[-101.94719,22.16109],[-101.94716,22.16105]]],[[[-101.86754,22.0723],[-101.86552,22.07899],[-101.87019,22.07227],[-101.87642,22.07261],[-101.88001,22.07037],[-101.8772,22.06837],[-101.88012,22.06431],[-101.86754,22.0723]]],[[[-101.81392,22.04926],[-101.81033,22.05244],[-101.8147,22.05237],[-101.81427,22.04914],[-101.81392,22.04926]]],[[[-101.80931,22.04681],[-101.81069,22.04614],[-101.81086,22.04606],[-101.81475,22.0426],[-101.80931,22.04681]]],[[[-101.82038,22.04285],[-101.81639,22.04792],[-101.81664,22.05155],[-101.82074,22.04425],[-101.82441,22.04718],[-101.82448,22.04408],[-101.82038,22.04285]]],[[[-102.28652,23.09846],[-102.29333,23.09341],[-102.29446,23.08994],[-102.29514,23.07698],[-102.29007,23.07533],[-102.28457,23.0696],[-102.27852,23.0737],[-102.27304,23.07197],[-102.27046,23.0757],[-102.28057,23.07672],[-102.2861,23.07847],[-102.287,23.0848],[-102.28343,23.08681],[-102.28261,23.09229],[-102.28652,23.09846]]],[[[-102.35278,23.06467],[-102.35473,23.06288],[-102.3581,23.05369],[-102.35707,23.04155],[-102.35537,23.03827],[-102.36011,23.0382],[-102.35842,23.0345],[-102.36,23.02821],[-102.35434,23.02742],[-102.35199,23.03442],[-102.34842,23.03434],[-102.34953,23.02375],[-102.3599,23.02301],[-102.35983,23.02129],[-102.35681,23.01994],[-102.35657,23.01993],[-102.35642,23.01992],[-102.3555,23.01841],[-102.35437,23.01654],[-102.355,23.01302],[-102.35252,23.01295],[-102.35462,23.0084],[-102.35506,23.00766],[-102.35592,23.00587],[-102.35666,23.00484],[-102.35672,23.00467],[-102.35694,23.0033],[-102.35808,23.00036],[-102.35824,22.99992],[-102.3582,22.99999],[-102.35002,23.0079],[-102.34476,23.01061],[-102.34597,23.00708],[-102.34513,22.99915],[-102.34512,22.99626],[-102.34656,22.99105],[-102.35064,22.98862],[-102.35755,22.98212],[-102.36812,22.9791],[-102.37964,22.95696],[-102.37763,22.95376],[-102.37719,22.95337],[-102.37469,22.95087],[-102.37302,22.94838],[-102.37302,22.94754],[-102.37302,22.94671],[-102.37302,22.94588],[-102.37302,22.94544],[-102.37362,22.94481],[-102.3736,22.94444],[-102.37315,22.94426],[-102.37302,22.94421],[-102.37469,22.94338],[-102.37719,22.94172],[-102.38047,22.94325],[-102.38059,22.94332],[-102.38125,22.94371],[-102.38256,22.93715],[-102.38082,22.93211],[-102.39658,22.93202],[-102.39528,22.92999],[-102.39646,22.91543],[-102.39862,22.9125],[-102.40301,22.91253],[-102.40295,22.91892],[-102.40853,22.9168],[-102.41059,22.90537],[-102.40792,22.90361],[-102.40819,22.90286],[-102.40804,22.90227],[-102.41097,22.89864],[-102.41287,22.88836],[-102.41303,22.87892],[-102.4185,22.87995],[-102.4188,22.87675],[-102.41536,22.86872],[-102.41298,22.86742],[-102.41256,22.87288],[-102.40808,22.876],[-102.4041,22.8753],[-102.40368,22.87695],[-102.40785,22.87964],[-102.40139,22.87986],[-102.39724,22.88685],[-102.39457,22.89605],[-102.39641,22.89927],[-102.39047,22.90012],[-102.39051,22.90845],[-102.37765,22.90852],[-102.37914,22.9163],[-102.37032,22.91645],[-102.36924,22.90108],[-102.36187,22.90069],[-102.36045,22.90363],[-102.35221,22.90343],[-102.35238,22.9084],[-102.3433,22.9132],[-102.34469,22.91453],[-102.33243,22.91804],[-102.34077,22.92843],[-102.34664,22.92873],[-102.34797,22.92351],[-102.35052,22.92677],[-102.352,22.93496],[-102.34342,22.935],[-102.34136,22.93016],[-102.33735,22.93039],[-102.33761,22.92491],[-102.33498,22.92243],[-102.32946,22.92267],[-102.32965,22.9267],[-102.33478,22.92693],[-102.33296,22.93383],[-102.33615,22.93502],[-102.3238,22.93648],[-102.32298,22.9343],[-102.31186,22.9351],[-102.31257,22.94566],[-102.31319,22.94719],[-102.31406,22.94933],[-102.3148,22.95115],[-102.31552,22.95396],[-102.31569,22.95482],[-102.31665,22.95973],[-102.32354,22.95963],[-102.32418,22.9616],[-102.32517,22.96466],[-102.32897,22.9779],[-102.33101,22.98634],[-102.33433,22.99048],[-102.33686,23.00219],[-102.33856,23.00382],[-102.33846,23.01125],[-102.34313,23.01126],[-102.34613,23.01744],[-102.34481,23.0213],[-102.33572,23.02804],[-102.33151,23.03242],[-102.33033,23.03704],[-102.33988,23.03377],[-102.34115,23.04159],[-102.34586,23.03916],[-102.34845,23.05165],[-102.34339,23.0555],[-102.336,23.05535],[-102.33155,23.05715],[-102.33344,23.06267],[-102.33006,23.06749],[-102.33019,23.06815],[-102.33138,23.07395],[-102.32818,23.07867],[-102.32979,23.08337],[-102.32642,23.0878],[-102.33554,23.0802],[-102.34324,23.0898],[-102.34371,23.08511],[-102.3474,23.08023],[-102.35211,23.07819],[-102.35042,23.06843],[-102.35278,23.06467]],[[-102.4087,22.89533],[-102.40347,22.89479],[-102.40376,22.89056],[-102.40782,22.8896],[-102.4087,22.89533]],[[-102.36037,22.94608],[-102.36163,22.94122],[-102.36414,22.9407],[-102.36229,22.94665],[-102.36037,22.94608]],[[-102.37302,22.94421],[-102.37302,22.94426],[-102.37292,22.94425],[-102.37302,22.94421]],[[-102.37719,22.95337],[-102.3771,22.95369],[-102.37639,22.9536],[-102.37719,22.95337]]],[[[-102.41781,23.09738],[-102.4181,23.09471],[-102.41857,23.09035],[-102.4253,23.0945],[-102.42866,23.08761],[-102.42939,23.08463],[-102.43458,23.07806],[-102.43671,23.06619],[-102.43996,23.05761],[-102.438,23.04958],[-102.43217,23.05055],[-102.4375,23.05197],[-102.43772,23.06123],[-102.435,23.07175],[-102.42182,23.06986],[-102.42135,23.0716],[-102.40413,23.06901],[-102.40161,23.0717],[-102.40323,23.07479],[-102.3998,23.07743],[-102.40067,23.08029],[-102.4115,23.08045],[-102.41044,23.08468],[-102.40612,23.08451],[-102.40605,23.09079],[-102.39978,23.09081],[-102.39956,23.09478],[-102.41392,23.09475],[-102.41781,23.09738]]],[[[-102.40148,23.13149],[-102.40509,23.12865],[-102.41007,23.11955],[-102.41062,23.11597],[-102.40657,23.11846],[-102.40553,23.1266],[-102.4034,23.12889],[-102.39376,23.12775],[-102.39381,23.13317],[-102.39689,23.13091],[-102.40148,23.13149]]],[[[-102.41974,23.15463],[-102.42176,23.14328],[-102.41568,23.15279],[-102.41974,23.15463]]],[[[-102.42955,23.15907],[-102.42836,23.15254],[-102.42107,23.15523],[-102.42955,23.15907]]],[[[-102.45606,23.12211],[-102.45432,23.12468],[-102.45239,23.13885],[-102.45687,23.1323],[-102.46024,23.12461],[-102.45606,23.12211]]],[[[-102.46762,23.10358],[-102.46798,23.10242],[-102.46966,23.09709],[-102.47001,23.09597],[-102.47026,23.09488],[-102.46932,23.09443],[-102.46207,23.10227],[-102.45919,23.10782],[-102.45864,23.11516],[-102.46367,23.11554],[-102.46762,23.10358]]],[[[-102.41643,23.74071],[-102.41495,23.74479],[-102.4111,23.74079],[-102.41087,23.74436],[-102.41416,23.75048],[-102.41011,23.7572],[-102.4207,23.75429],[-102.41643,23.74071]]],[[[-102.4214,23.72966],[-102.41836,23.73695],[-102.42186,23.736],[-102.4214,23.72966]]],[[[-102.42837,23.78431],[-102.43367,23.78718],[-102.44213,23.77683],[-102.44259,23.75893],[-102.43652,23.75963],[-102.43732,23.75487],[-102.45198,23.7572],[-102.45074,23.75342],[-102.44313,23.75163],[-102.4426,23.74779],[-102.44625,23.74581],[-102.44949,23.74902],[-102.44733,23.74182],[-102.44113,23.74616],[-102.43869,23.75011],[-102.42352,23.75395],[-102.42979,23.77343],[-102.42391,23.77134],[-102.42173,23.77541],[-102.42259,23.77946],[-102.42837,23.78431]]],[[[-102.46511,23.7681],[-102.46688,23.76755],[-102.45888,23.76144],[-102.45984,23.76696],[-102.46511,23.7681]]],[[[-102.40175,23.71777],[-102.4018,23.73213],[-102.403,23.71742],[-102.40175,23.71777]]],[[[-102.39335,23.72746],[-102.39674,23.72242],[-102.395,23.71964],[-102.39335,23.72746]]],[[[-102.42003,23.8055],[-102.42385,23.80818],[-102.42776,23.80367],[-102.42185,23.80069],[-102.41903,23.80403],[-102.42003,23.8055]]],[[[-102.36794,23.80691],[-102.37332,23.80149],[-102.36826,23.80216],[-102.36794,23.80691]]],[[[-102.35994,23.80628],[-102.3612,23.80908],[-102.36482,23.80616],[-102.3622,23.80384],[-102.35994,23.80628]]],[[[-102.43446,23.8136],[-102.43812,23.81253],[-102.4389,23.80313],[-102.43129,23.80165],[-102.42653,23.80957],[-102.43446,23.8136]]],[[[-102.32856,23.81866],[-102.33024,23.82291],[-102.33875,23.82031],[-102.33566,23.8166],[-102.32856,23.81866]]],[[[-102.42792,23.8238],[-102.43214,23.82556],[-102.43456,23.82363],[-102.42999,23.82022],[-102.42792,23.8238]]],[[[-102.3494,23.84119],[-102.35045,23.83779],[-102.35216,23.83601],[-102.35217,23.83601],[-102.35468,23.83202],[-102.34868,23.83128],[-102.35306,23.8284],[-102.35237,23.82512],[-102.34064,23.82594],[-102.34262,23.83166],[-102.34229,23.83825],[-102.33398,23.83824],[-102.33635,23.84582],[-102.3437,23.84519],[-102.34366,23.84309],[-102.34941,23.84161],[-102.3494,23.84119]]],[[[-102.32486,23.85873],[-102.32736,23.85537],[-102.32622,23.8509],[-102.32304,23.84857],[-102.31976,23.84023],[-102.31438,23.84152],[-102.31983,23.84949],[-102.32111,23.85499],[-102.32486,23.85873]]],[[[-102.33367,23.88843],[-102.33631,23.8878],[-102.34063,23.87788],[-102.34862,23.87603],[-102.34844,23.87146],[-102.35838,23.86957],[-102.35744,23.86408],[-102.34882,23.8664],[-102.34764,23.86224],[-102.34668,23.85907],[-102.34689,23.85864],[-102.35149,23.85608],[-102.3507,23.85274],[-102.3417,23.85229],[-102.34342,23.8587],[-102.33726,23.86013],[-102.33502,23.85127],[-102.33093,23.85372],[-102.33016,23.85843],[-102.32228,23.86098],[-102.3179,23.864],[-102.31685,23.85978],[-102.30923,23.86118],[-102.30852,23.86598],[-102.31331,23.86497],[-102.31406,23.87131],[-102.31726,23.86613],[-102.32184,23.86528],[-102.3206,23.87283],[-102.31848,23.87553],[-102.32068,23.87848],[-102.31872,23.88239],[-102.31797,23.89186],[-102.32844,23.8896],[-102.33367,23.88843]]],[[[-102.3309,23.89138],[-102.33044,23.8912],[-102.31302,23.89476],[-102.31302,23.89749],[-102.32836,23.89411],[-102.3309,23.89138]]],[[[-102.29706,23.88807],[-102.30096,23.88745],[-102.30254,23.88288],[-102.30193,23.87654],[-102.30557,23.87574],[-102.30557,23.86672],[-102.29247,23.87081],[-102.29572,23.87611],[-102.29706,23.88807]]],[[[-102.36898,23.88622],[-102.37084,23.88577],[-102.37093,23.88545],[-102.371,23.88216],[-102.3676,23.8773],[-102.36264,23.88165],[-102.36211,23.88611],[-102.36898,23.88622]]],[[[-102.36502,23.92477],[-102.36762,23.92546],[-102.37349,23.91862],[-102.37943,23.90702],[-102.37001,23.90405],[-102.36056,23.92006],[-102.36502,23.92477]]],[[[-102.3483,23.92227],[-102.35323,23.9216],[-102.35153,23.91325],[-102.34262,23.91493],[-102.3439,23.9217],[-102.3483,23.92227]]],[[[-102.3391,23.91372],[-102.34208,23.914],[-102.3407,23.90786],[-102.3346,23.90899],[-102.33546,23.91293],[-102.3391,23.91372]]],[[[-102.52953,23.70592],[-102.53477,23.70723],[-102.5386,23.70521],[-102.5367,23.69765],[-102.53539,23.70038],[-102.52861,23.70393],[-102.52953,23.70592]]],[[[-102.5597,23.69303],[-102.55123,23.69554],[-102.55182,23.69777],[-102.55903,23.69551],[-102.5597,23.69303]]],[[[-101.99071,23.67839],[-101.99492,23.68035],[-101.99434,23.67354],[-101.99071,23.67839]]],[[[-101.99007,23.6625],[-101.99679,23.65884],[-101.99219,23.65157],[-101.98543,23.65701],[-101.99007,23.6625]]],[[[-101.99665,23.64989],[-102.00009,23.6518],[-102.00076,23.64731],[-101.99665,23.64989]]],[[[-101.99155,23.64575],[-101.99231,23.64591],[-101.99244,23.62584],[-101.99144,23.62553],[-101.99155,23.64575]]],[[[-102.05981,23.63463],[-102.06774,23.63567],[-102.07009,23.62363],[-102.06377,23.62314],[-102.06224,23.63101],[-102.05981,23.63463]]],[[[-102.52015,23.63573],[-102.51964,23.64076],[-102.5295,23.64085],[-102.53176,23.634],[-102.53454,23.63088],[-102.53113,23.62859],[-102.529,23.63279],[-102.52325,23.63334],[-102.52015,23.63573]]],[[[-102.08199,23.65546],[-102.08264,23.65242],[-102.09104,23.65357],[-102.09075,23.64808],[-102.09969,23.65016],[-102.10193,23.64525],[-102.10179,23.63575],[-102.08737,23.63569],[-102.08757,23.63116],[-102.0823,23.63104],[-102.08241,23.63573],[-102.0796,23.63565],[-102.08071,23.64942],[-102.0754,23.65351],[-102.08199,23.65546]]],[[[-102.03981,23.63435],[-102.0375,23.63873],[-102.0458,23.63966],[-102.04877,23.63534],[-102.03981,23.63435]]],[[[-102.04218,23.66319],[-102.04631,23.65959],[-102.03944,23.659],[-102.03477,23.66239],[-102.04218,23.66319]]],[[[-101.99161,23.60596],[-102.00293,23.60666],[-102.0052,23.60299],[-101.99425,23.5987],[-101.99161,23.60596]]],[[[-102.00759,23.60239],[-102.02182,23.59038],[-102.01876,23.57769],[-102.01726,23.57785],[-102.01584,23.56954],[-102.00785,23.56943],[-102.00763,23.57688],[-102.00976,23.57692],[-102.00984,23.58694],[-102.00774,23.58761],[-102.00759,23.60239]]],[[[-102.06431,23.60496],[-102.08692,23.60642],[-102.08553,23.60025],[-102.08638,23.58455],[-102.07794,23.58402],[-102.08108,23.58009],[-102.08772,23.58047],[-102.08881,23.57446],[-102.08571,23.57432],[-102.08931,23.56977],[-102.08016,23.56975],[-102.08018,23.56257],[-102.07466,23.5617],[-102.07102,23.58115],[-102.0687,23.58633],[-102.07478,23.58769],[-102.07461,23.59465],[-102.06937,23.59473],[-102.06397,23.60121],[-102.06431,23.60496]]],[[[-102.12444,23.57556],[-102.14161,23.57618],[-102.14179,23.56677],[-102.13616,23.56642],[-102.13655,23.56236],[-102.12833,23.5551],[-102.12142,23.55477],[-102.12033,23.56685],[-102.11874,23.57261],[-102.12444,23.57556]]],[[[-102.13698,23.55136],[-102.14711,23.55156],[-102.14826,23.55714],[-102.15445,23.55741],[-102.15549,23.54695],[-102.13717,23.54718],[-102.13698,23.55136]]],[[[-102.12633,23.53376],[-102.12803,23.53663],[-102.12839,23.54698],[-102.1354,23.54717],[-102.13565,23.54131],[-102.13269,23.54119],[-102.13298,23.53399],[-102.12633,23.53376]]],[[[-102.14798,23.54015],[-102.15495,23.54039],[-102.15416,23.53814],[-102.1473,23.53799],[-102.14798,23.54015]]],[[[-102.09289,23.55387],[-102.09839,23.55076],[-102.09711,23.54221],[-102.08726,23.54165],[-102.09825,23.53239],[-102.09261,23.53166],[-102.08048,23.54143],[-102.08439,23.54164],[-102.08511,23.5508],[-102.08222,23.54663],[-102.07555,23.54666],[-102.07684,23.55359],[-102.08866,23.5535],[-102.09241,23.5524],[-102.09289,23.55387]]],[[[-102.07902,23.53296],[-102.07693,23.53553],[-102.07967,23.54141],[-102.09012,23.53244],[-102.08781,23.53047],[-102.09038,23.5271],[-102.08376,23.52934],[-102.07902,23.53296]]],[[[-102.13193,23.60135],[-102.14099,23.6011],[-102.14132,23.58364],[-102.12926,23.58353],[-102.13026,23.59232],[-102.12637,23.59283],[-102.1264,23.59853],[-102.13193,23.60135]]],[[[-102.48964,23.49998],[-102.48943,23.5035],[-102.49425,23.50512],[-102.49594,23.49998],[-102.48964,23.49998]]],[[[-102.46295,23.46071],[-102.46235,23.46045],[-102.45798,23.45859],[-102.45436,23.46986],[-102.45625,23.47425],[-102.45751,23.47405],[-102.4588,23.47385],[-102.46578,23.4747],[-102.47016,23.4755],[-102.47087,23.46369],[-102.46295,23.46071]]],[[[-102.46151,23.45225],[-102.46954,23.45538],[-102.47236,23.4503],[-102.45601,23.44403],[-102.45472,23.44793],[-102.44363,23.44528],[-102.44228,23.44898],[-102.4534,23.4516],[-102.45743,23.44772],[-102.46151,23.45225]]],[[[-102.46275,23.41845],[-102.46626,23.41196],[-102.46192,23.41112],[-102.45957,23.41933],[-102.46151,23.41879],[-102.46275,23.41845]]],[[[-102.3614,23.37938],[-102.36461,23.3805],[-102.36607,23.37655],[-102.37095,23.3746],[-102.37163,23.3663],[-102.3745,23.36332],[-102.36967,23.36155],[-102.36682,23.36499],[-102.36376,23.36274],[-102.35971,23.36589],[-102.36326,23.37366],[-102.3614,23.37938]]],[[[-102.36503,23.32643],[-102.3628,23.33313],[-102.36708,23.33309],[-102.36725,23.32511],[-102.36503,23.32643]]],[[[-102.38407,23.32623],[-102.38394,23.32892],[-102.37758,23.33033],[-102.37752,23.33312],[-102.38565,23.33312],[-102.38407,23.32623]]],[[[-102.38718,23.30017],[-102.3888,23.30444],[-102.39827,23.29711],[-102.39358,23.29691],[-102.38889,23.29382],[-102.38718,23.30017]]],[[[-102.33172,23.29687],[-102.33543,23.29843],[-102.33849,23.29521],[-102.33459,23.29345],[-102.33584,23.28763],[-102.32904,23.28864],[-102.32664,23.29249],[-102.33172,23.29687]]],[[[-102.44956,23.28941],[-102.45835,23.28859],[-102.46059,23.2855],[-102.45875,23.27827],[-102.4562,23.2791],[-102.45227,23.2753],[-102.4484,23.27492],[-102.45124,23.28401],[-102.44956,23.28941]]],[[[-102.28201,23.28001],[-102.28551,23.2733],[-102.27762,23.27508],[-102.27582,23.27976],[-102.28201,23.28001]]],[[[-102.34818,23.27685],[-102.35204,23.27974],[-102.35161,23.2747],[-102.34818,23.27685]]],[[[-102.39226,23.28909],[-102.39222,23.29097],[-102.39863,23.29072],[-102.39883,23.28888],[-102.39226,23.28909]]],[[[-102.43219,23.25794],[-102.44653,23.25639],[-102.44216,23.24852],[-102.44197,23.23593],[-102.44029,23.22754],[-102.4373,23.22451],[-102.42895,23.23282],[-102.4256,23.23076],[-102.43268,23.22376],[-102.42794,23.22027],[-102.42323,23.21409],[-102.41155,23.21397],[-102.41151,23.21878],[-102.40286,23.21866],[-102.40276,23.21414],[-102.39951,23.21423],[-102.39956,23.2214],[-102.40178,23.2231],[-102.4115,23.22308],[-102.41168,23.23213],[-102.40773,23.23219],[-102.40855,23.23743],[-102.41793,23.22922],[-102.42649,23.23599],[-102.42933,23.23585],[-102.42995,23.2406],[-102.42184,23.2407],[-102.41963,23.24647],[-102.41183,23.24961],[-102.41284,23.25459],[-102.41941,23.25205],[-102.42006,23.25391],[-102.43159,23.25374],[-102.43219,23.25794]]],[[[-102.35789,23.2394],[-102.36665,23.23011],[-102.35915,23.22958],[-102.35517,23.23512],[-102.35815,23.23542],[-102.35789,23.2394]]],[[[-102.34933,23.23134],[-102.35209,23.23284],[-102.35659,23.23004],[-102.35156,23.22771],[-102.34933,23.23134]]],[[[-102.36254,23.22531],[-102.36644,23.2281],[-102.36783,23.22532],[-102.36254,23.22531]]],[[[-102.36346,23.21756],[-102.36398,23.21725],[-102.36407,23.21719],[-102.36566,23.21128],[-102.35482,23.20955],[-102.35249,23.21821],[-102.35591,23.21412],[-102.35314,23.2221],[-102.36013,23.22115],[-102.36346,23.21756]]],[[[-102.40965,23.20453],[-102.4284,23.20498],[-102.42684,23.19597],[-102.40998,23.19646],[-102.40965,23.20453]]],[[[-102.31101,23.19695],[-102.31063,23.19474],[-102.31031,23.1929],[-102.30844,23.18685],[-102.29848,23.18024],[-102.30077,23.17529],[-102.29636,23.17381],[-102.29797,23.16467],[-102.29207,23.16073],[-102.28677,23.15181],[-102.28686,23.14753],[-102.29665,23.1505],[-102.30006,23.14696],[-102.30075,23.1421],[-102.29126,23.13654],[-102.29225,23.13319],[-102.29103,23.12945],[-102.28383,23.134],[-102.27816,23.142],[-102.27533,23.14194],[-102.27692,23.13418],[-102.27673,23.12451],[-102.28286,23.11139],[-102.28266,23.10133],[-102.28627,23.09864],[-102.28319,23.09383],[-102.27777,23.09534],[-102.27735,23.09086],[-102.2736,23.09272],[-102.27374,23.09783],[-102.2777,23.10228],[-102.28199,23.10182],[-102.2795,23.11261],[-102.26693,23.1124],[-102.2666,23.11753],[-102.26954,23.1196],[-102.26807,23.13273],[-102.27184,23.13583],[-102.26778,23.13654],[-102.26627,23.12719],[-102.26386,23.12823],[-102.26544,23.13398],[-102.26344,23.14508],[-102.26421,23.14807],[-102.26696,23.14706],[-102.2707,23.14954],[-102.26666,23.15538],[-102.2786,23.15614],[-102.28172,23.1584],[-102.27956,23.16606],[-102.2828,23.16949],[-102.28789,23.16925],[-102.29029,23.17415],[-102.2877,23.17502],[-102.28734,23.17665],[-102.29233,23.17892],[-102.28797,23.18567],[-102.28366,23.18885],[-102.30389,23.19199],[-102.30026,23.20098],[-102.30554,23.20116],[-102.30673,23.19885],[-102.30758,23.19721],[-102.31078,23.19775],[-102.31101,23.19695]]],[[[-102.31618,23.17929],[-102.31895,23.18735],[-102.32632,23.18584],[-102.32737,23.188],[-102.32778,23.18885],[-102.32857,23.19173],[-102.33061,23.18893],[-102.33853,23.18945],[-102.34135,23.17971],[-102.34211,23.18435],[-102.35204,23.18235],[-102.3499,23.17679],[-102.34128,23.17518],[-102.34055,23.17874],[-102.33269,23.178],[-102.3292,23.18266],[-102.32786,23.17812],[-102.32001,23.1779],[-102.31618,23.17929]]],[[[-102.30316,23.16849],[-102.29852,23.16524],[-102.2997,23.17151],[-102.30316,23.16849]]],[[[-102.3148,23.16789],[-102.31761,23.16242],[-102.32006,23.15237],[-102.3169,23.1471],[-102.31468,23.15119],[-102.31019,23.16726],[-102.3148,23.16789]]],[[[-102.25096,23.14582],[-102.25072,23.15399],[-102.25502,23.15196],[-102.25459,23.14706],[-102.25096,23.14582]]],[[[-102.24467,23.12327],[-102.24646,23.12557],[-102.25278,23.12292],[-102.24902,23.12057],[-102.24467,23.12327]]],[[[-102.25019,23.11087],[-102.25023,23.11275],[-102.25374,23.11572],[-102.25385,23.11177],[-102.25019,23.11087]]],[[[-102.25764,23.1132],[-102.26355,23.111],[-102.26086,23.10913],[-102.25764,23.1132]]],[[[-102.26706,23.09693],[-102.27106,23.0975],[-102.27392,23.08572],[-102.26872,23.08401],[-102.26706,23.09693]]],[[[-102.25921,23.09072],[-102.25588,23.09436],[-102.26233,23.09348],[-102.25921,23.09072]]],[[[-102.32162,23.14017],[-102.31812,23.14484],[-102.32266,23.14542],[-102.32448,23.14284],[-102.32162,23.14017]]],[[[-102.40824,23.15688],[-102.41217,23.15572],[-102.41636,23.15002],[-102.40674,23.14699],[-102.40233,23.15329],[-102.40824,23.15688]]],[[[-102.41788,23.16001],[-102.42373,23.15682],[-102.41913,23.15659],[-102.41788,23.16001]]],[[[-102.39468,23.155],[-102.39168,23.15906],[-102.39477,23.16108],[-102.39775,23.15678],[-102.39468,23.155]]],[[[-102.43343,23.18397],[-102.43432,23.18207],[-102.42419,23.17988],[-102.42498,23.18406],[-102.43343,23.18397]]],[[[-102.49106,23.08254],[-102.49041,23.08392],[-102.48918,23.08704],[-102.49286,23.08717],[-102.49239,23.08078],[-102.49106,23.08254]]],[[[-102.41304,23.1066],[-102.41603,23.10193],[-102.40917,23.10121],[-102.40861,23.10627],[-102.41304,23.1066]]],[[[-102.41492,22.86761],[-102.41461,22.86683],[-102.41003,22.86387],[-102.40869,22.86664],[-102.40838,22.86728],[-102.40613,22.86802],[-102.40501,22.86813],[-102.4042,22.87492],[-102.40725,22.87548],[-102.40832,22.87195],[-102.41228,22.87249],[-102.41302,22.86586],[-102.41492,22.86761]]],[[[-102.42815,22.89828],[-102.42827,22.8986],[-102.42853,22.89821],[-102.42814,22.89818],[-102.42815,22.89828]]],[[[-102.42667,22.90055],[-102.42676,22.90049],[-102.42684,22.90044],[-102.42681,22.9004],[-102.42667,22.90055]]],[[[-102.42505,22.88551],[-102.42442,22.88422],[-102.4226,22.88223],[-102.42155,22.88118],[-102.42061,22.88],[-102.4185,22.87995],[-102.41758,22.88943],[-102.42015,22.89246],[-102.42703,22.88816],[-102.42505,22.88551]]],[[[-103.84604,22.57324],[-103.83738,22.57412],[-103.83538,22.57408],[-103.83168,22.574],[-103.81916,22.57721],[-103.82056,22.58099],[-103.82261,22.5777],[-103.83106,22.57489],[-103.83485,22.57808],[-103.83312,22.57983],[-103.83103,22.58438],[-103.83407,22.57912],[-103.84225,22.57831],[-103.84416,22.57912],[-103.8452,22.57959],[-103.84535,22.57904],[-103.8456,22.57869],[-103.84604,22.57324]]],[[[-103.49541,22.98666],[-103.49542,22.98668],[-103.49543,22.98668],[-103.49541,22.98666]]],[[[-103.5445,22.80624],[-103.53838,22.81398],[-103.53781,22.81829],[-103.54403,22.82251],[-103.5418,22.82392],[-103.54808,22.82608],[-103.54797,22.82258],[-103.54244,22.81812],[-103.54552,22.81336],[-103.54309,22.8087],[-103.5445,22.80624]]],[[[-103.50836,22.78227],[-103.5047,22.78226],[-103.50392,22.78774],[-103.50709,22.78366],[-103.5086,22.78549],[-103.51533,22.783],[-103.50921,22.78271],[-103.50836,22.78227]]],[[[-103.57874,22.78701],[-103.57057,22.77928],[-103.57135,22.78626],[-103.57874,22.78701]]],[[[-103.58117,22.73584],[-103.57938,22.74005],[-103.58546,22.73662],[-103.58117,22.73584]]],[[[-103.58479,22.75194],[-103.58515,22.75436],[-103.60444,22.74507],[-103.60498,22.73896],[-103.59401,22.74079],[-103.59089,22.7381],[-103.58884,22.74244],[-103.58619,22.74204],[-103.58754,22.75181],[-103.58479,22.75194]]],[[[-103.82321,22.51539],[-103.81657,22.52695],[-103.81296,22.52897],[-103.8182,22.52873],[-103.82391,22.52123],[-103.82321,22.51539]]],[[[-103.81725,22.49321],[-103.81907,22.49227],[-103.82263,22.4972],[-103.82608,22.49572],[-103.83437,22.49564],[-103.83109,22.49185],[-103.82146,22.49024],[-103.81589,22.49201],[-103.81725,22.49321]]],[[[-103.82825,22.47163],[-103.83017,22.47441],[-103.83224,22.47743],[-103.83345,22.47919],[-103.83653,22.48678],[-103.84342,22.49052],[-103.84936,22.48276],[-103.84163,22.4846],[-103.84652,22.47762],[-103.84132,22.47378],[-103.84241,22.46684],[-103.84083,22.46538],[-103.83528,22.46747],[-103.83254,22.47046],[-103.82949,22.46664],[-103.82825,22.47163]]],[[[-103.84017,22.58126],[-103.83872,22.58193],[-103.83898,22.58196],[-103.84017,22.58126]]],[[[-103.29458,21.89646],[-103.29123,21.89819],[-103.29066,21.89847],[-103.29067,21.89847],[-103.29106,21.89833],[-103.2902,21.89979],[-103.2855,21.89926],[-103.28201,21.90046],[-103.26972,21.89807],[-103.27223,21.90049],[-103.2783,21.90167],[-103.27851,21.90408],[-103.28794,21.90403],[-103.29238,21.90522],[-103.29024,21.90818],[-103.28289,21.9079],[-103.2888,21.91068],[-103.29338,21.90966],[-103.29405,21.90583],[-103.30165,21.9021],[-103.30107,21.8985],[-103.30618,21.89906],[-103.31202,21.89295],[-103.31002,21.89223],[-103.31376,21.89245],[-103.31296,21.89386],[-103.31511,21.89465],[-103.31706,21.89236],[-103.31305,21.88888],[-103.31272,21.88273],[-103.30958,21.87896],[-103.31313,21.87923],[-103.31348,21.88693],[-103.31868,21.89335],[-103.31861,21.89046],[-103.31671,21.88841],[-103.31347,21.87707],[-103.30675,21.8765],[-103.30537,21.87451],[-103.31517,21.8738],[-103.31388,21.86511],[-103.31609,21.86253],[-103.31446,21.85567],[-103.31417,21.85462],[-103.31326,21.85239],[-103.31264,21.84858],[-103.31196,21.84781],[-103.31131,21.8473],[-103.31024,21.84614],[-103.31067,21.8445],[-103.31076,21.84401],[-103.31084,21.84358],[-103.30752,21.8419],[-103.30777,21.83805],[-103.31001,21.84096],[-103.31067,21.84204],[-103.31372,21.83582],[-103.31274,21.83407],[-103.31115,21.83416],[-103.31007,21.83416],[-103.3086,21.83511],[-103.30852,21.83518],[-103.30669,21.83225],[-103.3131,21.83244],[-103.3171,21.83158],[-103.31135,21.82832],[-103.311,21.82768],[-103.31074,21.82741],[-103.31053,21.82666],[-103.31452,21.82551],[-103.31096,21.82252],[-103.31107,21.82234],[-103.31264,21.82149],[-103.31515,21.81494],[-103.31021,21.81331],[-103.3148,21.80152],[-103.31997,21.80108],[-103.32336,21.79415],[-103.3222,21.79017],[-103.30951,21.78963],[-103.32246,21.78769],[-103.32782,21.79054],[-103.32391,21.78414],[-103.32861,21.77894],[-103.32437,21.77251],[-103.32837,21.77089],[-103.33126,21.7653],[-103.32773,21.76066],[-103.33038,21.74929],[-103.31914,21.7437],[-103.31996,21.74018],[-103.32398,21.74007],[-103.32878,21.72901],[-103.32698,21.71641],[-103.32881,21.71242],[-103.32266,21.70452],[-103.32681,21.70374],[-103.3256,21.70253],[-103.32521,21.70284],[-103.32498,21.70301],[-103.32493,21.70303],[-103.32442,21.70303],[-103.32334,21.70133],[-103.32521,21.69043],[-103.32143,21.68957],[-103.32109,21.695],[-103.31536,21.69325],[-103.31774,21.68642],[-103.32711,21.68675],[-103.33046,21.683],[-103.33664,21.68823],[-103.33012,21.6922],[-103.33195,21.69584],[-103.33773,21.68799],[-103.33557,21.68291],[-103.33715,21.67981],[-103.33148,21.68025],[-103.33081,21.67712],[-103.33692,21.67528],[-103.3349,21.66595],[-103.34062,21.65378],[-103.34368,21.65227],[-103.34742,21.64552],[-103.34319,21.64658],[-103.34199,21.64973],[-103.33852,21.6468],[-103.34046,21.64006],[-103.33739,21.64113],[-103.33248,21.63845],[-103.33046,21.64325],[-103.33584,21.64313],[-103.33803,21.64719],[-103.33384,21.65765],[-103.32682,21.66072],[-103.3284,21.65457],[-103.32739,21.64801],[-103.33054,21.6484],[-103.32872,21.65494],[-103.3333,21.65662],[-103.33508,21.6522],[-103.33396,21.64505],[-103.32752,21.64635],[-103.32215,21.64235],[-103.32214,21.63452],[-103.32713,21.63122],[-103.32481,21.63637],[-103.32557,21.6407],[-103.33142,21.6366],[-103.33275,21.63032],[-103.33745,21.63064],[-103.3437,21.63392],[-103.34239,21.63912],[-103.34973,21.63893],[-103.35116,21.63374],[-103.34731,21.63218],[-103.34757,21.62501],[-103.34519,21.62146],[-103.34017,21.62062],[-103.34441,21.61557],[-103.34023,21.61502],[-103.3377,21.61095],[-103.3339,21.61511],[-103.33313,21.60863],[-103.3354,21.60479],[-103.34108,21.60211],[-103.33965,21.59821],[-103.33626,21.60005],[-103.3273,21.59879],[-103.32241,21.60841],[-103.32679,21.60308],[-103.32873,21.60859],[-103.32673,21.61388],[-103.32448,21.6105],[-103.31477,21.61425],[-103.3178,21.61466],[-103.31692,21.61953],[-103.31134,21.62535],[-103.31276,21.62757],[-103.3194,21.62954],[-103.31498,21.63191],[-103.31107,21.64101],[-103.30678,21.64062],[-103.30327,21.64353],[-103.29427,21.64234],[-103.29705,21.64695],[-103.30805,21.64557],[-103.30931,21.64842],[-103.30823,21.65645],[-103.3068,21.64959],[-103.30068,21.64992],[-103.29835,21.65763],[-103.30754,21.65951],[-103.31281,21.66589],[-103.31417,21.67186],[-103.31767,21.67004],[-103.31461,21.66508],[-103.31678,21.66332],[-103.32069,21.66818],[-103.32079,21.66413],[-103.32402,21.66021],[-103.31778,21.66087],[-103.31449,21.6575],[-103.31735,21.65266],[-103.31986,21.65707],[-103.32661,21.66069],[-103.32713,21.66667],[-103.33293,21.67176],[-103.33209,21.67614],[-103.3274,21.67395],[-103.32025,21.67417],[-103.31433,21.67692],[-103.31763,21.68484],[-103.31423,21.68919],[-103.31357,21.68172],[-103.30956,21.68149],[-103.30236,21.68923],[-103.30804,21.68972],[-103.31251,21.69242],[-103.3101,21.69938],[-103.30075,21.69918],[-103.30041,21.70214],[-103.31341,21.70137],[-103.31144,21.70997],[-103.30987,21.7243],[-103.31069,21.72747],[-103.3075,21.73047],[-103.30171,21.73127],[-103.29604,21.73573],[-103.29393,21.73337],[-103.28589,21.73278],[-103.29249,21.73781],[-103.29842,21.73717],[-103.29886,21.7422],[-103.30271,21.74478],[-103.29882,21.74743],[-103.30424,21.74765],[-103.30577,21.75312],[-103.3,21.75317],[-103.294,21.75882],[-103.2986,21.76247],[-103.29852,21.75619],[-103.30469,21.75475],[-103.30246,21.76054],[-103.30633,21.76089],[-103.30797,21.75794],[-103.30703,21.76814],[-103.31065,21.76519],[-103.30941,21.77079],[-103.31419,21.77481],[-103.31175,21.78088],[-103.31427,21.78166],[-103.3124,21.78653],[-103.30748,21.78436],[-103.30297,21.78649],[-103.29921,21.792],[-103.30283,21.79408],[-103.3034,21.79904],[-103.29571,21.79619],[-103.2945,21.79991],[-103.2838,21.79988],[-103.2875,21.80357],[-103.27188,21.80361],[-103.27047,21.81107],[-103.27445,21.82033],[-103.27122,21.82604],[-103.26586,21.82474],[-103.26594,21.82222],[-103.2556,21.82094],[-103.2541,21.82426],[-103.2617,21.82438],[-103.24997,21.82602],[-103.25216,21.83275],[-103.25815,21.82924],[-103.26679,21.83453],[-103.27753,21.83386],[-103.27507,21.83814],[-103.27046,21.83848],[-103.27012,21.84111],[-103.26287,21.84385],[-103.26702,21.84404],[-103.26652,21.84686],[-103.26022,21.84955],[-103.25531,21.84971],[-103.25654,21.85341],[-103.26428,21.85177],[-103.27139,21.84693],[-103.26844,21.8458],[-103.27481,21.84321],[-103.27376,21.84701],[-103.27957,21.84605],[-103.27633,21.85024],[-103.28509,21.853],[-103.2845,21.85934],[-103.29135,21.85612],[-103.29293,21.8582],[-103.287,21.86325],[-103.28246,21.86302],[-103.28351,21.86573],[-103.29682,21.86603],[-103.3006,21.86726],[-103.29795,21.87256],[-103.2988,21.87755],[-103.29469,21.87801],[-103.29394,21.88181],[-103.28765,21.88313],[-103.2855,21.88575],[-103.29745,21.89006],[-103.29458,21.89646]],[[-103.30281,21.88144],[-103.30259,21.87537],[-103.30734,21.87758],[-103.30619,21.88174],[-103.30281,21.88144]],[[-103.30694,21.87142],[-103.30119,21.85982],[-103.30899,21.86035],[-103.30967,21.86693],[-103.31203,21.86352],[-103.30903,21.85511],[-103.30477,21.85507],[-103.30205,21.84596],[-103.30397,21.83628],[-103.29893,21.83535],[-103.29879,21.82881],[-103.30123,21.82586],[-103.30122,21.81759],[-103.29727,21.81661],[-103.29793,21.81013],[-103.29996,21.81311],[-103.2977,21.81544],[-103.30842,21.81066],[-103.29784,21.80526],[-103.30392,21.80216],[-103.30575,21.80697],[-103.30881,21.80699],[-103.30945,21.80993],[-103.30793,21.81379],[-103.30243,21.81603],[-103.30354,21.82708],[-103.30532,21.83257],[-103.30137,21.83069],[-103.30556,21.83911],[-103.30431,21.84365],[-103.30543,21.85169],[-103.31275,21.85577],[-103.313,21.86894],[-103.30584,21.87403],[-103.30694,21.87142]],[[-103.29427,21.85374],[-103.28999,21.85157],[-103.29661,21.84993],[-103.29944,21.84737],[-103.29931,21.85254],[-103.29427,21.85374]],[[-103.28309,21.83233],[-103.28122,21.82904],[-103.28657,21.82857],[-103.28309,21.83233]],[[-103.28003,21.82185],[-103.28433,21.82537],[-103.2816,21.8274],[-103.28003,21.82185]],[[-103.28882,21.81892],[-103.28493,21.81509],[-103.28348,21.81879],[-103.27988,21.81683],[-103.28472,21.80919],[-103.28916,21.81249],[-103.29213,21.8116],[-103.29073,21.81948],[-103.28882,21.81892]],[[-103.31748,21.76026],[-103.32112,21.75507],[-103.31877,21.75015],[-103.32344,21.75315],[-103.32534,21.75761],[-103.32205,21.76186],[-103.31748,21.76026]],[[-103.30749,21.74623],[-103.30232,21.74267],[-103.3049,21.74111],[-103.3042,21.73715],[-103.31314,21.73977],[-103.30749,21.74623]],[[-103.31638,21.7425],[-103.31478,21.73914],[-103.31814,21.73154],[-103.31262,21.72795],[-103.31071,21.72424],[-103.31763,21.72204],[-103.31339,21.72545],[-103.31978,21.72952],[-103.31638,21.7425]],[[-103.33601,21.62592],[-103.34032,21.6229],[-103.33985,21.62925],[-103.33601,21.62592]],[[-103.32634,21.62547],[-103.32661,21.62386],[-103.33449,21.62027],[-103.33357,21.62294],[-103.32634,21.62547]]],[[[-103.27878,21.91005],[-103.27717,21.91385],[-103.28331,21.91224],[-103.2858,21.9165],[-103.29514,21.91837],[-103.29726,21.92186],[-103.30431,21.9199],[-103.30642,21.92225],[-103.30985,21.92037],[-103.30037,21.91721],[-103.30502,21.91093],[-103.3014,21.91229],[-103.29952,21.91671],[-103.29456,21.91666],[-103.29618,21.91292],[-103.29155,21.91558],[-103.28748,21.91085],[-103.28049,21.90933],[-103.28035,21.90886],[-103.27878,21.91005]]],[[[-103.31822,21.89433],[-103.30827,21.89775],[-103.30636,21.90412],[-103.31117,21.90995],[-103.31342,21.90953],[-103.316,21.91628],[-103.316,21.90762],[-103.32004,21.89928],[-103.31859,21.89384],[-103.31822,21.89433]]],[[[-103.42756,21.43328],[-103.42965,21.43007],[-103.42564,21.43073],[-103.42756,21.43328]]],[[[-103.45084,21.45999],[-103.45388,21.46217],[-103.45767,21.45672],[-103.4584,21.45135],[-103.45466,21.44665],[-103.45256,21.45075],[-103.45399,21.45676],[-103.44524,21.44983],[-103.44488,21.45288],[-103.44856,21.45556],[-103.44667,21.45981],[-103.45084,21.45999]]],[[[-103.43742,21.46048],[-103.4413,21.46354],[-103.44291,21.46014],[-103.43521,21.45604],[-103.43742,21.46048]]],[[[-103.44549,21.47983],[-103.45039,21.47877],[-103.44666,21.47352],[-103.45036,21.47309],[-103.45174,21.46814],[-103.45659,21.46727],[-103.45482,21.46441],[-103.4508,21.46777],[-103.44025,21.47146],[-103.43959,21.46501],[-103.4344,21.47153],[-103.42738,21.47045],[-103.43059,21.46576],[-103.42005,21.45848],[-103.41504,21.45793],[-103.41278,21.46273],[-103.42599,21.46819],[-103.4241,21.47347],[-103.417,21.47004],[-103.41425,21.47296],[-103.42901,21.47629],[-103.43694,21.4743],[-103.43687,21.47688],[-103.44504,21.4767],[-103.44549,21.47983]]],[[[-103.06895,22.44824],[-103.08179,22.44201],[-103.07959,22.43906],[-103.08391,22.43525],[-103.08263,22.43047],[-103.07961,22.43672],[-103.07503,22.43503],[-103.07215,22.44441],[-103.06895,22.44824]]],[[[-103.39591,21.64303],[-103.39038,21.63967],[-103.39016,21.63654],[-103.39608,21.63688],[-103.39783,21.63459],[-103.39489,21.62489],[-103.39217,21.62772],[-103.38962,21.62458],[-103.37808,21.62268],[-103.38543,21.63055],[-103.38589,21.63691],[-103.38012,21.63688],[-103.38057,21.64143],[-103.38577,21.63854],[-103.39284,21.64291],[-103.39591,21.64303]],[[-103.38765,21.63455],[-103.38889,21.63082],[-103.39308,21.63069],[-103.38765,21.63455]]],[[[-103.38883,21.61198],[-103.39272,21.61485],[-103.39401,21.61246],[-103.38883,21.61198]]],[[[-102.96453,21.9988],[-102.96355,22.00037],[-102.97185,22.00304],[-102.97045,21.99672],[-102.96665,21.99759],[-102.9601,21.99541],[-102.96453,21.9988]]],[[[-102.95487,21.99295],[-102.96209,21.9941],[-102.96284,21.99245],[-102.95523,21.98991],[-102.95487,21.99295]]],[[[-102.97324,21.88271],[-102.97259,21.88331],[-102.97237,21.88351],[-102.97141,21.8844],[-102.97493,21.88748],[-102.97208,21.88949],[-102.97537,21.89269],[-102.97304,21.8952],[-102.97735,21.89632],[-102.97949,21.89386],[-102.98525,21.89689],[-102.99234,21.89415],[-102.98866,21.88625],[-102.98759,21.88556],[-102.98241,21.8909],[-102.98603,21.88425],[-102.98535,21.88279],[-102.97849,21.88061],[-102.97697,21.88067],[-102.97591,21.88071],[-102.97463,21.88129],[-102.97324,21.88271]]],[[[-103.84747,23.75862],[-103.84462,23.74953],[-103.84067,23.74781],[-103.8436,23.75584],[-103.84747,23.75862]]],[[[-103.54924,23.93532],[-103.54763,23.93933],[-103.55123,23.93852],[-103.54924,23.93532]]],[[[-103.76943,23.88541],[-103.77244,23.88851],[-103.77471,23.88526],[-103.76943,23.88541]]],[[[-103.65097,23.8311],[-103.65322,23.83334],[-103.6568,23.82996],[-103.64962,23.82565],[-103.65097,23.8311]]],[[[-103.6373,23.80624],[-103.63655,23.81175],[-103.63961,23.81259],[-103.64236,23.80333],[-103.6373,23.80624]]],[[[-103.64121,23.78487],[-103.64385,23.78504],[-103.64365,23.77478],[-103.64052,23.77785],[-103.64121,23.78487]]],[[[-103.75319,23.73406],[-103.74997,23.74055],[-103.75813,23.74004],[-103.75864,23.73331],[-103.75351,23.72854],[-103.75059,23.73045],[-103.75319,23.73406]]],[[[-103.40032,23.65136],[-103.40159,23.65216],[-103.40171,23.65224],[-103.40301,23.65306],[-103.40797,23.6541],[-103.40094,23.64662],[-103.40032,23.65136]]],[[[-103.62583,23.22072],[-103.63308,23.22016],[-103.6309,23.21384],[-103.63493,23.20473],[-103.63188,23.19972],[-103.6294,23.20047],[-103.62607,23.2106],[-103.62109,23.21651],[-103.62583,23.22072]]],[[[-103.63055,23.19163],[-103.62993,23.18809],[-103.62707,23.19037],[-103.63055,23.19163]]],[[[-103.62185,23.18188],[-103.62298,23.18504],[-103.62757,23.1845],[-103.62185,23.18188]]],[[[-103.11678,23.67626],[-103.11667,23.67627],[-103.11621,23.6833],[-103.11839,23.68415],[-103.12591,23.67948],[-103.13312,23.68024],[-103.13251,23.68857],[-103.13726,23.69046],[-103.14286,23.68573],[-103.14677,23.68522],[-103.14702,23.67879],[-103.14122,23.67573],[-103.13686,23.67634],[-103.12764,23.6712],[-103.12564,23.67528],[-103.11797,23.67476],[-103.11678,23.67626]]],[[[-103.22034,23.71609],[-103.21965,23.71992],[-103.2232,23.71976],[-103.22034,23.71609]]],[[[-103.33975,23.6601],[-103.33439,23.6575],[-103.32995,23.65698],[-103.33511,23.66134],[-103.33975,23.6601]]],[[[-103.38003,23.64013],[-103.3802,23.64453],[-103.38412,23.64546],[-103.3833,23.64104],[-103.38003,23.64013]]],[[[-103.13923,23.63445],[-103.12592,23.64208],[-103.12489,23.64596],[-103.13109,23.6494],[-103.13516,23.64949],[-103.13708,23.64437],[-103.14124,23.63973],[-103.13923,23.63445]]],[[[-103.1537,23.63063],[-103.14596,23.63601],[-103.15384,23.63854],[-103.15943,23.63351],[-103.15786,23.62857],[-103.15389,23.63054],[-103.1537,23.63063]]],[[[-103.1714,23.61589],[-103.16538,23.61925],[-103.16351,23.62038],[-103.15959,23.62489],[-103.16217,23.62658],[-103.16706,23.62507],[-103.17292,23.61733],[-103.1714,23.61589]]],[[[-103.11855,23.60239],[-103.12157,23.60806],[-103.1248,23.60026],[-103.13401,23.59349],[-103.13021,23.5929],[-103.11855,23.60239]]],[[[-103.11437,23.61231],[-103.1132,23.6093],[-103.10842,23.61072],[-103.11283,23.61496],[-103.11437,23.61231]]],[[[-103.23975,23.61125],[-103.24204,23.61185],[-103.24543,23.60748],[-103.25434,23.60851],[-103.25467,23.60855],[-103.25591,23.60869],[-103.25911,23.60906],[-103.26007,23.60848],[-103.25061,23.59964],[-103.24501,23.59632],[-103.23808,23.60305],[-103.23446,23.60298],[-103.23701,23.61053],[-103.23975,23.61125]]],[[[-103.20181,23.60646],[-103.19988,23.60361],[-103.19545,23.60522],[-103.20181,23.60646]]],[[[-103.19748,23.63424],[-103.20064,23.63354],[-103.20233,23.6285],[-103.20679,23.62811],[-103.20309,23.61906],[-103.19681,23.61709],[-103.19535,23.6202],[-103.19742,23.62844],[-103.19748,23.63424]]],[[[-103.14686,23.63811],[-103.1421,23.64136],[-103.1438,23.64575],[-103.14729,23.64472],[-103.14686,23.63811]]],[[[-103.21565,23.58795],[-103.21979,23.589],[-103.2123,23.58178],[-103.21003,23.5857],[-103.21565,23.58795]]],[[[-102.99756,23.58789],[-102.99097,23.59218],[-103.00076,23.59156],[-103.00091,23.5862],[-102.99756,23.58789]]],[[[-102.96017,23.57535],[-102.96191,23.57084],[-102.96748,23.56957],[-102.96417,23.54895],[-102.96006,23.54884],[-102.96004,23.56508],[-102.96337,23.56486],[-102.96012,23.56923],[-102.96017,23.57535]]],[[[-103.2669,23.55323],[-103.27087,23.5466],[-103.26309,23.55002],[-103.2669,23.55323]]],[[[-103.32244,23.55678],[-103.32494,23.55928],[-103.32589,23.55525],[-103.32191,23.5514],[-103.31453,23.55414],[-103.31523,23.55764],[-103.31829,23.55531],[-103.32244,23.55678]]],[[[-103.00499,23.86966],[-103.00337,23.873],[-102.99697,23.87701],[-102.99446,23.88338],[-102.99617,23.88804],[-102.99733,23.87911],[-103.00191,23.87968],[-103.00681,23.87558],[-103.00905,23.8738],[-103.00499,23.86966]]],[[[-102.99038,23.86472],[-102.98379,23.86775],[-102.98094,23.86648],[-102.9783,23.87306],[-102.98017,23.87611],[-102.98495,23.87731],[-102.97693,23.87857],[-102.97126,23.88504],[-102.9836,23.88486],[-102.98635,23.88081],[-102.98717,23.87927],[-102.98735,23.87818],[-102.98768,23.87614],[-102.98822,23.8728],[-102.99512,23.86715],[-102.99833,23.86588],[-102.99962,23.85926],[-102.99191,23.85808],[-102.98766,23.86311],[-102.99038,23.86472]]],[[[-103.04634,23.83047],[-103.04305,23.83213],[-103.04213,23.83275],[-103.04065,23.83387],[-103.03953,23.83711],[-103.03566,23.83767],[-103.02959,23.84463],[-103.0254,23.85221],[-103.0186,23.85561],[-103.02044,23.85763],[-103.0304,23.84863],[-103.02887,23.84698],[-103.03638,23.83891],[-103.04069,23.83922],[-103.04634,23.83047]]],[[[-103.06054,23.82739],[-103.0528,23.82557],[-103.0472,23.82982],[-103.05157,23.82764],[-103.06054,23.82739]]],[[[-103.07082,23.82912],[-103.07327,23.83094],[-103.07648,23.83028],[-103.07931,23.83469],[-103.08443,23.83721],[-103.07908,23.83141],[-103.0797,23.82843],[-103.06957,23.82207],[-103.06745,23.81773],[-103.06874,23.80817],[-103.07177,23.80751],[-103.07321,23.80318],[-103.08041,23.80172],[-103.0855,23.79485],[-103.08415,23.78975],[-103.09023,23.78434],[-103.08131,23.78668],[-103.08028,23.79721],[-103.0687,23.80543],[-103.06787,23.81391],[-103.06307,23.82271],[-103.06627,23.82535],[-103.07082,23.82912]]],[[[-103.09219,23.75921],[-103.08785,23.76658],[-103.08954,23.76985],[-103.09033,23.77139],[-103.09039,23.77282],[-103.09032,23.77762],[-103.09142,23.78008],[-103.09198,23.78062],[-103.09334,23.78193],[-103.09358,23.78216],[-103.10065,23.78378],[-103.09651,23.78225],[-103.09963,23.77662],[-103.09912,23.77386],[-103.10272,23.76755],[-103.10064,23.76763],[-103.09838,23.75868],[-103.09455,23.75951],[-103.09189,23.76453],[-103.09219,23.75921]]],[[[-103.10598,23.74747],[-103.10649,23.75144],[-103.10102,23.7555],[-103.09396,23.75773],[-103.10234,23.75752],[-103.11131,23.75456],[-103.10598,23.74747]]],[[[-103.10822,23.73658],[-103.10773,23.73713],[-103.10772,23.73714],[-103.10506,23.74027],[-103.10822,23.73658]]],[[[-103.05801,23.80797],[-103.05964,23.80658],[-103.05585,23.80444],[-103.05182,23.80849],[-103.05296,23.81077],[-103.05801,23.80797]]],[[[-103.01895,23.84262],[-103.02199,23.83845],[-103.01757,23.83881],[-103.0122,23.83029],[-103.01022,23.83034],[-103.00928,23.84001],[-103.01175,23.8442],[-103.01697,23.84671],[-103.01822,23.84412],[-103.01895,23.84262]]],[[[-103.00033,23.85568],[-103.00415,23.85255],[-102.99854,23.85312],[-102.99572,23.85108],[-102.99318,23.85491],[-102.99755,23.85796],[-103.00033,23.85568]]],[[[-103.10574,23.74562],[-103.10774,23.74119],[-103.11235,23.73845],[-103.11542,23.73393],[-103.10991,23.73535],[-103.10515,23.74094],[-103.10574,23.74562]]],[[[-103.11399,23.73039],[-103.11164,23.73395],[-103.11608,23.73281],[-103.11399,23.73039]]],[[[-103.13554,23.84596],[-103.14053,23.84559],[-103.14011,23.83742],[-103.13745,23.83655],[-103.13554,23.84596]]],[[[-103.12598,23.84745],[-103.13546,23.83826],[-103.12981,23.83607],[-103.13001,23.83937],[-103.1232,23.83896],[-103.12166,23.8417],[-103.12598,23.84745]]],[[[-103.09866,23.71995],[-103.10313,23.71819],[-103.09862,23.71163],[-103.10095,23.70162],[-103.09511,23.71036],[-103.09989,23.71795],[-103.09866,23.71995]]],[[[-101.40909,22.00208],[-101.40759,21.99926],[-101.41347,21.99832],[-101.40271,21.99781],[-101.40238,21.98323],[-101.41615,21.98524],[-101.41558,21.97993],[-101.41215,21.97568],[-101.41529,21.97618],[-101.41729,21.96993],[-101.41403,21.96178],[-101.41596,21.96089],[-101.41385,21.95427],[-101.41654,21.9544],[-101.41621,21.94858],[-101.40938,21.94663],[-101.40512,21.94864],[-101.40465,21.95037],[-101.40463,21.95044],[-101.4043,21.95279],[-101.40406,21.95333],[-101.40402,21.95343],[-101.40382,21.95378],[-101.4029,21.95609],[-101.40354,21.96124],[-101.40061,21.96003],[-101.40065,21.96015],[-101.40092,21.96082],[-101.40093,21.96086],[-101.3986,21.96514],[-101.39834,21.96531],[-101.39548,21.96805],[-101.3976,21.97627],[-101.39659,21.98116],[-101.39854,21.98303],[-101.39851,21.98463],[-101.39709,21.98599],[-101.39465,21.98833],[-101.39593,21.99126],[-101.39178,21.99399],[-101.39333,21.99814],[-101.40263,21.99781],[-101.40314,22.002],[-101.40909,22.00208]],[[-101.40324,21.97875],[-101.40049,21.97547],[-101.40539,21.97365],[-101.40631,21.97715],[-101.40324,21.97875]]],[[[-101.68647,22.30781],[-101.68601,22.31307],[-101.69052,22.31202],[-101.68993,22.30045],[-101.6877,22.30001],[-101.68647,22.30781]]],[[[-101.65858,22.29351],[-101.65571,22.29076],[-101.65872,22.28695],[-101.65572,22.2828],[-101.64582,22.28589],[-101.6488,22.28722],[-101.65249,22.28401],[-101.65468,22.29312],[-101.65858,22.29351]]],[[[-101.67598,22.25063],[-101.68,22.24872],[-101.6789,22.2371],[-101.67627,22.23457],[-101.68192,22.23493],[-101.67955,22.22985],[-101.67309,22.22975],[-101.67598,22.25063]]],[[[-101.73277,22.25001],[-101.74032,22.24015],[-101.73403,22.23435],[-101.73489,22.2327],[-101.72538,22.22681],[-101.71847,22.22777],[-101.71685,22.23256],[-101.71033,22.22845],[-101.7087,22.23244],[-101.70553,22.23116],[-101.69708,22.24203],[-101.70825,22.24502],[-101.71307,22.24958],[-101.71723,22.24552],[-101.72599,22.23971],[-101.73277,22.25001]]],[[[-101.74965,22.22656],[-101.7499,22.22187],[-101.74553,22.21928],[-101.74329,22.22624],[-101.74965,22.22656]]],[[[-101.73597,22.21324],[-101.74414,22.21477],[-101.74359,22.20857],[-101.74663,22.20745],[-101.73781,22.20527],[-101.73597,22.21324]]],[[[-101.47122,22.10747],[-101.47561,22.10766],[-101.48364,22.10128],[-101.48385,22.09393],[-101.48559,22.09078],[-101.48032,22.08947],[-101.47737,22.09248],[-101.46592,22.09335],[-101.46208,22.0962],[-101.4656,22.10149],[-101.47012,22.1007],[-101.4692,22.10698],[-101.47122,22.10747]]],[[[-101.50524,22.04946],[-101.49957,22.04722],[-101.49774,22.04744],[-101.5,22.05398],[-101.49567,22.05829],[-101.49227,22.0577],[-101.49104,22.06622],[-101.50858,22.05682],[-101.50408,22.05414],[-101.50524,22.04946]]],[[[-101.7244,22.03781],[-101.72689,22.03743],[-101.71969,22.03258],[-101.72218,22.02864],[-101.72442,22.03068],[-101.73319,22.0237],[-101.73209,22.01988],[-101.72396,22.02428],[-101.72488,22.00676],[-101.72085,22.00377],[-101.71511,22.00401],[-101.71423,21.99997],[-101.70639,22.00183],[-101.70669,22.01995],[-101.70992,22.02293],[-101.70407,22.02275],[-101.70248,22.02959],[-101.70016,22.02916],[-101.69937,22.04058],[-101.70149,22.04471],[-101.70722,22.04691],[-101.72006,22.04366],[-101.72109,22.03997],[-101.7244,22.03781]]],[[[-101.39157,22.00743],[-101.39083,22.01572],[-101.38758,22.01792],[-101.39196,22.02072],[-101.3918,22.02485],[-101.40256,22.02631],[-101.41086,22.0243],[-101.40946,22.00611],[-101.39157,22.00743]]],[[[-102.49863,23.03636],[-102.48838,23.03784],[-102.48585,23.04274],[-102.48377,23.05179],[-102.48771,23.05147],[-102.49863,23.03636]]],[[[-102.48993,23.02315],[-102.48979,23.02986],[-102.49192,23.03425],[-102.49567,23.03101],[-102.49645,23.03034],[-102.50173,23.02787],[-102.50166,23.03222],[-102.50492,23.02775],[-102.49351,23.02205],[-102.48993,23.02315]]],[[[-102.44746,23.03206],[-102.45669,23.0256],[-102.45581,23.0228],[-102.44742,23.02262],[-102.44746,23.03206]]],[[[-102.3634,22.9959],[-102.35937,22.99821],[-102.36232,23.00495],[-102.36864,23.00344],[-102.3638,23.00048],[-102.3634,22.9959]]],[[[-102.37005,22.99424],[-102.36359,22.99587],[-102.36559,23.00037],[-102.37099,23.00157],[-102.36498,23.0087],[-102.37258,23.00597],[-102.37195,22.99749],[-102.36917,22.99944],[-102.37005,22.99424]]],[[[-102.62568,22.99293],[-102.62826,22.99301],[-102.62851,22.98516],[-102.62576,22.98457],[-102.6226,22.98639],[-102.62239,22.99323],[-102.62568,22.99293]]],[[[-102.62536,23.01712],[-102.62534,23.01857],[-102.62532,23.02044],[-102.62587,23.02088],[-102.62573,23.02506],[-102.62016,23.02743],[-102.61152,23.0269],[-102.61121,23.03729],[-102.61426,23.0374],[-102.61467,23.04109],[-102.61037,23.04713],[-102.61442,23.04849],[-102.60754,23.05143],[-102.61239,23.05279],[-102.61136,23.05981],[-102.61373,23.07086],[-102.61483,23.07532],[-102.6151,23.08165],[-102.61695,23.08731],[-102.61726,23.08806],[-102.62089,23.09042],[-102.62129,23.09065],[-102.62128,23.09067],[-102.61837,23.09507],[-102.61906,23.10019],[-102.62277,23.09832],[-102.62772,23.10152],[-102.62934,23.09935],[-102.62203,23.09451],[-102.62376,23.09229],[-102.62643,23.08891],[-102.62402,23.08736],[-102.6266,23.08387],[-102.62423,23.08229],[-102.62981,23.0747],[-102.63131,23.07736],[-102.62822,23.08164],[-102.63297,23.08483],[-102.64136,23.08405],[-102.64169,23.075],[-102.64379,23.07503],[-102.64364,23.08292],[-102.64533,23.08874],[-102.64117,23.08868],[-102.64116,23.09687],[-102.63901,23.09642],[-102.63711,23.09399],[-102.63756,23.09337],[-102.63196,23.09101],[-102.63106,23.09703],[-102.63355,23.09867],[-102.63012,23.10308],[-102.63731,23.10785],[-102.6348,23.11192],[-102.64061,23.11586],[-102.64252,23.11617],[-102.64862,23.10867],[-102.64942,23.10768],[-102.6553,23.10073],[-102.65505,23.08897],[-102.65313,23.08898],[-102.65333,23.08279],[-102.66327,23.08024],[-102.66014,23.06655],[-102.66034,23.05651],[-102.66196,23.05257],[-102.65839,23.05244],[-102.65848,23.04785],[-102.6526,23.04766],[-102.65262,23.0431],[-102.66235,23.0433],[-102.66116,23.0345],[-102.65675,23.03404],[-102.65736,23.03846],[-102.65082,23.03837],[-102.65071,23.04302],[-102.64495,23.04278],[-102.64653,23.02948],[-102.64666,23.0206],[-102.64835,23.00835],[-102.64474,23.00635],[-102.64307,23.00815],[-102.64219,23.02022],[-102.63918,23.02013],[-102.63982,23.00931],[-102.63466,23.01596],[-102.63463,23.01266],[-102.63821,23.0098],[-102.63856,23.00387],[-102.63561,23.00648],[-102.63452,23.01246],[-102.62812,23.01175],[-102.63041,23.01519],[-102.62537,23.01568],[-102.62536,23.01712]],[[-102.63229,23.06535],[-102.62743,23.06409],[-102.62856,23.06089],[-102.62855,23.0472],[-102.63247,23.04715],[-102.63472,23.04249],[-102.6344,23.04869],[-102.63245,23.04838],[-102.63234,23.05657],[-102.63444,23.05649],[-102.63435,23.06425],[-102.63928,23.0644],[-102.63782,23.07474],[-102.63396,23.07457],[-102.63229,23.06535]],[[-102.64453,23.05716],[-102.65039,23.05668],[-102.65015,23.06138],[-102.6443,23.06101],[-102.64453,23.05716]],[[-102.63661,23.05465],[-102.63449,23.05095],[-102.6401,23.05189],[-102.6402,23.06092],[-102.63622,23.06076],[-102.63661,23.05465]]],[[[-102.59769,23.0616],[-102.60161,23.06466],[-102.60533,23.06047],[-102.60147,23.05724],[-102.59769,23.0616]]],[[[-102.59957,23.02965],[-102.59919,23.03692],[-102.60142,23.03707],[-102.60175,23.02615],[-102.59957,23.02965]]],[[[-102.62145,23.01592],[-102.62152,23.01363],[-102.61359,23.01343],[-102.61329,23.01576],[-102.62145,23.01592]]],[[[-102.37413,23.03452],[-102.37636,23.03192],[-102.37059,23.02962],[-102.36956,23.03246],[-102.37413,23.03452]]],[[[-102.40404,23.04908],[-102.4156,23.0512],[-102.41562,23.04651],[-102.41137,23.04589],[-102.41301,23.04135],[-102.40704,23.04017],[-102.40404,23.04908]]],[[[-102.17025,22.68725],[-102.17275,22.68478],[-102.17603,22.68549],[-102.18178,22.6843],[-102.17793,22.68037],[-102.17472,22.68398],[-102.16772,22.68082],[-102.16962,22.68807],[-102.17025,22.68725]]],[[[-102.10617,22.52623],[-102.10255,22.52568],[-102.0985,22.52506],[-102.09008,22.52383],[-102.07721,22.52429],[-102.07719,22.52435],[-102.07626,22.528],[-102.0769,22.53358],[-102.06788,22.53117],[-102.07143,22.52814],[-102.06875,22.52652],[-102.06721,22.52558],[-102.06449,22.52326],[-102.0599,22.52391],[-102.05765,22.52783],[-102.05831,22.53566],[-102.08173,22.53642],[-102.08859,22.54769],[-102.08817,22.54986],[-102.08721,22.55408],[-102.09115,22.55307],[-102.09366,22.549],[-102.09118,22.53996],[-102.08702,22.53408],[-102.10068,22.534],[-102.10165,22.53398],[-102.10494,22.53392],[-102.11116,22.52706],[-102.10617,22.52623]]],[[[-102.29413,22.55854],[-102.29491,22.55048],[-102.29144,22.54874],[-102.29106,22.54415],[-102.28752,22.54402],[-102.28814,22.53853],[-102.27436,22.53402],[-102.27611,22.52892],[-102.27512,22.5191],[-102.27248,22.51782],[-102.27347,22.51204],[-102.27449,22.50606],[-102.26971,22.49508],[-102.26922,22.49376],[-102.26884,22.49273],[-102.27011,22.49969],[-102.26495,22.4968],[-102.26776,22.49503],[-102.26841,22.48938],[-102.26831,22.48814],[-102.26825,22.48728],[-102.26763,22.47901],[-102.264,22.47552],[-102.26279,22.4764],[-102.25676,22.48009],[-102.25686,22.48481],[-102.25911,22.48213],[-102.26323,22.48625],[-102.25674,22.48626],[-102.25698,22.49268],[-102.25697,22.49305],[-102.25682,22.50033],[-102.2568,22.50122],[-102.25675,22.50372],[-102.25671,22.50587],[-102.25663,22.50963],[-102.25855,22.51246],[-102.25263,22.53353],[-102.2506,22.53667],[-102.25161,22.55966],[-102.25363,22.56459],[-102.25703,22.56236],[-102.26077,22.56829],[-102.26115,22.57262],[-102.26762,22.57102],[-102.27108,22.57314],[-102.27309,22.56251],[-102.27492,22.57147],[-102.26838,22.57545],[-102.27544,22.57455],[-102.2828,22.57531],[-102.28594,22.57769],[-102.28634,22.57373],[-102.29281,22.57198],[-102.30431,22.57231],[-102.30171,22.56886],[-102.29362,22.56428],[-102.29413,22.55854]],[[-102.26401,22.5111],[-102.26713,22.51154],[-102.26777,22.51902],[-102.26454,22.51746],[-102.26226,22.51071],[-102.26382,22.51106],[-102.26401,22.5111]]],[[[-102.33146,22.65386],[-102.34687,22.65205],[-102.34705,22.64817],[-102.34099,22.64663],[-102.34056,22.64156],[-102.33545,22.6404],[-102.33541,22.64792],[-102.33074,22.64997],[-102.33146,22.65386]]],[[[-102.23194,22.62241],[-102.24149,22.62207],[-102.24634,22.62335],[-102.24886,22.62701],[-102.25324,22.62708],[-102.2544,22.63229],[-102.25193,22.64037],[-102.2417,22.64037],[-102.23632,22.63862],[-102.23591,22.64186],[-102.23503,22.64737],[-102.2592,22.65203],[-102.26036,22.64518],[-102.25846,22.64398],[-102.25906,22.62683],[-102.25347,22.62484],[-102.26177,22.62294],[-102.25224,22.6089],[-102.23463,22.60754],[-102.22956,22.61013],[-102.23092,22.61526],[-102.22909,22.62103],[-102.23194,22.62241]]],[[[-102.32334,22.60595],[-102.32464,22.60342],[-102.32196,22.60108],[-102.31762,22.60185],[-102.31293,22.59874],[-102.31683,22.59615],[-102.32246,22.59663],[-102.32092,22.58548],[-102.31636,22.58506],[-102.31709,22.57928],[-102.31056,22.57865],[-102.30997,22.59028],[-102.30559,22.59228],[-102.30557,22.5972],[-102.30189,22.59633],[-102.30172,22.59844],[-102.3066,22.60265],[-102.30935,22.60584],[-102.31248,22.60559],[-102.31319,22.60554],[-102.32046,22.60861],[-102.32334,22.60595]]],[[[-102.25052,22.58695],[-102.25042,22.5822],[-102.24669,22.57797],[-102.24189,22.5834],[-102.2473,22.59439],[-102.25015,22.59176],[-102.25052,22.58695]]],[[[-102.24096,22.57715],[-102.23828,22.58237],[-102.24084,22.58304],[-102.24343,22.57791],[-102.24096,22.57715]]],[[[-102.26555,22.58167],[-102.2751,22.58188],[-102.27152,22.57858],[-102.26689,22.5777],[-102.26555,22.58167]]],[[[-102.2757,22.61101],[-102.26784,22.60959],[-102.26803,22.62503],[-102.27747,22.6251],[-102.27737,22.62185],[-102.27265,22.62123],[-102.27369,22.61481],[-102.2757,22.61101]]],[[[-102.31814,22.6191],[-102.32154,22.61906],[-102.31981,22.61504],[-102.31814,22.6191]]],[[[-102.32983,22.57283],[-102.3216,22.56956],[-102.32062,22.57338],[-102.32961,22.57375],[-102.32983,22.57283]]],[[[-102.24509,22.5655],[-102.24474,22.5698],[-102.24467,22.57016],[-102.24452,22.57089],[-102.24685,22.57098],[-102.24509,22.5655]]],[[[-101.88868,22.32681],[-101.88906,22.32697],[-101.89034,22.32753],[-101.8907,22.32766],[-101.893,22.32767],[-101.88936,22.32652],[-101.88747,22.3192],[-101.88357,22.32542],[-101.88255,22.32965],[-101.87649,22.32932],[-101.86937,22.3375],[-101.87953,22.33595],[-101.88868,22.32681]]],[[[-101.96343,22.35292],[-101.96662,22.35306],[-101.97845,22.35343],[-101.98482,22.35358],[-102.0084,22.35383],[-102.00904,22.3814],[-102.02069,22.38151],[-102.02078,22.38315],[-102.03867,22.38318],[-102.04499,22.37768],[-102.04604,22.38118],[-102.0557,22.38112],[-102.05502,22.37566],[-102.05851,22.37559],[-102.06113,22.37903],[-102.07005,22.38137],[-102.07139,22.38577],[-102.07931,22.38613],[-102.08583,22.38817],[-102.086,22.38339],[-102.08877,22.3726],[-102.0889,22.37137],[-102.0858,22.37013],[-102.08545,22.36619],[-102.0886,22.36747],[-102.08694,22.3643],[-102.08407,22.36088],[-102.08631,22.35666],[-102.08466,22.34915],[-102.08217,22.34892],[-102.08262,22.33776],[-102.08016,22.33227],[-102.08037,22.32654],[-102.07997,22.32341],[-102.07628,22.32092],[-102.08015,22.31851],[-102.07536,22.31586],[-102.0793,22.31208],[-102.07294,22.30977],[-102.07562,22.30607],[-102.07368,22.30541],[-102.07221,22.30491],[-102.07028,22.30775],[-102.07045,22.31584],[-102.06881,22.31902],[-102.06121,22.32349],[-102.05728,22.3243],[-102.05437,22.31994],[-102.05408,22.31966],[-102.05131,22.317],[-102.04032,22.31177],[-102.03671,22.30453],[-102.0302,22.30351],[-102.02295,22.30724],[-102.02207,22.3135],[-102.01623,22.31931],[-102.01203,22.32852],[-102.00713,22.32842],[-102.00254,22.3318],[-101.99981,22.32211],[-101.99746,22.32695],[-101.99055,22.32458],[-101.9773,22.33032],[-101.96841,22.32372],[-101.96726,22.32762],[-101.97318,22.32782],[-101.97287,22.33973],[-101.97935,22.33941],[-101.97776,22.34921],[-101.96287,22.34898],[-101.96332,22.32746],[-101.96551,22.32425],[-101.95872,22.32913],[-101.9531,22.32815],[-101.9533,22.33173],[-101.95666,22.33225],[-101.95712,22.3386],[-101.95367,22.34803],[-101.94996,22.35232],[-101.95581,22.35263],[-101.96343,22.35292]],[[-102.05881,22.34743],[-102.06117,22.34038],[-102.06347,22.34487],[-102.06991,22.34481],[-102.06847,22.35439],[-102.06206,22.35257],[-102.05881,22.34743]],[[-101.98804,22.34561],[-101.9859,22.33898],[-101.98371,22.33912],[-101.98393,22.3328],[-101.99814,22.33325],[-101.99882,22.33536],[-101.99027,22.33579],[-101.98804,22.34561]],[[-102.04959,22.33684],[-102.04315,22.33543],[-102.03751,22.33161],[-102.03216,22.33169],[-102.03461,22.32186],[-102.04013,22.33083],[-102.04716,22.33159],[-102.05132,22.33583],[-102.04959,22.33684]]],[[[-101.9667,22.36001],[-101.96791,22.36839],[-101.97533,22.36964],[-101.97447,22.36055],[-101.9667,22.36001]]],[[[-101.93095,22.3561],[-101.93606,22.35494],[-101.92919,22.35216],[-101.9172,22.35295],[-101.92227,22.35557],[-101.92635,22.35435],[-101.93095,22.3561]]],[[[-102.85882,21.2707],[-102.85836,21.27079],[-102.86036,21.27327],[-102.86203,21.27243],[-102.85882,21.2707]]],[[[-102.86346,21.26121],[-102.86239,21.26255],[-102.86624,21.26405],[-102.86201,21.26847],[-102.86536,21.27284],[-102.86771,21.26836],[-102.86674,21.26146],[-102.86874,21.25954],[-102.87495,21.26329],[-102.87345,21.26823],[-102.87884,21.27191],[-102.8829,21.26931],[-102.87829,21.26799],[-102.87686,21.2583],[-102.86632,21.25784],[-102.86346,21.26121]]],[[[-102.86924,21.3781],[-102.86,21.37482],[-102.85575,21.37119],[-102.86341,21.37947],[-102.86255,21.38105],[-102.86935,21.38051],[-102.86924,21.3781]]],[[[-102.85224,21.35272],[-102.85568,21.358],[-102.85686,21.35959],[-102.86184,21.36207],[-102.8623,21.35797],[-102.85598,21.35687],[-102.85224,21.35272]]],[[[-102.85483,21.33156],[-102.85056,21.33849],[-102.84618,21.34167],[-102.85215,21.35261],[-102.84929,21.34161],[-102.85612,21.34027],[-102.85408,21.33889],[-102.85483,21.33156]]],[[[-102.81673,21.35173],[-102.81699,21.35166],[-102.81426,21.35116],[-102.8154,21.35151],[-102.81673,21.35173]]],[[[-102.81089,21.35429],[-102.80276,21.35265],[-102.8018,21.35646],[-102.81089,21.35429]]],[[[-102.81919,21.35549],[-102.81775,21.35388],[-102.81105,21.35428],[-102.81919,21.35549]]],[[[-102.81945,21.36648],[-102.82215,21.3658],[-102.82045,21.35799],[-102.81746,21.35607],[-102.80838,21.3549],[-102.81379,21.3628],[-102.81817,21.36248],[-102.81945,21.36648]]],[[[-102.90891,21.30479],[-102.90583,21.30909],[-102.91395,21.30902],[-102.91458,21.30018],[-102.90905,21.29325],[-102.90737,21.29899],[-102.91146,21.29966],[-102.90891,21.30479]]],[[[-102.89914,21.28189],[-102.90263,21.27953],[-102.89919,21.27841],[-102.89914,21.28189]]],[[[-102.73841,22.87819],[-102.74041,22.8783],[-102.74279,22.87843],[-102.74409,22.87846],[-102.74468,22.8751],[-102.73608,22.87481],[-102.73841,22.87819]]],[[[-102.67047,22.86367],[-102.66714,22.87177],[-102.66915,22.87053],[-102.67346,22.86441],[-102.67047,22.86367]]],[[[-102.66902,22.88274],[-102.66918,22.87843],[-102.6593,22.87724],[-102.65903,22.87253],[-102.65615,22.87986],[-102.66556,22.88225],[-102.66902,22.88274]]],[[[-102.65377,22.86338],[-102.6556,22.86766],[-102.6568,22.86362],[-102.65377,22.86338]]],[[[-103.26711,21.97368],[-103.26712,21.97369],[-103.26735,21.9742],[-103.26866,21.97568],[-103.26932,21.97602],[-103.27015,21.97644],[-103.27052,21.97678],[-103.27091,21.97715],[-103.27695,21.9896],[-103.27728,21.98981],[-103.27822,21.98969],[-103.28408,21.98498],[-103.28598,21.98354],[-103.28755,21.98234],[-103.28521,21.97562],[-103.28835,21.97242],[-103.29188,21.97876],[-103.2952,21.97611],[-103.29246,21.9749],[-103.2924,21.9665],[-103.2883,21.96882],[-103.28235,21.96664],[-103.28507,21.96446],[-103.29065,21.96691],[-103.29222,21.96063],[-103.28296,21.96533],[-103.2791,21.96409],[-103.27335,21.96736],[-103.2704,21.97249],[-103.26711,21.97368]]],[[[-103.26155,21.97177],[-103.26165,21.97187],[-103.26184,21.97226],[-103.26332,21.97198],[-103.26351,21.97194],[-103.26424,21.97181],[-103.26472,21.97185],[-103.26509,21.97216],[-103.26611,21.97276],[-103.26968,21.97189],[-103.2771,21.96085],[-103.27329,21.96471],[-103.27239,21.9621],[-103.26485,21.96048],[-103.26586,21.96374],[-103.27228,21.96456],[-103.26579,21.96692],[-103.26155,21.97177]]],[[[-103.27937,21.96166],[-103.2868,21.95914],[-103.29612,21.9519],[-103.30012,21.95068],[-103.29693,21.94643],[-103.29138,21.95205],[-103.28876,21.9515],[-103.27937,21.96166]]],[[[-103.2768,21.95894],[-103.28654,21.9517],[-103.28253,21.9483],[-103.27191,21.95],[-103.27673,21.95456],[-103.2768,21.95894]]],[[[-103.30139,21.94664],[-103.30443,21.94824],[-103.30803,21.942],[-103.30804,21.9384],[-103.31263,21.9315],[-103.30475,21.93827],[-103.30139,21.94664]]],[[[-103.31373,21.93076],[-103.31892,21.92358],[-103.3134,21.91554],[-103.31261,21.91106],[-103.30556,21.91165],[-103.30593,21.91507],[-103.31744,21.92316],[-103.31244,21.92942],[-103.31373,21.93076]]],[[[-103.48541,24.30686],[-103.48607,24.30006],[-103.49685,24.29837],[-103.50329,24.29626],[-103.50375,24.29475],[-103.50069,24.29538],[-103.482,24.29505],[-103.47898,24.29608],[-103.47552,24.30608],[-103.4808,24.30889],[-103.48161,24.31305],[-103.4783,24.31592],[-103.48184,24.31871],[-103.48406,24.31834],[-103.48634,24.31218],[-103.48629,24.31209],[-103.4865,24.31017],[-103.48541,24.30966],[-103.48491,24.30867],[-103.48541,24.30686]]],[[[-103.56953,24.18345],[-103.5802,24.17975],[-103.57911,24.17854],[-103.57964,24.17837],[-103.58716,24.17054],[-103.58366,24.16884],[-103.56907,24.16524],[-103.56684,24.1584],[-103.57318,24.14684],[-103.57681,24.13825],[-103.58498,24.1336],[-103.59411,24.12765],[-103.59268,24.12088],[-103.59486,24.11551],[-103.58913,24.11468],[-103.58212,24.11654],[-103.57649,24.12466],[-103.57495,24.1209],[-103.56909,24.12333],[-103.56363,24.13008],[-103.56783,24.12908],[-103.56468,24.13302],[-103.56166,24.14528],[-103.56141,24.15512],[-103.55639,24.15722],[-103.55158,24.16231],[-103.55512,24.17575],[-103.55821,24.18192],[-103.55898,24.18739],[-103.56198,24.19136],[-103.56511,24.18682],[-103.56953,24.18345]]],[[[-103.40342,24.07737],[-103.38968,24.08307],[-103.38501,24.07688],[-103.37577,24.07706],[-103.36868,24.07965],[-103.366,24.07827],[-103.36442,24.07148],[-103.35203,24.08355],[-103.34449,24.0753],[-103.3381,24.08166],[-103.34702,24.09211],[-103.3492,24.09487],[-103.35431,24.10126],[-103.37154,24.11533],[-103.36694,24.11804],[-103.3667,24.12088],[-103.37076,24.12675],[-103.37619,24.12215],[-103.38453,24.12438],[-103.38687,24.12178],[-103.39202,24.12195],[-103.39247,24.11882],[-103.3991,24.11895],[-103.39979,24.11295],[-103.42781,24.11333],[-103.4267,24.11576],[-103.4342,24.11794],[-103.43629,24.11354],[-103.44943,24.11347],[-103.4471,24.10889],[-103.44646,24.10104],[-103.43752,24.10097],[-103.43573,24.09088],[-103.43085,24.0908],[-103.43003,24.08674],[-103.42535,24.08373],[-103.42515,24.07817],[-103.42272,24.07541],[-103.40829,24.07629],[-103.40839,24.06389],[-103.41088,24.06199],[-103.40973,24.06089],[-103.39843,24.06795],[-103.40347,24.07468],[-103.40342,24.07737]],[[-103.39705,24.10328],[-103.39509,24.10009],[-103.41221,24.10009],[-103.40856,24.10193],[-103.39691,24.1008],[-103.39705,24.10328]],[[-103.4153,24.1054],[-103.42034,24.10288],[-103.42033,24.10638],[-103.4153,24.1054]],[[-103.39386,24.10274],[-103.38982,24.10003],[-103.39476,24.10006],[-103.39386,24.10274]],[[-103.41638,24.0997],[-103.3969,24.09895],[-103.40318,24.09666],[-103.41636,24.09815],[-103.41638,24.0997]],[[-103.3869,24.09887],[-103.38589,24.09404],[-103.39014,24.0971],[-103.39677,24.09349],[-103.39651,24.09889],[-103.3869,24.09887]],[[-103.36713,24.08737],[-103.36262,24.08424],[-103.36607,24.08346],[-103.36713,24.08737]]],[[[-103.67488,24.1128],[-103.68099,24.11372],[-103.68924,24.11287],[-103.68727,24.1103],[-103.67488,24.1128]]],[[[-103.64136,24.09199],[-103.65205,24.09787],[-103.65011,24.09382],[-103.64715,24.09414],[-103.64566,24.09021],[-103.64136,24.09199]]],[[[-103.62982,24.09195],[-103.6316,24.0937],[-103.63694,24.0919],[-103.62982,24.09195]]],[[[-103.60764,24.10893],[-103.61058,24.10148],[-103.61886,24.09681],[-103.60745,24.10279],[-103.60764,24.10893]]],[[[-103.47062,24.32108],[-103.47031,24.32078],[-103.47062,24.32108],[-103.47104,24.32142],[-103.47135,24.32153],[-103.47103,24.3213],[-103.47062,24.32108]]],[[[-103.46893,24.32042],[-103.46921,24.32057],[-103.46936,24.32065],[-103.46984,24.32068],[-103.46893,24.32042]]],[[[-103.39365,24.15232],[-103.4009,24.14521],[-103.38852,24.14496],[-103.38836,24.14865],[-103.38425,24.15211],[-103.39328,24.15231],[-103.39365,24.15232]]],[[[-103.38563,24.23503],[-103.38768,24.23389],[-103.38351,24.22765],[-103.37911,24.23014],[-103.38563,24.23503]]],[[[-101.57236,24.84201],[-101.5786,24.84192],[-101.58231,24.83784],[-101.57212,24.8405],[-101.57236,24.84201]]],[[[-101.58995,24.82558],[-101.59422,24.8253],[-101.59869,24.82082],[-101.58878,24.82428],[-101.58995,24.82558]]],[[[-102.04031,24.20792],[-102.03972,24.21355],[-102.04597,24.21402],[-102.0434,24.20818],[-102.04031,24.20792]]],[[[-102.02691,24.20331],[-102.02333,24.20329],[-102.02313,24.2101],[-102.03052,24.21033],[-102.03098,24.20335],[-102.02691,24.20331]]],[[[-101.39156,24.10705],[-101.38998,24.11177],[-101.39366,24.11261],[-101.39456,24.1074],[-101.39156,24.10705]]],[[[-102.25441,22.43755],[-102.25925,22.43921],[-102.26432,22.43763],[-102.2644,22.43349],[-102.26187,22.42083],[-102.25949,22.41622],[-102.2638,22.40911],[-102.2639,22.40895],[-102.25394,22.39427],[-102.25072,22.38803],[-102.25044,22.38767],[-102.25029,22.38748],[-102.24997,22.38729],[-102.24964,22.38714],[-102.24943,22.38668],[-102.24908,22.38609],[-102.24898,22.38579],[-102.24274,22.37874],[-102.24255,22.37884],[-102.23872,22.38089],[-102.24104,22.38315],[-102.23933,22.38803],[-102.24184,22.39901],[-102.23516,22.39814],[-102.23251,22.40287],[-102.23006,22.40162],[-102.22706,22.40678],[-102.22097,22.40624],[-102.21832,22.41031],[-102.21561,22.40969],[-102.21412,22.41511],[-102.22468,22.41617],[-102.22869,22.40929],[-102.23917,22.41195],[-102.23888,22.41755],[-102.24546,22.41806],[-102.24623,22.4253],[-102.25706,22.42347],[-102.25787,22.42671],[-102.25283,22.43143],[-102.25441,22.43755]]],[[[-102.18897,22.3994],[-102.19447,22.40143],[-102.19706,22.39936],[-102.199,22.38875],[-102.18864,22.38889],[-102.18665,22.39366],[-102.17669,22.3928],[-102.17666,22.40018],[-102.1865,22.40114],[-102.18897,22.3994]]],[[[-102.20869,22.39383],[-102.21209,22.39505],[-102.21288,22.38999],[-102.20321,22.38825],[-102.20222,22.3929],[-102.20869,22.39383]]],[[[-102.21491,22.40014],[-102.21746,22.40148],[-102.22028,22.39664],[-102.22511,22.39894],[-102.22758,22.3945],[-102.22047,22.39065],[-102.21491,22.40014]]],[[[-101.91522,22.2517],[-101.91737,22.25386],[-101.91946,22.25032],[-101.91616,22.24822],[-101.91522,22.2517]]],[[[-101.85821,22.23814],[-101.86277,22.23154],[-101.85989,22.22918],[-101.85926,22.23465],[-101.85592,22.23439],[-101.85821,22.23814]]],[[[-103.42761,24.3846],[-103.4277,24.38427],[-103.42766,24.38423],[-103.42688,24.3835],[-103.42634,24.383],[-103.42454,24.37972],[-103.42014,24.38409],[-103.42195,24.38964],[-103.42761,24.3846]]],[[[-103.42105,24.42165],[-103.42466,24.41555],[-103.4221,24.41605],[-103.42105,24.42165]]],[[[-103.85832,23.30424],[-103.85952,23.30208],[-103.85395,23.29542],[-103.84855,23.29474],[-103.85302,23.30369],[-103.85549,23.3046],[-103.85832,23.30424]]],[[[-103.07269,22.57396],[-103.0705,22.57745],[-103.06294,22.5786],[-103.06254,22.58353],[-103.07569,22.576],[-103.07269,22.57396]]],[[[-102.9523,22.81443],[-102.94686,22.81199],[-102.94653,22.81524],[-102.94924,22.81748],[-102.94769,22.82044],[-102.94795,22.8224],[-102.95028,22.8196],[-102.9523,22.81443]]],[[[-102.95089,22.81102],[-102.95074,22.81069],[-102.95042,22.80996],[-102.94956,22.80803],[-102.94942,22.80771],[-102.95097,22.79933],[-102.95198,22.79581],[-102.95408,22.79108],[-102.94701,22.79435],[-102.9458,22.80098],[-102.9471,22.81086],[-102.95089,22.81102]]],[[[-102.95487,22.7879],[-102.95639,22.78376],[-102.95634,22.78255],[-102.95608,22.77921],[-102.95611,22.77916],[-102.95719,22.77723],[-102.9582,22.77119],[-102.95825,22.77017],[-102.95825,22.77014],[-102.95835,22.76797],[-102.95838,22.76752],[-102.9584,22.76705],[-102.95865,22.76179],[-102.95894,22.75932],[-102.95971,22.75337],[-102.96087,22.74854],[-102.95664,22.75098],[-102.95239,22.75835],[-102.95415,22.76316],[-102.95359,22.77085],[-102.95381,22.77165],[-102.95406,22.77258],[-102.9543,22.77344],[-102.95542,22.78047],[-102.95236,22.78775],[-102.94773,22.79315],[-102.95487,22.7879]]],[[[-102.9654,22.74091],[-102.96517,22.74017],[-102.96505,22.73991],[-102.96392,22.73999],[-102.9654,22.74091]]],[[[-103.07242,22.69524],[-103.06947,22.70081],[-103.0735,22.69921],[-103.07242,22.69524]]],[[[-102.98761,22.61801],[-102.99196,22.61067],[-102.98682,22.6092],[-102.98531,22.61483],[-102.98761,22.61801]]],[[[-103.05504,22.61778],[-103.04965,22.61658],[-103.04866,22.61809],[-103.04868,22.61881],[-103.05348,22.62053],[-103.05504,22.61778]]],[[[-102.95334,22.79857],[-102.95184,22.80243],[-102.95067,22.80616],[-102.95293,22.81033],[-102.95368,22.80154],[-102.95334,22.79857]]],[[[-102.95371,22.8173],[-102.95496,22.81564],[-102.95536,22.81435],[-102.95378,22.81523],[-102.95371,22.8173]]],[[[-102.85257,21.72159],[-102.8541,21.71844],[-102.85032,21.71406],[-102.84819,21.71813],[-102.84379,21.71728],[-102.84378,21.71753],[-102.84409,21.718],[-102.8338,21.72284],[-102.84558,21.7253],[-102.84218,21.72742],[-102.84651,21.72978],[-102.85045,21.7241],[-102.84722,21.71992],[-102.84757,21.71982],[-102.8478,21.71983],[-102.8482,21.71984],[-102.84997,21.71591],[-102.85257,21.72159]]],[[[-102.83905,21.70299],[-102.83863,21.70109],[-102.83743,21.6994],[-102.83726,21.69885],[-102.83461,21.69751],[-102.83503,21.69774],[-102.83558,21.69803],[-102.83059,21.70445],[-102.83367,21.70955],[-102.83952,21.711],[-102.84079,21.70436],[-102.83905,21.70299]]],[[[-103.03695,21.70912],[-103.03901,21.71047],[-103.04232,21.70654],[-103.03695,21.70912]]],[[[-102.85661,21.68651],[-102.86207,21.68662],[-102.86458,21.68441],[-102.86191,21.679],[-102.85661,21.68651]]],[[[-102.93133,21.65564],[-102.93518,21.65003],[-102.93196,21.65011],[-102.93133,21.65564]]],[[[-102.89867,21.64391],[-102.90263,21.6406],[-102.89918,21.63648],[-102.89867,21.64391]]],[[[-102.89121,21.66734],[-102.89428,21.67073],[-102.89697,21.66768],[-102.89121,21.66734]]],[[[-102.84299,21.73372],[-102.84548,21.73093],[-102.83939,21.72857],[-102.83776,21.73206],[-102.84299,21.73372]]],[[[-102.83333,21.74008],[-102.8428,21.73393],[-102.83571,21.73651],[-102.82964,21.73472],[-102.83361,21.73269],[-102.82952,21.73136],[-102.82738,21.73507],[-102.8316,21.73629],[-102.83333,21.74008]]],[[[-102.83056,21.74143],[-102.83296,21.74026],[-102.83137,21.7371],[-102.82545,21.73792],[-102.83056,21.74143]]],[[[-102.82766,21.7455],[-102.82803,21.74328],[-102.82504,21.73948],[-102.81875,21.73573],[-102.82134,21.74188],[-102.82766,21.7455]]],[[[-102.82732,21.74759],[-102.82758,21.74599],[-102.82273,21.74395],[-102.82391,21.75054],[-102.82732,21.74759]]],[[[-102.87337,21.79593],[-102.8783,21.79866],[-102.8843,21.80445],[-102.88506,21.80075],[-102.88267,21.79674],[-102.88881,21.79489],[-102.88462,21.79245],[-102.88081,21.79557],[-102.8778,21.79314],[-102.87299,21.7955],[-102.87337,21.79593]]],[[[-102.85365,21.79391],[-102.86089,21.79099],[-102.85886,21.78623],[-102.85942,21.77903],[-102.85686,21.78359],[-102.85823,21.78786],[-102.85365,21.79391]]],[[[-102.9904,21.82866],[-102.99373,21.82923],[-102.99475,21.83078],[-102.99946,21.83552],[-103.00154,21.83628],[-103.00346,21.83699],[-103.00778,21.83746],[-103.01359,21.83684],[-103.01379,21.83987],[-103.01929,21.83961],[-103.01617,21.84284],[-103.0201,21.84242],[-103.02005,21.83755],[-103.01376,21.83528],[-103.01209,21.82541],[-103.00301,21.81848],[-102.99198,21.81553],[-102.99377,21.81153],[-102.99133,21.80975],[-102.98875,21.80912],[-102.98711,21.80868],[-102.98524,21.80814],[-102.98229,21.81053],[-102.98088,21.80688],[-102.97883,21.80802],[-102.97805,21.80855],[-102.97605,21.81079],[-102.97948,21.81193],[-102.98144,21.82178],[-102.98384,21.82033],[-102.98936,21.82236],[-102.9904,21.82866]]],[[[-102.8245,21.71824],[-102.82973,21.71701],[-102.83043,21.71285],[-102.82685,21.7111],[-102.8234,21.71372],[-102.8245,21.71824]]],[[[-102.38244,22.94441],[-102.38304,22.94819],[-102.38635,22.94418],[-102.38244,22.94441]]],[[[-102.41343,22.92605],[-102.41382,22.9259],[-102.41419,22.92387],[-102.41343,22.92605]]],[[[-102.41324,22.92756],[-102.41382,22.92673],[-102.41337,22.92655],[-102.41324,22.92756]]],[[[-102.40471,22.94547],[-102.40966,22.94255],[-102.41132,22.93672],[-102.41132,22.93589],[-102.41132,22.93505],[-102.41132,22.93422],[-102.41132,22.93339],[-102.41216,22.92839],[-102.41216,22.92813],[-102.40822,22.92786],[-102.40543,22.9319],[-102.40471,22.94547]]],[[[-102.41129,22.82111],[-102.41173,22.81473],[-102.41503,22.80673],[-102.40871,22.81021],[-102.40741,22.81501],[-102.41105,22.8169],[-102.41129,22.82111]]],[[[-102.33128,22.9125],[-102.33096,22.91632],[-102.3342,22.91437],[-102.33128,22.9125]]],[[[-102.34205,22.91004],[-102.34416,22.90375],[-102.34042,22.90384],[-102.34205,22.91004]]],[[[-102.30286,22.88508],[-102.30466,22.8795],[-102.29875,22.86397],[-102.29523,22.86421],[-102.29344,22.86973],[-102.29943,22.88395],[-102.30286,22.88508]]],[[[-102.28816,22.87953],[-102.28675,22.88025],[-102.28703,22.88092],[-102.28816,22.87953]]],[[[-102.28431,22.87548],[-102.28628,22.8793],[-102.28816,22.87953],[-102.2872,22.87555],[-102.28431,22.87548]]],[[[-102.2795,22.86677],[-102.2821,22.87096],[-102.28599,22.86828],[-102.2795,22.86677]]],[[[-102.33278,22.86295],[-102.33759,22.8624],[-102.33386,22.854],[-102.32235,22.82422],[-102.31918,22.82499],[-102.32037,22.83087],[-102.32434,22.83686],[-102.3255,22.84768],[-102.33107,22.86205],[-102.33278,22.86295]]],[[[-102.27822,22.83967],[-102.27854,22.84065],[-102.2787,22.84115],[-102.28125,22.84283],[-102.28183,22.83524],[-102.27805,22.83914],[-102.27822,22.83967]]],[[[-102.26718,22.8328],[-102.26836,22.82703],[-102.26583,22.82737],[-102.26718,22.8328]]],[[[-102.34664,22.92873],[-102.34529,22.93261],[-102.34938,22.93264],[-102.34664,22.92873]]],[[[-102.16343,22.6889],[-102.16052,22.68692],[-102.15914,22.67986],[-102.16274,22.67353],[-102.15969,22.67606],[-102.15585,22.6737],[-102.15871,22.68784],[-102.16343,22.6889]]],[[[-102.05163,22.67612],[-102.04807,22.67478],[-102.04543,22.68079],[-102.05092,22.68267],[-102.05138,22.67751],[-102.05163,22.67612]]],[[[-102.81684,24.24893],[-102.82342,24.24762],[-102.8252,24.24519],[-102.81848,24.24175],[-102.81684,24.24893]]],[[[-103.20635,24.12169],[-103.20749,24.12287],[-103.21626,24.11545],[-103.20853,24.10669],[-103.20219,24.11361],[-103.19935,24.11878],[-103.20322,24.12238],[-103.20635,24.12169]]],[[[-103.10092,23.9327],[-103.09992,23.93466],[-103.10521,23.93883],[-103.11258,23.93976],[-103.1195,23.94311],[-103.12118,23.9397],[-103.11071,23.93618],[-103.10322,23.93658],[-103.10299,23.93485],[-103.10092,23.9327]]],[[[-102.77232,23.07136],[-102.77246,23.07586],[-102.76677,23.07633],[-102.7667,23.08361],[-102.76148,23.08493],[-102.76213,23.10229],[-102.75007,23.10232],[-102.74999,23.10686],[-102.75526,23.11967],[-102.77252,23.11977],[-102.77996,23.11869],[-102.7798,23.11246],[-102.79491,23.11233],[-102.79558,23.10262],[-102.80293,23.10261],[-102.8001,23.09524],[-102.79471,23.08556],[-102.78577,23.07368],[-102.7795,23.07413],[-102.77941,23.07134],[-102.77232,23.07136]]],[[[-102.72605,23.05046],[-102.72661,23.05181],[-102.72864,23.05668],[-102.73213,23.06224],[-102.73219,23.05767],[-102.73845,23.05595],[-102.74132,23.0472],[-102.73506,23.0444],[-102.72978,23.04623],[-102.72605,23.05046]]],[[[-102.69853,23.01396],[-102.69356,23.00496],[-102.68941,23.00725],[-102.68938,23.00729],[-102.6891,23.00744],[-102.68506,23.00436],[-102.68302,23.00654],[-102.6861,23.01138],[-102.68073,23.01601],[-102.68344,23.02115],[-102.67769,23.02114],[-102.67764,23.02334],[-102.69029,23.02376],[-102.6912,23.02556],[-102.69853,23.01396]]],[[[-102.75758,23.05754],[-102.75856,23.06389],[-102.76706,23.06389],[-102.76629,23.05548],[-102.74776,23.0548],[-102.74772,23.05668],[-102.75758,23.05754]]],[[[-102.80179,23.05843],[-102.80185,23.06216],[-102.80794,23.05846],[-102.80179,23.05843]]],[[[-102.78998,23.04744],[-102.79777,23.04762],[-102.79002,23.04593],[-102.78998,23.04744]]],[[[-102.72824,23.03846],[-102.72431,23.03993],[-102.72565,23.04576],[-102.72858,23.04579],[-102.72824,23.03846]]],[[[-102.75336,23.04357],[-102.75373,23.03739],[-102.75081,23.03734],[-102.75061,23.04194],[-102.75336,23.04357]]],[[[-102.81591,23.03807],[-102.8218,23.04009],[-102.82173,23.03559],[-102.816,23.03501],[-102.81591,23.03807]]],[[[-102.78691,23.03821],[-102.78672,23.04301],[-102.79154,23.04316],[-102.79174,23.03827],[-102.78691,23.03821]]],[[[-102.71319,23.0513],[-102.71654,23.04845],[-102.72533,23.04866],[-102.72413,23.04566],[-102.71437,23.04535],[-102.71319,23.0513]]],[[[-102.7093,23.04471],[-102.70862,23.04827],[-102.71353,23.04835],[-102.71321,23.04274],[-102.71528,23.03961],[-102.70938,23.04151],[-102.7093,23.04471]]],[[[-102.87029,23.5083],[-102.86788,23.51233],[-102.86443,23.51204],[-102.86778,23.51795],[-102.87634,23.51921],[-102.87815,23.51413],[-102.86939,23.51337],[-102.87029,23.5083]]],[[[-102.66746,23.12604],[-102.66978,23.1298],[-102.67594,23.12944],[-102.67947,23.12176],[-102.68512,23.11766],[-102.70235,23.11946],[-102.7071,23.12239],[-102.71833,23.11652],[-102.71634,23.11417],[-102.71648,23.10739],[-102.71287,23.10726],[-102.713,23.10261],[-102.71983,23.10253],[-102.71976,23.08856],[-102.71172,23.08814],[-102.70971,23.09175],[-102.69909,23.09122],[-102.70367,23.08101],[-102.69771,23.07912],[-102.69644,23.07264],[-102.68725,23.0696],[-102.68669,23.07555],[-102.68151,23.08099],[-102.67985,23.08051],[-102.67676,23.09071],[-102.67236,23.08981],[-102.6673,23.0971],[-102.67054,23.09924],[-102.66863,23.10409],[-102.66422,23.10907],[-102.66626,23.11472],[-102.66847,23.11744],[-102.6706,23.12023],[-102.67716,23.1234],[-102.67348,23.12608],[-102.66746,23.12604]]],[[[-102.66089,23.13401],[-102.65779,23.12656],[-102.65723,23.12646],[-102.66089,23.13401]]],[[[-102.66064,23.14254],[-102.66152,23.14127],[-102.66104,23.13576],[-102.65602,23.13611],[-102.65622,23.13859],[-102.66096,23.13949],[-102.66064,23.14254]]],[[[-102.66235,23.18498],[-102.66549,23.17737],[-102.66114,23.18043],[-102.66235,23.18498]]],[[[-102.72508,23.16513],[-102.72808,23.16177],[-102.73252,23.16204],[-102.73302,23.16681],[-102.75027,23.16685],[-102.75027,23.16362],[-102.73936,23.15496],[-102.74206,23.15076],[-102.74207,23.14058],[-102.73232,23.13874],[-102.73373,23.12902],[-102.73999,23.13321],[-102.74021,23.12775],[-102.71992,23.12761],[-102.71896,23.1234],[-102.71541,23.12742],[-102.71688,23.13014],[-102.72366,23.13119],[-102.72652,23.13614],[-102.72357,23.14036],[-102.72472,23.15317],[-102.71966,23.15473],[-102.71332,23.15245],[-102.70936,23.15689],[-102.70258,23.16073],[-102.70573,23.16354],[-102.71514,23.16548],[-102.72508,23.16513]],[[-102.71389,23.16189],[-102.71396,23.15565],[-102.71931,23.15562],[-102.71709,23.15842],[-102.71986,23.16186],[-102.71389,23.16189]]],[[[-102.70524,23.05747],[-102.70401,23.05712],[-102.70047,23.05618],[-102.69817,23.04826],[-102.69441,23.05814],[-102.68878,23.06708],[-102.69742,23.06995],[-102.69965,23.06765],[-102.70833,23.07079],[-102.71211,23.07544],[-102.71594,23.07037],[-102.71069,23.06828],[-102.71556,23.06147],[-102.70524,23.05747]]],[[[-102.91343,23.52737],[-102.91595,23.5333],[-102.92026,23.53328],[-102.92033,23.52673],[-102.91343,23.52737]]],[[[-102.90356,23.51579],[-102.90605,23.51569],[-102.9057,23.50912],[-102.90375,23.50904],[-102.90356,23.51579]]],[[[-102.91223,23.50385],[-102.91624,23.50441],[-102.91676,23.50016],[-102.91285,23.49958],[-102.91223,23.50385]]],[[[-102.90958,23.49738],[-102.91746,23.49781],[-102.91696,23.49356],[-102.90958,23.49738]]],[[[-102.98724,23.45544],[-102.99289,23.45637],[-102.99304,23.45149],[-102.98862,23.45166],[-102.98724,23.45544]]],[[[-102.99754,23.46707],[-103.00117,23.46836],[-103.0048,23.46207],[-102.9997,23.46175],[-102.99825,23.4575],[-102.99393,23.45904],[-102.99754,23.46707]]],[[[-103.01554,23.4453],[-103.02223,23.44183],[-103.01546,23.44191],[-103.01554,23.4453]]],[[[-102.83359,23.43371],[-102.83672,23.43185],[-102.8352,23.42987],[-102.82894,23.42982],[-102.82916,23.43353],[-102.83359,23.43371]]],[[[-103.00117,23.41768],[-102.99515,23.41755],[-102.98983,23.41449],[-102.99355,23.41751],[-102.99103,23.42075],[-102.98651,23.41725],[-102.98268,23.42036],[-102.98532,23.43301],[-102.99159,23.43487],[-102.99277,23.42978],[-102.99802,23.42767],[-102.99455,23.42411],[-102.99854,23.42341],[-103.00117,23.41768]]],[[[-103.03209,23.42703],[-103.03323,23.43082],[-103.03718,23.43153],[-103.03457,23.42491],[-103.03566,23.42147],[-103.02965,23.41992],[-103.03209,23.42703]]],[[[-102.84981,23.42524],[-102.85094,23.41909],[-102.8389,23.41782],[-102.83764,23.42516],[-102.8257,23.42397],[-102.82582,23.42751],[-102.8398,23.42864],[-102.84084,23.42568],[-102.84594,23.42616],[-102.84981,23.42524]]],[[[-102.92299,23.41523],[-102.92721,23.41578],[-102.92748,23.40915],[-102.92582,23.4065],[-102.91567,23.40576],[-102.91132,23.41026],[-102.91556,23.41261],[-102.92282,23.413],[-102.92299,23.41523]]],[[[-102.93979,23.4049],[-102.93588,23.40485],[-102.93591,23.40874],[-102.9466,23.40989],[-102.94713,23.40586],[-102.93979,23.4049]]],[[[-102.93234,23.40033],[-102.93614,23.40037],[-102.93661,23.39699],[-102.93216,23.39673],[-102.93234,23.40033]]],[[[-102.88302,23.39569],[-102.88311,23.39836],[-102.89398,23.39808],[-102.8941,23.39534],[-102.88302,23.39569]]],[[[-103.02998,23.4025],[-103.0304,23.39924],[-103.02286,23.39555],[-103.02848,23.40593],[-103.02998,23.404],[-103.02998,23.4025]]],[[[-103.01521,23.40854],[-103.02179,23.41019],[-103.02521,23.4182],[-103.02943,23.41683],[-103.03159,23.40987],[-103.0284,23.40652],[-103.02333,23.39746],[-103.01915,23.39752],[-103.01988,23.40144],[-103.01735,23.4059],[-103.01521,23.40854]]],[[[-102.96123,23.39317],[-102.97247,23.39236],[-102.97686,23.37802],[-102.97426,23.37434],[-102.96786,23.37486],[-102.96799,23.37154],[-102.95919,23.37063],[-102.9592,23.37789],[-102.96212,23.37824],[-102.96192,23.38458],[-102.95929,23.38449],[-102.96123,23.39317]]],[[[-102.95287,23.38608],[-102.95279,23.3915],[-102.95882,23.3914],[-102.95287,23.38608]]],[[[-102.92737,23.38762],[-102.93058,23.39025],[-102.93619,23.38946],[-102.94004,23.3861],[-102.93782,23.38121],[-102.93314,23.38107],[-102.93293,23.37767],[-102.92717,23.37609],[-102.92737,23.38762]]],[[[-102.88509,23.38529],[-102.89154,23.38683],[-102.89272,23.37706],[-102.90047,23.37753],[-102.9005,23.3818],[-102.90661,23.38263],[-102.90656,23.37565],[-102.89983,23.37552],[-102.89874,23.37178],[-102.90371,23.3684],[-102.89937,23.36336],[-102.8954,23.36672],[-102.89674,23.37098],[-102.89151,23.37407],[-102.88521,23.37491],[-102.8845,23.38027],[-102.88104,23.37678],[-102.87719,23.37951],[-102.87269,23.37971],[-102.8734,23.38287],[-102.88314,23.38259],[-102.88509,23.38529]]],[[[-102.85729,23.36744],[-102.85832,23.36819],[-102.8622,23.36432],[-102.85283,23.36491],[-102.85289,23.36677],[-102.85724,23.3674],[-102.85729,23.36744]]],[[[-102.95928,23.36402],[-102.97263,23.363],[-102.9727,23.359],[-102.97951,23.35895],[-102.97874,23.35723],[-102.97007,23.35752],[-102.96671,23.35079],[-102.9594,23.35072],[-102.95928,23.36402]]],[[[-102.95324,23.33655],[-102.95024,23.34298],[-102.93487,23.34387],[-102.93485,23.35093],[-102.94718,23.35093],[-102.94683,23.34589],[-102.95865,23.34511],[-102.95854,23.33649],[-102.95324,23.33655]]],[[[-102.95923,23.33649],[-102.95925,23.34509],[-102.96919,23.34496],[-102.97002,23.33637],[-102.95923,23.33649]]],[[[-102.99282,23.33664],[-102.99211,23.33042],[-102.98434,23.33047],[-102.98531,23.32581],[-102.98098,23.32587],[-102.97951,23.32897],[-102.98487,23.33683],[-102.99282,23.33664]]],[[[-102.91891,23.33357],[-102.92138,23.33379],[-102.92181,23.33955],[-102.92507,23.34013],[-102.9251,23.34542],[-102.92848,23.34529],[-102.92845,23.34071],[-102.93495,23.34031],[-102.93467,23.33683],[-102.92947,23.3371],[-102.92942,23.33074],[-102.92025,23.33173],[-102.91891,23.33357]]],[[[-102.92685,23.32213],[-102.92443,23.32556],[-102.92679,23.3277],[-102.92685,23.32213]]],[[[-102.98938,23.37947],[-102.98979,23.37399],[-102.98796,23.3653],[-102.98241,23.36552],[-102.98079,23.36072],[-102.97337,23.36113],[-102.97865,23.37021],[-102.9781,23.37504],[-102.98612,23.37568],[-102.98938,23.37947]]],[[[-102.93303,23.37069],[-102.93325,23.37536],[-102.93619,23.3751],[-102.9364,23.37073],[-102.93303,23.37069]]],[[[-102.92127,23.37168],[-102.9211,23.37405],[-102.92716,23.37412],[-102.9272,23.37165],[-102.92127,23.37168]]],[[[-103.27393,23.36493],[-103.27029,23.36806],[-103.27589,23.36918],[-103.27965,23.36705],[-103.28166,23.35752],[-103.27873,23.3605],[-103.2797,23.36402],[-103.27393,23.36493]]],[[[-102.98572,23.32072],[-102.98372,23.31969],[-102.98015,23.31064],[-102.97271,23.31431],[-102.96962,23.309],[-102.97245,23.30237],[-102.96513,23.30206],[-102.96548,23.308],[-102.97457,23.32103],[-102.98572,23.32072]]],[[[-102.99212,23.31414],[-102.98916,23.32065],[-102.99346,23.32056],[-102.99212,23.31414]]],[[[-102.96083,23.31556],[-102.95992,23.32094],[-102.96763,23.3211],[-102.96635,23.31117],[-102.96179,23.31084],[-102.96083,23.31556]]],[[[-102.94652,23.32127],[-102.95317,23.32112],[-102.95338,23.31558],[-102.94661,23.3149],[-102.94652,23.32127]]],[[[-102.50646,23.29526],[-102.51823,23.29524],[-102.52189,23.29248],[-102.51452,23.28827],[-102.51075,23.29146],[-102.50656,23.29192],[-102.50646,23.29526]]],[[[-102.58379,23.2873],[-102.5858,23.28724],[-102.58423,23.27855],[-102.5779,23.27892],[-102.57902,23.28525],[-102.58379,23.2873]]],[[[-102.99603,23.28824],[-103.00323,23.28357],[-103.00341,23.27926],[-102.99281,23.27932],[-102.98698,23.28238],[-102.98469,23.2811],[-102.97957,23.28459],[-102.98623,23.28277],[-102.99603,23.28824]]],[[[-102.96536,23.27375],[-102.96621,23.2597],[-102.96399,23.26252],[-102.96536,23.27375]]],[[[-102.98076,23.27068],[-102.98512,23.27532],[-102.98648,23.27267],[-102.9831,23.26838],[-102.98076,23.27068]]],[[[-102.79684,23.19571],[-102.79664,23.20047],[-102.80806,23.20181],[-102.81057,23.19601],[-102.82242,23.19442],[-102.8229,23.18838],[-102.81041,23.19227],[-102.81077,23.18647],[-102.8156,23.18549],[-102.81547,23.18059],[-102.80177,23.18506],[-102.80134,23.19256],[-102.79697,23.1922],[-102.79684,23.19571]]],[[[-102.80167,23.18457],[-102.81737,23.17961],[-102.81433,23.17939],[-102.81438,23.17273],[-102.81696,23.17268],[-102.81467,23.16657],[-102.80703,23.16592],[-102.80618,23.18066],[-102.80206,23.18038],[-102.80167,23.18457]]],[[[-102.82212,23.16184],[-102.82718,23.17262],[-102.83088,23.17158],[-102.8346,23.16381],[-102.82711,23.16133],[-102.82212,23.16184]]],[[[-103.24593,23.16218],[-103.25079,23.16534],[-103.25725,23.16078],[-103.26289,23.16402],[-103.26613,23.15921],[-103.26179,23.16173],[-103.25562,23.15095],[-103.25111,23.15387],[-103.2557,23.15913],[-103.24593,23.16218]]],[[[-103.238,23.17124],[-103.24554,23.17184],[-103.24568,23.16493],[-103.2375,23.16342],[-103.23708,23.16508],[-103.22906,23.16641],[-103.24134,23.16722],[-103.238,23.17124]]],[[[-103.3454,23.1639],[-103.34444,23.16717],[-103.34802,23.17167],[-103.35305,23.16581],[-103.34762,23.16285],[-103.3454,23.1639]]],[[[-103.2493,23.16748],[-103.24925,23.17187],[-103.2532,23.17322],[-103.25943,23.16834],[-103.24868,23.16558],[-103.2493,23.16748]]],[[[-103.27258,23.19431],[-103.27432,23.19671],[-103.28403,23.18941],[-103.28546,23.19167],[-103.29034,23.18754],[-103.27627,23.17187],[-103.27296,23.1724],[-103.2629,23.18066],[-103.27421,23.19311],[-103.27258,23.19431]]],[[[-102.83706,23.1941],[-102.84136,23.19306],[-102.84073,23.1855],[-102.8432,23.18319],[-102.85398,23.18238],[-102.8529,23.17763],[-102.83802,23.1736],[-102.83094,23.18218],[-102.83521,23.19307],[-102.83706,23.1941]]],[[[-102.82456,23.18052],[-102.82378,23.18494],[-102.82908,23.1865],[-102.82911,23.17992],[-102.82456,23.18052]]],[[[-103.27838,23.20812],[-103.28341,23.21125],[-103.28637,23.20864],[-103.28036,23.20509],[-103.27838,23.20812]]],[[[-103.33533,23.23259],[-103.34216,23.23662],[-103.34709,23.23636],[-103.35696,23.22815],[-103.34171,23.21537],[-103.3267,23.22638],[-103.33226,23.23078],[-103.33533,23.23259]]],[[[-103.24627,23.13623],[-103.24888,23.13796],[-103.25449,23.13209],[-103.24899,23.13215],[-103.24627,23.13623]]],[[[-103.25767,23.13789],[-103.26233,23.14335],[-103.26462,23.14186],[-103.2615,23.13692],[-103.25767,23.13789]]],[[[-103.23908,23.13917],[-103.23915,23.14114],[-103.24531,23.13903],[-103.24285,23.13664],[-103.23908,23.13917]]],[[[-102.93185,23.27049],[-102.93677,23.27006],[-102.93462,23.26689],[-102.93185,23.27049]]],[[[-103.29459,23.28615],[-103.30869,23.28488],[-103.31004,23.27954],[-103.3048,23.27785],[-103.30504,23.27475],[-103.30098,23.27774],[-103.29252,23.27853],[-103.29459,23.28615]]],[[[-103.13516,23.3326],[-103.13353,23.32856],[-103.13794,23.33096],[-103.14306,23.3286],[-103.14154,23.3255],[-103.13627,23.32593],[-103.13394,23.32342],[-103.13172,23.32938],[-103.13516,23.3326]]],[[[-103.12194,23.32944],[-103.125,23.33469],[-103.12692,23.33399],[-103.12345,23.32845],[-103.12194,23.32944]]],[[[-103.13114,23.33437],[-103.13501,23.34017],[-103.13611,23.33683],[-103.13402,23.33276],[-103.13114,23.33437]]],[[[-103.14042,23.33529],[-103.14382,23.33704],[-103.14379,23.33337],[-103.14042,23.33529]]],[[[-102.87839,23.32282],[-102.88109,23.31902],[-102.877,23.31898],[-102.87839,23.32282]]],[[[-102.91189,23.38782],[-102.91945,23.38767],[-102.9199,23.38091],[-102.91159,23.38108],[-102.90937,23.38565],[-102.91189,23.38782]]],[[[-102.8536,23.38644],[-102.86072,23.3878],[-102.86057,23.38606],[-102.8536,23.38644]]],[[[-102.92206,23.42641],[-102.93033,23.42535],[-102.93123,23.42066],[-102.93637,23.41854],[-102.92684,23.41788],[-102.92625,23.42256],[-102.92234,23.42172],[-102.92206,23.42641]]],[[[-103.26699,23.10513],[-103.26685,23.11101],[-103.27066,23.10488],[-103.27016,23.1097],[-103.27501,23.10889],[-103.27947,23.10524],[-103.28466,23.106],[-103.27572,23.10016],[-103.27037,23.10059],[-103.26699,23.10513]]],[[[-103.18358,23.09526],[-103.18401,23.09795],[-103.18969,23.09784],[-103.18734,23.0938],[-103.18358,23.09526]]],[[[-102.73275,23.07943],[-102.73679,23.0779],[-102.73446,23.07114],[-102.73263,23.07126],[-102.73275,23.07943]]],[[[-103.8939,23.35489],[-103.89782,23.35597],[-103.89655,23.35087],[-103.8939,23.35489]]],[[[-103.95008,23.4202],[-103.94493,23.42259],[-103.93982,23.41897],[-103.93825,23.41858],[-103.93403,23.42174],[-103.93238,23.41837],[-103.92722,23.42009],[-103.92762,23.41637],[-103.93113,23.41295],[-103.92944,23.40931],[-103.92145,23.40729],[-103.92054,23.40216],[-103.92322,23.40153],[-103.92092,23.39381],[-103.91586,23.39473],[-103.91656,23.39108],[-103.90886,23.39471],[-103.9173,23.38845],[-103.91571,23.38225],[-103.91203,23.38196],[-103.91045,23.37237],[-103.90638,23.36915],[-103.9012,23.36895],[-103.89932,23.3726],[-103.89334,23.37005],[-103.88842,23.37222],[-103.88458,23.366],[-103.88581,23.36018],[-103.88007,23.36104],[-103.87685,23.35685],[-103.87363,23.36932],[-103.87935,23.36952],[-103.88559,23.38165],[-103.89309,23.38558],[-103.89556,23.39347],[-103.89687,23.39019],[-103.90396,23.38933],[-103.9023,23.39906],[-103.90839,23.40225],[-103.90633,23.40381],[-103.89649,23.39999],[-103.90115,23.40335],[-103.90627,23.41192],[-103.90965,23.42187],[-103.91531,23.4311],[-103.91503,23.4341],[-103.92288,23.4367],[-103.92945,23.43729],[-103.93319,23.43284],[-103.93013,23.44383],[-103.93607,23.43821],[-103.93833,23.44074],[-103.93987,23.43643],[-103.93998,23.44464],[-103.94634,23.43864],[-103.95382,23.43639],[-103.96144,23.43639],[-103.95722,23.43425],[-103.95035,23.43463],[-103.95162,23.43207],[-103.95584,23.43381],[-103.95503,23.42984],[-103.94999,23.43175],[-103.9541,23.42599],[-103.95363,23.42006],[-103.95008,23.4202]],[[-103.91693,23.42864],[-103.92064,23.42742],[-103.92366,23.43357],[-103.91882,23.43479],[-103.91693,23.42864]]],[[[-103.89264,23.38876],[-103.88877,23.39051],[-103.89077,23.39272],[-103.89264,23.38876]]],[[[-103.89298,23.35838],[-103.89334,23.36737],[-103.89839,23.36806],[-103.89846,23.35923],[-103.89298,23.35838]]],[[[-103.91652,23.37609],[-103.92189,23.37441],[-103.92307,23.37159],[-103.91781,23.36844],[-103.91332,23.36805],[-103.91188,23.37055],[-103.91652,23.37609]]],[[[-103.87683,23.58407],[-103.86562,23.58334],[-103.86178,23.58644],[-103.87726,23.58606],[-103.87683,23.58407]]],[[[-102.32268,22.42986],[-102.32786,22.4293],[-102.32939,22.42877],[-102.33617,22.42584],[-102.34093,22.42594],[-102.34774,22.42022],[-102.35455,22.41226],[-102.35113,22.40565],[-102.3513,22.4116],[-102.34724,22.41053],[-102.34438,22.40419],[-102.33651,22.39675],[-102.33209,22.39675],[-102.32118,22.40057],[-102.32117,22.40431],[-102.32116,22.40529],[-102.32116,22.4053],[-102.3211,22.40991],[-102.3211,22.40992],[-102.32109,22.40999],[-102.32105,22.41439],[-102.32103,22.41829],[-102.321,22.41836],[-102.31929,22.42287],[-102.31896,22.42374],[-102.32412,22.42632],[-102.32268,22.42986]]],[[[-102.31644,22.52845],[-102.31409,22.52123],[-102.31077,22.5237],[-102.31259,22.52831],[-102.31644,22.52845]]],[[[-102.32526,22.50975],[-102.32339,22.51353],[-102.32359,22.5231],[-102.32164,22.52878],[-102.32562,22.52906],[-102.32961,22.52504],[-102.33694,22.52851],[-102.33518,22.5241],[-102.3293,22.521],[-102.33061,22.50916],[-102.32912,22.50702],[-102.32526,22.50975]]],[[[-102.35178,22.44669],[-102.35424,22.44901],[-102.35779,22.4467],[-102.35178,22.44669]]],[[[-101.22615,24.69049],[-101.22283,24.6942],[-101.22708,24.69741],[-101.2306,24.69351],[-101.22615,24.69049]]],[[[-101.20639,24.65622],[-101.20942,24.66345],[-101.21461,24.66252],[-101.21019,24.65242],[-101.2047,24.65258],[-101.20639,24.65622]]],[[[-101.19469,24.64203],[-101.20142,24.64067],[-101.19979,24.63346],[-101.20158,24.63048],[-101.19656,24.63075],[-101.19398,24.62076],[-101.19057,24.62058],[-101.18632,24.61551],[-101.18215,24.60623],[-101.17901,24.60439],[-101.17378,24.60559],[-101.17398,24.613],[-101.17784,24.61761],[-101.18484,24.62205],[-101.18909,24.63216],[-101.19469,24.64203]]],[[[-101.18047,24.5819],[-101.18325,24.58165],[-101.18295,24.57626],[-101.1796,24.57655],[-101.17681,24.58234],[-101.18047,24.5819]]],[[[-101.33232,24.40024],[-101.3351,24.4084],[-101.34228,24.40707],[-101.34151,24.39708],[-101.33205,24.39701],[-101.33232,24.40024]]],[[[-102.79766,23.4838],[-102.79353,23.48777],[-102.79106,23.49302],[-102.79673,23.48795],[-102.79766,23.4838]]],[[[-102.7282,23.5935],[-102.7316,23.59231],[-102.73471,23.58392],[-102.7303,23.5832],[-102.7282,23.5935]]],[[[-102.76529,23.56614],[-102.7778,23.55637],[-102.77278,23.55147],[-102.76779,23.55378],[-102.76603,23.55821],[-102.75987,23.56506],[-102.76529,23.56614]]],[[[-102.76911,23.54423],[-102.7667,23.54579],[-102.75364,23.55471],[-102.75951,23.55656],[-102.76126,23.55554],[-102.76889,23.55147],[-102.77467,23.54065],[-102.76911,23.54423]]],[[[-102.77727,23.53503],[-102.78846,23.53509],[-102.78932,23.53175],[-102.78369,23.53177],[-102.7843,23.52883],[-102.77892,23.52851],[-102.77727,23.53503]]],[[[-102.82763,23.53037],[-102.83205,23.52876],[-102.83484,23.51731],[-102.83274,23.51516],[-102.8358,23.51245],[-102.8287,23.50956],[-102.82305,23.51516],[-102.8182,23.51422],[-102.82223,23.52077],[-102.82506,23.52841],[-102.82763,23.53037]]],[[[-102.81963,23.50946],[-102.82085,23.51239],[-102.82524,23.51027],[-102.81963,23.50946]]],[[[-102.83516,23.51947],[-102.84426,23.5233],[-102.84825,23.51806],[-102.84825,23.51299],[-102.83979,23.51414],[-102.84105,23.51778],[-102.83711,23.51588],[-102.83516,23.51947]]],[[[-102.85531,23.51867],[-102.85696,23.51656],[-102.86158,23.51812],[-102.86189,23.51341],[-102.85566,23.51194],[-102.85531,23.51867]]],[[[-102.8342,23.52485],[-102.84025,23.52789],[-102.84045,23.52488],[-102.83506,23.52178],[-102.8342,23.52485]]],[[[-102.85096,23.49669],[-102.85343,23.49789],[-102.8551,23.49317],[-102.85246,23.49239],[-102.85096,23.49669]]],[[[-102.67464,23.04795],[-102.67626,23.05258],[-102.67864,23.04811],[-102.6845,23.04849],[-102.6854,23.03964],[-102.67506,23.03905],[-102.67464,23.04795]]],[[[-102.67464,23.04795],[-102.67077,23.04784],[-102.67036,23.05265],[-102.67422,23.05258],[-102.67464,23.04795]]],[[[-102.66884,23.03161],[-102.67031,23.02623],[-102.66815,23.02597],[-102.66884,23.03161]]],[[[-102.67814,23.01141],[-102.67545,23.01725],[-102.68099,23.01417],[-102.67814,23.01141]]],[[[-102.63605,22.96712],[-102.63941,22.96696],[-102.63964,22.96231],[-102.63617,22.96219],[-102.63605,22.96712]]],[[[-102.63587,22.99554],[-102.6361,22.98952],[-102.63398,22.98803],[-102.63587,22.99568],[-102.63587,22.99554]]],[[[-102.74659,22.89187],[-102.74765,22.89355],[-102.74443,22.90043],[-102.74679,22.89824],[-102.75083,22.9002],[-102.75545,22.89587],[-102.75677,22.8901],[-102.74859,22.88872],[-102.74659,22.89187]]],[[[-102.73062,22.88445],[-102.73284,22.88688],[-102.73431,22.87909],[-102.73149,22.87893],[-102.73062,22.88445]]],[[[-102.65056,21.46928],[-102.65136,21.46867],[-102.65108,21.46845],[-102.64896,21.46691],[-102.64908,21.4678],[-102.65056,21.46928]]],[[[-102.65077,21.40062],[-102.65078,21.40038],[-102.64864,21.39767],[-102.64769,21.39711],[-102.64788,21.39761],[-102.64892,21.39925],[-102.6492,21.3997],[-102.6497,21.40017],[-102.65077,21.40062]]],[[[-102.64603,21.45105],[-102.64641,21.44873],[-102.64631,21.44877],[-102.64604,21.44897],[-102.64592,21.44905],[-102.64473,21.45012],[-102.64603,21.45105]]],[[[-102.64215,21.45757],[-102.64632,21.45772],[-102.64307,21.45463],[-102.64215,21.45757]]],[[[-102.65247,21.43215],[-102.65228,21.4314],[-102.65205,21.43225],[-102.65206,21.43225],[-102.65247,21.43215]]],[[[-102.65274,21.43722],[-102.65353,21.43627],[-102.65314,21.43615],[-102.65245,21.43597],[-102.6514,21.43703],[-102.6516,21.43713],[-102.65178,21.43721],[-102.65274,21.43722]]],[[[-102.23632,22.37386],[-102.23558,22.37354],[-102.2347,22.37359],[-102.23763,22.3751],[-102.23775,22.37408],[-102.23674,22.37401],[-102.23632,22.37386]]],[[[-103.50406,24.29392],[-103.50375,24.29475],[-103.50422,24.29475],[-103.50406,24.29392]]]]},"properties":{"POTENCIAL":"MEDIO"}}
]}