{"type":"FeatureCollection", "features": [
{"type":"Feature","geometry":{"type":"MultiPolygon","coordinates":[[[[-103.26094,21.51699],[-103.25955,21.52017],[-103.26364,21.51978],[-103.26184,21.51714],[-103.26233,21.51001],[-103.26106,21.51095],[-103.26094,21.51699]]],[[[-103.25372,21.50135],[-103.25268,21.50256],[-103.2484,21.50955],[-103.25097,21.51081],[-103.25174,21.50454],[-103.25385,21.50278],[-103.25372,21.50135]]],[[[-103.22485,21.49014],[-103.22655,21.48771],[-103.23078,21.49088],[-103.2263,21.48687],[-103.22485,21.49014]]],[[[-103.23131,21.50376],[-103.23118,21.50362],[-103.23154,21.50675],[-103.23712,21.50746],[-103.23867,21.50624],[-103.23856,21.50471],[-103.23758,21.50471],[-103.23348,21.50619],[-103.23139,21.50385],[-103.23131,21.50376]]],[[[-103.23935,21.51575],[-103.23916,21.513],[-103.23656,21.51132],[-103.23659,21.51412],[-103.23935,21.51575]]],[[[-103.23998,21.52193],[-103.24005,21.52193],[-103.24073,21.51781],[-103.23946,21.51599],[-103.23998,21.52193]]],[[[-103.23439,21.53299],[-103.23182,21.53172],[-103.23006,21.53528],[-103.23439,21.53299]]],[[[-103.23488,21.54804],[-103.23478,21.54866],[-103.23428,21.54936],[-103.23138,21.55479],[-103.22943,21.55373],[-103.23104,21.55539],[-103.23334,21.55438],[-103.23358,21.5542],[-103.23415,21.55242],[-103.23696,21.54904],[-103.23726,21.54431],[-103.24054,21.54632],[-103.24776,21.54096],[-103.24161,21.53818],[-103.23649,21.54403],[-103.23643,21.54429],[-103.23519,21.54745],[-103.23505,21.5477],[-103.23489,21.548],[-103.23487,21.54803],[-103.23488,21.54804]]],[[[-103.30014,21.47565],[-103.30025,21.47476],[-103.2993,21.47402],[-103.30016,21.47373],[-103.30075,21.4728],[-103.29692,21.47218],[-103.29686,21.4734],[-103.29689,21.47346],[-103.29649,21.47407],[-103.29695,21.47595],[-103.30014,21.47565]]],[[[-103.30447,21.48215],[-103.30578,21.48111],[-103.30262,21.47954],[-103.30292,21.47536],[-103.30186,21.47614],[-103.30162,21.48025],[-103.30447,21.48215]]],[[[-103.24448,21.48598],[-103.2451,21.48972],[-103.243,21.49243],[-103.24516,21.49321],[-103.24727,21.48665],[-103.24448,21.48598]]],[[[-103.34234,21.48537],[-103.34716,21.48383],[-103.34674,21.48198],[-103.34234,21.48537]]],[[[-103.28184,21.48315],[-103.28456,21.48191],[-103.28108,21.48038],[-103.28184,21.48315]]],[[[-103.26851,21.47198],[-103.27139,21.4745],[-103.27251,21.4729],[-103.26851,21.47198]]],[[[-103.26874,21.50702],[-103.26915,21.50887],[-103.27206,21.50532],[-103.2689,21.50171],[-103.26874,21.50702]]],[[[-102.38775,22.71863],[-102.38558,22.72063],[-102.3857,22.72366],[-102.39058,22.72855],[-102.38591,22.72896],[-102.38597,22.73039],[-102.38598,22.73076],[-102.38581,22.73187],[-102.39511,22.73395],[-102.39414,22.73024],[-102.39373,22.72871],[-102.39663,22.7307],[-102.39793,22.72482],[-102.3961,22.72296],[-102.39285,22.72536],[-102.3925,22.72404],[-102.39249,22.72402],[-102.39056,22.72063],[-102.38775,22.71863]]],[[[-102.76824,22.83732],[-102.76819,22.83728],[-102.7665,22.83736],[-102.76548,22.8374],[-102.76432,22.83452],[-102.76159,22.83379],[-102.76169,22.83678],[-102.75772,22.83674],[-102.76038,22.83131],[-102.75732,22.83372],[-102.75469,22.82923],[-102.7572,22.82801],[-102.75658,22.82484],[-102.74549,22.82034],[-102.74544,22.82831],[-102.74759,22.82905],[-102.74786,22.83303],[-102.74597,22.83415],[-102.74668,22.83597],[-102.74406,22.83983],[-102.73635,22.84104],[-102.73418,22.8423],[-102.72663,22.84089],[-102.7263,22.83886],[-102.72646,22.84223],[-102.72928,22.84995],[-102.73679,22.85006],[-102.74069,22.85123],[-102.75023,22.85149],[-102.75506,22.85081],[-102.76138,22.84697],[-102.76787,22.83783],[-102.76824,22.83732]],[[-102.7488,22.84194],[-102.75244,22.84189],[-102.75278,22.84394],[-102.74838,22.84503],[-102.7488,22.84194]]],[[[-102.7593,22.777],[-102.76209,22.76878],[-102.75969,22.76791],[-102.75966,22.76443],[-102.75308,22.76181],[-102.75002,22.76572],[-102.75267,22.76701],[-102.75187,22.77212],[-102.74613,22.7702],[-102.74587,22.76736],[-102.74146,22.76758],[-102.74041,22.76972],[-102.73606,22.76781],[-102.73803,22.75951],[-102.74464,22.75169],[-102.7428,22.75244],[-102.7364,22.74924],[-102.73304,22.7444],[-102.73812,22.7481],[-102.74126,22.7451],[-102.74274,22.75015],[-102.74596,22.75161],[-102.74899,22.74854],[-102.75557,22.74676],[-102.76108,22.74212],[-102.76322,22.73548],[-102.76013,22.72769],[-102.75645,22.72596],[-102.75155,22.71812],[-102.75006,22.71818],[-102.74912,22.72063],[-102.74583,22.71802],[-102.74387,22.71405],[-102.74306,22.71484],[-102.74122,22.71712],[-102.74326,22.72009],[-102.73982,22.72142],[-102.73981,22.72815],[-102.73559,22.72895],[-102.73228,22.72229],[-102.72936,22.7223],[-102.72715,22.71775],[-102.72253,22.71471],[-102.72838,22.71483],[-102.7298,22.70894],[-102.72821,22.7035],[-102.72229,22.69653],[-102.72321,22.6944],[-102.72086,22.69478],[-102.71906,22.70123],[-102.72029,22.70648],[-102.7161,22.70768],[-102.70784,22.70599],[-102.71832,22.70648],[-102.71982,22.69379],[-102.71615,22.69362],[-102.71845,22.68915],[-102.72103,22.68731],[-102.71427,22.68631],[-102.70751,22.68668],[-102.69197,22.71136],[-102.70062,22.71205],[-102.7039,22.70818],[-102.70372,22.71078],[-102.70081,22.71226],[-102.69164,22.7119],[-102.67464,22.73946],[-102.67357,22.74798],[-102.67545,22.75078],[-102.66762,22.75074],[-102.66507,22.75406],[-102.66693,22.75817],[-102.67377,22.76328],[-102.67179,22.76548],[-102.66571,22.76136],[-102.65923,22.76128],[-102.6617,22.76402],[-102.66083,22.76777],[-102.66235,22.77157],[-102.66016,22.77256],[-102.6622,22.77748],[-102.66568,22.78205],[-102.67395,22.78426],[-102.68016,22.7919],[-102.68519,22.79242],[-102.6876,22.79549],[-102.69235,22.80547],[-102.69266,22.81066],[-102.69881,22.81114],[-102.70216,22.8096],[-102.70263,22.80916],[-102.70361,22.8088],[-102.70413,22.80897],[-102.70636,22.8113],[-102.70615,22.81901],[-102.70061,22.81976],[-102.7017,22.82968],[-102.70331,22.83162],[-102.71262,22.8311],[-102.71324,22.83295],[-102.71502,22.83009],[-102.71828,22.83234],[-102.71786,22.82533],[-102.72165,22.82548],[-102.72318,22.82125],[-102.72209,22.8184],[-102.72232,22.81175],[-102.73062,22.81181],[-102.73196,22.81584],[-102.73289,22.8094],[-102.72707,22.80759],[-102.72037,22.81178],[-102.71665,22.81068],[-102.71295,22.81207],[-102.71155,22.81613],[-102.71148,22.81348],[-102.71291,22.81153],[-102.71305,22.8115],[-102.71335,22.81144],[-102.71496,22.80715],[-102.71695,22.80973],[-102.72457,22.80838],[-102.72599,22.80671],[-102.72628,22.80648],[-102.72924,22.80606],[-102.73294,22.80912],[-102.73313,22.80731],[-102.73726,22.8076],[-102.74148,22.80553],[-102.74153,22.80553],[-102.74241,22.80645],[-102.7427,22.80585],[-102.74404,22.80594],[-102.74434,22.80537],[-102.745,22.80528],[-102.74514,22.8051],[-102.74756,22.80452],[-102.74904,22.80008],[-102.72508,22.79946],[-102.72176,22.80242],[-102.70794,22.80217],[-102.71003,22.79309],[-102.71868,22.79323],[-102.72096,22.79067],[-102.72404,22.79073],[-102.72281,22.79816],[-102.7331,22.7986],[-102.73333,22.79355],[-102.73451,22.79862],[-102.74675,22.79894],[-102.74654,22.79377],[-102.74878,22.79378],[-102.74854,22.79899],[-102.75268,22.79736],[-102.75198,22.79376],[-102.75213,22.78454],[-102.74959,22.78325],[-102.74881,22.78775],[-102.73914,22.78647],[-102.74609,22.78545],[-102.74724,22.78106],[-102.75021,22.77763],[-102.74936,22.77266],[-102.75434,22.77508],[-102.75333,22.77795],[-102.75604,22.77936],[-102.7593,22.777]],[[-102.71523,22.76057],[-102.71675,22.76046],[-102.71749,22.76538],[-102.71462,22.76308],[-102.71523,22.76057]],[[-102.75081,22.7388],[-102.75208,22.73459],[-102.74734,22.73003],[-102.75189,22.73282],[-102.75539,22.73748],[-102.75533,22.74093],[-102.75081,22.7388]],[[-102.72316,22.73078],[-102.72336,22.72806],[-102.7289,22.73048],[-102.72316,22.73078]]],[[[-102.81337,22.8369],[-102.83213,22.83764],[-102.83528,22.83776],[-102.83568,22.83037],[-102.83435,22.82592],[-102.83133,22.82503],[-102.83097,22.81981],[-102.82783,22.82041],[-102.82739,22.8175],[-102.82441,22.81543],[-102.82847,22.8102],[-102.82737,22.80568],[-102.8247,22.80503],[-102.82522,22.80091],[-102.82361,22.79993],[-102.82023,22.80403],[-102.81398,22.80305],[-102.81321,22.80757],[-102.81065,22.80655],[-102.81058,22.80651],[-102.80387,22.80558],[-102.80086,22.80849],[-102.80013,22.82528],[-102.8035,22.82524],[-102.80323,22.82824],[-102.80789,22.8287],[-102.80753,22.83667],[-102.81337,22.8369]]],[[[-102.65547,22.81749],[-102.65555,22.81752],[-102.66188,22.8166],[-102.66242,22.81392],[-102.66831,22.81479],[-102.6678,22.81769],[-102.67684,22.82389],[-102.66986,22.82078],[-102.669,22.82417],[-102.66518,22.82362],[-102.66611,22.81905],[-102.66,22.81687],[-102.65643,22.8186],[-102.65437,22.81751],[-102.64885,22.81881],[-102.64467,22.81769],[-102.63969,22.81854],[-102.63691,22.82251],[-102.63308,22.82391],[-102.63399,22.8267],[-102.64899,22.86277],[-102.65363,22.8623],[-102.65198,22.86989],[-102.66581,22.90309],[-102.66805,22.89855],[-102.67483,22.89816],[-102.68035,22.89667],[-102.68989,22.88215],[-102.69077,22.87156],[-102.68966,22.86841],[-102.69479,22.85638],[-102.6982,22.85417],[-102.69994,22.84779],[-102.70235,22.84556],[-102.70593,22.83921],[-102.69931,22.83899],[-102.69325,22.83591],[-102.69518,22.83257],[-102.69553,22.82541],[-102.69158,22.81812],[-102.6889,22.81766],[-102.68938,22.81441],[-102.68539,22.81435],[-102.68109,22.81223],[-102.68157,22.81013],[-102.67739,22.80948],[-102.6775,22.79803],[-102.68751,22.79899],[-102.6871,22.79569],[-102.68442,22.79269],[-102.67366,22.79237],[-102.67342,22.79328],[-102.66096,22.78909],[-102.64602,22.78585],[-102.64485,22.78832],[-102.64177,22.78697],[-102.63911,22.7897],[-102.64065,22.79117],[-102.65144,22.79273],[-102.65388,22.79037],[-102.65717,22.79189],[-102.66277,22.7921],[-102.66033,22.79324],[-102.65383,22.79112],[-102.65036,22.79419],[-102.64124,22.79297],[-102.63626,22.79065],[-102.63624,22.79343],[-102.63087,22.7929],[-102.62785,22.79999],[-102.63029,22.80257],[-102.63392,22.80225],[-102.63721,22.80349],[-102.64902,22.80148],[-102.6519,22.80333],[-102.65192,22.80601],[-102.64902,22.80456],[-102.64496,22.80681],[-102.64298,22.80313],[-102.63717,22.80395],[-102.63351,22.80272],[-102.62884,22.80361],[-102.63064,22.81568],[-102.63244,22.82282],[-102.6367,22.82215],[-102.63917,22.8185],[-102.6448,22.81726],[-102.6486,22.81809],[-102.65385,22.8169],[-102.65547,22.81749]]],[[[-102.62901,22.81546],[-102.62931,22.81543],[-102.62851,22.80453],[-102.62724,22.80225],[-102.62598,22.80803],[-102.62901,22.81546]]],[[[-102.62469,22.79737],[-102.6235,22.79232],[-102.61998,22.79194],[-102.61469,22.79357],[-102.61421,22.79772],[-102.6103,22.7978],[-102.61396,22.80083],[-102.6181,22.79734],[-102.62349,22.79738],[-102.62471,22.79987],[-102.62494,22.79153],[-102.62369,22.79164],[-102.62469,22.79737]]],[[[-102.69397,22.62349],[-102.69458,22.62476],[-102.69466,22.62478],[-102.69505,22.62492],[-102.69907,22.6267],[-102.70026,22.62382],[-102.69955,22.61573],[-102.69256,22.61707],[-102.6876,22.62046],[-102.68987,22.62112],[-102.69397,22.62349]]],[[[-102.73745,22.66754],[-102.74112,22.66579],[-102.73789,22.66497],[-102.73891,22.66188],[-102.73459,22.66359],[-102.73745,22.66462],[-102.73745,22.66754]]],[[[-102.72182,22.68729],[-102.72152,22.6873],[-102.72004,22.69152],[-102.72367,22.69334],[-102.72558,22.68894],[-102.72224,22.68732],[-102.72182,22.68729]]],[[[-102.73485,22.67067],[-102.73592,22.66988],[-102.73674,22.66525],[-102.73046,22.66565],[-102.71947,22.67592],[-102.724,22.67646],[-102.7273,22.67235],[-102.73258,22.67125],[-102.73485,22.67067]]],[[[-102.62699,22.80083],[-102.6291,22.79525],[-102.62544,22.79353],[-102.62545,22.80025],[-102.62699,22.80083]]],[[[-102.66209,22.78887],[-102.66354,22.78659],[-102.66667,22.78707],[-102.66674,22.78378],[-102.66297,22.7798],[-102.65984,22.77239],[-102.66205,22.77149],[-102.65994,22.76703],[-102.66055,22.76556],[-102.65248,22.76377],[-102.6503,22.76719],[-102.65239,22.76753],[-102.64849,22.77583],[-102.65165,22.77369],[-102.65401,22.77846],[-102.64771,22.77699],[-102.64422,22.78469],[-102.66209,22.78887]]],[[[-102.65059,22.75977],[-102.65251,22.76255],[-102.65299,22.75974],[-102.65059,22.75977]]],[[[-102.65543,22.7547],[-102.65868,22.75767],[-102.65958,22.75135],[-102.66456,22.75332],[-102.67501,22.73796],[-102.68919,22.71488],[-102.67776,22.71225],[-102.66645,22.71035],[-102.66309,22.70802],[-102.66,22.71114],[-102.65649,22.71149],[-102.65622,22.71627],[-102.65257,22.71877],[-102.65691,22.72081],[-102.65644,22.72246],[-102.65247,22.72155],[-102.65199,22.72612],[-102.65876,22.72565],[-102.65654,22.72963],[-102.6518,22.73167],[-102.65277,22.72837],[-102.65646,22.72679],[-102.64812,22.726],[-102.65116,22.73023],[-102.6491,22.73218],[-102.6582,22.73243],[-102.6551,22.73661],[-102.65869,22.73659],[-102.65744,22.74042],[-102.65234,22.74403],[-102.65109,22.75129],[-102.65543,22.7547]],[[-102.66598,22.73971],[-102.66401,22.7394],[-102.66455,22.73468],[-102.66804,22.73518],[-102.66598,22.73971]]],[[[-102.63407,22.75402],[-102.63687,22.75299],[-102.63068,22.75111],[-102.62591,22.75326],[-102.63103,22.75268],[-102.63407,22.75402]]],[[[-102.60756,22.74837],[-102.61487,22.7447],[-102.61052,22.74538],[-102.60756,22.74837]]],[[[-102.64346,22.74877],[-102.64654,22.74759],[-102.63672,22.74586],[-102.63741,22.74788],[-102.64346,22.74877]]],[[[-102.60138,22.71857],[-102.60465,22.71712],[-102.60029,22.71131],[-102.59145,22.71055],[-102.59553,22.70713],[-102.59106,22.70673],[-102.58595,22.70258],[-102.58422,22.7077],[-102.5849,22.71252],[-102.58726,22.71243],[-102.58812,22.70722],[-102.58957,22.71248],[-102.59271,22.71507],[-102.59915,22.71486],[-102.59797,22.71775],[-102.60138,22.71857]]],[[[-102.64746,22.70658],[-102.65541,22.70932],[-102.65483,22.70315],[-102.65257,22.70159],[-102.64746,22.70658]]],[[[-102.70701,22.68619],[-102.704,22.6815],[-102.69901,22.68211],[-102.70358,22.67872],[-102.71084,22.68234],[-102.71794,22.67514],[-102.71898,22.67567],[-102.72904,22.66662],[-102.72624,22.66481],[-102.72128,22.66487],[-102.71995,22.67021],[-102.71359,22.66776],[-102.71142,22.66959],[-102.70725,22.66861],[-102.70607,22.67236],[-102.70183,22.67167],[-102.6991,22.6745],[-102.69482,22.67515],[-102.69278,22.67129],[-102.68949,22.67351],[-102.68704,22.67222],[-102.6803,22.67181],[-102.67997,22.67454],[-102.67358,22.67464],[-102.67361,22.68042],[-102.67236,22.68178],[-102.66796,22.68088],[-102.66011,22.68298],[-102.6585,22.68708],[-102.65541,22.68661],[-102.65349,22.69076],[-102.64794,22.69218],[-102.64758,22.69927],[-102.65174,22.70043],[-102.65516,22.70313],[-102.66153,22.70478],[-102.6637,22.70388],[-102.66804,22.70577],[-102.67275,22.70354],[-102.66999,22.70636],[-102.67262,22.70913],[-102.67589,22.70997],[-102.67832,22.708],[-102.68369,22.70972],[-102.68962,22.71292],[-102.69145,22.7113],[-102.70701,22.68619]],[[-102.68277,22.70521],[-102.68205,22.70357],[-102.6917,22.70362],[-102.69173,22.70486],[-102.68277,22.70521]],[[-102.66801,22.70412],[-102.66453,22.70295],[-102.66555,22.69943],[-102.66389,22.69667],[-102.66835,22.69917],[-102.66801,22.70412]],[[-102.68225,22.6834],[-102.68216,22.68031],[-102.68767,22.68183],[-102.68512,22.67918],[-102.69157,22.67977],[-102.69281,22.68298],[-102.69249,22.68957],[-102.6835,22.68963],[-102.68225,22.6834]]],[[[-102.68859,22.71447],[-102.68822,22.71289],[-102.67875,22.70892],[-102.67594,22.71032],[-102.67257,22.70942],[-102.67083,22.70804],[-102.66965,22.71067],[-102.67959,22.71231],[-102.68859,22.71447]]],[[[-102.65132,22.68407],[-102.65475,22.68546],[-102.65845,22.6825],[-102.65132,22.68407]]],[[[-102.64906,22.67832],[-102.65129,22.67871],[-102.65966,22.67638],[-102.66259,22.67224],[-102.65823,22.67225],[-102.65787,22.67434],[-102.65228,22.67267],[-102.64729,22.6746],[-102.64906,22.67832]]],[[[-102.66854,22.6744],[-102.67306,22.67251],[-102.67271,22.67084],[-102.66854,22.6744]]],[[[-102.72491,22.66428],[-102.7292,22.66554],[-102.72973,22.66285],[-102.73425,22.66114],[-102.73296,22.65885],[-102.72714,22.66016],[-102.72491,22.66428]]],[[[-102.64744,22.7185],[-102.64824,22.71479],[-102.64461,22.7169],[-102.64744,22.7185]]],[[[-102.76853,22.74447],[-102.76571,22.74567],[-102.77089,22.74856],[-102.77072,22.74461],[-102.76853,22.74447]]],[[[-102.75688,22.76158],[-102.75829,22.76255],[-102.76468,22.76126],[-102.7623,22.76007],[-102.76611,22.75263],[-102.76104,22.75178],[-102.75409,22.76054],[-102.75688,22.76158]]],[[[-102.77047,22.75925],[-102.77338,22.75926],[-102.77307,22.75646],[-102.76698,22.75521],[-102.76555,22.75843],[-102.77047,22.75925]]],[[[-102.76141,22.57797],[-102.75617,22.5713],[-102.75814,22.56738],[-102.75645,22.56682],[-102.75233,22.57801],[-102.75834,22.58067],[-102.75266,22.57925],[-102.75154,22.58264],[-102.75111,22.58516],[-102.75298,22.58482],[-102.75415,22.58556],[-102.75498,22.58272],[-102.75548,22.58551],[-102.75891,22.5851],[-102.76546,22.58207],[-102.76242,22.5783],[-102.76141,22.57797]]],[[[-103.01921,22.43418],[-103.0184,22.43272],[-103.01693,22.43468],[-103.02151,22.43839],[-103.02087,22.44113],[-103.02329,22.4392],[-103.02493,22.44117],[-103.02686,22.43944],[-103.02154,22.43571],[-103.02735,22.43558],[-103.02742,22.43454],[-103.02328,22.43397],[-103.02351,22.43186],[-103.02051,22.43337],[-103.02029,22.43553],[-103.01921,22.43418]]],[[[-103.04899,22.04328],[-103.04054,22.04786],[-103.03833,22.05304],[-103.03375,22.05445],[-103.03551,22.05059],[-103.03851,22.04929],[-103.04351,22.04132],[-103.04137,22.04063],[-103.03892,22.04706],[-103.03816,22.04243],[-103.04117,22.03992],[-103.04178,22.03383],[-103.0401,22.03182],[-103.03649,22.03411],[-103.03263,22.04485],[-103.03025,22.04607],[-103.02662,22.05124],[-103.0333,22.05178],[-103.02901,22.05543],[-103.03326,22.05706],[-103.03096,22.06349],[-103.03592,22.06713],[-103.03847,22.06733],[-103.04135,22.07027],[-103.04441,22.06891],[-103.04682,22.07282],[-103.05013,22.07133],[-103.05119,22.07317],[-103.05271,22.07059],[-103.05336,22.06429],[-103.05336,22.06428],[-103.05355,22.0625],[-103.05066,22.06461],[-103.04499,22.06573],[-103.0397,22.06445],[-103.04497,22.05946],[-103.04945,22.05788],[-103.05029,22.05401],[-103.04883,22.05063],[-103.04822,22.04933],[-103.049,22.04719],[-103.04965,22.04468],[-103.04951,22.04293],[-103.04899,22.04328]]],[[[-103.05953,22.09232],[-103.0594,22.09021],[-103.06371,22.09047],[-103.06303,22.08561],[-103.06022,22.0884],[-103.05846,22.08763],[-103.05732,22.08864],[-103.05728,22.08868],[-103.05279,22.09269],[-103.0542,22.09455],[-103.05953,22.09232]]],[[[-103.05577,22.05314],[-103.05495,22.05296],[-103.05375,22.05488],[-103.05208,22.05755],[-103.05183,22.05752],[-103.05378,22.05998],[-103.05729,22.05918],[-103.05452,22.05683],[-103.05882,22.05718],[-103.05934,22.05436],[-103.05577,22.05314]]],[[[-103.05039,22.04186],[-103.04969,22.0427],[-103.05004,22.04239],[-103.05056,22.04194],[-103.05039,22.04186]]],[[[-103.10118,22.0576],[-103.0999,22.04858],[-103.09897,22.04652],[-103.08664,22.04567],[-103.08591,22.04825],[-103.09111,22.05159],[-103.08348,22.05249],[-103.0871,22.06198],[-103.09904,22.05648],[-103.10118,22.0576]]],[[[-103.11981,22.08041],[-103.12129,22.08299],[-103.1171,22.08256],[-103.11716,22.08517],[-103.12108,22.08552],[-103.12424,22.08249],[-103.11981,22.08041]]],[[[-103.12655,22.0776],[-103.1207,22.07794],[-103.1197,22.08021],[-103.12097,22.07889],[-103.12687,22.07904],[-103.12655,22.0776]]],[[[-103.09865,22.09362],[-103.09543,22.09539],[-103.09264,22.09703],[-103.09233,22.09876],[-103.09463,22.1011],[-103.10285,22.10142],[-103.10287,22.1011],[-103.10052,22.09997],[-103.10061,22.09387],[-103.09865,22.09362]]],[[[-103.11198,22.13979],[-103.11193,22.13972],[-103.11107,22.13955],[-103.11198,22.13979]]],[[[-102.95413,22.46493],[-102.95376,22.46594],[-102.9539,22.46618],[-102.95459,22.46734],[-102.95549,22.46653],[-102.95499,22.46596],[-102.95413,22.46493]]],[[[-102.7395,22.6604],[-102.74097,22.66205],[-102.7438,22.65733],[-102.74628,22.65691],[-102.74656,22.64881],[-102.743,22.65075],[-102.74338,22.65363],[-102.73653,22.66126],[-102.7395,22.6604]]],[[[-102.78314,22.64651],[-102.78315,22.6455],[-102.78301,22.6467],[-102.78307,22.6466],[-102.78314,22.64651]]],[[[-102.78313,22.64425],[-102.78308,22.64215],[-102.77718,22.64227],[-102.77972,22.64459],[-102.78313,22.64425]]],[[[-102.75397,22.63271],[-102.75395,22.63188],[-102.75028,22.63625],[-102.75299,22.63464],[-102.75397,22.63271]]],[[[-102.75395,22.63062],[-102.75325,22.6292],[-102.7507,22.63014],[-102.74887,22.63509],[-102.75395,22.63062]]],[[[-102.75852,22.59203],[-102.75893,22.5916],[-102.75901,22.59003],[-102.75893,22.5859],[-102.75418,22.58619],[-102.75289,22.58515],[-102.75125,22.58544],[-102.75052,22.58509],[-102.7468,22.58464],[-102.74326,22.58523],[-102.74851,22.58952],[-102.74911,22.59432],[-102.74539,22.60563],[-102.74859,22.60576],[-102.7565,22.60981],[-102.75899,22.6048],[-102.75891,22.60072],[-102.75561,22.60079],[-102.75567,22.59803],[-102.74972,22.59658],[-102.7554,22.59111],[-102.75824,22.59232],[-102.75852,22.59203]]],[[[-102.74724,22.60841],[-102.75343,22.61078],[-102.75404,22.60916],[-102.74797,22.60622],[-102.74724,22.60841]]],[[[-102.73972,22.60872],[-102.7429,22.61115],[-102.74619,22.60826],[-102.74218,22.60572],[-102.73867,22.60699],[-102.73972,22.60872]]],[[[-102.75833,22.5666],[-102.75894,22.56411],[-102.76232,22.56152],[-102.76227,22.55907],[-102.75922,22.55707],[-102.75746,22.5651],[-102.75833,22.5666]]],[[[-102.77527,22.53736],[-102.77746,22.53765],[-102.77981,22.5377],[-102.78232,22.53455],[-102.78165,22.53162],[-102.77527,22.53736]]],[[[-102.76558,22.5398],[-102.76144,22.53749],[-102.75989,22.53767],[-102.76298,22.54601],[-102.76508,22.54882],[-102.76529,22.54862],[-102.76575,22.54787],[-102.76561,22.541],[-102.76558,22.5398]]],[[[-102.7903,22.47829],[-102.7904,22.47734],[-102.78656,22.47735],[-102.78557,22.47418],[-102.78098,22.47486],[-102.78288,22.47873],[-102.79027,22.4786],[-102.7903,22.47829]]],[[[-102.77767,22.48614],[-102.7783,22.4865],[-102.77887,22.48475],[-102.77767,22.48614]]],[[[-102.76444,22.47071],[-102.76657,22.47178],[-102.77009,22.46753],[-102.76746,22.46472],[-102.76441,22.46434],[-102.76074,22.468],[-102.76444,22.47071]]],[[[-102.76725,22.41591],[-102.77004,22.41859],[-102.76472,22.41827],[-102.76176,22.42404],[-102.76351,22.42495],[-102.77581,22.4187],[-102.77284,22.4129],[-102.76725,22.41591]]],[[[-102.82978,22.40184],[-102.82971,22.39996],[-102.82572,22.4022],[-102.82987,22.40516],[-102.83303,22.40475],[-102.83053,22.40252],[-102.82978,22.40184]]],[[[-102.83658,22.39739],[-102.83801,22.39426],[-102.8319,22.39095],[-102.82923,22.39298],[-102.82539,22.39195],[-102.8309,22.39627],[-102.82978,22.39872],[-102.83271,22.39769],[-102.83359,22.39773],[-102.83553,22.39761],[-102.83658,22.39739]]],[[[-102.83744,22.39034],[-102.83865,22.38812],[-102.8361,22.38631],[-102.83418,22.38944],[-102.83744,22.39034]]],[[[-102.73844,22.35264],[-102.74236,22.35347],[-102.74289,22.35139],[-102.73844,22.35264]]],[[[-102.74827,22.34759],[-102.74978,22.34587],[-102.747,22.34287],[-102.74522,22.34465],[-102.74823,22.3476],[-102.74827,22.34759]]],[[[-102.7506,22.33718],[-102.75274,22.34013],[-102.75551,22.33569],[-102.7506,22.33718]]],[[[-102.7583,22.32261],[-102.75931,22.32074],[-102.75476,22.32133],[-102.7583,22.32261]]],[[[-102.85584,22.34025],[-102.85508,22.33986],[-102.85472,22.33968],[-102.8541,22.33936],[-102.85385,22.33946],[-102.85266,22.34039],[-102.85605,22.34195],[-102.85623,22.34107],[-102.85584,22.34025]]],[[[-103.09918,22.16913],[-103.09974,22.16751],[-103.09867,22.16887],[-103.09883,22.16904],[-103.09918,22.16913]]],[[[-103.08752,22.18256],[-103.08177,22.17862],[-103.0802,22.18039],[-103.08296,22.18151],[-103.08429,22.18522],[-103.08711,22.18723],[-103.08752,22.18256]]],[[[-103.08678,22.17624],[-103.08486,22.17713],[-103.08757,22.1823],[-103.08678,22.17624]]],[[[-103.07697,22.18109],[-103.0753,22.17923],[-103.07373,22.18035],[-103.06907,22.17705],[-103.06755,22.18185],[-103.07357,22.18232],[-103.07697,22.18109]]],[[[-102.75099,22.32828],[-102.75549,22.32807],[-102.75183,22.32665],[-102.75099,22.32828]]],[[[-103.01002,22.4222],[-103.01005,22.42368],[-103.01466,22.42376],[-103.01484,22.42032],[-103.0108,22.41952],[-103.01002,22.4222]]],[[[-103.09792,22.10474],[-103.09863,22.10727],[-103.10046,22.10416],[-103.09792,22.10474]]],[[[-103.12688,22.08738],[-103.12335,22.08902],[-103.13564,22.0891],[-103.13779,22.08824],[-103.13867,22.08451],[-103.13559,22.08732],[-103.13075,22.08728],[-103.13144,22.08304],[-103.12688,22.08738]]],[[[-103.05964,22.08345],[-103.06303,22.08465],[-103.06177,22.08171],[-103.05964,22.08345]]],[[[-103.0996,22.07897],[-103.09894,22.07782],[-103.10586,22.07373],[-103.10251,22.0712],[-103.1008,22.07409],[-103.09633,22.07455],[-103.09709,22.07872],[-103.0996,22.07897]]],[[[-103.05487,22.07107],[-103.05701,22.0718],[-103.06145,22.06982],[-103.06524,22.06358],[-103.06337,22.06152],[-103.05849,22.06043],[-103.05839,22.06449],[-103.06169,22.06714],[-103.05678,22.06789],[-103.05487,22.07107]]],[[[-103.06141,22.05774],[-103.06035,22.06023],[-103.06348,22.06019],[-103.06265,22.05386],[-103.06008,22.05533],[-103.06141,22.05774]]],[[[-103.07964,22.04996],[-103.08361,22.04894],[-103.08272,22.04598],[-103.07965,22.04537],[-103.07964,22.04996]]],[[[-103.07095,22.04994],[-103.07622,22.04905],[-103.07629,22.04531],[-103.07226,22.0448],[-103.06855,22.04786],[-103.07357,22.0476],[-103.07095,22.04994]]],[[[-101.89656,22.22505],[-101.89548,22.23105],[-101.89025,22.23707],[-101.88808,22.23802],[-101.88936,22.24318],[-101.8901,22.24408],[-101.8904,22.24444],[-101.89043,22.24448],[-101.89063,22.24473],[-101.89083,22.24497],[-101.89307,22.2477],[-101.89967,22.2427],[-101.90239,22.24355],[-101.89859,22.24086],[-101.89261,22.2386],[-101.89131,22.23672],[-101.89597,22.23199],[-101.89901,22.22427],[-101.89911,22.22062],[-101.90192,22.21648],[-101.89768,22.21313],[-101.89749,22.21228],[-101.90136,22.20625],[-101.89568,22.20513],[-101.89247,22.19731],[-101.88943,22.19402],[-101.88458,22.19233],[-101.88752,22.19439],[-101.88776,22.19459],[-101.88813,22.19489],[-101.8889,22.19568],[-101.88974,22.19669],[-101.88984,22.19683],[-101.89008,22.19719],[-101.89081,22.19786],[-101.89094,22.19797],[-101.89194,22.19957],[-101.89305,22.20334],[-101.89348,22.20391],[-101.89454,22.20497],[-101.89494,22.20528],[-101.89626,22.20605],[-101.89663,22.20621],[-101.89697,22.20634],[-101.89698,22.20634],[-101.89788,22.20679],[-101.8978,22.20997],[-101.89544,22.21022],[-101.89702,22.21514],[-101.89692,22.21641],[-101.89453,22.21649],[-101.89545,22.22069],[-101.89534,22.22129],[-101.89505,22.22206],[-101.89536,22.22361],[-101.89548,22.22378],[-101.89562,22.22452],[-101.89656,22.22505]]],[[[-101.99296,22.2183],[-101.99464,22.21615],[-101.99061,22.21631],[-101.99254,22.21844],[-101.99296,22.2183]]],[[[-101.82748,22.1742],[-101.82843,22.17378],[-101.82887,22.17355],[-101.82882,22.17424],[-101.82631,22.17439],[-101.82806,22.17878],[-101.82327,22.1784],[-101.82318,22.18002],[-101.82772,22.18194],[-101.83455,22.18832],[-101.83129,22.18885],[-101.82896,22.19217],[-101.83353,22.1902],[-101.83716,22.19114],[-101.83768,22.19929],[-101.8398,22.20063],[-101.83854,22.20377],[-101.84193,22.20324],[-101.83988,22.19228],[-101.84071,22.18457],[-101.84476,22.18185],[-101.84865,22.17562],[-101.84651,22.17244],[-101.84664,22.16746],[-101.84252,22.16636],[-101.84129,22.17336],[-101.84215,22.1734],[-101.84481,22.17278],[-101.84561,22.17262],[-101.84619,22.17253],[-101.84567,22.17733],[-101.84276,22.17835],[-101.84136,22.1758],[-101.83823,22.18459],[-101.83549,22.18463],[-101.83181,22.18099],[-101.83502,22.17802],[-101.83643,22.18169],[-101.83836,22.17868],[-101.8364,22.17293],[-101.83965,22.17243],[-101.83894,22.16796],[-101.84167,22.16401],[-101.83964,22.16115],[-101.84435,22.15902],[-101.84327,22.16148],[-101.84697,22.15984],[-101.84374,22.15653],[-101.84657,22.15377],[-101.84651,22.15074],[-101.84415,22.14892],[-101.83992,22.149],[-101.84233,22.14698],[-101.83917,22.14294],[-101.83582,22.14142],[-101.83052,22.14502],[-101.82995,22.14221],[-101.83173,22.13721],[-101.83061,22.13254],[-101.83158,22.12953],[-101.8259,22.12939],[-101.82614,22.13179],[-101.82885,22.13059],[-101.82895,22.13822],[-101.82608,22.13551],[-101.82604,22.14278],[-101.8231,22.14538],[-101.81955,22.14474],[-101.82074,22.14053],[-101.81858,22.1384],[-101.81125,22.13657],[-101.81322,22.13811],[-101.80563,22.14217],[-101.80285,22.14096],[-101.79905,22.14649],[-101.80185,22.14759],[-101.79912,22.15011],[-101.79195,22.15086],[-101.79443,22.1533],[-101.7878,22.16338],[-101.79072,22.16542],[-101.78938,22.16748],[-101.78294,22.16651],[-101.78237,22.16877],[-101.78238,22.16879],[-101.78207,22.17038],[-101.78239,22.17095],[-101.7827,22.17207],[-101.78252,22.17144],[-101.78155,22.17248],[-101.78231,22.17102],[-101.78192,22.17039],[-101.78202,22.17016],[-101.78199,22.16983],[-101.78224,22.16909],[-101.78227,22.16903],[-101.78015,22.16575],[-101.77707,22.17334],[-101.77385,22.17631],[-101.77872,22.17671],[-101.77606,22.17924],[-101.77091,22.1789],[-101.7713,22.185],[-101.77558,22.18733],[-101.77059,22.19155],[-101.76934,22.19014],[-101.76291,22.20047],[-101.76808,22.20213],[-101.77334,22.19565],[-101.77729,22.19591],[-101.776,22.19317],[-101.77786,22.18892],[-101.77825,22.18431],[-101.78455,22.18021],[-101.78178,22.1784],[-101.78216,22.17859],[-101.78798,22.18163],[-101.78836,22.17667],[-101.7961,22.17506],[-101.79137,22.17706],[-101.80308,22.18227],[-101.80602,22.18533],[-101.80542,22.1857],[-101.80557,22.19005],[-101.81117,22.19069],[-101.81348,22.18745],[-101.81374,22.1875],[-101.82075,22.18229],[-101.81937,22.17639],[-101.8137,22.17663],[-101.80861,22.17393],[-101.80877,22.17252],[-101.80083,22.17045],[-101.80498,22.15594],[-101.80334,22.15367],[-101.80738,22.15477],[-101.80695,22.15837],[-101.82154,22.16188],[-101.82016,22.16475],[-101.823,22.16443],[-101.82709,22.16641],[-101.82718,22.17138],[-101.82605,22.17351],[-101.82748,22.1742]]],[[[-101.78417,22.16528],[-101.78439,22.16518],[-101.78457,22.1651],[-101.78464,22.16494],[-101.78477,22.1626],[-101.78413,22.16345],[-101.78424,22.16364],[-101.78426,22.16414],[-101.78403,22.1657],[-101.78417,22.16528]]],[[[-101.78582,22.15808],[-101.7887,22.15305],[-101.78958,22.1502],[-101.788,22.14525],[-101.78949,22.13569],[-101.78793,22.13456],[-101.78611,22.13599],[-101.78338,22.13304],[-101.78584,22.13168],[-101.78526,22.12823],[-101.78251,22.13072],[-101.78231,22.13428],[-101.77779,22.13444],[-101.77332,22.13836],[-101.77886,22.14723],[-101.78234,22.14766],[-101.78363,22.15389],[-101.78095,22.15864],[-101.77646,22.16199],[-101.78316,22.16519],[-101.78392,22.16342],[-101.78381,22.16328],[-101.78582,22.15808]]],[[[-101.78402,22.03274],[-101.78509,22.03196],[-101.78364,22.03233],[-101.78367,22.03291],[-101.78402,22.03274]]],[[[-101.78931,22.03483],[-101.78872,22.03439],[-101.78563,22.03277],[-101.78888,22.03747],[-101.78931,22.03483]]],[[[-101.89807,22.09974],[-101.89803,22.10263],[-101.89777,22.1029],[-101.89855,22.10724],[-101.9023,22.10482],[-101.90542,22.10616],[-101.91184,22.10497],[-101.91054,22.10142],[-101.90673,22.10011],[-101.90291,22.10128],[-101.90286,22.09932],[-101.89807,22.09974]]],[[[-101.86031,22.16885],[-101.8618,22.1696],[-101.86219,22.16982],[-101.86223,22.16984],[-101.86832,22.16702],[-101.8705,22.16996],[-101.86949,22.16477],[-101.87671,22.15698],[-101.87958,22.15639],[-101.87994,22.15112],[-101.88244,22.15209],[-101.8862,22.14804],[-101.89279,22.14295],[-101.89881,22.14196],[-101.90182,22.13911],[-101.90004,22.13165],[-101.89381,22.12492],[-101.89618,22.12781],[-101.89402,22.1303],[-101.8916,22.13677],[-101.89347,22.13716],[-101.88726,22.14315],[-101.88568,22.14071],[-101.8778,22.1408],[-101.87887,22.144],[-101.88302,22.14589],[-101.87503,22.1465],[-101.872,22.14451],[-101.87053,22.15008],[-101.8774,22.14888],[-101.87959,22.15098],[-101.87841,22.15375],[-101.87308,22.15536],[-101.87543,22.15616],[-101.87214,22.16174],[-101.86866,22.16474],[-101.86031,22.16885]]],[[[-101.86741,22.0921],[-101.86386,22.08698],[-101.86426,22.09042],[-101.86741,22.0921]]],[[[-101.87494,22.11154],[-101.87826,22.10672],[-101.87699,22.10402],[-101.87134,22.10198],[-101.86771,22.10448],[-101.86745,22.10163],[-101.86512,22.10359],[-101.86752,22.10689],[-101.86991,22.10661],[-101.86769,22.11183],[-101.87054,22.11036],[-101.87045,22.11452],[-101.87494,22.11154]]],[[[-101.88144,22.11794],[-101.87823,22.11256],[-101.87436,22.12135],[-101.87814,22.11846],[-101.88144,22.11794]]],[[[-101.82642,22.09811],[-101.8262,22.09434],[-101.8237,22.09094],[-101.82642,22.09811]]],[[[-101.85941,22.08677],[-101.86045,22.08123],[-101.86218,22.07962],[-101.85842,22.07606],[-101.85507,22.07782],[-101.86004,22.08235],[-101.85757,22.08572],[-101.85941,22.08677]]],[[[-101.85539,22.09291],[-101.85765,22.08976],[-101.85685,22.08692],[-101.85108,22.08815],[-101.85164,22.09212],[-101.85539,22.09291]]],[[[-101.83379,22.0934],[-101.83608,22.09034],[-101.83368,22.0896],[-101.83379,22.0934]]],[[[-101.82423,22.08108],[-101.82555,22.08139],[-101.82814,22.07504],[-101.82422,22.07884],[-101.82423,22.08108]]],[[[-101.82698,22.06638],[-101.82598,22.06828],[-101.82672,22.06994],[-101.82811,22.07238],[-101.83131,22.06892],[-101.83078,22.07219],[-101.83275,22.07527],[-101.83442,22.07118],[-101.83918,22.07254],[-101.83757,22.06877],[-101.83798,22.06543],[-101.83798,22.06281],[-101.83657,22.06761],[-101.83547,22.06367],[-101.83035,22.06865],[-101.82698,22.06638]]],[[[-101.82393,22.06389],[-101.82126,22.06349],[-101.82226,22.06816],[-101.82398,22.06924],[-101.82431,22.06828],[-101.82522,22.06438],[-101.82393,22.06389]]],[[[-101.82622,22.07015],[-101.82598,22.06828],[-101.82431,22.06828],[-101.82411,22.069],[-101.82622,22.07015]]],[[[-101.86767,22.07942],[-101.86564,22.07947],[-101.86621,22.08384],[-101.86767,22.07942]]],[[[-101.82384,22.04749],[-101.82438,22.04726],[-101.82448,22.04408],[-101.82026,22.04382],[-101.82023,22.04115],[-101.81706,22.04258],[-101.81662,22.04729],[-101.81636,22.04807],[-101.81638,22.05116],[-101.81762,22.051],[-101.82074,22.04425],[-101.82384,22.04749]]],[[[-101.90983,22.22228],[-101.90646,22.22639],[-101.90925,22.22774],[-101.9129,22.22444],[-101.91384,22.22696],[-101.91141,22.22859],[-101.91257,22.23075],[-101.91669,22.22814],[-101.91982,22.22896],[-101.92125,22.2247],[-101.92385,22.22271],[-101.91915,22.22143],[-101.91811,22.22145],[-101.91725,22.22155],[-101.9185,22.22017],[-101.91267,22.21405],[-101.90846,22.21814],[-101.91113,22.22082],[-101.90983,22.22228]]],[[[-101.95403,22.15035],[-101.95665,22.14696],[-101.9542,22.14654],[-101.95327,22.15082],[-101.95403,22.15035]]],[[[-101.93773,22.21687],[-101.93672,22.21815],[-101.93654,22.2188],[-101.93773,22.21687]]],[[[-101.93619,22.2183],[-101.93672,22.21815],[-101.93682,22.21716],[-101.93619,22.2183]]],[[[-101.9378,22.21206],[-101.93607,22.20823],[-101.93305,22.20802],[-101.93355,22.21168],[-101.9378,22.21206]]],[[[-101.94382,22.19536],[-101.94588,22.19306],[-101.94591,22.19304],[-101.94735,22.19163],[-101.9453,22.19102],[-101.94721,22.18663],[-101.93942,22.18418],[-101.93643,22.18489],[-101.94209,22.18807],[-101.94466,22.19141],[-101.94045,22.1971],[-101.94376,22.19633],[-101.94379,22.19581],[-101.94382,22.19536]]],[[[-101.87664,22.17086],[-101.87732,22.17258],[-101.88074,22.17001],[-101.87664,22.17086]]],[[[-102.46971,22.84393],[-102.47532,22.85622],[-102.4771,22.85679],[-102.47761,22.8584],[-102.48558,22.86514],[-102.48703,22.8704],[-102.48848,22.87315],[-102.48757,22.88086],[-102.49173,22.88218],[-102.48939,22.88328],[-102.49678,22.88677],[-102.50114,22.89351],[-102.50306,22.89324],[-102.50285,22.88618],[-102.50111,22.87943],[-102.50236,22.87199],[-102.49559,22.85605],[-102.4946,22.84551],[-102.49562,22.83459],[-102.49475,22.83171],[-102.49127,22.82975],[-102.48219,22.83547],[-102.47827,22.83869],[-102.46971,22.84393]]],[[[-102.48086,22.80087],[-102.4765,22.79239],[-102.47064,22.79295],[-102.46538,22.79547],[-102.46431,22.8028],[-102.46754,22.80973],[-102.46781,22.82157],[-102.47013,22.82847],[-102.46893,22.83424],[-102.46948,22.84355],[-102.47373,22.84017],[-102.47728,22.83904],[-102.48303,22.83339],[-102.4864,22.83171],[-102.48608,22.82954],[-102.48999,22.82777],[-102.49319,22.82825],[-102.49523,22.8244],[-102.49074,22.82508],[-102.49263,22.82285],[-102.48882,22.81547],[-102.48544,22.81355],[-102.48278,22.81603],[-102.48321,22.81226],[-102.48755,22.81377],[-102.48086,22.80087]]],[[[-102.4847,22.80101],[-102.48495,22.79695],[-102.48797,22.79821],[-102.48852,22.79299],[-102.47962,22.79148],[-102.47825,22.79428],[-102.48162,22.80095],[-102.48709,22.81194],[-102.49046,22.81429],[-102.48895,22.81003],[-102.49225,22.8102],[-102.48991,22.80518],[-102.49366,22.80524],[-102.49245,22.80216],[-102.49377,22.79764],[-102.49126,22.79765],[-102.49049,22.80195],[-102.4847,22.80101]]],[[[-103.68281,23.1135],[-103.68291,23.11161],[-103.68211,23.11155],[-103.68279,23.11348],[-103.68281,23.1135]]],[[[-103.26028,23.00866],[-103.26207,23.00938],[-103.26684,23.00659],[-103.26073,23.00472],[-103.26304,23.00054],[-103.26538,23.00003],[-103.26829,22.99492],[-103.27372,22.99614],[-103.27266,22.99392],[-103.27659,22.98686],[-103.2767,22.9843],[-103.27338,22.98227],[-103.27425,22.97858],[-103.27053,22.97528],[-103.26475,22.97267],[-103.26299,22.97527],[-103.25856,22.97483],[-103.25764,22.97637],[-103.25302,22.97405],[-103.24691,22.97579],[-103.24685,22.97623],[-103.24865,22.97909],[-103.24759,22.98583],[-103.24927,22.98795],[-103.24501,22.98734],[-103.23986,22.98269],[-103.23623,22.98513],[-103.23741,22.97991],[-103.23131,22.98294],[-103.20919,23.0011],[-103.21388,23.00375],[-103.21842,22.9995],[-103.22397,22.99857],[-103.22521,22.99456],[-103.22916,22.99205],[-103.23221,22.99213],[-103.23113,22.99866],[-103.23856,22.99538],[-103.24019,22.9965],[-103.23667,23.00324],[-103.23806,23.00711],[-103.24142,23.00924],[-103.24243,23.00994],[-103.24585,23.01377],[-103.25112,23.0154],[-103.25352,23.01909],[-103.2469,23.02113],[-103.24524,23.02397],[-103.24858,23.02872],[-103.2473,23.03107],[-103.24978,23.03221],[-103.24773,23.03637],[-103.25026,23.03863],[-103.25318,23.03658],[-103.2557,23.02892],[-103.26637,23.03167],[-103.26816,23.02145],[-103.26562,23.0182],[-103.26656,23.01397],[-103.26936,23.01461],[-103.268,23.01167],[-103.26205,23.01025],[-103.25364,23.01298],[-103.2519,23.01213],[-103.24545,23.01013],[-103.24848,23.00847],[-103.25696,23.00996],[-103.26028,23.00866]],[[-103.25159,22.9905],[-103.24896,22.98992],[-103.25119,22.98544],[-103.25301,22.98838],[-103.257,22.98791],[-103.2535,22.99238],[-103.25159,22.9905]],[[-103.26158,22.99032],[-103.2586,22.99035],[-103.26014,22.98656],[-103.25785,22.98433],[-103.25768,22.9806],[-103.26023,22.97826],[-103.26508,22.97956],[-103.2666,22.97722],[-103.27065,22.98048],[-103.26904,22.98804],[-103.26158,22.99032]]],[[[-103.45839,22.92289],[-103.45899,22.91941],[-103.45786,22.92096],[-103.44676,22.92048],[-103.44558,22.9177],[-103.44294,22.91888],[-103.44787,22.92345],[-103.45303,22.92344],[-103.45553,22.92367],[-103.45839,22.92289]]],[[[-103.4569,22.92415],[-103.45721,22.92424],[-103.45844,22.9235],[-103.45843,22.9233],[-103.4569,22.92415]]],[[[-103.35976,22.90092],[-103.35996,22.90274],[-103.3623,22.90575],[-103.36372,22.90266],[-103.36116,22.90062],[-103.35976,22.90092]]],[[[-103.70127,22.65888],[-103.6962,22.66158],[-103.70162,22.66229],[-103.70282,22.66055],[-103.70127,22.65888]]],[[[-103.24132,22.81005],[-103.23854,22.81095],[-103.24485,22.81246],[-103.24422,22.80914],[-103.24132,22.81005]]],[[[-103.38117,22.68774],[-103.3867,22.68533],[-103.38634,22.68221],[-103.39093,22.68177],[-103.38896,22.6777],[-103.39253,22.67732],[-103.39104,22.67429],[-103.39008,22.67327],[-103.38824,22.67303],[-103.38794,22.67745],[-103.38203,22.68015],[-103.38496,22.6813],[-103.38126,22.68566],[-103.38117,22.68774]]],[[[-103.37848,22.68849],[-103.37895,22.69043],[-103.37923,22.69028],[-103.38093,22.68825],[-103.37848,22.68849]]],[[[-103.37441,22.70699],[-103.37152,22.70742],[-103.37084,22.71121],[-103.37441,22.70699]]],[[[-104.32444,22.39113],[-104.32587,22.39299],[-104.3267,22.39338],[-104.32659,22.39209],[-104.32444,22.39113]]],[[[-104.32497,22.42165],[-104.32414,22.41987],[-104.32369,22.42178],[-104.3249,22.42189],[-104.32497,22.42165]]],[[[-104.32361,22.42211],[-104.32339,22.42306],[-104.32451,22.4243],[-104.32454,22.42329],[-104.32361,22.42211]]],[[[-104.31843,22.43899],[-104.31747,22.4393],[-104.3182,22.43931],[-104.31843,22.43899]]],[[[-104.3195,22.51766],[-104.3186,22.51581],[-104.31837,22.51535],[-104.31615,22.51684],[-104.3195,22.51766]]],[[[-104.26517,22.71506],[-104.26584,22.71385],[-104.26464,22.71206],[-104.26182,22.71438],[-104.26517,22.71506]]],[[[-103.67805,23.10459],[-103.67843,23.10194],[-103.67834,23.10044],[-103.67425,23.10039],[-103.67384,23.10569],[-103.67357,23.10916],[-103.67395,23.10859],[-103.67701,23.10365],[-103.67805,23.10459]]],[[[-103.43959,23.00934],[-103.43974,23.00845],[-103.43867,23.0093],[-103.43946,23.0095],[-103.43959,23.00934]]],[[[-103.43155,22.98024],[-103.4287,22.98261],[-103.43084,22.9843],[-103.43825,22.98582],[-103.43936,22.98838],[-103.44215,22.98678],[-103.44195,22.97934],[-103.43845,22.981],[-103.43886,22.98307],[-103.43396,22.98245],[-103.43155,22.98024]]],[[[-103.44081,22.9964],[-103.44121,23.00207],[-103.44311,23.00093],[-103.44419,22.99608],[-103.44088,22.99628],[-103.44081,22.9964]]],[[[-103.43877,23.00587],[-103.43806,23.00915],[-103.43983,23.00789],[-103.44015,23.00603],[-103.43877,23.00587]]],[[[-103.44528,23.0363],[-103.44956,23.03666],[-103.45102,23.03597],[-103.45083,23.03363],[-103.44741,23.03267],[-103.44528,23.0363]]],[[[-103.45944,22.91738],[-103.46337,22.91236],[-103.46416,22.90719],[-103.46013,22.913],[-103.4583,22.91269],[-103.45944,22.91738]]],[[[-103.44495,22.93378],[-103.44372,22.93528],[-103.44745,22.93555],[-103.44495,22.94208],[-103.44286,22.94467],[-103.44296,22.94505],[-103.44991,22.94569],[-103.45167,22.9421],[-103.45418,22.94098],[-103.45501,22.93395],[-103.45099,22.93143],[-103.44809,22.93496],[-103.44495,22.93378]]],[[[-103.43854,22.95234],[-103.43866,22.95343],[-103.43914,22.95759],[-103.44424,22.95548],[-103.4426,22.95151],[-103.44682,22.94962],[-103.44117,22.94792],[-103.44296,22.94505],[-103.44203,22.94468],[-103.43935,22.94771],[-103.43854,22.95234]]],[[[-103.44491,22.96893],[-103.44834,22.96051],[-103.44463,22.96003],[-103.43703,22.96533],[-103.43989,22.96647],[-103.44183,22.96397],[-103.44619,22.96434],[-103.44402,22.9677],[-103.43974,22.96731],[-103.43958,22.9694],[-103.44491,22.96893]]],[[[-103.44199,22.97902],[-103.4445,22.9699],[-103.43868,22.97001],[-103.43688,22.97411],[-103.43925,22.9745],[-103.43676,22.97728],[-103.44199,22.97902]]],[[[-103.30875,22.89261],[-103.30891,22.89259],[-103.30887,22.89236],[-103.30875,22.89261]]],[[[-103.29917,22.88817],[-103.30089,22.88735],[-103.30105,22.88582],[-103.30045,22.88435],[-103.29794,22.88649],[-103.29917,22.88817]]],[[[-103.30222,22.89444],[-103.30236,22.89396],[-103.30214,22.89038],[-103.29983,22.89505],[-103.29737,22.89849],[-103.29446,22.89571],[-103.28863,22.89774],[-103.28449,22.89407],[-103.27882,22.89354],[-103.27647,22.89953],[-103.28833,22.89923],[-103.29342,22.89749],[-103.30037,22.89989],[-103.30222,22.89444]]],[[[-103.25457,22.8998],[-103.25627,22.90113],[-103.26163,22.89944],[-103.26274,22.89693],[-103.25317,22.89827],[-103.25457,22.8998]]],[[[-103.24722,22.89522],[-103.24839,22.89667],[-103.25135,22.89388],[-103.25358,22.88857],[-103.25114,22.88777],[-103.24722,22.89522]]],[[[-103.25371,22.90244],[-103.24812,22.89982],[-103.24586,22.90283],[-103.25019,22.90352],[-103.25371,22.90244]]],[[[-103.28025,22.91292],[-103.28222,22.91817],[-103.2844,22.91311],[-103.28222,22.91123],[-103.28025,22.91292]]],[[[-103.29674,22.9227],[-103.29766,22.92655],[-103.30082,22.9206],[-103.30538,22.9229],[-103.31095,22.91869],[-103.31364,22.92215],[-103.31358,22.92071],[-103.31276,22.91615],[-103.30918,22.9149],[-103.30851,22.92053],[-103.30641,22.9184],[-103.30634,22.91475],[-103.30122,22.91649],[-103.29674,22.9227]]],[[[-103.29826,22.9448],[-103.30018,22.94421],[-103.3009,22.94402],[-103.30244,22.94368],[-103.29861,22.94331],[-103.29929,22.93779],[-103.30154,22.93905],[-103.30737,22.93628],[-103.30673,22.92922],[-103.30514,22.92844],[-103.30605,22.93391],[-103.30487,22.93579],[-103.29937,22.9349],[-103.29962,22.93177],[-103.30384,22.93128],[-103.3033,22.92756],[-103.29849,22.93097],[-103.29816,22.93451],[-103.29375,22.92674],[-103.29055,22.93259],[-103.28807,22.93099],[-103.28277,22.93544],[-103.28896,22.93686],[-103.29285,22.94488],[-103.29826,22.9448]]],[[[-103.34022,22.91028],[-103.33763,22.91694],[-103.34089,22.91611],[-103.34022,22.91028]]],[[[-103.33315,22.91318],[-103.32805,22.91131],[-103.32749,22.91487],[-103.33125,22.91536],[-103.33315,22.91318]]],[[[-103.32395,22.93208],[-103.32426,22.92948],[-103.32146,22.9257],[-103.3206,22.92841],[-103.32395,22.93208]]],[[[-103.31481,22.92922],[-103.3118,22.92889],[-103.31096,22.92631],[-103.31338,22.92407],[-103.31002,22.92074],[-103.30879,22.92428],[-103.31069,22.92486],[-103.31078,22.92935],[-103.30882,22.9298],[-103.31111,22.93278],[-103.31225,22.92994],[-103.31447,22.93361],[-103.31709,22.93204],[-103.31481,22.92922]]],[[[-103.30017,22.92726],[-103.3039,22.92628],[-103.30285,22.92328],[-103.30017,22.92726]]],[[[-103.31868,22.92722],[-103.3187,22.92943],[-103.32286,22.93349],[-103.31868,22.92722]]],[[[-103.31008,22.94064],[-103.31177,22.94139],[-103.31217,22.93756],[-103.30866,22.93798],[-103.31008,22.94064]]],[[[-103.32274,22.90996],[-103.32266,22.91033],[-103.32521,22.91054],[-103.32293,22.90904],[-103.32274,22.90996]]],[[[-103.28704,22.95979],[-103.28784,22.95809],[-103.28438,22.9565],[-103.28588,22.95273],[-103.28872,22.95361],[-103.29072,22.95164],[-103.28958,22.94868],[-103.28566,22.94738],[-103.28255,22.95594],[-103.28704,22.95979]]],[[[-103.36017,22.97708],[-103.35951,22.97593],[-103.35702,22.97315],[-103.35749,22.96683],[-103.35201,22.96045],[-103.3505,22.96214],[-103.35474,22.96823],[-103.35375,22.97036],[-103.35625,22.97609],[-103.35926,22.97756],[-103.36017,22.97708]]],[[[-103.27736,22.97487],[-103.27717,22.97451],[-103.27299,22.97599],[-103.27526,22.97728],[-103.27736,22.97487]]],[[[-103.26785,22.9688],[-103.26798,22.97018],[-103.27507,22.96782],[-103.27141,22.96519],[-103.27228,22.9619],[-103.26785,22.9688]]],[[[-103.27818,22.95856],[-103.28167,22.96094],[-103.28124,22.95746],[-103.27818,22.95856]]],[[[-103.26935,22.92481],[-103.27609,22.92118],[-103.27533,22.91816],[-103.27816,22.9149],[-103.27452,22.91581],[-103.27477,22.91842],[-103.26935,22.92481]]],[[[-103.28203,22.9218],[-103.28226,22.92173],[-103.28247,22.92151],[-103.28203,22.9218]]],[[[-103.28385,22.92184],[-103.28226,22.92173],[-103.28222,22.92189],[-103.28385,22.92184]]],[[[-103.2834,22.92062],[-103.28572,22.91882],[-103.28405,22.91638],[-103.28184,22.9194],[-103.2834,22.92062]]],[[[-103.25441,22.8714],[-103.25304,22.87477],[-103.25649,22.87214],[-103.26108,22.8706],[-103.26162,22.8685],[-103.25682,22.86732],[-103.25424,22.8697],[-103.24891,22.86938],[-103.25441,22.8714]]],[[[-103.24416,22.86968],[-103.24598,22.87138],[-103.24754,22.86886],[-103.24208,22.86644],[-103.24416,22.86968]]],[[[-103.23354,22.86905],[-103.2369,22.86683],[-103.23149,22.86395],[-103.23505,22.86737],[-103.23354,22.86905]]],[[[-103.31932,22.86591],[-103.31957,22.86344],[-103.31666,22.86449],[-103.31932,22.86591]]],[[[-103.32018,22.82823],[-103.32059,22.82914],[-103.32061,22.8292],[-103.32163,22.83018],[-103.32018,22.82823]]],[[[-103.30858,22.831],[-103.30373,22.82996],[-103.3007,22.82965],[-103.29553,22.82929],[-103.29195,22.83131],[-103.29178,22.83333],[-103.29918,22.83324],[-103.30348,22.8361],[-103.29571,22.83982],[-103.29889,22.84051],[-103.30526,22.83736],[-103.30273,22.84263],[-103.30862,22.84169],[-103.30766,22.84405],[-103.31304,22.84742],[-103.31682,22.84457],[-103.3211,22.84443],[-103.32486,22.84656],[-103.3251,22.84385],[-103.32817,22.84166],[-103.32362,22.83725],[-103.32232,22.8369],[-103.31812,22.83829],[-103.31387,22.8362],[-103.31758,22.83296],[-103.3101,22.83142],[-103.30858,22.831]],[[-103.30822,22.83743],[-103.31188,22.83329],[-103.31324,22.83494],[-103.30822,22.83743]]],[[[-103.26871,22.85004],[-103.26954,22.84847],[-103.2655,22.84424],[-103.26222,22.84458],[-103.26053,22.8469],[-103.26516,22.84963],[-103.26871,22.85004]]],[[[-103.26829,22.84528],[-103.2696,22.84661],[-103.27083,22.84266],[-103.26829,22.84528]]],[[[-103.31901,22.82639],[-103.31958,22.82687],[-103.31737,22.82217],[-103.31399,22.82375],[-103.30736,22.82179],[-103.30595,22.82003],[-103.30012,22.81822],[-103.29427,22.8183],[-103.28904,22.81968],[-103.29888,22.82077],[-103.30051,22.82269],[-103.30074,22.82307],[-103.3032,22.82147],[-103.30732,22.82322],[-103.30763,22.82337],[-103.31142,22.8257],[-103.31262,22.8256],[-103.31659,22.82634],[-103.31746,22.82641],[-103.31901,22.82639]]],[[[-103.33239,22.82389],[-103.33232,22.81983],[-103.32542,22.82666],[-103.33314,22.83022],[-103.33555,22.82587],[-103.33401,22.82414],[-103.33296,22.82398],[-103.33239,22.82389]]],[[[-103.24937,22.8192],[-103.25111,22.81531],[-103.24725,22.81735],[-103.24937,22.8192]]],[[[-103.24431,22.8156],[-103.24885,22.81345],[-103.24279,22.81419],[-103.24431,22.8156]]],[[[-103.31308,22.80502],[-103.31115,22.80676],[-103.30854,22.80834],[-103.30556,22.81045],[-103.30625,22.81362],[-103.31264,22.81281],[-103.31533,22.80821],[-103.3151,22.80506],[-103.31308,22.80502]]],[[[-103.31705,22.8117],[-103.31646,22.81242],[-103.31975,22.81227],[-103.31767,22.81095],[-103.31705,22.8117]]],[[[-103.29364,22.79871],[-103.2925,22.80148],[-103.29561,22.80036],[-103.29659,22.79672],[-103.2923,22.79456],[-103.29364,22.79871]]],[[[-103.35604,22.78992],[-103.36061,22.79258],[-103.36029,22.79107],[-103.35136,22.7825],[-103.35103,22.78926],[-103.35604,22.78992]]],[[[-103.30034,22.78629],[-103.30135,22.78736],[-103.30649,22.7875],[-103.30571,22.78537],[-103.30034,22.78629]]],[[[-103.35997,22.78364],[-103.36253,22.78362],[-103.36132,22.77967],[-103.36669,22.78098],[-103.36899,22.77809],[-103.36351,22.77508],[-103.36114,22.77717],[-103.35847,22.77344],[-103.35788,22.77777],[-103.36032,22.77954],[-103.35997,22.78364]]],[[[-103.48634,22.75972],[-103.48643,22.76015],[-103.48722,22.76094],[-103.4866,22.75955],[-103.48634,22.75972]]],[[[-103.38351,22.77107],[-103.3837,22.76918],[-103.37913,22.769],[-103.37826,22.76701],[-103.37906,22.7706],[-103.38216,22.7731],[-103.38351,22.77107]]],[[[-103.37781,22.72768],[-103.37596,22.72907],[-103.37389,22.73248],[-103.37397,22.73612],[-103.37647,22.73899],[-103.37951,22.73639],[-103.38113,22.73959],[-103.38702,22.73501],[-103.38364,22.73603],[-103.3857,22.73198],[-103.37908,22.73267],[-103.38046,22.72955],[-103.37781,22.72768]]],[[[-103.39308,22.72841],[-103.39268,22.72823],[-103.39213,22.72799],[-103.39037,22.72673],[-103.39091,22.72974],[-103.39499,22.72976],[-103.39372,22.72869],[-103.39308,22.72841]]],[[[-103.39834,22.73039],[-103.398,22.73106],[-103.39891,22.73081],[-103.39892,22.7308],[-103.39959,22.73033],[-103.39991,22.72991],[-103.40093,22.72987],[-103.40039,22.72673],[-103.40019,22.72704],[-103.39812,22.72797],[-103.39837,22.73031],[-103.39834,22.73039]]],[[[-103.39789,22.73167],[-103.398,22.73106],[-103.39784,22.73103],[-103.39789,22.73167]]],[[[-103.40479,22.72983],[-103.40596,22.73157],[-103.40696,22.72864],[-103.40391,22.72502],[-103.40479,22.72983]]],[[[-103.37241,22.72685],[-103.37088,22.72637],[-103.36468,22.7268],[-103.35879,22.72373],[-103.35575,22.7241],[-103.35814,22.72644],[-103.36445,22.72708],[-103.36713,22.72936],[-103.37241,22.72685]]],[[[-103.28306,22.72555],[-103.28539,22.72821],[-103.28719,22.72651],[-103.28306,22.72555]]],[[[-103.44115,22.72482],[-103.44364,22.72232],[-103.44574,22.7232],[-103.45131,22.72206],[-103.44805,22.71651],[-103.44768,22.72075],[-103.44485,22.72222],[-103.43955,22.71982],[-103.44115,22.72482]]],[[[-103.43347,22.72696],[-103.43521,22.72284],[-103.4308,22.72171],[-103.43146,22.7264],[-103.43347,22.72696]]],[[[-103.41559,22.72961],[-103.4186,22.72758],[-103.41365,22.72801],[-103.41559,22.72961]]],[[[-103.40909,22.73382],[-103.40949,22.73357],[-103.41005,22.73324],[-103.41219,22.73366],[-103.41125,22.72983],[-103.40884,22.72972],[-103.4072,22.73358],[-103.40828,22.73431],[-103.40909,22.73382]]],[[[-103.43217,22.73519],[-103.43428,22.735],[-103.43269,22.73046],[-103.43023,22.73291],[-103.43217,22.73519]]],[[[-103.41662,22.73424],[-103.41737,22.73328],[-103.41404,22.73489],[-103.41606,22.7346],[-103.41662,22.73424]]],[[[-103.38812,22.73596],[-103.38909,22.73516],[-103.38887,22.73472],[-103.3882,22.73478],[-103.38812,22.73596]]],[[[-103.47734,22.72696],[-103.47722,22.72527],[-103.47269,22.7252],[-103.46953,22.72726],[-103.47734,22.72696]]],[[[-103.46297,22.72811],[-103.46251,22.72968],[-103.46729,22.72877],[-103.46849,22.72629],[-103.46335,22.7218],[-103.46071,22.72168],[-103.46275,22.72551],[-103.46378,22.72523],[-103.46328,22.72752],[-103.46297,22.72811]]],[[[-103.45891,22.71771],[-103.46401,22.71808],[-103.46549,22.71603],[-103.46344,22.71387],[-103.4572,22.71495],[-103.45891,22.71771]]],[[[-103.47167,22.71799],[-103.47462,22.71574],[-103.46754,22.714],[-103.46727,22.71677],[-103.47167,22.71799]]],[[[-103.41816,22.69349],[-103.41662,22.69398],[-103.41241,22.68986],[-103.41058,22.69082],[-103.4139,22.69551],[-103.42086,22.6971],[-103.42162,22.70475],[-103.42738,22.7122],[-103.42735,22.70817],[-103.42995,22.70782],[-103.42867,22.70124],[-103.42478,22.70023],[-103.4248,22.69508],[-103.41816,22.69349]]],[[[-103.42241,22.71277],[-103.42544,22.71133],[-103.42195,22.70818],[-103.42241,22.71277]]],[[[-103.49461,22.75276],[-103.49487,22.75339],[-103.49662,22.75388],[-103.498,22.75361],[-103.49461,22.75276]]],[[[-103.52261,22.66329],[-103.52738,22.66408],[-103.53246,22.66325],[-103.53265,22.65822],[-103.52913,22.6565],[-103.52447,22.65777],[-103.52261,22.66329]]],[[[-103.52435,22.64771],[-103.5283,22.64319],[-103.53032,22.64425],[-103.53362,22.64083],[-103.53469,22.63922],[-103.53554,22.63843],[-103.53301,22.63714],[-103.53084,22.63876],[-103.52541,22.63796],[-103.52695,22.64235],[-103.52504,22.64205],[-103.5229,22.64681],[-103.52435,22.64771]]],[[[-103.47659,22.71135],[-103.48117,22.71073],[-103.48235,22.70894],[-103.47205,22.70857],[-103.47659,22.71135]]],[[[-103.4669,22.70578],[-103.47081,22.70768],[-103.47375,22.70725],[-103.47553,22.70304],[-103.47729,22.70507],[-103.47525,22.69883],[-103.47404,22.70131],[-103.4683,22.70266],[-103.47115,22.70345],[-103.4669,22.70578]]],[[[-103.51131,22.69262],[-103.51163,22.69126],[-103.51181,22.68874],[-103.50578,22.68846],[-103.51131,22.69262]]],[[[-103.48188,22.68401],[-103.48197,22.68414],[-103.48375,22.68512],[-103.48767,22.68126],[-103.4841,22.67925],[-103.47023,22.67549],[-103.47182,22.68034],[-103.47408,22.67893],[-103.47607,22.68128],[-103.47919,22.68044],[-103.47946,22.68325],[-103.48073,22.68365],[-103.48188,22.68401]]],[[[-103.73738,22.70907],[-103.73689,22.70941],[-103.73685,22.70901],[-103.73317,22.71383],[-103.73404,22.71675],[-103.73735,22.71208],[-103.74075,22.7141],[-103.74169,22.7119],[-103.73738,22.70907]]],[[[-103.6683,22.7568],[-103.66778,22.75552],[-103.66687,22.75534],[-103.66611,22.75521],[-103.6657,22.75566],[-103.66532,22.75609],[-103.66732,22.75991],[-103.6683,22.7568]]],[[[-103.70158,22.77568],[-103.70102,22.77457],[-103.70051,22.77418],[-103.69976,22.7736],[-103.70158,22.77568]]],[[[-103.68499,22.7644],[-103.68501,22.76453],[-103.68747,22.76272],[-103.68115,22.76071],[-103.68126,22.76088],[-103.68508,22.76243],[-103.68499,22.7644]]],[[[-103.70974,22.7776],[-103.70927,22.77752],[-103.70886,22.77745],[-103.70645,22.7761],[-103.70573,22.77802],[-103.70974,22.7776]]],[[[-103.70303,22.78034],[-103.70275,22.77935],[-103.70215,22.7784],[-103.70303,22.78034]]],[[[-103.70313,22.7779],[-103.70275,22.77935],[-103.70314,22.78025],[-103.70594,22.78351],[-103.70613,22.7809],[-103.70313,22.7779]]],[[[-103.75404,22.84381],[-103.75353,22.84377],[-103.74861,22.84337],[-103.75097,22.8458],[-103.75404,22.84381]]],[[[-103.91931,22.90151],[-103.91961,22.90124],[-103.91919,22.89712],[-103.9161,22.90008],[-103.91931,22.90151]]],[[[-103.87502,23.00683],[-103.88044,23.00611],[-103.87682,23.0048],[-103.87502,23.00683]]],[[[-103.8693,23.00949],[-103.87173,23.01236],[-103.87389,23.01035],[-103.8693,23.00949]]],[[[-103.75237,23.01469],[-103.7537,23.00918],[-103.74812,23.01006],[-103.75237,23.01469]]],[[[-103.7586,23.02279],[-103.76042,23.02215],[-103.75739,23.01662],[-103.75723,23.02151],[-103.7586,23.02279]]],[[[-103.91743,23.02741],[-103.91689,23.03104],[-103.92051,23.02358],[-103.91768,23.02393],[-103.91743,23.02741]]],[[[-104.24537,22.73058],[-104.24747,22.72901],[-104.24631,22.72158],[-104.24249,22.72879],[-104.24537,22.73058]]],[[[-104.25105,22.71411],[-104.25602,22.7139],[-104.25568,22.70895],[-104.2532,22.70961],[-104.25105,22.71411]]],[[[-104.23852,22.69634],[-104.23872,22.69695],[-104.24122,22.69922],[-104.23997,22.6926],[-104.23792,22.69465],[-104.23831,22.69573],[-104.23852,22.69634]]],[[[-104.26816,22.69287],[-104.26728,22.69589],[-104.27041,22.69773],[-104.26816,22.69287]]],[[[-104.27001,22.69095],[-104.27339,22.69024],[-104.2745,22.68335],[-104.2731,22.68262],[-104.27022,22.68621],[-104.27174,22.68838],[-104.27001,22.69095]]],[[[-104.26497,22.67913],[-104.26826,22.67843],[-104.26803,22.67433],[-104.26628,22.67659],[-104.26161,22.67595],[-104.26497,22.67913]]],[[[-104.26859,22.67721],[-104.2731,22.67604],[-104.27435,22.67363],[-104.26859,22.67721]]],[[[-104.25743,22.67193],[-104.26757,22.67214],[-104.26571,22.67043],[-104.25963,22.66971],[-104.25866,22.66657],[-104.25496,22.66634],[-104.25266,22.66901],[-104.25743,22.67193]]],[[[-104.27196,22.65094],[-104.27155,22.64962],[-104.26609,22.64949],[-104.26596,22.6509],[-104.27196,22.65094]]],[[[-104.28028,22.66274],[-104.27753,22.66817],[-104.27428,22.66493],[-104.2743,22.6619],[-104.26678,22.66408],[-104.27117,22.66638],[-104.27396,22.66453],[-104.27511,22.66935],[-104.27844,22.6711],[-104.28102,22.66713],[-104.28028,22.66274]]],[[[-104.27474,22.65899],[-104.27527,22.65836],[-104.2721,22.65749],[-104.27342,22.65897],[-104.27474,22.65899]]],[[[-104.23859,22.58371],[-104.23097,22.57481],[-104.23251,22.58045],[-104.23859,22.58371]]],[[[-104.2681,22.52124],[-104.26537,22.52538],[-104.26751,22.52624],[-104.2681,22.52124]]],[[[-104.31419,22.52357],[-104.31368,22.52662],[-104.31611,22.52594],[-104.31686,22.52205],[-104.31419,22.52357]]],[[[-104.30868,22.53718],[-104.30975,22.53488],[-104.30682,22.53404],[-104.30007,22.53487],[-104.3059,22.5355],[-104.30868,22.53718]]],[[[-104.28678,22.54456],[-104.2874,22.54321],[-104.29332,22.54315],[-104.28623,22.5399],[-104.28678,22.54456]]],[[[-104.2412,22.50023],[-104.24126,22.50044],[-104.24562,22.50304],[-104.246,22.50237],[-104.24955,22.4989],[-104.24561,22.49655],[-104.24315,22.49682],[-104.2412,22.50023]]],[[[-104.21747,22.49493],[-104.21811,22.49539],[-104.22203,22.49307],[-104.21972,22.49245],[-104.21747,22.49493]]],[[[-104.21776,22.48373],[-104.21526,22.48852],[-104.22274,22.48815],[-104.22337,22.48314],[-104.2207,22.48474],[-104.21776,22.48373]]],[[[-104.21905,22.47927],[-104.21822,22.48307],[-104.22299,22.48084],[-104.22245,22.47737],[-104.21905,22.47927]]],[[[-104.22548,22.46924],[-104.22533,22.46919],[-104.21562,22.47378],[-104.21314,22.47654],[-104.2175,22.4782],[-104.21808,22.47679],[-104.22924,22.47488],[-104.22467,22.47144],[-104.22548,22.46924]]],[[[-104.23779,22.47198],[-104.23871,22.47514],[-104.24082,22.47831],[-104.24061,22.4792],[-104.24034,22.48155],[-104.24431,22.48157],[-104.24655,22.47908],[-104.24666,22.47882],[-104.24689,22.47889],[-104.24697,22.47956],[-104.24504,22.48292],[-104.24781,22.48195],[-104.24581,22.48511],[-104.25157,22.49107],[-104.25324,22.49014],[-104.25554,22.49304],[-104.25758,22.48892],[-104.26272,22.48499],[-104.26661,22.48592],[-104.26544,22.48183],[-104.26769,22.47567],[-104.27285,22.47448],[-104.27397,22.47672],[-104.27579,22.47665],[-104.27771,22.4739],[-104.26952,22.47245],[-104.26994,22.46728],[-104.26524,22.47057],[-104.2637,22.46961],[-104.25107,22.47075],[-104.25074,22.47557],[-104.2475,22.47556],[-104.24716,22.47118],[-104.24076,22.4702],[-104.23979,22.47067],[-104.23779,22.47198]],[[-104.25551,22.48201],[-104.2559,22.47988],[-104.24923,22.48024],[-104.2533,22.47778],[-104.2559,22.47836],[-104.25657,22.48051],[-104.25896,22.48024],[-104.25551,22.48201]]],[[[-104.22933,22.45592],[-104.22868,22.4566],[-104.22773,22.45842],[-104.22872,22.45937],[-104.23527,22.46276],[-104.23404,22.46404],[-104.23692,22.46165],[-104.22933,22.45592]]],[[[-104.22977,22.44818],[-104.2296,22.44863],[-104.22928,22.44896],[-104.22925,22.44894],[-104.22806,22.44814],[-104.22706,22.44833],[-104.22862,22.45443],[-104.23089,22.45499],[-104.23206,22.45177],[-104.23652,22.45132],[-104.23303,22.44729],[-104.22977,22.44818]]],[[[-104.22902,22.44811],[-104.22898,22.44796],[-104.22828,22.4481],[-104.22902,22.44811]]],[[[-104.22894,22.44786],[-104.22898,22.44796],[-104.22929,22.44805],[-104.22894,22.44786]]],[[[-104.31417,22.43002],[-104.31704,22.42771],[-104.3165,22.42567],[-104.3136,22.42795],[-104.3131,22.42437],[-104.31026,22.42203],[-104.30737,22.42658],[-104.31237,22.43083],[-104.31417,22.43002]]],[[[-104.26397,22.43418],[-104.26327,22.43456],[-104.26002,22.43616],[-104.26055,22.43094],[-104.25083,22.43685],[-104.25571,22.43985],[-104.25841,22.43912],[-104.25978,22.44364],[-104.264,22.44596],[-104.26211,22.43928],[-104.26397,22.43418]]],[[[-104.31389,22.41846],[-104.31429,22.41465],[-104.31123,22.41701],[-104.31389,22.41846]]],[[[-104.27168,22.45797],[-104.27575,22.45654],[-104.27505,22.45439],[-104.27141,22.45419],[-104.27168,22.45797]]],[[[-104.26443,22.46153],[-104.26861,22.45632],[-104.26339,22.45644],[-104.26265,22.46124],[-104.26443,22.46153]]],[[[-104.2514,22.46331],[-104.25282,22.46463],[-104.25606,22.46275],[-104.2514,22.46331]]],[[[-104.24227,22.46552],[-104.247,22.46133],[-104.24579,22.45972],[-104.23897,22.46376],[-104.24227,22.46552]]],[[[-104.28937,22.46913],[-104.28593,22.46782],[-104.28441,22.4699],[-104.28873,22.4702],[-104.28937,22.46913]]],[[[-104.23321,22.48848],[-104.23272,22.49246],[-104.23475,22.49039],[-104.23321,22.48848]]],[[[-104.23828,22.48766],[-104.24011,22.48791],[-104.24204,22.48385],[-104.23854,22.48412],[-104.23415,22.48698],[-104.23828,22.48766]]],[[[-104.23238,22.47919],[-104.23467,22.47754],[-104.23223,22.47165],[-104.22898,22.47337],[-104.23077,22.47558],[-104.22926,22.47635],[-104.23238,22.47919]]],[[[-104.27717,22.40247],[-104.27672,22.39999],[-104.27256,22.40173],[-104.27396,22.40423],[-104.27232,22.4081],[-104.26981,22.40667],[-104.27026,22.41025],[-104.27456,22.41126],[-104.27746,22.40856],[-104.27717,22.40247]]],[[[-103.82647,22.41821],[-103.82515,22.41715],[-103.82242,22.42049],[-103.82647,22.41821]]],[[[-103.81806,22.41148],[-103.81783,22.41733],[-103.82068,22.41582],[-103.82222,22.41255],[-103.82474,22.41343],[-103.82761,22.40523],[-103.82397,22.40914],[-103.8221,22.40883],[-103.82061,22.41303],[-103.81806,22.41148]]],[[[-103.87396,22.29946],[-103.8688,22.29722],[-103.86634,22.29936],[-103.869,22.30236],[-103.87396,22.29946]]],[[[-103.08696,21.81662],[-103.08863,21.81688],[-103.08978,21.81705],[-103.09037,21.81715],[-103.09597,21.81528],[-103.09768,21.81519],[-103.10035,21.81488],[-103.10406,21.81127],[-103.10045,21.81106],[-103.10557,21.80832],[-103.09961,21.80323],[-103.10245,21.79634],[-103.09574,21.79726],[-103.09896,21.79971],[-103.0955,21.8049],[-103.09429,21.80901],[-103.0902,21.8054],[-103.09127,21.80307],[-103.08908,21.80129],[-103.08626,21.80685],[-103.08636,21.80713],[-103.08902,21.80528],[-103.0896,21.81038],[-103.08619,21.81032],[-103.08588,21.81338],[-103.09086,21.81576],[-103.08696,21.81662]]],[[[-103.22873,21.91371],[-103.22773,21.90804],[-103.22719,21.90829],[-103.22769,21.90893],[-103.2275,21.90953],[-103.22849,21.91326],[-103.22873,21.91371]]],[[[-103.23015,21.89755],[-103.2316,21.89699],[-103.23069,21.89541],[-103.22858,21.89298],[-103.227,21.89564],[-103.23015,21.89755]]],[[[-103.16368,21.86143],[-103.1689,21.86106],[-103.16777,21.85841],[-103.16368,21.86143]]],[[[-103.14,21.82941],[-103.14285,21.83305],[-103.14118,21.83604],[-103.13798,21.83747],[-103.13612,21.84237],[-103.13482,21.83243],[-103.13102,21.83367],[-103.12933,21.83876],[-103.13157,21.84379],[-103.12324,21.84347],[-103.12102,21.84132],[-103.11836,21.84438],[-103.12298,21.84541],[-103.12275,21.84682],[-103.12795,21.85116],[-103.12718,21.85274],[-103.13121,21.85477],[-103.13874,21.85365],[-103.1394,21.84989],[-103.14729,21.85064],[-103.14962,21.84812],[-103.15311,21.85111],[-103.15303,21.84714],[-103.15568,21.84453],[-103.15322,21.84364],[-103.15265,21.84012],[-103.15003,21.83941],[-103.1509,21.84321],[-103.14235,21.84532],[-103.13928,21.84185],[-103.1426,21.84326],[-103.14203,21.83954],[-103.13961,21.84008],[-103.14685,21.83346],[-103.14384,21.82964],[-103.13994,21.82934],[-103.14,21.82941]]],[[[-103.16751,21.8515],[-103.17081,21.8494],[-103.16754,21.84894],[-103.16751,21.8515]]],[[[-103.14433,21.81317],[-103.14642,21.81365],[-103.14854,21.8129],[-103.14167,21.80997],[-103.14433,21.81317]]],[[[-103.13634,21.81347],[-103.13877,21.80975],[-103.13368,21.81324],[-103.13634,21.81347]]],[[[-103.15276,21.81634],[-103.15562,21.81695],[-103.15111,21.8131],[-103.14976,21.81419],[-103.15124,21.81567],[-103.15276,21.81634]]],[[[-103.15861,21.82266],[-103.16083,21.82233],[-103.15675,21.82044],[-103.15691,21.82156],[-103.15861,21.82266]]],[[[-103.24157,21.82973],[-103.24137,21.82811],[-103.24134,21.82781],[-103.24121,21.82676],[-103.24033,21.8261],[-103.23957,21.82771],[-103.24157,21.82973]]],[[[-103.11528,21.80558],[-103.1189,21.80335],[-103.11475,21.80019],[-103.11273,21.8028],[-103.11528,21.80558]]],[[[-103.16421,21.79981],[-103.16659,21.79709],[-103.16321,21.79593],[-103.16421,21.79981]]],[[[-103.14762,21.79415],[-103.15065,21.79339],[-103.15053,21.79019],[-103.14762,21.79415]]],[[[-103.11617,21.79397],[-103.11628,21.79374],[-103.11478,21.79476],[-103.11583,21.79468],[-103.11617,21.79397]]],[[[-103.14626,21.79362],[-103.14553,21.78916],[-103.14165,21.7893],[-103.14626,21.79362]]],[[[-103.1077,21.79115],[-103.10977,21.78944],[-103.10658,21.78663],[-103.10168,21.78747],[-103.10171,21.78913],[-103.1077,21.79115]]],[[[-103.10159,21.78563],[-103.10444,21.78623],[-103.10695,21.7823],[-103.10544,21.77964],[-103.10077,21.78151],[-103.10159,21.78563]]],[[[-103.12184,21.77723],[-103.12096,21.77986],[-103.12779,21.77502],[-103.12373,21.77004],[-103.12023,21.77162],[-103.12184,21.77723]]],[[[-103.1528,21.77536],[-103.15257,21.77165],[-103.15429,21.76604],[-103.14911,21.77096],[-103.14611,21.77129],[-103.14478,21.77458],[-103.14834,21.77353],[-103.1528,21.77536]]],[[[-103.17984,21.78688],[-103.18619,21.78162],[-103.18947,21.7814],[-103.19219,21.77893],[-103.19075,21.77411],[-103.18726,21.77441],[-103.18006,21.76766],[-103.1805,21.76535],[-103.17043,21.76501],[-103.16947,21.768],[-103.16544,21.76674],[-103.16665,21.76049],[-103.16591,21.74968],[-103.16426,21.75276],[-103.16611,21.75961],[-103.16513,21.76423],[-103.16077,21.76555],[-103.15782,21.77062],[-103.15757,21.77416],[-103.16158,21.7809],[-103.16541,21.78029],[-103.16849,21.77487],[-103.17666,21.77541],[-103.18025,21.77234],[-103.18259,21.77355],[-103.18015,21.77818],[-103.17912,21.77615],[-103.16876,21.77594],[-103.17399,21.78106],[-103.17047,21.78184],[-103.17276,21.78439],[-103.1785,21.78454],[-103.17984,21.78688]]],[[[-103.1538,21.78695],[-103.15655,21.78712],[-103.15947,21.78493],[-103.15884,21.78259],[-103.15607,21.78671],[-103.1538,21.78695]]],[[[-103.16,21.79044],[-103.16382,21.79175],[-103.16272,21.78757],[-103.16,21.79044]]],[[[-103.10989,21.78629],[-103.1108,21.78244],[-103.10829,21.78192],[-103.10795,21.78583],[-103.10989,21.78629]]],[[[-103.1272,21.77907],[-103.12614,21.78189],[-103.12735,21.78515],[-103.12866,21.7829],[-103.1272,21.77907]]],[[[-103.15472,21.78067],[-103.15464,21.78439],[-103.15949,21.77796],[-103.14964,21.7788],[-103.14602,21.77689],[-103.14468,21.77965],[-103.1516,21.78394],[-103.15472,21.78067]]],[[[-103.14689,21.78449],[-103.14952,21.78322],[-103.14211,21.78162],[-103.14323,21.78398],[-103.14689,21.78449]]],[[[-103.13199,21.79072],[-103.13482,21.78963],[-103.13232,21.78814],[-103.13199,21.79072]]],[[[-103.22838,21.7318],[-103.22858,21.72755],[-103.22629,21.72855],[-103.21985,21.72663],[-103.22088,21.73048],[-103.22838,21.7318]]],[[[-103.15434,21.71682],[-103.15286,21.71567],[-103.15015,21.71758],[-103.1517,21.71911],[-103.15434,21.71682]]],[[[-103.22597,21.69935],[-103.22881,21.69879],[-103.22668,21.69677],[-103.22597,21.69935]]],[[[-103.22581,21.69054],[-103.22864,21.68875],[-103.22351,21.68618],[-103.22179,21.68767],[-103.22581,21.69054]]],[[[-103.22773,21.70346],[-103.23017,21.70095],[-103.22587,21.70209],[-103.22773,21.70346]]],[[[-103.16709,21.70617],[-103.1669,21.70671],[-103.16654,21.71049],[-103.17045,21.71292],[-103.16947,21.70226],[-103.16709,21.70617]]],[[[-103.23255,21.70624],[-103.23136,21.70514],[-103.22965,21.70684],[-103.23281,21.70878],[-103.23324,21.70796],[-103.23255,21.70624]]],[[[-103.3239,21.46558],[-103.32439,21.465],[-103.32591,21.46325],[-103.32615,21.46297],[-103.32616,21.46073],[-103.32257,21.45969],[-103.32122,21.46776],[-103.32379,21.4657],[-103.3239,21.46558]]],[[[-103.29686,21.46629],[-103.29578,21.46578],[-103.29866,21.46735],[-103.29756,21.4667],[-103.29686,21.46629]]],[[[-103.33391,21.46487],[-103.33579,21.46452],[-103.33495,21.45973],[-103.3316,21.46171],[-103.33391,21.46487]]],[[[-103.37332,21.45657],[-103.37433,21.45728],[-103.37486,21.45577],[-103.37377,21.45509],[-103.37273,21.45615],[-103.3733,21.45655],[-103.37332,21.45657]]],[[[-103.37266,21.45474],[-103.37136,21.45518],[-103.37121,21.4575],[-103.36534,21.45766],[-103.36466,21.45794],[-103.36438,21.45805],[-103.36416,21.45814],[-103.3641,21.46063],[-103.37051,21.46145],[-103.37268,21.45733],[-103.37242,21.45609],[-103.37266,21.45474]]],[[[-103.34336,21.45395],[-103.34331,21.45389],[-103.34316,21.45337],[-103.34305,21.45296],[-103.34302,21.45295],[-103.34263,21.45523],[-103.34336,21.45395]]],[[[-103.34225,21.45246],[-103.34305,21.45296],[-103.34372,21.45314],[-103.34225,21.45246]]],[[[-103.33803,21.44968],[-103.34338,21.44979],[-103.35111,21.44591],[-103.34888,21.44412],[-103.35211,21.4411],[-103.34682,21.44068],[-103.34089,21.43398],[-103.34148,21.43731],[-103.33912,21.43894],[-103.33961,21.4461],[-103.33803,21.44968]]],[[[-103.31861,21.44672],[-103.32146,21.44447],[-103.32017,21.4423],[-103.31861,21.44672]]],[[[-103.30933,21.43153],[-103.31144,21.43427],[-103.31704,21.43036],[-103.31819,21.42692],[-103.32261,21.42813],[-103.32476,21.42287],[-103.32217,21.42207],[-103.32177,21.41904],[-103.31645,21.4179],[-103.3172,21.42226],[-103.31366,21.42734],[-103.3107,21.4271],[-103.30933,21.43153]]],[[[-103.30437,21.43088],[-103.30374,21.42741],[-103.29969,21.42386],[-103.29852,21.42746],[-103.30437,21.43088]]],[[[-103.27272,21.4322],[-103.27638,21.43031],[-103.27156,21.4298],[-103.27272,21.4322]]],[[[-103.2572,21.43024],[-103.2602,21.4293],[-103.25692,21.42606],[-103.2572,21.43024]]],[[[-103.26395,21.41451],[-103.26381,21.41465],[-103.265,21.41907],[-103.26143,21.42085],[-103.26136,21.42104],[-103.26757,21.42713],[-103.27433,21.42145],[-103.27196,21.41703],[-103.27477,21.41111],[-103.27261,21.40824],[-103.27181,21.40337],[-103.27028,21.40623],[-103.26801,21.40393],[-103.26961,21.41413],[-103.26395,21.41451]]],[[[-103.28699,21.4162],[-103.28588,21.41253],[-103.2861,21.40346],[-103.28341,21.40669],[-103.2837,21.41261],[-103.28646,21.41666],[-103.28699,21.4162]]],[[[-103.30982,21.40845],[-103.30863,21.40533],[-103.30337,21.4021],[-103.30255,21.40305],[-103.30604,21.40781],[-103.30088,21.40984],[-103.30378,21.41178],[-103.3001,21.41508],[-103.30224,21.41708],[-103.30616,21.41217],[-103.30824,21.41514],[-103.31227,21.41556],[-103.31132,21.41118],[-103.30982,21.40845]]],[[[-103.35467,21.41274],[-103.35796,21.41165],[-103.35649,21.40998],[-103.35467,21.41274]]],[[[-103.33938,21.42008],[-103.33923,21.42007],[-103.33549,21.42137],[-103.33438,21.42456],[-103.34044,21.42613],[-103.34269,21.42527],[-103.34313,21.42518],[-103.34484,21.42184],[-103.34779,21.42031],[-103.34766,21.42014],[-103.3506,21.41596],[-103.34559,21.41641],[-103.34479,21.4162],[-103.34424,21.41575],[-103.34319,21.41275],[-103.34248,21.41969],[-103.33938,21.42008]]],[[[-103.32506,21.43067],[-103.32919,21.42635],[-103.32853,21.42446],[-103.32361,21.42884],[-103.32506,21.43067]]],[[[-103.36634,21.43335],[-103.36569,21.43196],[-103.36042,21.43451],[-103.36414,21.43493],[-103.36634,21.43335]]],[[[-103.36441,21.43777],[-103.36503,21.4378],[-103.36526,21.4378],[-103.3657,21.43775],[-103.36441,21.43777]]],[[[-103.2917,21.40456],[-103.29639,21.40009],[-103.2927,21.40099],[-103.29683,21.39511],[-103.29228,21.39807],[-103.2917,21.40456]]],[[[-103.29262,21.39647],[-103.29669,21.39452],[-103.30078,21.39404],[-103.29783,21.3918],[-103.29086,21.39404],[-103.29262,21.39647]]],[[[-103.27913,21.38576],[-103.27919,21.38598],[-103.28119,21.38772],[-103.28111,21.3918],[-103.28485,21.39461],[-103.28824,21.39522],[-103.29044,21.39059],[-103.28792,21.38655],[-103.28491,21.38732],[-103.28152,21.38486],[-103.27847,21.38493],[-103.27897,21.38555],[-103.27913,21.38576]]],[[[-103.30636,21.42708],[-103.3089,21.42611],[-103.30419,21.42374],[-103.30636,21.42708]]],[[[-103.03394,22.48206],[-103.03745,22.48245],[-103.03541,22.47927],[-103.03394,22.48206]]],[[[-103.06769,22.25428],[-103.0677,22.25417],[-103.06711,22.25365],[-103.06687,22.25344],[-103.06769,22.25428]]],[[[-103.12941,22.29566],[-103.1293,22.29418],[-103.12793,22.29379],[-103.12698,22.29377],[-103.12676,22.29356],[-103.12629,22.29323],[-103.12601,22.29401],[-103.12941,22.29566]]],[[[-103.0836,22.39082],[-103.08288,22.39015],[-103.08143,22.39116],[-103.08189,22.39166],[-103.0836,22.39082]]],[[[-103.08242,22.38973],[-103.08123,22.38579],[-103.07808,22.38476],[-103.07855,22.38771],[-103.08242,22.38973]]],[[[-103.07023,22.31329],[-103.07021,22.31319],[-103.06969,22.31326],[-103.0702,22.31341],[-103.07023,22.31329]]],[[[-103.24598,21.51885],[-103.24503,21.5242],[-103.24148,21.52911],[-103.24389,21.52855],[-103.24673,21.52478],[-103.24753,21.51827],[-103.24598,21.51885]]],[[[-103.29659,21.52975],[-103.3011,21.52773],[-103.2943,21.52692],[-103.29673,21.52385],[-103.2991,21.52372],[-103.2989,21.52327],[-103.29341,21.52393],[-103.29335,21.52611],[-103.29659,21.52975]]],[[[-103.54631,21.5916],[-103.5471,21.59125],[-103.54666,21.5901],[-103.5465,21.58991],[-103.54622,21.5897],[-103.54484,21.58689],[-103.54269,21.58895],[-103.54631,21.5916]]],[[[-103.52085,21.63103],[-103.51882,21.63216],[-103.51818,21.63249],[-103.51676,21.63311],[-103.51771,21.63378],[-103.52115,21.6311],[-103.52085,21.63103]]],[[[-103.51771,21.63715],[-103.51863,21.63627],[-103.51867,21.6361],[-103.51752,21.63572],[-103.51771,21.63715]]],[[[-103.48127,21.68408],[-103.48127,21.68443],[-103.48497,21.68435],[-103.48518,21.6836],[-103.48495,21.6836],[-103.4816,21.6836],[-103.48127,21.68408]]],[[[-103.46071,21.70236],[-103.45986,21.70552],[-103.46461,21.70441],[-103.46122,21.70154],[-103.4611,21.70173],[-103.46071,21.70236]]],[[[-103.43975,21.7184],[-103.43944,21.71884],[-103.43898,21.72058],[-103.43987,21.71866],[-103.43975,21.7184]]],[[[-103.45323,21.70588],[-103.45388,21.70677],[-103.4559,21.70559],[-103.45459,21.70109],[-103.45295,21.70131],[-103.45323,21.70588]]],[[[-103.49994,21.63671],[-103.5015,21.63544],[-103.50159,21.63535],[-103.49962,21.63255],[-103.49823,21.63483],[-103.49927,21.63726],[-103.49994,21.63671]]],[[[-103.51573,21.62999],[-103.51325,21.62801],[-103.50931,21.63025],[-103.50981,21.63168],[-103.51332,21.63121],[-103.51316,21.63431],[-103.51534,21.63417],[-103.51573,21.62999]]],[[[-103.27592,21.57786],[-103.27838,21.57581],[-103.27415,21.57392],[-103.27187,21.57646],[-103.27592,21.57786]]],[[[-103.25372,21.56691],[-103.26216,21.57211],[-103.26395,21.56766],[-103.26095,21.56634],[-103.26045,21.56256],[-103.25439,21.56511],[-103.25372,21.56691]]],[[[-103.27008,21.55707],[-103.27359,21.55689],[-103.27392,21.55227],[-103.2716,21.55124],[-103.27008,21.55707]]],[[[-103.26159,21.54324],[-103.25949,21.54339],[-103.26216,21.53962],[-103.25352,21.54541],[-103.25579,21.54742],[-103.26159,21.54324]]],[[[-103.25017,21.545],[-103.25266,21.54499],[-103.25183,21.54109],[-103.25542,21.54206],[-103.25283,21.53801],[-103.24939,21.53953],[-103.25017,21.545]]],[[[-103.26461,21.5271],[-103.26419,21.52522],[-103.26222,21.52178],[-103.2596,21.52447],[-103.26172,21.52578],[-103.25921,21.53035],[-103.26133,21.53168],[-103.26205,21.52679],[-103.26461,21.5271]]],[[[-103.30196,21.52747],[-103.30357,21.52497],[-103.2998,21.52426],[-103.30196,21.52747]]],[[[-102.85224,21.91818],[-102.85478,21.91488],[-102.85222,21.91381],[-102.85009,21.91565],[-102.85224,21.91818]]],[[[-103.75787,23.96636],[-103.75339,23.966],[-103.74806,23.97041],[-103.7468,23.96853],[-103.74522,23.97119],[-103.74312,23.9685],[-103.74707,23.96419],[-103.74701,23.95837],[-103.74448,23.95465],[-103.73883,23.95748],[-103.73871,23.96568],[-103.73156,23.96702],[-103.73079,23.96453],[-103.73757,23.95989],[-103.73787,23.95688],[-103.73566,23.95882],[-103.73051,23.95841],[-103.73073,23.96117],[-103.72438,23.96142],[-103.72561,23.9521],[-103.72735,23.94627],[-103.72025,23.94383],[-103.71747,23.94484],[-103.71576,23.9505],[-103.71372,23.95051],[-103.71238,23.95045],[-103.71078,23.94907],[-103.71076,23.94467],[-103.704,23.94778],[-103.70108,23.94671],[-103.70085,23.94642],[-103.69938,23.94577],[-103.69989,23.94877],[-103.69568,23.95052],[-103.69018,23.94974],[-103.68619,23.94529],[-103.6881,23.94032],[-103.68413,23.94082],[-103.6836,23.94505],[-103.68152,23.94572],[-103.68633,23.94867],[-103.6886,23.95821],[-103.68331,23.95548],[-103.67783,23.95738],[-103.67355,23.95517],[-103.66902,23.95628],[-103.66737,23.9588],[-103.6638,23.95702],[-103.665,23.95361],[-103.66166,23.95429],[-103.65905,23.95224],[-103.65654,23.95305],[-103.65429,23.94512],[-103.65835,23.94367],[-103.6564,23.94651],[-103.65798,23.94863],[-103.65909,23.94498],[-103.66179,23.94398],[-103.66797,23.94444],[-103.66939,23.94926],[-103.66985,23.94712],[-103.67441,23.94132],[-103.67824,23.94217],[-103.68861,23.93645],[-103.68599,23.92866],[-103.68003,23.92868],[-103.68915,23.92484],[-103.68695,23.92863],[-103.68948,23.93011],[-103.69186,23.93285],[-103.69485,23.93298],[-103.6948,23.93051],[-103.70011,23.92846],[-103.70399,23.92474],[-103.70107,23.91717],[-103.70316,23.91713],[-103.70477,23.92044],[-103.70787,23.92204],[-103.71398,23.91803],[-103.71233,23.91308],[-103.71733,23.91634],[-103.72645,23.91641],[-103.7273,23.91464],[-103.73128,23.91566],[-103.73285,23.91414],[-103.72832,23.90345],[-103.72147,23.89881],[-103.71481,23.89718],[-103.70975,23.89468],[-103.70673,23.89153],[-103.69818,23.88513],[-103.70413,23.88602],[-103.71866,23.89245],[-103.72453,23.89101],[-103.72093,23.88372],[-103.71927,23.88245],[-103.71735,23.87346],[-103.71522,23.86763],[-103.70572,23.85773],[-103.69862,23.85322],[-103.69852,23.85089],[-103.69544,23.85156],[-103.69347,23.84942],[-103.68664,23.84565],[-103.6866,23.83883],[-103.6919,23.83766],[-103.69249,23.84208],[-103.69708,23.84313],[-103.69662,23.84646],[-103.70064,23.84646],[-103.70667,23.85185],[-103.70403,23.85539],[-103.70643,23.85629],[-103.70845,23.85372],[-103.71124,23.8569],[-103.70956,23.85919],[-103.72066,23.86635],[-103.72386,23.86968],[-103.72651,23.86601],[-103.73083,23.85055],[-103.73225,23.85233],[-103.73241,23.86026],[-103.72951,23.87108],[-103.73242,23.87423],[-103.73791,23.86999],[-103.74399,23.86697],[-103.74425,23.86912],[-103.73973,23.87105],[-103.73284,23.87696],[-103.73461,23.87883],[-103.73596,23.88436],[-103.74013,23.88601],[-103.73999,23.88615],[-103.73814,23.88792],[-103.74178,23.89535],[-103.74482,23.89633],[-103.74645,23.90217],[-103.75397,23.90552],[-103.75626,23.90179],[-103.74879,23.89976],[-103.75684,23.88773],[-103.7598,23.88479],[-103.76049,23.87424],[-103.76278,23.87183],[-103.76249,23.86885],[-103.759,23.86435],[-103.76375,23.86034],[-103.76983,23.85013],[-103.77596,23.84945],[-103.77915,23.84741],[-103.77822,23.8452],[-103.78383,23.84536],[-103.783,23.84177],[-103.79364,23.84219],[-103.79266,23.84016],[-103.7851,23.84006],[-103.77435,23.83744],[-103.77553,23.83491],[-103.77166,23.83482],[-103.76975,23.82791],[-103.76716,23.84464],[-103.75923,23.84233],[-103.7484,23.83399],[-103.74357,23.83174],[-103.74164,23.83352],[-103.73922,23.83157],[-103.73279,23.83195],[-103.72694,23.83062],[-103.7232,23.83306],[-103.72046,23.83693],[-103.72224,23.83782],[-103.72355,23.84353],[-103.71897,23.8468],[-103.71743,23.83711],[-103.70924,23.82887],[-103.70493,23.83168],[-103.70361,23.82806],[-103.70817,23.82788],[-103.70829,23.82444],[-103.7037,23.82252],[-103.70473,23.81681],[-103.70246,23.81665],[-103.70398,23.80722],[-103.70583,23.80605],[-103.71012,23.81334],[-103.711,23.8217],[-103.7138,23.82527],[-103.71683,23.82652],[-103.71558,23.82973],[-103.71963,23.83306],[-103.72534,23.82878],[-103.72461,23.82659],[-103.72785,23.82676],[-103.73182,23.81739],[-103.73605,23.81644],[-103.73582,23.81834],[-103.74051,23.81896],[-103.74129,23.81447],[-103.77249,23.82117],[-103.7706,23.82567],[-103.77445,23.82685],[-103.77535,23.82508],[-103.78063,23.8276],[-103.78131,23.82253],[-103.77759,23.82228],[-103.78448,23.82007],[-103.78477,23.81789],[-103.78888,23.82107],[-103.79099,23.81714],[-103.7941,23.82047],[-103.79727,23.82103],[-103.80065,23.81803],[-103.79957,23.81259],[-103.79763,23.81041],[-103.80674,23.80944],[-103.81972,23.81287],[-103.8164,23.80822],[-103.81609,23.80777],[-103.80793,23.80675],[-103.8023,23.8037],[-103.79577,23.80272],[-103.79145,23.79749],[-103.79599,23.79616],[-103.79467,23.79423],[-103.79858,23.7928],[-103.79268,23.79177],[-103.79125,23.78975],[-103.7825,23.7907],[-103.77724,23.78466],[-103.77566,23.78125],[-103.77223,23.78487],[-103.77493,23.78691],[-103.77373,23.79052],[-103.76566,23.79051],[-103.76521,23.78486],[-103.76338,23.78533],[-103.76453,23.77322],[-103.76151,23.77438],[-103.76175,23.77759],[-103.75867,23.77675],[-103.76078,23.7706],[-103.75865,23.77021],[-103.75527,23.76345],[-103.75564,23.75451],[-103.75688,23.75445],[-103.76069,23.74725],[-103.75786,23.7474],[-103.75921,23.74096],[-103.75959,23.74501],[-103.76242,23.73975],[-103.76461,23.73115],[-103.75467,23.72376],[-103.75052,23.72721],[-103.74572,23.72724],[-103.73561,23.72401],[-103.74097,23.72378],[-103.73599,23.71674],[-103.7312,23.71717],[-103.72851,23.72312],[-103.72909,23.71732],[-103.7328,23.71246],[-103.73862,23.71185],[-103.73211,23.70708],[-103.73404,23.7045],[-103.72519,23.7003],[-103.73074,23.69542],[-103.72835,23.69423],[-103.72211,23.6973],[-103.72519,23.69113],[-103.72331,23.69045],[-103.72134,23.69477],[-103.71873,23.69405],[-103.72109,23.6889],[-103.71894,23.68679],[-103.71635,23.68852],[-103.71514,23.69306],[-103.71761,23.69499],[-103.71658,23.69967],[-103.71518,23.69494],[-103.70163,23.70929],[-103.69785,23.70437],[-103.70106,23.70419],[-103.70551,23.69821],[-103.707,23.69434],[-103.70995,23.696],[-103.71037,23.69158],[-103.70747,23.68933],[-103.70366,23.69098],[-103.70164,23.68961],[-103.70296,23.68602],[-103.69897,23.68295],[-103.69716,23.68664],[-103.68954,23.68865],[-103.6834,23.68864],[-103.67915,23.69096],[-103.67997,23.68846],[-103.68543,23.68589],[-103.68915,23.67983],[-103.68413,23.67331],[-103.69191,23.66976],[-103.70027,23.67607],[-103.70139,23.6697],[-103.69551,23.66734],[-103.68651,23.66918],[-103.68087,23.67316],[-103.6762,23.67134],[-103.68316,23.67034],[-103.68713,23.66731],[-103.68858,23.66827],[-103.69338,23.6645],[-103.69374,23.65738],[-103.69155,23.65631],[-103.68578,23.6581],[-103.6836,23.6659],[-103.68094,23.6639],[-103.6784,23.66757],[-103.66936,23.66129],[-103.66833,23.65921],[-103.67197,23.65882],[-103.67185,23.65673],[-103.67703,23.65597],[-103.6811,23.65259],[-103.68237,23.6482],[-103.67477,23.65173],[-103.66874,23.65342],[-103.66298,23.65381],[-103.66232,23.65618],[-103.66484,23.65756],[-103.65997,23.65765],[-103.65814,23.65513],[-103.65647,23.65767],[-103.65163,23.65807],[-103.64961,23.66139],[-103.64227,23.65707],[-103.63961,23.66182],[-103.64161,23.66859],[-103.64105,23.67406],[-103.64238,23.67803],[-103.64769,23.6843],[-103.65248,23.6931],[-103.65273,23.69607],[-103.65626,23.70126],[-103.66262,23.70198],[-103.66289,23.70389],[-103.66845,23.70456],[-103.6682,23.70992],[-103.66524,23.70838],[-103.66089,23.70856],[-103.66133,23.71267],[-103.65876,23.7144],[-103.66107,23.71628],[-103.6657,23.71673],[-103.66832,23.7117],[-103.66981,23.71203],[-103.67022,23.71683],[-103.66795,23.71861],[-103.66291,23.71825],[-103.66497,23.72138],[-103.66748,23.72153],[-103.66813,23.72469],[-103.66541,23.72329],[-103.66495,23.72732],[-103.66786,23.72796],[-103.66488,23.73126],[-103.65876,23.73061],[-103.65675,23.73334],[-103.65705,23.73661],[-103.65115,23.73434],[-103.6501,23.74026],[-103.64731,23.7401],[-103.6479,23.72762],[-103.6459,23.72442],[-103.64659,23.71646],[-103.643,23.71321],[-103.63824,23.72431],[-103.64225,23.72465],[-103.64197,23.72727],[-103.64545,23.72782],[-103.6435,23.74756],[-103.64102,23.74744],[-103.64039,23.75376],[-103.64287,23.75406],[-103.64329,23.76071],[-103.64911,23.76876],[-103.6537,23.76914],[-103.65371,23.76534],[-103.65773,23.76824],[-103.6548,23.76803],[-103.65577,23.77194],[-103.65214,23.7727],[-103.65241,23.7705],[-103.64458,23.76985],[-103.64295,23.76835],[-103.64242,23.76311],[-103.63721,23.76161],[-103.62818,23.76234],[-103.62846,23.75967],[-103.62408,23.75924],[-103.62448,23.75415],[-103.62992,23.75421],[-103.63042,23.75066],[-103.62482,23.74964],[-103.62465,23.74393],[-103.62095,23.74612],[-103.61964,23.74273],[-103.61617,23.74203],[-103.615,23.75113],[-103.61701,23.75209],[-103.61777,23.7464],[-103.62129,23.74964],[-103.61805,23.74913],[-103.61879,23.75355],[-103.62209,23.75306],[-103.62072,23.75897],[-103.62223,23.76418],[-103.62686,23.7673],[-103.62617,23.77183],[-103.62977,23.77446],[-103.63565,23.77659],[-103.63475,23.78807],[-103.6289,23.79096],[-103.61718,23.80811],[-103.61099,23.80614],[-103.60842,23.80322],[-103.60437,23.80193],[-103.6012,23.79728],[-103.59336,23.792],[-103.59055,23.7856],[-103.58778,23.78569],[-103.591,23.7773],[-103.58548,23.77548],[-103.58737,23.76695],[-103.59273,23.75687],[-103.57946,23.75605],[-103.57991,23.75351],[-103.58851,23.75408],[-103.58865,23.75181],[-103.5947,23.75268],[-103.59488,23.75057],[-103.58949,23.75007],[-103.59205,23.74295],[-103.59673,23.74105],[-103.59375,23.73961],[-103.58787,23.74135],[-103.58704,23.74353],[-103.5847,23.74375],[-103.57914,23.74249],[-103.57991,23.74446],[-103.57619,23.74213],[-103.57911,23.74045],[-103.58223,23.74305],[-103.58698,23.74288],[-103.58668,23.73634],[-103.58467,23.73971],[-103.58105,23.73945],[-103.57552,23.73672],[-103.57826,23.73511],[-103.57749,23.732],[-103.58373,23.72631],[-103.57883,23.7228],[-103.58255,23.71878],[-103.58127,23.71777],[-103.58193,23.71266],[-103.58547,23.71258],[-103.58676,23.70508],[-103.59052,23.70059],[-103.5942,23.69181],[-103.59488,23.68755],[-103.59782,23.69028],[-103.6043,23.69093],[-103.60207,23.69279],[-103.60083,23.69756],[-103.59553,23.70252],[-103.6002,23.7033],[-103.59645,23.70451],[-103.59763,23.70654],[-103.60497,23.70368],[-103.61039,23.6991],[-103.60833,23.71087],[-103.60384,23.71052],[-103.60268,23.71202],[-103.60636,23.71382],[-103.61093,23.71159],[-103.6083,23.7192],[-103.61075,23.71872],[-103.61298,23.71471],[-103.61446,23.70864],[-103.61386,23.70395],[-103.61598,23.70076],[-103.61755,23.70416],[-103.62126,23.69671],[-103.62373,23.69564],[-103.62491,23.69198],[-103.62827,23.68899],[-103.63045,23.67986],[-103.62388,23.67678],[-103.60387,23.67227],[-103.59519,23.66767],[-103.59417,23.66545],[-103.58905,23.66682],[-103.59143,23.66836],[-103.58324,23.66767],[-103.58267,23.66546],[-103.57575,23.66523],[-103.57,23.66641],[-103.56549,23.6689],[-103.57013,23.66476],[-103.5701,23.65865],[-103.56435,23.65801],[-103.56336,23.6536],[-103.56786,23.65524],[-103.57054,23.65452],[-103.57115,23.6433],[-103.57063,23.64085],[-103.566,23.63813],[-103.56387,23.63499],[-103.56496,23.63337],[-103.56177,23.63069],[-103.55501,23.62825],[-103.55237,23.62867],[-103.54366,23.62477],[-103.54516,23.62248],[-103.53961,23.61922],[-103.53656,23.62254],[-103.53961,23.62402],[-103.53573,23.62629],[-103.53247,23.6251],[-103.52963,23.62735],[-103.527,23.62645],[-103.51997,23.61245],[-103.51665,23.61045],[-103.51394,23.61151],[-103.51053,23.60704],[-103.49026,23.59592],[-103.49038,23.59413],[-103.47629,23.58627],[-103.47289,23.58793],[-103.47056,23.58726],[-103.46677,23.59255],[-103.46168,23.593],[-103.4643,23.59677],[-103.46539,23.60113],[-103.46869,23.60289],[-103.46834,23.60574],[-103.46998,23.61091],[-103.47349,23.61202],[-103.48013,23.6192],[-103.47757,23.62352],[-103.47862,23.63122],[-103.48516,23.63521],[-103.49042,23.63312],[-103.49699,23.63578],[-103.49781,23.63242],[-103.50144,23.63557],[-103.50071,23.63774],[-103.49616,23.63725],[-103.49673,23.6395],[-103.50505,23.6386],[-103.50417,23.63295],[-103.51736,23.62921],[-103.51823,23.63065],[-103.51054,23.63269],[-103.50571,23.6365],[-103.50905,23.6412],[-103.50402,23.64169],[-103.49953,23.64029],[-103.49737,23.65075],[-103.49461,23.65334],[-103.49912,23.65575],[-103.49836,23.66107],[-103.50302,23.66544],[-103.50074,23.66678],[-103.50246,23.66886],[-103.49575,23.66635],[-103.48835,23.6669],[-103.48857,23.66585],[-103.47714,23.66624],[-103.47495,23.66398],[-103.47779,23.65858],[-103.47826,23.65282],[-103.47607,23.65253],[-103.47531,23.65591],[-103.47231,23.65796],[-103.47034,23.67352],[-103.47261,23.67719],[-103.47549,23.67804],[-103.47848,23.68213],[-103.48031,23.6792],[-103.48545,23.6824],[-103.48762,23.67922],[-103.49222,23.67887],[-103.49715,23.68129],[-103.49174,23.6807],[-103.49115,23.68316],[-103.49425,23.68494],[-103.48337,23.6836],[-103.48211,23.68677],[-103.484,23.68802],[-103.49198,23.68922],[-103.49479,23.69236],[-103.49174,23.6934],[-103.49619,23.69899],[-103.49631,23.70254],[-103.4924,23.70296],[-103.49057,23.69983],[-103.4831,23.69139],[-103.48088,23.69075],[-103.47838,23.68475],[-103.47467,23.68366],[-103.47531,23.67992],[-103.46957,23.67842],[-103.46999,23.67493],[-103.46654,23.67007],[-103.46761,23.66804],[-103.46459,23.66707],[-103.46305,23.66917],[-103.45913,23.66519],[-103.45893,23.66894],[-103.45897,23.66912],[-103.45662,23.67131],[-103.45477,23.66994],[-103.45174,23.67084],[-103.45751,23.67406],[-103.46329,23.67359],[-103.46711,23.6786],[-103.46101,23.67634],[-103.45752,23.67655],[-103.45173,23.67317],[-103.44835,23.67238],[-103.44502,23.66866],[-103.43715,23.66912],[-103.43667,23.66915],[-103.43001,23.66646],[-103.42366,23.66854],[-103.42267,23.66743],[-103.422,23.67094],[-103.42511,23.67267],[-103.42367,23.67652],[-103.42986,23.67491],[-103.43488,23.6707],[-103.4325,23.6749],[-103.43811,23.68055],[-103.4382,23.67691],[-103.44147,23.68415],[-103.44586,23.68708],[-103.45027,23.68647],[-103.45194,23.68345],[-103.45371,23.6854],[-103.45002,23.69057],[-103.45223,23.69511],[-103.45094,23.69932],[-103.44837,23.70214],[-103.442,23.70363],[-103.43899,23.70143],[-103.43693,23.70265],[-103.43859,23.70742],[-103.43447,23.70613],[-103.43377,23.70824],[-103.42959,23.70816],[-103.43304,23.71078],[-103.43142,23.71775],[-103.42806,23.71706],[-103.42773,23.71902],[-103.4216,23.71964],[-103.41959,23.71742],[-103.41822,23.72247],[-103.42546,23.72437],[-103.42614,23.73166],[-103.42894,23.7333],[-103.42549,23.73513],[-103.41998,23.73434],[-103.41403,23.73159],[-103.41436,23.72949],[-103.41056,23.72854],[-103.40701,23.72578],[-103.40451,23.7269],[-103.39904,23.72518],[-103.3984,23.73134],[-103.39998,23.73509],[-103.40295,23.73777],[-103.40434,23.73349],[-103.40742,23.73499],[-103.40726,23.74085],[-103.40024,23.74056],[-103.39687,23.74285],[-103.39596,23.73861],[-103.38835,23.73788],[-103.38732,23.73925],[-103.39125,23.74077],[-103.39435,23.73994],[-103.39623,23.74279],[-103.3944,23.74533],[-103.39721,23.74639],[-103.39936,23.75006],[-103.40638,23.75733],[-103.41089,23.76038],[-103.4234,23.76405],[-103.42767,23.76393],[-103.42841,23.7667],[-103.43428,23.77058],[-103.43551,23.76442],[-103.43428,23.76376],[-103.43759,23.75978],[-103.43684,23.75616],[-103.44182,23.76418],[-103.4433,23.76019],[-103.44481,23.76214],[-103.4517,23.75925],[-103.45405,23.76272],[-103.45697,23.76045],[-103.45696,23.75749],[-103.46019,23.75846],[-103.46556,23.74427],[-103.46705,23.74454],[-103.46931,23.7391],[-103.46953,23.74271],[-103.46647,23.74727],[-103.46824,23.7477],[-103.46542,23.75416],[-103.46193,23.75716],[-103.46353,23.76043],[-103.46888,23.7573],[-103.4709,23.75894],[-103.46692,23.76318],[-103.46798,23.76796],[-103.47076,23.77036],[-103.47543,23.7709],[-103.49012,23.7744],[-103.48848,23.77663],[-103.49238,23.77879],[-103.49072,23.78064],[-103.49323,23.78361],[-103.50353,23.78976],[-103.50609,23.78722],[-103.50335,23.79463],[-103.50466,23.79563],[-103.50111,23.79977],[-103.50442,23.80557],[-103.50414,23.81246],[-103.49562,23.81464],[-103.49503,23.81817],[-103.49791,23.82228],[-103.50097,23.82171],[-103.50169,23.81859],[-103.50629,23.81763],[-103.50513,23.82369],[-103.51445,23.82491],[-103.51118,23.82702],[-103.51274,23.8281],[-103.51505,23.82526],[-103.51363,23.83123],[-103.51544,23.83572],[-103.51228,23.83916],[-103.50724,23.83535],[-103.50253,23.83408],[-103.50032,23.82967],[-103.49589,23.82785],[-103.48828,23.82802],[-103.49243,23.8332],[-103.49324,23.8381],[-103.49954,23.84522],[-103.49646,23.84614],[-103.49895,23.85054],[-103.50542,23.85257],[-103.50424,23.85017],[-103.50589,23.84618],[-103.51431,23.84653],[-103.51371,23.85136],[-103.51663,23.85455],[-103.51481,23.85702],[-103.51111,23.85719],[-103.51335,23.86201],[-103.5247,23.85229],[-103.52163,23.8499],[-103.52853,23.8482],[-103.53129,23.84947],[-103.53561,23.84589],[-103.53723,23.84648],[-103.55288,23.81826],[-103.54851,23.82145],[-103.5454,23.82097],[-103.54384,23.81832],[-103.54111,23.8195],[-103.53923,23.8176],[-103.54453,23.81629],[-103.54944,23.81303],[-103.55624,23.81261],[-103.55724,23.80999],[-103.55497,23.80908],[-103.57288,23.80225],[-103.57268,23.80027],[-103.57828,23.79944],[-103.57824,23.80526],[-103.57553,23.80514],[-103.5714,23.81535],[-103.56723,23.82141],[-103.56839,23.82698],[-103.56662,23.8294],[-103.55718,23.83526],[-103.55394,23.84109],[-103.55734,23.84821],[-103.55486,23.85277],[-103.55807,23.85737],[-103.55771,23.86211],[-103.56218,23.8651],[-103.56245,23.86713],[-103.55732,23.86519],[-103.55016,23.86989],[-103.54606,23.87427],[-103.55037,23.87535],[-103.55713,23.87881],[-103.56286,23.8739],[-103.55865,23.87093],[-103.56221,23.8697],[-103.56489,23.87107],[-103.57339,23.86991],[-103.57768,23.86649],[-103.57986,23.86779],[-103.57855,23.87095],[-103.57604,23.87177],[-103.57581,23.87475],[-103.56985,23.87686],[-103.5667,23.87984],[-103.56692,23.8848],[-103.57273,23.88462],[-103.57548,23.88739],[-103.57763,23.88599],[-103.58764,23.88832],[-103.58784,23.89212],[-103.59357,23.89615],[-103.59837,23.89574],[-103.59372,23.89762],[-103.58854,23.89653],[-103.58283,23.89985],[-103.58013,23.90309],[-103.57765,23.91438],[-103.57589,23.9145],[-103.5758,23.90782],[-103.57414,23.90751],[-103.56699,23.91419],[-103.56988,23.91935],[-103.56888,23.92125],[-103.56376,23.92232],[-103.56273,23.91727],[-103.56085,23.91522],[-103.53357,23.91525],[-103.53536,23.91012],[-103.53336,23.90799],[-103.52825,23.9082],[-103.52177,23.91171],[-103.52476,23.91894],[-103.52359,23.92114],[-103.52843,23.92458],[-103.53407,23.92419],[-103.535,23.92696],[-103.53951,23.92647],[-103.53883,23.9299],[-103.5448,23.93274],[-103.547,23.93643],[-103.53633,23.93379],[-103.53571,23.93164],[-103.52614,23.93387],[-103.52675,23.93692],[-103.52298,23.93441],[-103.51417,23.93536],[-103.51658,23.93191],[-103.51059,23.9286],[-103.5064,23.92818],[-103.50897,23.93315],[-103.50601,23.93231],[-103.508,23.93757],[-103.50991,23.93236],[-103.5137,23.93285],[-103.51209,23.93772],[-103.52077,23.94158],[-103.52439,23.94187],[-103.52627,23.94598],[-103.52214,23.9465],[-103.51883,23.94509],[-103.51819,23.94791],[-103.51401,23.94701],[-103.51265,23.94259],[-103.50788,23.94121],[-103.50892,23.94602],[-103.50563,23.95045],[-103.50301,23.95026],[-103.50267,23.95292],[-103.5,23.95139],[-103.49903,23.94653],[-103.49699,23.94772],[-103.49118,23.94513],[-103.48485,23.93788],[-103.48135,23.93788],[-103.48247,23.94077],[-103.47783,23.93809],[-103.48116,23.94309],[-103.47835,23.9455],[-103.47599,23.94324],[-103.47473,23.94464],[-103.47372,23.94711],[-103.4715,23.94462],[-103.46979,23.94631],[-103.47087,23.94987],[-103.46793,23.95278],[-103.47098,23.95865],[-103.47013,23.96421],[-103.46591,23.96535],[-103.46757,23.97301],[-103.46742,23.97699],[-103.46986,23.98036],[-103.4748,23.98059],[-103.47732,23.98751],[-103.47941,23.98706],[-103.47649,23.98177],[-103.47538,23.97673],[-103.47897,23.97511],[-103.47646,23.97912],[-103.47978,23.98482],[-103.48152,23.98496],[-103.48288,23.98116],[-103.48688,23.98118],[-103.48555,23.97743],[-103.49041,23.97641],[-103.49516,23.97665],[-103.49477,23.98319],[-103.49877,23.9891],[-103.50739,23.98779],[-103.51191,23.98463],[-103.52321,23.98345],[-103.52585,23.98792],[-103.5169,23.99481],[-103.51251,24.00219],[-103.51538,24.00506],[-103.51468,24.00702],[-103.51951,24.01134],[-103.51501,24.01107],[-103.51306,24.01325],[-103.50747,24.01126],[-103.50419,24.00872],[-103.49962,24.00793],[-103.4867,24.0143],[-103.48949,24.01829],[-103.4967,24.02288],[-103.49183,24.0287],[-103.48965,24.02954],[-103.48526,24.02516],[-103.47918,24.02998],[-103.4885,24.03664],[-103.49949,24.03492],[-103.50564,24.03956],[-103.50789,24.03861],[-103.5124,24.04119],[-103.51606,24.03832],[-103.51322,24.03432],[-103.51523,24.02713],[-103.52277,24.02442],[-103.52808,24.02441],[-103.53254,24.02643],[-103.53427,24.03136],[-103.54232,24.02703],[-103.5403,24.03755],[-103.54865,24.03808],[-103.55194,24.04148],[-103.55579,24.04839],[-103.55319,24.04934],[-103.54897,24.04447],[-103.54679,24.05219],[-103.54168,24.05433],[-103.53718,24.05223],[-103.53557,24.0578],[-103.53619,24.06378],[-103.54093,24.068],[-103.54393,24.06862],[-103.54328,24.07132],[-103.53334,24.07084],[-103.5324,24.07486],[-103.53684,24.07582],[-103.53381,24.08096],[-103.53358,24.0862],[-103.52871,24.08523],[-103.52742,24.08165],[-103.53287,24.0826],[-103.53263,24.08082],[-103.52777,24.07996],[-103.52376,24.07723],[-103.5241,24.07552],[-103.51728,24.07242],[-103.51681,24.07474],[-103.5115,24.07276],[-103.5107,24.07779],[-103.50783,24.07994],[-103.50842,24.08989],[-103.51091,24.09446],[-103.51169,24.0959],[-103.50927,24.09974],[-103.50913,24.09996],[-103.50826,24.10302],[-103.50831,24.10382],[-103.50836,24.11382],[-103.51446,24.12143],[-103.51957,24.12279],[-103.52458,24.12145],[-103.52436,24.11342],[-103.52119,24.11341],[-103.52115,24.10684],[-103.51527,24.10554],[-103.51834,24.10482],[-103.51885,24.09907],[-103.52066,24.09923],[-103.52115,24.1057],[-103.52494,24.10224],[-103.52363,24.10651],[-103.52607,24.10665],[-103.52609,24.1133],[-103.52496,24.11342],[-103.52524,24.12127],[-103.52844,24.12041],[-103.53215,24.11627],[-103.53499,24.11496],[-103.5397,24.11825],[-103.54078,24.11674],[-103.53539,24.10519],[-103.53752,24.10127],[-103.53629,24.09551],[-103.53853,24.09351],[-103.54462,24.09481],[-103.54911,24.09133],[-103.55033,24.08738],[-103.55914,24.0862],[-103.56401,24.07951],[-103.56797,24.07859],[-103.56948,24.0753],[-103.57167,24.07543],[-103.57537,24.0713],[-103.57807,24.07038],[-103.5843,24.08156],[-103.58723,24.07997],[-103.59553,24.08046],[-103.59826,24.07948],[-103.6041,24.08116],[-103.60767,24.08365],[-103.61902,24.08472],[-103.62073,24.0828],[-103.62323,24.08521],[-103.62456,24.08965],[-103.62481,24.09011],[-103.63058,24.09023],[-103.63686,24.09239],[-103.63844,24.08308],[-103.64053,24.08951],[-103.64232,24.09036],[-103.64351,24.0904],[-103.64849,24.09002],[-103.65093,24.09277],[-103.65542,24.09412],[-103.65995,24.09232],[-103.6628,24.08823],[-103.66189,24.08633],[-103.66784,24.09079],[-103.67335,24.0924],[-103.67457,24.09],[-103.66937,24.08492],[-103.67161,24.08211],[-103.66941,24.07827],[-103.67296,24.0785],[-103.67201,24.08323],[-103.68006,24.08624],[-103.68953,24.08427],[-103.69329,24.07989],[-103.69647,24.08165],[-103.69794,24.07371],[-103.69568,24.06938],[-103.69135,24.06745],[-103.68929,24.06966],[-103.69085,24.07494],[-103.68889,24.07271],[-103.68488,24.07384],[-103.67946,24.07227],[-103.6827,24.06509],[-103.67612,24.06066],[-103.67728,24.04747],[-103.67386,24.04702],[-103.67392,24.04336],[-103.68119,24.04206],[-103.68014,24.03367],[-103.68272,24.02784],[-103.67852,24.02801],[-103.67908,24.02285],[-103.67727,24.02136],[-103.68121,24.02024],[-103.68006,24.02264],[-103.68516,24.02306],[-103.68575,24.01222],[-103.68694,24.01535],[-103.68967,24.01526],[-103.69664,24.01896],[-103.6958,24.01389],[-103.69355,24.00976],[-103.69487,24.00542],[-103.69646,23.99986],[-103.69401,23.9965],[-103.6951,23.99326],[-103.69786,23.99311],[-103.69772,23.99744],[-103.70003,24.0014],[-103.6993,24.00648],[-103.70068,24.00828],[-103.70079,24.0083],[-103.70412,24.00922],[-103.7063,24.00455],[-103.71104,24.00229],[-103.70892,23.99848],[-103.71205,23.98812],[-103.71473,23.98885],[-103.71685,23.98536],[-103.71887,23.98561],[-103.71929,23.98157],[-103.71613,23.97429],[-103.72759,23.96677],[-103.72976,23.97834],[-103.73454,23.98133],[-103.74058,23.97666],[-103.75345,23.97549],[-103.75453,23.97129],[-103.75787,23.96636]],[[-103.52307,24.00465],[-103.51812,24.00384],[-103.51862,24.00379],[-103.51916,24.00373],[-103.52193,24.0037],[-103.52196,24.00373],[-103.52968,24.00102],[-103.53064,24.00472],[-103.52307,24.00465]],[[-103.69514,23.99025],[-103.69654,23.98388],[-103.70085,23.98433],[-103.69736,23.98889],[-103.6971,23.99257],[-103.69514,23.99025]],[[-103.66195,23.98627],[-103.65651,23.98114],[-103.65385,23.97203],[-103.65032,23.96877],[-103.65193,23.96346],[-103.65363,23.96464],[-103.66443,23.96626],[-103.66613,23.98011],[-103.66195,23.98627]],[[-103.70528,23.98285],[-103.70116,23.9816],[-103.70247,23.97751],[-103.70528,23.98285]],[[-103.52874,23.97006],[-103.5335,23.96913],[-103.5349,23.97304],[-103.53286,23.9754],[-103.52963,23.97445],[-103.52874,23.97006]],[[-103.54648,23.9702],[-103.55807,23.96824],[-103.55827,23.9692],[-103.5492,23.9719],[-103.54648,23.9702]],[[-103.54829,23.95729],[-103.5461,23.95291],[-103.5501,23.95198],[-103.54883,23.94555],[-103.55341,23.94493],[-103.55437,23.93985],[-103.55757,23.93922],[-103.55634,23.93411],[-103.55297,23.93475],[-103.55206,23.9325],[-103.54571,23.93067],[-103.54322,23.92565],[-103.54784,23.92496],[-103.55101,23.92769],[-103.55848,23.92507],[-103.56124,23.92912],[-103.56435,23.92805],[-103.56297,23.93338],[-103.5638,23.93775],[-103.56227,23.94273],[-103.55552,23.94755],[-103.55264,23.94857],[-103.55258,23.95141],[-103.54829,23.95729]],[[-103.53152,23.95273],[-103.52675,23.94965],[-103.52709,23.94729],[-103.53176,23.94624],[-103.53382,23.94827],[-103.53367,23.95421],[-103.53152,23.95273]],[[-103.51949,23.94734],[-103.52293,23.94707],[-103.52165,23.95054],[-103.51949,23.94734]],[[-103.53407,23.92419],[-103.53316,23.91972],[-103.53905,23.91879],[-103.54333,23.91658],[-103.5438,23.91946],[-103.55349,23.92387],[-103.54784,23.92335],[-103.54404,23.92163],[-103.54444,23.92422],[-103.54117,23.92338],[-103.53407,23.92419]],[[-103.58119,23.92074],[-103.57865,23.92084],[-103.57779,23.91615],[-103.58115,23.9146],[-103.58119,23.92074]],[[-103.62003,23.91027],[-103.61219,23.90999],[-103.60534,23.90189],[-103.59497,23.89976],[-103.60016,23.89574],[-103.60852,23.89555],[-103.60609,23.90016],[-103.6122,23.90758],[-103.61853,23.90953],[-103.62119,23.90911],[-103.61707,23.90252],[-103.61439,23.90118],[-103.61554,23.89583],[-103.61869,23.90304],[-103.62193,23.90571],[-103.62218,23.90953],[-103.6288,23.91281],[-103.62003,23.91027]],[[-103.59004,23.90871],[-103.59196,23.90523],[-103.58593,23.90356],[-103.58856,23.89866],[-103.59298,23.90145],[-103.59287,23.90498],[-103.5957,23.90565],[-103.59126,23.91031],[-103.59004,23.90871]],[[-103.6122,23.88085],[-103.60832,23.87861],[-103.61328,23.87712],[-103.61701,23.87129],[-103.61816,23.86575],[-103.61223,23.86555],[-103.61245,23.86258],[-103.60878,23.8624],[-103.6026,23.86579],[-103.60429,23.86287],[-103.60217,23.85908],[-103.59845,23.85744],[-103.59274,23.85801],[-103.5896,23.86065],[-103.58668,23.86087],[-103.59003,23.85716],[-103.58746,23.85294],[-103.58346,23.85073],[-103.58168,23.85245],[-103.5754,23.8523],[-103.57868,23.8488],[-103.58296,23.84866],[-103.59139,23.85316],[-103.60017,23.8523],[-103.60494,23.8571],[-103.60913,23.85931],[-103.6187,23.85931],[-103.61812,23.86169],[-103.62665,23.86165],[-103.62308,23.86615],[-103.62067,23.86711],[-103.61832,23.87258],[-103.6152,23.87604],[-103.61633,23.87709],[-103.6122,23.88085]],[[-103.65554,23.86565],[-103.65097,23.86486],[-103.6496,23.86124],[-103.64355,23.85914],[-103.64865,23.85674],[-103.64749,23.85483],[-103.65852,23.855],[-103.66657,23.85715],[-103.66535,23.86097],[-103.66765,23.86012],[-103.66543,23.87059],[-103.66469,23.87794],[-103.66412,23.87372],[-103.65327,23.87113],[-103.65554,23.86565]],[[-103.52619,23.8456],[-103.52159,23.84405],[-103.51841,23.83885],[-103.51432,23.84113],[-103.51789,23.83685],[-103.51911,23.82998],[-103.51678,23.82717],[-103.52178,23.82991],[-103.53169,23.83104],[-103.53677,23.83003],[-103.53852,23.83456],[-103.53622,23.83424],[-103.53584,23.83942],[-103.53227,23.84034],[-103.53177,23.84397],[-103.52619,23.8456]],[[-103.68377,23.84362],[-103.68435,23.84701],[-103.68115,23.84532],[-103.68377,23.84362]],[[-103.65159,23.83619],[-103.64998,23.83406],[-103.64276,23.83326],[-103.64308,23.82693],[-103.64557,23.82141],[-103.64761,23.82417],[-103.64716,23.82848],[-103.65322,23.83334],[-103.65361,23.83098],[-103.65905,23.83421],[-103.65159,23.83619]],[[-103.68422,23.81671],[-103.68785,23.81579],[-103.68617,23.81911],[-103.68422,23.81671]],[[-103.65119,23.8106],[-103.64893,23.80938],[-103.64939,23.80398],[-103.65421,23.80847],[-103.65394,23.81151],[-103.65119,23.8106]],[[-103.54218,23.80777],[-103.53875,23.80941],[-103.53517,23.80792],[-103.53985,23.80563],[-103.53873,23.80275],[-103.53558,23.80608],[-103.53112,23.80736],[-103.53163,23.80339],[-103.53645,23.80293],[-103.53891,23.79875],[-103.53012,23.80013],[-103.52638,23.80677],[-103.52601,23.80284],[-103.52964,23.79554],[-103.53387,23.79412],[-103.53551,23.79536],[-103.54352,23.79651],[-103.5443,23.79284],[-103.55951,23.79254],[-103.55451,23.80319],[-103.54837,23.80589],[-103.54464,23.80416],[-103.54403,23.80912],[-103.53935,23.81076],[-103.54218,23.80777]],[[-103.75126,23.81061],[-103.75034,23.80663],[-103.75419,23.80735],[-103.75126,23.81061]],[[-103.70147,23.79572],[-103.70753,23.79575],[-103.70454,23.80051],[-103.70147,23.79572]],[[-103.71914,23.79988],[-103.71958,23.79671],[-103.72356,23.79688],[-103.72278,23.8002],[-103.71914,23.79988]],[[-103.71627,23.78803],[-103.71733,23.7916],[-103.71414,23.79528],[-103.71438,23.78865],[-103.71627,23.78803]],[[-103.57926,23.7859],[-103.57807,23.78234],[-103.58208,23.78316],[-103.58057,23.78946],[-103.57926,23.7859]],[[-103.72008,23.78389],[-103.72253,23.78383],[-103.72225,23.78893],[-103.71978,23.78883],[-103.72008,23.78389]],[[-103.67584,23.78568],[-103.67776,23.78193],[-103.67493,23.77982],[-103.66895,23.77811],[-103.67071,23.77538],[-103.67516,23.77822],[-103.6855,23.78149],[-103.69116,23.78174],[-103.69512,23.78461],[-103.69198,23.78545],[-103.68034,23.78435],[-103.67584,23.78568]],[[-103.52388,23.73794],[-103.52401,23.736],[-103.53258,23.73269],[-103.53166,23.73049],[-103.53435,23.72895],[-103.53653,23.72249],[-103.53917,23.71834],[-103.53945,23.71445],[-103.54175,23.71418],[-103.54425,23.70966],[-103.54718,23.70867],[-103.5413,23.7158],[-103.5418,23.72176],[-103.54049,23.72224],[-103.54044,23.7285],[-103.53886,23.73075],[-103.54098,23.73213],[-103.54344,23.72937],[-103.5501,23.72725],[-103.55141,23.72336],[-103.54882,23.72205],[-103.55002,23.71584],[-103.55656,23.71172],[-103.55522,23.70819],[-103.56006,23.70661],[-103.56393,23.69987],[-103.56505,23.70061],[-103.5618,23.71037],[-103.56913,23.70703],[-103.5638,23.71131],[-103.56891,23.71333],[-103.56629,23.71444],[-103.55949,23.71067],[-103.56031,23.71652],[-103.56325,23.71734],[-103.56195,23.71966],[-103.55556,23.71928],[-103.55536,23.72662],[-103.56033,23.72628],[-103.55699,23.73115],[-103.55314,23.72916],[-103.55166,23.73198],[-103.54907,23.73095],[-103.54443,23.73463],[-103.54919,23.73608],[-103.54605,23.73743],[-103.54279,23.73657],[-103.53894,23.73968],[-103.53395,23.73691],[-103.52891,23.73789],[-103.53125,23.73885],[-103.52516,23.74086],[-103.52388,23.73794]],[[-103.67085,23.74092],[-103.66395,23.73984],[-103.66717,23.73727],[-103.66782,23.73407],[-103.67065,23.73938],[-103.67234,23.73906],[-103.67256,23.73369],[-103.67679,23.73313],[-103.67639,23.73839],[-103.67085,23.74092]],[[-103.43793,23.73175],[-103.44196,23.72659],[-103.4433,23.73371],[-103.4409,23.73878],[-103.43793,23.73175]],[[-103.5152,23.73283],[-103.50822,23.72829],[-103.50395,23.72644],[-103.5051,23.72548],[-103.4993,23.7227],[-103.4951,23.72492],[-103.4934,23.72881],[-103.49033,23.72595],[-103.49253,23.72313],[-103.4928,23.7193],[-103.4981,23.72131],[-103.50057,23.71993],[-103.51113,23.72127],[-103.50988,23.7249],[-103.5072,23.72513],[-103.51159,23.73023],[-103.51279,23.72985],[-103.51415,23.72317],[-103.51734,23.72512],[-103.51938,23.72353],[-103.52123,23.72845],[-103.52544,23.72146],[-103.52813,23.72213],[-103.53053,23.71767],[-103.53231,23.72036],[-103.531,23.72414],[-103.52661,23.72618],[-103.52721,23.72835],[-103.52455,23.73007],[-103.52534,23.73249],[-103.52193,23.73153],[-103.5152,23.73283]],[[-103.46024,23.70733],[-103.46489,23.70287],[-103.46868,23.70323],[-103.47196,23.69273],[-103.47621,23.69524],[-103.47808,23.6915],[-103.48045,23.69474],[-103.4774,23.70141],[-103.47295,23.70523],[-103.46733,23.70595],[-103.46514,23.71009],[-103.46024,23.70733]],[[-103.5137,23.70851],[-103.51644,23.70553],[-103.5121,23.7026],[-103.51247,23.70091],[-103.51793,23.69745],[-103.5182,23.69335],[-103.5159,23.69256],[-103.51727,23.68235],[-103.51435,23.67799],[-103.51832,23.6765],[-103.51804,23.67189],[-103.51352,23.67278],[-103.50851,23.67194],[-103.50985,23.66588],[-103.51537,23.66439],[-103.51506,23.66589],[-103.52185,23.66562],[-103.52506,23.66871],[-103.52891,23.66807],[-103.53174,23.66948],[-103.53404,23.6739],[-103.53872,23.67919],[-103.53836,23.68236],[-103.53578,23.6843],[-103.54171,23.6851],[-103.54127,23.68969],[-103.53813,23.6891],[-103.53886,23.69374],[-103.54106,23.69539],[-103.54076,23.70021],[-103.53757,23.70337],[-103.53292,23.70294],[-103.51981,23.70634],[-103.5137,23.70851]],[[-103.55259,23.69725],[-103.55413,23.6946],[-103.55886,23.69642],[-103.55771,23.69852],[-103.55259,23.69725]],[[-103.54591,23.6587],[-103.54902,23.65715],[-103.54877,23.66047],[-103.54591,23.6587]],[[-103.50683,23.64742],[-103.51139,23.6473],[-103.51287,23.64212],[-103.52034,23.63883],[-103.52036,23.64085],[-103.52674,23.64708],[-103.51922,23.64547],[-103.51581,23.64834],[-103.50875,23.64857],[-103.50683,23.64742]],[[-103.52343,23.63245],[-103.52173,23.62786],[-103.52449,23.62694],[-103.52769,23.62929],[-103.52343,23.63245]],[[-103.48357,23.61322],[-103.47899,23.61113],[-103.47938,23.60814],[-103.48253,23.60691],[-103.48157,23.60985],[-103.48357,23.61322]],[[-103.51705,24.09657],[-103.51748,24.09401],[-103.52279,24.09566],[-103.51705,24.09657]],[[-103.63465,24.07633],[-103.63103,24.07457],[-103.63498,24.07371],[-103.63465,24.07633]],[[-103.64039,24.07217],[-103.63242,24.06253],[-103.63165,24.05913],[-103.63384,24.05704],[-103.63791,24.05779],[-103.63853,24.05116],[-103.641,24.05442],[-103.64348,24.05163],[-103.64392,24.04699],[-103.64714,24.04715],[-103.64663,24.0532],[-103.65029,24.05357],[-103.65228,24.05629],[-103.65409,24.05376],[-103.66114,24.05257],[-103.66204,24.04977],[-103.66563,24.05216],[-103.65628,24.05446],[-103.65696,24.05692],[-103.65501,24.06026],[-103.65182,24.0592],[-103.65139,24.06279],[-103.64862,24.06211],[-103.6468,24.06973],[-103.6439,24.07546],[-103.64039,24.07217]],[[-103.60345,24.07161],[-103.60287,24.06786],[-103.60636,24.06844],[-103.60558,24.07272],[-103.60345,24.07161]],[[-103.61516,24.07223],[-103.61194,24.06824],[-103.61236,24.06611],[-103.61764,24.06794],[-103.61703,24.07199],[-103.61516,24.07223]],[[-103.55481,24.06506],[-103.5499,24.06412],[-103.54975,24.06257],[-103.55595,24.06237],[-103.55481,24.06506]],[[-103.59753,24.06131],[-103.59135,24.06085],[-103.59071,24.06294],[-103.58731,24.06234],[-103.58862,24.05977],[-103.58612,24.0594],[-103.58544,24.05654],[-103.58101,24.05523],[-103.58533,24.04891],[-103.58738,24.04928],[-103.5939,24.04673],[-103.59866,24.04762],[-103.59706,24.05583],[-103.60185,24.05659],[-103.60138,24.05922],[-103.60616,24.06011],[-103.60576,24.05447],[-103.60777,24.05483],[-103.60716,24.0603],[-103.61095,24.061],[-103.6099,24.06634],[-103.60021,24.06454],[-103.60081,24.0618],[-103.59753,24.06131]],[[-103.54511,24.05881],[-103.54676,24.05518],[-103.54943,24.05546],[-103.54707,24.05892],[-103.54511,24.05881]],[[-103.57713,24.04994],[-103.57435,24.04869],[-103.58309,24.04137],[-103.58397,24.04708],[-103.58045,24.04746],[-103.57713,24.04994]],[[-103.56507,24.04012],[-103.56011,24.03882],[-103.56185,24.03186],[-103.57138,24.03698],[-103.5721,24.04301],[-103.56728,24.04374],[-103.56507,24.04012]],[[-103.59861,24.04213],[-103.59542,24.04065],[-103.59296,24.03643],[-103.59275,24.03323],[-103.5949,24.03141],[-103.58878,24.02493],[-103.58819,24.02121],[-103.58443,24.01692],[-103.58325,24.01331],[-103.58907,24.0147],[-103.59227,24.01995],[-103.59709,24.03198],[-103.60054,24.03557],[-103.59779,24.03751],[-103.59861,24.04213]],[[-103.61799,24.03926],[-103.6209,24.03915],[-103.61921,24.04227],[-103.61799,24.03926]],[[-103.57632,24.03524],[-103.57678,24.03323],[-103.5831,24.03201],[-103.58281,24.03838],[-103.57741,24.03743],[-103.57632,24.03524]],[[-103.60118,24.0347],[-103.60232,24.03219],[-103.60427,24.03501],[-103.60118,24.0347]],[[-103.60038,24.02948],[-103.59895,24.02513],[-103.59526,24.02128],[-103.59793,24.02115],[-103.60114,24.02785],[-103.60805,24.02343],[-103.611,24.02748],[-103.60865,24.02895],[-103.60458,24.02715],[-103.60168,24.03139],[-103.60038,24.02948]],[[-103.60222,24.01963],[-103.60437,24.02187],[-103.59982,24.0224],[-103.60222,24.01963]],[[-103.51845,24.01884],[-103.51627,24.015],[-103.51917,24.01305],[-103.52484,24.01501],[-103.52316,24.01874],[-103.51845,24.01884]],[[-103.67217,24.0181],[-103.66833,24.01641],[-103.67217,24.01533],[-103.67573,24.01789],[-103.67422,24.0204],[-103.67217,24.0181]],[[-103.5732,24.01612],[-103.57198,24.0108],[-103.57301,24.00838],[-103.57704,24.01206],[-103.58209,24.01144],[-103.58172,24.0152],[-103.5732,24.01612]],[[-103.67884,24.01045],[-103.67435,24.01154],[-103.67696,24.00709],[-103.67315,24.00155],[-103.68274,24.0095],[-103.68099,24.01168],[-103.67884,24.01045]],[[-103.57591,23.99993],[-103.57224,23.99952],[-103.57231,23.99672],[-103.57591,23.99993]],[[-103.65409,24.06292],[-103.65806,24.06447],[-103.66097,24.06839],[-103.65889,24.07363],[-103.6542,24.07222],[-103.65159,24.06625],[-103.65409,24.06292]]],[[[-103.76128,23.97298],[-103.75658,23.97469],[-103.75943,23.97068],[-103.756,23.97235],[-103.7567,23.97436],[-103.75075,23.97976],[-103.75375,23.9815],[-103.75282,23.98582],[-103.75865,23.97861],[-103.76418,23.97829],[-103.7648,23.97569],[-103.76876,23.97752],[-103.77012,23.97507],[-103.76548,23.97199],[-103.76308,23.97253],[-103.76128,23.97298]]],[[[-103.77318,23.89247],[-103.77828,23.89175],[-103.78062,23.88253],[-103.77318,23.89247]]],[[[-103.7591,23.88835],[-103.7702,23.8916],[-103.77714,23.88256],[-103.77762,23.87738],[-103.78354,23.87758],[-103.78801,23.87249],[-103.77905,23.86961],[-103.77725,23.87297],[-103.77414,23.87309],[-103.77162,23.88038],[-103.7684,23.87833],[-103.76765,23.88241],[-103.7638,23.88189],[-103.76628,23.87898],[-103.76224,23.87885],[-103.76134,23.88489],[-103.7591,23.88835]]],[[[-103.76748,23.87198],[-103.77194,23.87581],[-103.77073,23.8715],[-103.76748,23.87198]]],[[[-103.76555,23.86643],[-103.76698,23.86558],[-103.7631,23.86161],[-103.76555,23.86643]]],[[[-103.77828,23.86696],[-103.78164,23.86727],[-103.77669,23.86441],[-103.77828,23.86696]]],[[[-103.8119,23.83956],[-103.81582,23.83798],[-103.81438,23.83605],[-103.8119,23.83956]]],[[[-103.81033,23.83402],[-103.81279,23.82954],[-103.81103,23.82707],[-103.80451,23.82466],[-103.80391,23.82823],[-103.81033,23.83402]]],[[[-103.81346,23.82471],[-103.81981,23.82417],[-103.81284,23.81952],[-103.80943,23.8194],[-103.80237,23.8136],[-103.80098,23.81497],[-103.8046,23.82308],[-103.81346,23.82471]]],[[[-103.81726,23.81522],[-103.81965,23.81366],[-103.81392,23.81142],[-103.81515,23.8153],[-103.81726,23.81522]]],[[[-103.45646,23.95342],[-103.45797,23.95198],[-103.4583,23.94706],[-103.45649,23.94566],[-103.45104,23.95274],[-103.45388,23.9552],[-103.45646,23.95342]]],[[[-103.4202,23.78855],[-103.41992,23.79361],[-103.42298,23.79114],[-103.4202,23.78855]]],[[[-103.35841,23.75153],[-103.35846,23.7529],[-103.36059,23.75499],[-103.36449,23.75626],[-103.36226,23.75357],[-103.36462,23.75137],[-103.35841,23.75153]]],[[[-103.35998,23.74623],[-103.35926,23.74667],[-103.35978,23.7468],[-103.36145,23.74914],[-103.35998,23.74623]]],[[[-103.41934,23.66636],[-103.41695,23.66747],[-103.41659,23.66734],[-103.41699,23.66516],[-103.4173,23.66282],[-103.41522,23.6615],[-103.4125,23.66427],[-103.41263,23.66962],[-103.40839,23.66731],[-103.40758,23.66994],[-103.40552,23.66545],[-103.40381,23.66555],[-103.40401,23.67045],[-103.40587,23.67428],[-103.40157,23.67675],[-103.40275,23.67315],[-103.39732,23.67713],[-103.39737,23.67958],[-103.39745,23.67978],[-103.39795,23.68],[-103.39808,23.68006],[-103.39908,23.68261],[-103.39941,23.68282],[-103.40599,23.68092],[-103.40678,23.67817],[-103.41238,23.67715],[-103.41458,23.67045],[-103.41832,23.66978],[-103.41934,23.66636]]],[[[-103.39605,23.66553],[-103.395,23.66547],[-103.39134,23.66679],[-103.38903,23.66554],[-103.38071,23.66737],[-103.37997,23.66733],[-103.36989,23.66657],[-103.37015,23.67104],[-103.37346,23.674],[-103.37387,23.67659],[-103.37811,23.68161],[-103.38117,23.6818],[-103.38815,23.68505],[-103.39101,23.69607],[-103.39575,23.70195],[-103.39853,23.70216],[-103.39894,23.6991],[-103.39458,23.69874],[-103.39476,23.69391],[-103.38903,23.68776],[-103.38874,23.68383],[-103.39058,23.68355],[-103.39329,23.68784],[-103.39258,23.6898],[-103.39539,23.69271],[-103.40091,23.69363],[-103.39831,23.68945],[-103.39892,23.68771],[-103.39329,23.68407],[-103.39977,23.68482],[-103.39811,23.68104],[-103.39695,23.68004],[-103.39688,23.67807],[-103.39291,23.67441],[-103.39456,23.67339],[-103.39429,23.66843],[-103.39605,23.66553]]],[[[-103.40152,23.66568],[-103.39691,23.66558],[-103.39989,23.66941],[-103.40219,23.66919],[-103.40152,23.66568]]],[[[-103.40431,23.60926],[-103.4061,23.60218],[-103.40924,23.60195],[-103.41012,23.59908],[-103.40937,23.5993],[-103.40664,23.59721],[-103.40545,23.59295],[-103.40518,23.5928],[-103.40382,23.59411],[-103.401,23.59476],[-103.39803,23.59922],[-103.38996,23.60617],[-103.39018,23.60895],[-103.39706,23.60642],[-103.39922,23.60391],[-103.40182,23.60656],[-103.39929,23.61007],[-103.40015,23.6137],[-103.40468,23.61487],[-103.40798,23.61106],[-103.40431,23.60926]]],[[[-103.42001,23.60323],[-103.42084,23.60446],[-103.42092,23.6045],[-103.42218,23.60417],[-103.42319,23.6039],[-103.42315,23.60342],[-103.41882,23.60128],[-103.42275,23.59863],[-103.42332,23.5956],[-103.42018,23.59802],[-103.41781,23.59723],[-103.41605,23.5998],[-103.41998,23.60322],[-103.42001,23.60323]]],[[[-103.42412,23.60366],[-103.42725,23.60004],[-103.42999,23.59921],[-103.43131,23.60172],[-103.43411,23.59817],[-103.43702,23.5973],[-103.43299,23.59315],[-103.42714,23.59064],[-103.42357,23.59748],[-103.42488,23.59985],[-103.42315,23.60342],[-103.42336,23.60384],[-103.42412,23.60366]]],[[[-103.44676,23.66399],[-103.44847,23.66219],[-103.44515,23.66138],[-103.44341,23.66426],[-103.44623,23.66403],[-103.44676,23.66399]]],[[[-103.44302,23.66109],[-103.44489,23.66011],[-103.44301,23.66061],[-103.44508,23.65471],[-103.44196,23.65824],[-103.44302,23.66109]]],[[[-103.48538,23.92714],[-103.48317,23.92707],[-103.48084,23.92812],[-103.48032,23.92986],[-103.48376,23.92819],[-103.49293,23.93176],[-103.49276,23.93389],[-103.4961,23.93256],[-103.49227,23.92604],[-103.4945,23.92077],[-103.48753,23.92946],[-103.48538,23.92714]]],[[[-103.48839,23.91957],[-103.48658,23.92331],[-103.48914,23.92191],[-103.48839,23.91957]]],[[[-103.46821,23.92056],[-103.47229,23.91883],[-103.47418,23.92338],[-103.47564,23.92491],[-103.48008,23.9216],[-103.47994,23.91806],[-103.48452,23.90888],[-103.48583,23.91301],[-103.48919,23.91377],[-103.48916,23.91467],[-103.49068,23.91754],[-103.49304,23.91898],[-103.48952,23.91465],[-103.49073,23.91383],[-103.49511,23.91397],[-103.49386,23.90992],[-103.49616,23.90612],[-103.5005,23.90657],[-103.50275,23.90391],[-103.49743,23.90389],[-103.49737,23.8996],[-103.50528,23.90096],[-103.50727,23.90357],[-103.51275,23.90323],[-103.50964,23.90128],[-103.50973,23.89901],[-103.50146,23.89909],[-103.48913,23.89657],[-103.48902,23.89387],[-103.48493,23.89654],[-103.4815,23.89477],[-103.48209,23.89801],[-103.48882,23.89719],[-103.4892,23.89964],[-103.48614,23.89967],[-103.4858,23.90428],[-103.48277,23.89971],[-103.48389,23.90575],[-103.48123,23.90353],[-103.47787,23.90394],[-103.4763,23.8931],[-103.4823,23.8907],[-103.48548,23.8908],[-103.485,23.88749],[-103.47851,23.88716],[-103.4792,23.88224],[-103.4772,23.88066],[-103.481,23.87852],[-103.4875,23.88438],[-103.4898,23.88207],[-103.4762,23.87375],[-103.47606,23.8709],[-103.47984,23.8732],[-103.47964,23.86624],[-103.48209,23.86563],[-103.48269,23.85907],[-103.48471,23.85942],[-103.48186,23.85391],[-103.48449,23.85188],[-103.47721,23.85323],[-103.47443,23.85172],[-103.47772,23.84975],[-103.47645,23.84766],[-103.47319,23.8503],[-103.4714,23.84935],[-103.45606,23.84567],[-103.44884,23.84166],[-103.4419,23.84194],[-103.44309,23.84443],[-103.4419,23.84874],[-103.44484,23.85066],[-103.44063,23.85109],[-103.44086,23.85716],[-103.44236,23.85837],[-103.44107,23.86277],[-103.4442,23.86473],[-103.44188,23.8682],[-103.44321,23.87254],[-103.44759,23.87633],[-103.45828,23.87825],[-103.45885,23.8811],[-103.46308,23.88233],[-103.46779,23.88945],[-103.47553,23.88895],[-103.47246,23.89651],[-103.4676,23.89726],[-103.46747,23.89985],[-103.4639,23.90469],[-103.46424,23.90801],[-103.46821,23.91065],[-103.46984,23.91664],[-103.46821,23.92056]],[[-103.46981,23.87563],[-103.47292,23.87373],[-103.47781,23.87628],[-103.47462,23.8825],[-103.47009,23.88046],[-103.46981,23.87563]]],[[[-103.44935,23.91746],[-103.45014,23.91895],[-103.45412,23.92],[-103.4549,23.92376],[-103.45937,23.92546],[-103.4676,23.92098],[-103.46622,23.91801],[-103.46206,23.91813],[-103.46093,23.912],[-103.46269,23.90953],[-103.45691,23.90341],[-103.45806,23.9077],[-103.45562,23.90933],[-103.4539,23.91485],[-103.44935,23.91746]]],[[[-103.45522,23.9352],[-103.45521,23.93525],[-103.45622,23.93617],[-103.46251,23.93901],[-103.45522,23.93973],[-103.45778,23.94064],[-103.46119,23.94529],[-103.45981,23.94701],[-103.46279,23.95274],[-103.46662,23.9528],[-103.46322,23.94624],[-103.46813,23.94377],[-103.46749,23.94047],[-103.46668,23.93629],[-103.46216,23.93777],[-103.46069,23.93022],[-103.45575,23.93335],[-103.45522,23.9352]]],[[[-103.44964,23.94451],[-103.44752,23.94378],[-103.44498,23.94498],[-103.44599,23.94724],[-103.44964,23.94451]]],[[[-103.43912,23.93402],[-103.44112,23.93203],[-103.4382,23.9297],[-103.43912,23.93402]]],[[[-103.44486,23.89684],[-103.44713,23.89592],[-103.44734,23.90347],[-103.45048,23.89777],[-103.44982,23.89195],[-103.45056,23.8881],[-103.44774,23.8863],[-103.44565,23.88063],[-103.44209,23.88137],[-103.44252,23.89601],[-103.44486,23.89684]]],[[[-103.52465,23.87571],[-103.52252,23.87986],[-103.52641,23.88361],[-103.52722,23.87496],[-103.52465,23.87571]]],[[[-103.53546,23.90054],[-103.53682,23.90395],[-103.53837,23.8993],[-103.53365,23.89795],[-103.53257,23.90088],[-103.53546,23.90054]]],[[[-103.52274,23.90695],[-103.5246,23.90882],[-103.52835,23.90581],[-103.5207,23.90585],[-103.52274,23.90695]]],[[[-103.49728,23.93767],[-103.50466,23.9376],[-103.50299,23.93277],[-103.49755,23.93505],[-103.49728,23.93767]]],[[[-103.42403,23.83001],[-103.42327,23.83117],[-103.42482,23.83754],[-103.42865,23.83613],[-103.42742,23.83114],[-103.42403,23.83001]]],[[[-103.41003,23.77016],[-103.40786,23.77613],[-103.41188,23.77539],[-103.41003,23.77016]]],[[[-103.44025,23.76644],[-103.44147,23.76991],[-103.4433,23.76607],[-103.44025,23.76644]]],[[[-103.37604,23.72887],[-103.38157,23.72958],[-103.37881,23.72565],[-103.38737,23.72857],[-103.38451,23.72649],[-103.38672,23.72499],[-103.37612,23.72454],[-103.37604,23.72887]]],[[[-103.42773,23.70752],[-103.43327,23.70446],[-103.43308,23.70319],[-103.41976,23.69934],[-103.42066,23.70451],[-103.42773,23.70752]]],[[[-103.41195,23.64865],[-103.41602,23.65019],[-103.42036,23.64793],[-103.41938,23.64329],[-103.41056,23.63917],[-103.41074,23.64044],[-103.41075,23.64229],[-103.41556,23.64212],[-103.4158,23.64481],[-103.41195,23.64865]]],[[[-103.41688,23.62866],[-103.415,23.62999],[-103.40756,23.62833],[-103.40344,23.63173],[-103.40844,23.63486],[-103.40957,23.63739],[-103.41554,23.64041],[-103.41516,23.63389],[-103.41878,23.63615],[-103.42112,23.62931],[-103.41688,23.62866]]],[[[-103.41632,23.62649],[-103.41652,23.62648],[-103.41821,23.62634],[-103.41901,23.62644],[-103.41974,23.62392],[-103.41497,23.6233],[-103.41179,23.62067],[-103.41175,23.62068],[-103.41114,23.62301],[-103.41532,23.62657],[-103.41632,23.62649]]],[[[-103.42415,23.62502],[-103.42822,23.62426],[-103.42295,23.6213],[-103.42063,23.62277],[-103.42415,23.62502]]],[[[-103.45209,23.64097],[-103.44748,23.64634],[-103.45071,23.64637],[-103.45436,23.63862],[-103.44779,23.63356],[-103.44613,23.63838],[-103.45329,23.63956],[-103.45209,23.64097]]],[[[-103.47318,23.64359],[-103.47772,23.64372],[-103.47928,23.63897],[-103.47243,23.63963],[-103.46816,23.63791],[-103.46611,23.64003],[-103.47252,23.64125],[-103.47318,23.64359]]],[[[-103.4617,23.65164],[-103.47554,23.65183],[-103.4762,23.64714],[-103.4685,23.64372],[-103.46079,23.64437],[-103.45828,23.64817],[-103.4617,23.65164]]],[[[-103.42236,23.64983],[-103.42558,23.65141],[-103.42683,23.64545],[-103.42438,23.6449],[-103.42236,23.64983]]],[[[-103.45262,23.64678],[-103.45513,23.64604],[-103.45563,23.64498],[-103.45423,23.6428],[-103.45404,23.64123],[-103.45262,23.64678]]],[[[-103.45531,23.64614],[-103.45635,23.64718],[-103.4617,23.63804],[-103.45735,23.63873],[-103.45543,23.64074],[-103.4558,23.64367],[-103.45598,23.64504],[-103.45531,23.64614]]],[[[-103.45782,23.63844],[-103.46175,23.63774],[-103.46157,23.63541],[-103.45782,23.63844]]],[[[-103.48996,23.64801],[-103.49167,23.64865],[-103.49264,23.64415],[-103.49077,23.64366],[-103.48996,23.64801]]],[[[-103.44717,23.65655],[-103.44693,23.66106],[-103.44941,23.66125],[-103.44962,23.65646],[-103.44717,23.65655]]],[[[-103.48853,23.66489],[-103.49001,23.66614],[-103.49759,23.66516],[-103.49562,23.66341],[-103.48359,23.66355],[-103.48748,23.66139],[-103.48883,23.66311],[-103.49009,23.65623],[-103.48273,23.65945],[-103.48249,23.66446],[-103.48853,23.66489]]],[[[-103.41781,23.61672],[-103.41813,23.61793],[-103.42158,23.61724],[-103.42175,23.61176],[-103.41846,23.61319],[-103.41835,23.6135],[-103.41781,23.61672]]],[[[-103.47294,23.61852],[-103.47137,23.61545],[-103.46667,23.61425],[-103.46854,23.61718],[-103.46682,23.61831],[-103.47294,23.61852]]],[[[-103.42053,23.6056],[-103.4219,23.60819],[-103.42427,23.60495],[-103.42053,23.6056]]],[[[-103.44956,23.60402],[-103.4536,23.60749],[-103.45347,23.60435],[-103.44956,23.60402]]],[[[-103.5216,23.83963],[-103.52355,23.83592],[-103.52151,23.83459],[-103.51877,23.83849],[-103.5216,23.83963]]],[[[-103.85229,23.76537],[-103.84993,23.76086],[-103.8485,23.75964],[-103.84487,23.75737],[-103.84731,23.76641],[-103.85089,23.76813],[-103.85122,23.7667],[-103.85229,23.76537]]],[[[-103.63507,23.49613],[-103.63324,23.49151],[-103.63546,23.48601],[-103.63427,23.48117],[-103.62826,23.48141],[-103.62524,23.47881],[-103.62418,23.48145],[-103.62657,23.49094],[-103.62834,23.49258],[-103.62825,23.49678],[-103.63481,23.49745],[-103.63507,23.49613]]],[[[-103.7927,23.50246],[-103.79261,23.50163],[-103.7918,23.49903],[-103.79195,23.49774],[-103.7919,23.49611],[-103.79142,23.49567],[-103.79115,23.49544],[-103.79059,23.49532],[-103.78765,23.4922],[-103.78536,23.49895],[-103.78747,23.50212],[-103.78859,23.49418],[-103.79188,23.50097],[-103.79287,23.50704],[-103.7939,23.50916],[-103.79475,23.50778],[-103.79467,23.50379],[-103.7927,23.50131],[-103.79268,23.50139],[-103.79275,23.50269],[-103.7927,23.50246]]],[[[-103.78784,23.4898],[-103.78833,23.48683],[-103.78841,23.48667],[-103.78846,23.48645],[-103.78522,23.47996],[-103.77859,23.48171],[-103.77704,23.48624],[-103.77946,23.48847],[-103.78102,23.49472],[-103.7823,23.49323],[-103.7833,23.48528],[-103.78395,23.49247],[-103.78763,23.49211],[-103.78784,23.4898]]],[[[-103.80025,23.47833],[-103.79873,23.47629],[-103.79301,23.47571],[-103.79233,23.46961],[-103.78939,23.46803],[-103.79114,23.46573],[-103.78882,23.46452],[-103.78769,23.45829],[-103.78174,23.45934],[-103.78276,23.46318],[-103.78153,23.46954],[-103.78543,23.47361],[-103.7821,23.47334],[-103.78121,23.47725],[-103.78323,23.47832],[-103.78856,23.47753],[-103.79392,23.48078],[-103.79916,23.47963],[-103.79966,23.47947],[-103.80025,23.47833]]],[[[-103.68974,23.23151],[-103.69757,23.23014],[-103.69219,23.22855],[-103.69231,23.22385],[-103.69588,23.22494],[-103.69997,23.22422],[-103.69919,23.22663],[-103.70761,23.22543],[-103.70815,23.22298],[-103.7048,23.22134],[-103.70083,23.21511],[-103.70036,23.21056],[-103.70277,23.2094],[-103.69749,23.20627],[-103.69784,23.20362],[-103.70123,23.20157],[-103.69914,23.19814],[-103.6999,23.19491],[-103.69439,23.19312],[-103.69094,23.18904],[-103.68837,23.18869],[-103.68491,23.18516],[-103.68104,23.18319],[-103.68028,23.17839],[-103.67326,23.19509],[-103.67129,23.19389],[-103.6751,23.18642],[-103.67308,23.18089],[-103.67386,23.17898],[-103.66841,23.17925],[-103.67082,23.18815],[-103.6676,23.18928],[-103.66514,23.18464],[-103.6676,23.18374],[-103.66621,23.17729],[-103.6671,23.1711],[-103.66996,23.16928],[-103.66919,23.1673],[-103.66157,23.15867],[-103.66189,23.16049],[-103.66109,23.17972],[-103.66335,23.18733],[-103.66306,23.19217],[-103.65858,23.19877],[-103.65715,23.20046],[-103.65304,23.20021],[-103.64971,23.19669],[-103.64808,23.19142],[-103.64562,23.19085],[-103.64784,23.19492],[-103.64441,23.19768],[-103.64822,23.19896],[-103.64408,23.20015],[-103.64891,23.20431],[-103.65323,23.20183],[-103.65538,23.20514],[-103.65548,23.21713],[-103.65063,23.22017],[-103.64845,23.22295],[-103.654,23.22453],[-103.66568,23.22354],[-103.6664,23.22364],[-103.66778,23.22387],[-103.66831,23.22483],[-103.6713,23.22677],[-103.67584,23.22845],[-103.68298,23.23264],[-103.6859,23.2406],[-103.68889,23.23844],[-103.68892,23.23446],[-103.68974,23.23151]],[[-103.68666,23.21715],[-103.68148,23.21224],[-103.68267,23.208],[-103.68234,23.2034],[-103.68722,23.20128],[-103.68903,23.20404],[-103.68866,23.2074],[-103.69128,23.21472],[-103.68899,23.21852],[-103.68666,23.21715]]],[[[-103.4944,23.38558],[-103.4944,23.38557],[-103.49346,23.38557],[-103.49269,23.38557],[-103.49421,23.38456],[-103.49375,23.37902],[-103.48899,23.37902],[-103.48936,23.37888],[-103.49356,23.37856],[-103.49292,23.36543],[-103.48591,23.36904],[-103.48603,23.36522],[-103.49119,23.36095],[-103.4863,23.36221],[-103.48448,23.3578],[-103.47924,23.35735],[-103.47944,23.36134],[-103.48465,23.36254],[-103.48451,23.36393],[-103.47863,23.3637],[-103.47383,23.36221],[-103.47161,23.35983],[-103.4706,23.36709],[-103.47252,23.37106],[-103.47677,23.36997],[-103.48065,23.37248],[-103.47639,23.37324],[-103.48439,23.37619],[-103.48691,23.37852],[-103.48292,23.38125],[-103.48039,23.38108],[-103.47719,23.3837],[-103.47757,23.38072],[-103.47262,23.38019],[-103.47269,23.38182],[-103.4664,23.3826],[-103.47401,23.38359],[-103.4718,23.3862],[-103.47589,23.38842],[-103.47928,23.39382],[-103.4842,23.39214],[-103.49148,23.39543],[-103.49503,23.39439],[-103.49442,23.38593],[-103.4944,23.38558]]],[[[-103.7157,23.1735],[-103.70936,23.17273],[-103.70727,23.16862],[-103.70451,23.17149],[-103.69735,23.17027],[-103.70275,23.17512],[-103.70209,23.17935],[-103.69692,23.17628],[-103.69626,23.17866],[-103.69236,23.17784],[-103.68964,23.18276],[-103.69246,23.18244],[-103.69755,23.18553],[-103.69944,23.18352],[-103.69605,23.18152],[-103.6989,23.18002],[-103.70347,23.18222],[-103.70696,23.18044],[-103.71057,23.18129],[-103.71364,23.18515],[-103.714,23.18864],[-103.71125,23.19178],[-103.71157,23.19628],[-103.71345,23.19839],[-103.71399,23.19868],[-103.71621,23.19575],[-103.71896,23.1961],[-103.72167,23.19164],[-103.71935,23.18832],[-103.72021,23.18547],[-103.72367,23.18554],[-103.72397,23.18793],[-103.72435,23.18486],[-103.72091,23.18352],[-103.72041,23.17989],[-103.71618,23.18363],[-103.71362,23.18081],[-103.71699,23.18001],[-103.71513,23.17641],[-103.7157,23.1735]]],[[[-103.64363,23.19222],[-103.64232,23.1895],[-103.64158,23.18868],[-103.64066,23.19121],[-103.64363,23.19222]]],[[[-103.76907,23.48646],[-103.76373,23.49269],[-103.76879,23.49228],[-103.77224,23.48748],[-103.77557,23.48562],[-103.77305,23.48977],[-103.77626,23.48674],[-103.7765,23.48306],[-103.77921,23.47717],[-103.77659,23.47622],[-103.77295,23.47936],[-103.77271,23.48383],[-103.76801,23.49102],[-103.76907,23.48646]]],[[[-103.73816,23.49406],[-103.73855,23.49376],[-103.73862,23.49354],[-103.73816,23.49406]]],[[[-103.73094,23.49106],[-103.73022,23.49126],[-103.72948,23.49578],[-103.73566,23.49889],[-103.73303,23.49495],[-103.73478,23.49031],[-103.73675,23.49019],[-103.73722,23.48629],[-103.73094,23.49106]]],[[[-103.72971,23.49133],[-103.73022,23.49126],[-103.73038,23.4907],[-103.72971,23.49133]]],[[[-103.70339,23.48977],[-103.70692,23.48561],[-103.70074,23.48405],[-103.69804,23.48706],[-103.69775,23.49079],[-103.69692,23.49126],[-103.69578,23.49619],[-103.69933,23.49745],[-103.70154,23.49426],[-103.6985,23.49343],[-103.70099,23.48905],[-103.70339,23.48977]]],[[[-103.71088,23.49052],[-103.70986,23.4917],[-103.71409,23.49265],[-103.71936,23.49044],[-103.71557,23.48941],[-103.71916,23.48376],[-103.7178,23.48108],[-103.71396,23.48692],[-103.71306,23.48797],[-103.7116,23.48967],[-103.71088,23.49052]]],[[[-103.71093,23.48331],[-103.71242,23.48226],[-103.70944,23.48135],[-103.70721,23.48312],[-103.71059,23.48355],[-103.71093,23.48331]]],[[[-103.69558,23.49102],[-103.69692,23.49126],[-103.69707,23.4907],[-103.69558,23.49102]]],[[[-103.69132,23.48665],[-103.69322,23.48858],[-103.69624,23.48182],[-103.69876,23.47935],[-103.6951,23.47973],[-103.69398,23.48402],[-103.69132,23.48665]]],[[[-103.86728,23.63287],[-103.86733,23.63285],[-103.86687,23.63235],[-103.86728,23.63287]]],[[[-103.8438,23.75538],[-103.848,23.75334],[-103.84654,23.75118],[-103.84098,23.74997],[-103.8438,23.75538]]],[[[-103.51789,23.60253],[-103.52108,23.60258],[-103.52305,23.59684],[-103.52593,23.59468],[-103.52249,23.58779],[-103.52344,23.58491],[-103.51533,23.58417],[-103.51789,23.60253]]],[[[-103.56009,23.59865],[-103.56157,23.59928],[-103.55942,23.58771],[-103.55928,23.58174],[-103.56033,23.57776],[-103.55746,23.57823],[-103.55756,23.58107],[-103.55475,23.58312],[-103.55479,23.57588],[-103.55087,23.57555],[-103.54977,23.58005],[-103.54328,23.57576],[-103.539,23.57168],[-103.53684,23.57139],[-103.53426,23.57459],[-103.53423,23.5779],[-103.53139,23.58021],[-103.53223,23.58233],[-103.53635,23.58277],[-103.53727,23.58484],[-103.54716,23.58684],[-103.5489,23.58555],[-103.55241,23.59001],[-103.55454,23.58983],[-103.5553,23.5947],[-103.55735,23.59308],[-103.55718,23.59671],[-103.56009,23.59865]]],[[[-103.54385,23.5992],[-103.54666,23.6009],[-103.54873,23.59821],[-103.55069,23.59965],[-103.55273,23.59662],[-103.55051,23.59491],[-103.54385,23.5992]]],[[[-103.65476,23.61238],[-103.65797,23.61494],[-103.65989,23.6133],[-103.65339,23.61068],[-103.6524,23.6057],[-103.64927,23.60284],[-103.64921,23.59938],[-103.64235,23.59624],[-103.63738,23.59969],[-103.63101,23.60147],[-103.63803,23.60323],[-103.63794,23.6004],[-103.64052,23.59959],[-103.64908,23.60508],[-103.65007,23.60868],[-103.65476,23.61238]]],[[[-103.69122,23.58183],[-103.69055,23.58247],[-103.69438,23.58929],[-103.70655,23.59945],[-103.70555,23.59685],[-103.69944,23.59127],[-103.69691,23.58706],[-103.69122,23.58183]]],[[[-103.69484,23.57748],[-103.69211,23.57763],[-103.69511,23.58003],[-103.69484,23.57748]]],[[[-103.70226,23.57503],[-103.69617,23.57454],[-103.6951,23.57694],[-103.69671,23.57734],[-103.69745,23.58219],[-103.70007,23.57683],[-103.70226,23.57503]]],[[[-103.70922,23.57668],[-103.70363,23.575],[-103.70388,23.57914],[-103.70198,23.58196],[-103.70204,23.58609],[-103.70532,23.58891],[-103.70435,23.58159],[-103.70692,23.58284],[-103.70678,23.59187],[-103.70921,23.59593],[-103.70971,23.5877],[-103.70818,23.58436],[-103.7106,23.58444],[-103.70922,23.57668]]],[[[-103.72176,23.57243],[-103.71712,23.57164],[-103.7125,23.57605],[-103.71526,23.58173],[-103.71313,23.58653],[-103.71542,23.59173],[-103.7168,23.58086],[-103.72073,23.58197],[-103.71734,23.57697],[-103.72141,23.57459],[-103.72176,23.57243]]],[[[-103.73897,23.57696],[-103.73889,23.57795],[-103.73683,23.57988],[-103.73493,23.57687],[-103.73589,23.58401],[-103.73692,23.58162],[-103.7391,23.58497],[-103.74156,23.58372],[-103.7401,23.58098],[-103.74542,23.58115],[-103.74925,23.58263],[-103.7507,23.58783],[-103.74511,23.58628],[-103.73921,23.59018],[-103.73557,23.58911],[-103.73582,23.58613],[-103.72961,23.58644],[-103.73061,23.58023],[-103.7285,23.57987],[-103.72629,23.58554],[-103.72344,23.58659],[-103.72072,23.59725],[-103.72126,23.60043],[-103.72459,23.5948],[-103.72782,23.59304],[-103.72879,23.58786],[-103.73054,23.59079],[-103.72778,23.59637],[-103.7233,23.6016],[-103.7259,23.60351],[-103.72965,23.60053],[-103.73043,23.59368],[-103.73343,23.58886],[-103.73357,23.59293],[-103.73906,23.595],[-103.74161,23.5894],[-103.74117,23.59932],[-103.74513,23.60032],[-103.74574,23.59769],[-103.74281,23.5944],[-103.74342,23.59179],[-103.75056,23.5935],[-103.75131,23.58955],[-103.75669,23.58864],[-103.75944,23.59006],[-103.75768,23.59602],[-103.76091,23.59782],[-103.76002,23.58629],[-103.76129,23.57995],[-103.76024,23.57976],[-103.75788,23.58608],[-103.75352,23.5874],[-103.75227,23.58487],[-103.75399,23.57998],[-103.75318,23.58024],[-103.75245,23.5819],[-103.74785,23.5818],[-103.74897,23.57936],[-103.74854,23.57952],[-103.75134,23.57366],[-103.74817,23.57562],[-103.74585,23.57269],[-103.75038,23.57206],[-103.74734,23.56943],[-103.74329,23.57054],[-103.74222,23.57619],[-103.73992,23.57352],[-103.73837,23.57486],[-103.73868,23.5757],[-103.73897,23.57696]]],[[[-103.78306,23.585],[-103.78312,23.58434],[-103.76713,23.59547],[-103.76727,23.59758],[-103.77604,23.59119],[-103.78242,23.5916],[-103.78271,23.58929],[-103.78274,23.58899],[-103.783,23.5869],[-103.78306,23.585]]],[[[-103.79556,23.60133],[-103.79828,23.5996],[-103.79773,23.59875],[-103.79621,23.59814],[-103.79556,23.60133]]],[[[-103.59606,23.58114],[-103.5975,23.58109],[-103.59741,23.57617],[-103.59967,23.57801],[-103.60062,23.57556],[-103.59635,23.57333],[-103.59481,23.57672],[-103.59105,23.57831],[-103.59041,23.58065],[-103.59611,23.57991],[-103.59606,23.58114]]],[[[-103.58078,23.58502],[-103.58247,23.58185],[-103.57565,23.58089],[-103.58078,23.58502]]],[[[-103.57066,23.58934],[-103.57359,23.59128],[-103.5733,23.58774],[-103.57605,23.58525],[-103.57455,23.58148],[-103.56806,23.58],[-103.56505,23.58074],[-103.56673,23.58394],[-103.56679,23.58574],[-103.56546,23.58737],[-103.56238,23.58908],[-103.57066,23.58934]]],[[[-103.56315,23.58641],[-103.56471,23.58718],[-103.5661,23.58596],[-103.56597,23.58362],[-103.56071,23.58026],[-103.56315,23.58641]]],[[[-103.60061,23.56118],[-103.59715,23.56179],[-103.59171,23.56985],[-103.58744,23.57246],[-103.58273,23.57227],[-103.5796,23.57436],[-103.58167,23.5732],[-103.58563,23.57832],[-103.5879,23.57349],[-103.5907,23.57315],[-103.59345,23.57031],[-103.59702,23.57003],[-103.60008,23.56615],[-103.60061,23.56118]]],[[[-103.57127,23.5719],[-103.57202,23.56953],[-103.5719,23.56621],[-103.56385,23.57424],[-103.57127,23.5719]]],[[[-103.5739,23.57116],[-103.57202,23.56953],[-103.57306,23.5707],[-103.5739,23.57116]]],[[[-103.57477,23.57844],[-103.57211,23.57812],[-103.56922,23.57392],[-103.56494,23.57736],[-103.56971,23.57991],[-103.57477,23.57844]]],[[[-103.57113,23.54916],[-103.5715,23.5489],[-103.57215,23.54894],[-103.57989,23.5494],[-103.57981,23.54503],[-103.58241,23.54161],[-103.59502,23.53548],[-103.59634,23.52927],[-103.58744,23.53093],[-103.58454,23.53379],[-103.58078,23.53245],[-103.57307,23.53161],[-103.58323,23.52847],[-103.58691,23.52549],[-103.58545,23.5228],[-103.59047,23.52126],[-103.58578,23.51681],[-103.59031,23.51766],[-103.59323,23.51632],[-103.58901,23.51301],[-103.57453,23.51757],[-103.57144,23.52093],[-103.56843,23.52087],[-103.56485,23.52354],[-103.56953,23.52371],[-103.5695,23.52549],[-103.56556,23.52969],[-103.56238,23.53493],[-103.56552,23.53595],[-103.56912,23.54073],[-103.56425,23.54159],[-103.5595,23.53911],[-103.55226,23.54088],[-103.55688,23.54393],[-103.55992,23.54255],[-103.56232,23.5473],[-103.56899,23.54733],[-103.57113,23.54916]]],[[[-103.5723,23.56571],[-103.57575,23.56151],[-103.57401,23.55907],[-103.57685,23.55653],[-103.57218,23.55051],[-103.57158,23.55391],[-103.56918,23.55512],[-103.57021,23.55599],[-103.57049,23.55651],[-103.57008,23.55738],[-103.56915,23.55844],[-103.56765,23.55832],[-103.56771,23.55926],[-103.56568,23.55957],[-103.56408,23.56508],[-103.56005,23.57149],[-103.56296,23.57455],[-103.5723,23.56571]]],[[[-103.55119,23.57316],[-103.55496,23.57253],[-103.55626,23.57412],[-103.56429,23.56384],[-103.5637,23.56245],[-103.55687,23.5678],[-103.55083,23.56891],[-103.54585,23.57148],[-103.54676,23.57396],[-103.55119,23.57316]]],[[[-103.53326,23.57676],[-103.53353,23.57412],[-103.53606,23.5723],[-103.53558,23.57093],[-103.53866,23.57133],[-103.53569,23.56786],[-103.53273,23.5679],[-103.53199,23.57161],[-103.52982,23.57271],[-103.53326,23.57676]]],[[[-103.54357,23.57163],[-103.54806,23.56842],[-103.54617,23.56624],[-103.54115,23.56581],[-103.5418,23.56889],[-103.54524,23.56947],[-103.54357,23.57163]]],[[[-103.54836,23.56734],[-103.54997,23.56885],[-103.55593,23.56719],[-103.56049,23.56465],[-103.56551,23.5594],[-103.56734,23.55909],[-103.56753,23.5579],[-103.56862,23.55804],[-103.56863,23.5575],[-103.57021,23.55666],[-103.56914,23.55644],[-103.56848,23.55543],[-103.57113,23.55392],[-103.56991,23.55075],[-103.5647,23.54911],[-103.56485,23.55134],[-103.5681,23.55412],[-103.56405,23.55929],[-103.55747,23.55665],[-103.54723,23.55697],[-103.55104,23.55828],[-103.54882,23.5631],[-103.54465,23.56194],[-103.54413,23.56373],[-103.54836,23.56734]]],[[[-103.54701,23.56099],[-103.54658,23.55978],[-103.53979,23.5597],[-103.54093,23.56133],[-103.54701,23.56099]]],[[[-103.65986,23.47165],[-103.66361,23.4771],[-103.66513,23.47905],[-103.66799,23.47337],[-103.66694,23.47127],[-103.66968,23.46673],[-103.67065,23.47248],[-103.66963,23.48766],[-103.67441,23.48914],[-103.67745,23.48739],[-103.68245,23.4879],[-103.68508,23.48184],[-103.68878,23.48691],[-103.69249,23.47746],[-103.69139,23.47693],[-103.69094,23.46797],[-103.6924,23.46481],[-103.68811,23.46732],[-103.68395,23.46704],[-103.68445,23.45561],[-103.68838,23.45547],[-103.68784,23.46614],[-103.69205,23.46033],[-103.69434,23.46257],[-103.69606,23.45871],[-103.69949,23.456],[-103.69934,23.45297],[-103.69616,23.45205],[-103.69641,23.44608],[-103.69276,23.44571],[-103.69275,23.44149],[-103.69062,23.44472],[-103.68454,23.44765],[-103.67885,23.44892],[-103.67661,23.44572],[-103.67206,23.44886],[-103.67211,23.45173],[-103.66765,23.45351],[-103.66746,23.46158],[-103.66278,23.46256],[-103.6629,23.46546],[-103.66017,23.46717],[-103.65986,23.47165]]],[[[-103.65375,23.47144],[-103.65902,23.4745],[-103.65533,23.46794],[-103.65375,23.47144]]],[[[-103.65284,23.48857],[-103.65569,23.49336],[-103.65914,23.49416],[-103.66223,23.49082],[-103.65893,23.4828],[-103.65514,23.47928],[-103.65581,23.48212],[-103.65284,23.48248],[-103.65284,23.48857]]],[[[-103.6373,23.48667],[-103.64326,23.48833],[-103.64328,23.48472],[-103.64018,23.48374],[-103.6373,23.48667]]],[[[-103.62214,23.48217],[-103.6233,23.47988],[-103.61855,23.47967],[-103.62214,23.48217]]],[[[-103.61349,23.48968],[-103.61637,23.4912],[-103.6189,23.49656],[-103.62092,23.49018],[-103.62102,23.48442],[-103.61787,23.48657],[-103.61392,23.48637],[-103.61349,23.48968]]],[[[-103.59858,23.47777],[-103.5972,23.48038],[-103.602,23.48276],[-103.60373,23.48185],[-103.59858,23.47777]]],[[[-103.58773,23.48143],[-103.58867,23.48007],[-103.58618,23.47544],[-103.59003,23.47917],[-103.59162,23.47745],[-103.5939,23.47991],[-103.59724,23.47762],[-103.59969,23.47349],[-103.5975,23.47333],[-103.59717,23.46734],[-103.59477,23.46843],[-103.59086,23.46619],[-103.59049,23.47016],[-103.59617,23.47077],[-103.59337,23.47189],[-103.59162,23.47577],[-103.58914,23.47402],[-103.58352,23.47374],[-103.58624,23.47709],[-103.58773,23.48143]]],[[[-103.58549,23.4883],[-103.58324,23.48836],[-103.58021,23.48789],[-103.57781,23.49036],[-103.58151,23.49148],[-103.57949,23.4949],[-103.58059,23.49703],[-103.57612,23.49836],[-103.58346,23.50268],[-103.58261,23.50478],[-103.58646,23.50778],[-103.58701,23.50624],[-103.58785,23.50728],[-103.58585,23.5019],[-103.58813,23.49948],[-103.58689,23.4988],[-103.58848,23.49733],[-103.59068,23.49529],[-103.58656,23.49334],[-103.58957,23.49055],[-103.58731,23.48823],[-103.58549,23.4883]]],[[[-103.59193,23.50618],[-103.59163,23.50187],[-103.58882,23.5034],[-103.59193,23.50618]]],[[[-103.59692,23.50981],[-103.60285,23.51675],[-103.60757,23.51499],[-103.6073,23.51282],[-103.60048,23.50724],[-103.59692,23.50981]]],[[[-103.61446,23.47222],[-103.61455,23.47517],[-103.61816,23.47573],[-103.61843,23.47829],[-103.6231,23.4786],[-103.62654,23.47378],[-103.63801,23.47008],[-103.63628,23.45878],[-103.63392,23.45828],[-103.6328,23.4551],[-103.62697,23.45545],[-103.62423,23.45136],[-103.62037,23.45027],[-103.6173,23.4531],[-103.61724,23.45024],[-103.61466,23.44736],[-103.61417,23.45453],[-103.61192,23.45604],[-103.61095,23.46138],[-103.61693,23.46067],[-103.61723,23.46187],[-103.61107,23.4627],[-103.61574,23.46335],[-103.6165,23.46756],[-103.61393,23.46751],[-103.61446,23.47222]]],[[[-103.69866,23.44673],[-103.70137,23.45473],[-103.70226,23.44916],[-103.70094,23.44577],[-103.69866,23.44673]]],[[[-103.71817,23.4563],[-103.72294,23.45033],[-103.71799,23.44893],[-103.71636,23.45523],[-103.71817,23.4563]]],[[[-103.70539,23.46139],[-103.70736,23.45959],[-103.71022,23.45295],[-103.70861,23.45027],[-103.70591,23.45104],[-103.70234,23.45583],[-103.70539,23.46139]]],[[[-103.71207,23.4709],[-103.71187,23.47246],[-103.71519,23.47338],[-103.7165,23.47564],[-103.72146,23.47133],[-103.71922,23.47082],[-103.72241,23.46626],[-103.72442,23.46673],[-103.72808,23.46096],[-103.7305,23.4547],[-103.73066,23.45081],[-103.72678,23.45048],[-103.72716,23.45489],[-103.72356,23.45574],[-103.71885,23.46293],[-103.71398,23.46402],[-103.71548,23.46987],[-103.71252,23.46832],[-103.71207,23.4709]]],[[[-103.72758,23.47455],[-103.73136,23.47381],[-103.7321,23.46337],[-103.72735,23.46399],[-103.72475,23.47118],[-103.72787,23.47117],[-103.72758,23.47455]]],[[[-103.70612,23.4769],[-103.70344,23.47966],[-103.70619,23.48217],[-103.71478,23.47665],[-103.71504,23.47345],[-103.71162,23.47396],[-103.69954,23.47063],[-103.70203,23.47386],[-103.69899,23.4758],[-103.70089,23.47725],[-103.7029,23.47417],[-103.70867,23.47581],[-103.70612,23.4769]]],[[[-103.71878,23.48595],[-103.72024,23.48672],[-103.72425,23.48396],[-103.72081,23.48304],[-103.71878,23.48595]]],[[[-103.59089,23.59383],[-103.59787,23.59047],[-103.59217,23.58397],[-103.59175,23.58214],[-103.58472,23.58193],[-103.5821,23.58613],[-103.585,23.59068],[-103.58817,23.59115],[-103.59089,23.59383]]],[[[-103.53423,23.61668],[-103.53655,23.62052],[-103.54157,23.61558],[-103.53423,23.61668]]],[[[-103.61339,23.63138],[-103.61405,23.62972],[-103.61337,23.62731],[-103.60791,23.6317],[-103.60711,23.63615],[-103.61159,23.63067],[-103.61339,23.63138]]],[[[-103.67831,23.64942],[-103.68165,23.64796],[-103.67699,23.64563],[-103.67274,23.6479],[-103.67831,23.64942]]],[[[-103.61806,23.64745],[-103.62046,23.6503],[-103.62224,23.64803],[-103.61951,23.64599],[-103.61806,23.64745]]],[[[-103.58468,23.66502],[-103.57992,23.66124],[-103.57755,23.66466],[-103.58468,23.66502]]],[[[-103.61297,23.73822],[-103.61445,23.74285],[-103.6162,23.73812],[-103.61465,23.73597],[-103.61491,23.73162],[-103.62208,23.73964],[-103.62413,23.7376],[-103.619,23.7346],[-103.61978,23.7303],[-103.61376,23.72945],[-103.61255,23.72304],[-103.61431,23.72009],[-103.6178,23.70906],[-103.61616,23.70887],[-103.61084,23.72127],[-103.61357,23.73064],[-103.61228,23.73489],[-103.61297,23.73822]]],[[[-103.59009,23.73716],[-103.59044,23.74031],[-103.59784,23.73466],[-103.59751,23.7279],[-103.59555,23.73055],[-103.59133,23.73021],[-103.58928,23.73479],[-103.5938,23.73235],[-103.59498,23.73351],[-103.59009,23.73716]]],[[[-103.60537,23.72746],[-103.60841,23.72796],[-103.6077,23.73238],[-103.60946,23.73289],[-103.61107,23.7241],[-103.60275,23.72483],[-103.60537,23.72746]]],[[[-103.58992,23.7214],[-103.59096,23.72312],[-103.59427,23.71993],[-103.59665,23.72001],[-103.59479,23.71297],[-103.59264,23.71298],[-103.59156,23.7174],[-103.59338,23.71967],[-103.58833,23.7195],[-103.58992,23.7214]]],[[[-103.60311,23.73153],[-103.60114,23.73421],[-103.60339,23.73538],[-103.6071,23.73225],[-103.60311,23.73153]]],[[[-103.63357,23.73826],[-103.63544,23.73485],[-103.63176,23.73342],[-103.6295,23.7295],[-103.63269,23.72392],[-103.62804,23.72356],[-103.62643,23.73029],[-103.62743,23.73533],[-103.63357,23.73826]]],[[[-103.62581,23.78386],[-103.63038,23.78444],[-103.6306,23.78141],[-103.6261,23.78115],[-103.62581,23.78386]]],[[[-103.74705,23.67666],[-103.75073,23.67697],[-103.75067,23.67426],[-103.74705,23.67666]]],[[[-103.74064,23.67464],[-103.7413,23.67734],[-103.73915,23.68066],[-103.74231,23.68048],[-103.74064,23.67464]]],[[[-103.75404,23.687],[-103.75634,23.68401],[-103.7611,23.68255],[-103.75536,23.67907],[-103.75672,23.68263],[-103.74546,23.67879],[-103.74385,23.68124],[-103.75004,23.68432],[-103.75088,23.68706],[-103.75404,23.687]]],[[[-103.73255,23.69025],[-103.73339,23.69268],[-103.73675,23.689],[-103.74029,23.68994],[-103.74209,23.68625],[-103.73773,23.68864],[-103.73474,23.68781],[-103.73255,23.69025]]],[[[-103.74159,23.68443],[-103.74499,23.68637],[-103.74692,23.68389],[-103.74349,23.6824],[-103.74159,23.68443]]],[[[-103.736,23.6911],[-103.74147,23.69221],[-103.73673,23.6899],[-103.736,23.6911]]],[[[-103.75195,23.69488],[-103.75571,23.69478],[-103.75404,23.69091],[-103.75195,23.69488]]],[[[-103.7418,23.69341],[-103.74029,23.69488],[-103.74364,23.69623],[-103.7418,23.69341]]],[[[-103.75616,23.69696],[-103.76017,23.69866],[-103.76048,23.69668],[-103.75616,23.69696]]],[[[-103.73068,23.70149],[-103.74248,23.70322],[-103.73919,23.69987],[-103.74257,23.69811],[-103.74002,23.69644],[-103.7354,23.69791],[-103.73068,23.70149]]],[[[-103.74708,23.71634],[-103.75091,23.71684],[-103.75253,23.71238],[-103.75512,23.71274],[-103.76286,23.70606],[-103.75628,23.70496],[-103.7532,23.70211],[-103.74688,23.7038],[-103.74462,23.7139],[-103.74708,23.71634]]],[[[-103.75323,23.71705],[-103.75839,23.71785],[-103.75876,23.71326],[-103.75537,23.71285],[-103.75323,23.71705]]],[[[-103.8173,23.71783],[-103.81635,23.72086],[-103.82003,23.72257],[-103.82315,23.72602],[-103.82062,23.71926],[-103.8173,23.71783]]],[[[-103.81358,23.72807],[-103.8139,23.73132],[-103.81749,23.72754],[-103.81338,23.72303],[-103.80953,23.72375],[-103.81358,23.72807]]],[[[-103.76983,23.72283],[-103.7625,23.72016],[-103.76141,23.72143],[-103.76983,23.72283]]],[[[-103.74881,23.71885],[-103.76047,23.72118],[-103.76101,23.71991],[-103.74946,23.71803],[-103.74881,23.71885]]],[[[-103.8242,23.73147],[-103.82352,23.72734],[-103.82133,23.72808],[-103.8242,23.73147]]],[[[-103.81696,23.73023],[-103.81445,23.73202],[-103.81697,23.73317],[-103.81696,23.73023]]],[[[-103.83666,23.74185],[-103.83692,23.74114],[-103.8296,23.73712],[-103.82799,23.73305],[-103.82315,23.7351],[-103.83225,23.74221],[-103.83666,23.74185]]],[[[-103.70274,23.70295],[-103.70429,23.70584],[-103.71106,23.69807],[-103.70274,23.70295]]],[[[-103.76152,23.76266],[-103.76308,23.76477],[-103.76416,23.76095],[-103.76495,23.75049],[-103.76297,23.75066],[-103.75926,23.75772],[-103.75945,23.76222],[-103.76152,23.76266]]],[[[-103.7663,23.75627],[-103.7693,23.75324],[-103.76625,23.75337],[-103.7663,23.75627]]],[[[-103.71862,23.49495],[-103.71864,23.49469],[-103.71866,23.49454],[-103.71876,23.49358],[-103.71686,23.49569],[-103.71842,23.49544],[-103.71862,23.49495]]],[[[-103.6314,23.4245],[-103.63625,23.42414],[-103.63669,23.42745],[-103.64278,23.42123],[-103.63718,23.41571],[-103.63829,23.41887],[-103.63298,23.41997],[-103.63656,23.4233],[-103.63315,23.42343],[-103.63243,23.41885],[-103.62832,23.41713],[-103.62576,23.4206],[-103.6314,23.4245]]],[[[-103.65117,23.39026],[-103.65492,23.38934],[-103.65297,23.38715],[-103.65117,23.39026]]],[[[-103.65807,23.3888],[-103.66157,23.38524],[-103.65492,23.38589],[-103.65807,23.3888]]],[[[-103.70994,23.30168],[-103.70699,23.3002],[-103.70575,23.30197],[-103.70646,23.30196],[-103.70854,23.30221],[-103.70994,23.30168]]],[[[-103.68636,23.28935],[-103.68221,23.29053],[-103.68238,23.2927],[-103.67887,23.29681],[-103.68206,23.29642],[-103.68636,23.28935]]],[[[-103.63769,23.2876],[-103.63511,23.29115],[-103.64213,23.28958],[-103.64694,23.28532],[-103.64755,23.28232],[-103.64144,23.2863],[-103.63769,23.2876]]],[[[-103.68316,23.25419],[-103.68027,23.25396],[-103.68183,23.25102],[-103.68176,23.25058],[-103.68155,23.24971],[-103.68019,23.24731],[-103.67548,23.24781],[-103.67117,23.24594],[-103.67144,23.25352],[-103.66733,23.25605],[-103.67599,23.2594],[-103.68309,23.26023],[-103.68597,23.25752],[-103.68316,23.25419]],[[-103.68027,23.25396],[-103.67888,23.25651],[-103.67527,23.25562],[-103.68027,23.25396]]],[[[-103.67797,23.28053],[-103.68148,23.2724],[-103.67812,23.2696],[-103.66948,23.27515],[-103.6682,23.27796],[-103.67366,23.27418],[-103.67594,23.27424],[-103.67026,23.27922],[-103.66963,23.2826],[-103.67408,23.28425],[-103.67388,23.2817],[-103.67797,23.28053]]],[[[-103.61467,23.18692],[-103.62164,23.18949],[-103.622,23.19254],[-103.62506,23.19071],[-103.6312,23.19291],[-103.63206,23.19557],[-103.62124,23.21011],[-103.62021,23.21357],[-103.61553,23.21814],[-103.61611,23.22011],[-103.61206,23.22162],[-103.6055,23.22657],[-103.60952,23.23307],[-103.60605,23.2405],[-103.60663,23.24213],[-103.60761,23.24484],[-103.60715,23.25256],[-103.60716,23.25311],[-103.6073,23.25544],[-103.60707,23.26146],[-103.60679,23.26302],[-103.61212,23.26262],[-103.61486,23.25557],[-103.62528,23.24593],[-103.63416,23.23961],[-103.6346,23.23315],[-103.64095,23.22758],[-103.64558,23.22107],[-103.64548,23.21702],[-103.64236,23.20891],[-103.63861,23.21024],[-103.63591,23.20444],[-103.63839,23.20057],[-103.63801,23.19689],[-103.63371,23.19587],[-103.63204,23.18826],[-103.63286,23.18633],[-103.62959,23.18559],[-103.6222,23.18174],[-103.61415,23.18502],[-103.61414,23.18502],[-103.61467,23.18692]]],[[[-103.64112,23.19416],[-103.63848,23.19623],[-103.64018,23.19747],[-103.64327,23.1945],[-103.64112,23.19416]]],[[[-103.64071,23.20864],[-103.64434,23.20788],[-103.64373,23.20578],[-103.6384,23.20512],[-103.64071,23.20864]]],[[[-103.64872,23.20735],[-103.6486,23.21006],[-103.65156,23.21222],[-103.64693,23.21877],[-103.64961,23.22005],[-103.65238,23.21576],[-103.65345,23.21106],[-103.65165,23.2076],[-103.64872,23.20735]]],[[[-103.63018,23.17192],[-103.62745,23.17794],[-103.63088,23.17492],[-103.63018,23.17192]]],[[[-103.65978,23.14034],[-103.6616,23.14451],[-103.6645,23.14191],[-103.65978,23.14034]]],[[[-103.68099,23.15875],[-103.67668,23.15635],[-103.6776,23.15921],[-103.68125,23.1612],[-103.68099,23.15875]]],[[[-103.6858,23.17522],[-103.68491,23.1778],[-103.68964,23.17417],[-103.68793,23.17267],[-103.6858,23.17522]]],[[[-103.64363,23.19222],[-103.64309,23.196],[-103.64554,23.19459],[-103.64363,23.19222]]],[[[-100.97616,24.54961],[-100.97775,24.55328],[-100.97667,24.55946],[-100.98135,24.55982],[-100.98459,24.55753],[-100.98119,24.54989],[-100.98027,24.5482],[-100.9799,24.54598],[-100.97552,24.54829],[-100.97614,24.54958],[-100.97616,24.54961]]],[[[-100.95601,24.52028],[-100.95556,24.52067],[-100.95568,24.52118],[-100.95759,24.52446],[-100.95939,24.5255],[-100.96168,24.52285],[-100.96488,24.52283],[-100.96752,24.52065],[-100.96944,24.51578],[-100.9675,24.51635],[-100.95807,24.51335],[-100.95518,24.51708],[-100.9563,24.5191],[-100.96031,24.5156],[-100.9614,24.51739],[-100.95932,24.52247],[-100.95601,24.52028]],[[-100.9624,24.52131],[-100.96193,24.51697],[-100.96379,24.51571],[-100.96661,24.51846],[-100.9624,24.52131]]],[[[-100.98603,24.46374],[-100.98584,24.46465],[-100.98904,24.47028],[-100.98629,24.46095],[-100.98608,24.46352],[-100.98603,24.46374]]],[[[-100.99274,24.48094],[-100.99556,24.48218],[-100.99222,24.47807],[-100.9903,24.47338],[-100.99042,24.47794],[-100.99274,24.48094]]],[[[-100.99798,24.48804],[-100.9994,24.48541],[-100.99741,24.48357],[-100.99798,24.48804]]],[[[-100.9782,24.49357],[-100.97622,24.4959],[-100.98002,24.49944],[-100.97869,24.50357],[-100.97279,24.50485],[-100.97102,24.50214],[-100.96922,24.50341],[-100.97061,24.50459],[-100.96478,24.50687],[-100.96233,24.5089],[-100.96917,24.50952],[-100.97249,24.50692],[-100.97565,24.50838],[-100.96952,24.51342],[-100.97093,24.517],[-100.96955,24.52205],[-100.96481,24.52914],[-100.95876,24.53089],[-100.96035,24.53244],[-100.96259,24.53021],[-100.96668,24.5306],[-100.96826,24.53548],[-100.97387,24.53866],[-100.97352,24.5436],[-100.97665,24.54188],[-100.97593,24.5399],[-100.97925,24.53793],[-100.98566,24.54097],[-100.98649,24.54078],[-100.98644,24.54062],[-100.98304,24.53878],[-100.98132,24.53784],[-100.97986,24.53722],[-100.9798,24.53719],[-100.9795,24.53708],[-100.97543,24.53768],[-100.9683,24.53367],[-100.96718,24.52829],[-100.96855,24.5272],[-100.97307,24.51579],[-100.97157,24.51447],[-100.97653,24.50767],[-100.97931,24.50718],[-100.98248,24.50995],[-100.98252,24.51279],[-100.98599,24.51921],[-100.98639,24.51923],[-100.98976,24.51865],[-100.98858,24.51528],[-100.99089,24.51384],[-100.98372,24.50957],[-100.98085,24.50317],[-100.98444,24.49782],[-100.98703,24.49785],[-100.99011,24.49354],[-100.99046,24.4888],[-100.99581,24.49123],[-100.99778,24.49039],[-100.9954,24.48756],[-100.99593,24.48451],[-100.99016,24.48758],[-100.98794,24.4924],[-100.98223,24.48786],[-100.98196,24.48859],[-100.98726,24.49322],[-100.98719,24.49514],[-100.98235,24.49915],[-100.98025,24.49889],[-100.9782,24.49357]]],[[[-100.98299,24.35875],[-100.98459,24.35782],[-100.98544,24.35658],[-100.98587,24.35595],[-100.98541,24.35231],[-100.9856,24.35144],[-100.98449,24.34922],[-100.98229,24.34972],[-100.98201,24.35014],[-100.9813,24.35238],[-100.98218,24.3579],[-100.98225,24.35791],[-100.98299,24.35875]]],[[[-100.97786,24.3602],[-100.97818,24.36165],[-100.97827,24.36365],[-100.98067,24.3633],[-100.98185,24.35889],[-100.97938,24.36174],[-100.97786,24.3602]]],[[[-103.23332,23.4134],[-103.23429,23.41436],[-103.23453,23.41469],[-103.23448,23.41493],[-103.23806,23.41392],[-103.23944,23.41084],[-103.23688,23.40932],[-103.2396,23.40593],[-103.23288,23.41036],[-103.23327,23.41331],[-103.23332,23.4134]]],[[[-103.34253,23.69717],[-103.3373,23.70014],[-103.32635,23.69559],[-103.32898,23.68769],[-103.32739,23.68422],[-103.32114,23.67821],[-103.31997,23.68008],[-103.32512,23.68335],[-103.3143,23.6831],[-103.30832,23.68303],[-103.30768,23.68089],[-103.30787,23.68395],[-103.3049,23.6821],[-103.30415,23.68414],[-103.30883,23.68667],[-103.30804,23.68946],[-103.31117,23.68903],[-103.31604,23.69151],[-103.31289,23.69251],[-103.31877,23.69477],[-103.32216,23.69938],[-103.32155,23.70174],[-103.32527,23.70363],[-103.32849,23.7023],[-103.332,23.70754],[-103.32945,23.70815],[-103.33039,23.71122],[-103.33612,23.71576],[-103.33874,23.71663],[-103.33943,23.71044],[-103.34336,23.71185],[-103.33968,23.70388],[-103.34358,23.70298],[-103.34253,23.69717]]],[[[-103.33324,23.67156],[-103.33218,23.6713],[-103.33119,23.6714],[-103.33023,23.67217],[-103.32928,23.67827],[-103.33308,23.67894],[-103.33799,23.67416],[-103.33392,23.67563],[-103.33324,23.67156]]],[[[-103.30188,23.68753],[-103.30331,23.69011],[-103.30558,23.68889],[-103.30464,23.68625],[-103.30188,23.68753]]],[[[-103.36693,23.72291],[-103.37141,23.72232],[-103.36847,23.72096],[-103.36315,23.72095],[-103.36693,23.72291]]],[[[-103.20277,23.50423],[-103.20566,23.49899],[-103.20295,23.49413],[-103.20223,23.48921],[-103.20561,23.49312],[-103.2068,23.48907],[-103.20416,23.48377],[-103.20892,23.4871],[-103.20902,23.48323],[-103.21074,23.47774],[-103.20644,23.47142],[-103.20595,23.46379],[-103.20247,23.46823],[-103.20311,23.47086],[-103.20158,23.47584],[-103.19835,23.47663],[-103.19837,23.48096],[-103.19652,23.48441],[-103.20178,23.48268],[-103.20323,23.48609],[-103.20072,23.49136],[-103.19694,23.49327],[-103.19934,23.49522],[-103.19812,23.49969],[-103.20146,23.50583],[-103.20277,23.50423]]],[[[-103.2111,23.50003],[-103.20999,23.50339],[-103.21245,23.50252],[-103.2111,23.50003]]],[[[-103.25004,23.49459],[-103.25057,23.49311],[-103.24994,23.4875],[-103.24575,23.48933],[-103.24098,23.48321],[-103.24072,23.48689],[-103.24282,23.48816],[-103.24091,23.48962],[-103.24028,23.48778],[-103.23977,23.48962],[-103.2398,23.48959],[-103.24026,23.49076],[-103.24094,23.49426],[-103.24508,23.49283],[-103.24743,23.49745],[-103.25004,23.49459]]],[[[-103.23674,23.49205],[-103.23641,23.49058],[-103.23214,23.49632],[-103.23139,23.49906],[-103.23147,23.49958],[-103.23352,23.50254],[-103.23602,23.50229],[-103.23832,23.50579],[-103.23934,23.50295],[-103.23673,23.49839],[-103.23849,23.49693],[-103.23682,23.49244],[-103.23674,23.49205]]],[[[-103.23127,23.50031],[-103.23147,23.49958],[-103.23091,23.50032],[-103.23127,23.50031]]],[[[-103.36023,23.50575],[-103.36434,23.50804],[-103.36078,23.50904],[-103.36771,23.51348],[-103.37837,23.51284],[-103.3783,23.50928],[-103.36888,23.50175],[-103.36309,23.50037],[-103.36011,23.50163],[-103.36023,23.50575]]],[[[-103.29959,23.50752],[-103.29891,23.50622],[-103.29429,23.50431],[-103.29185,23.50758],[-103.2915,23.51098],[-103.29496,23.51158],[-103.29595,23.50908],[-103.2998,23.50958],[-103.29959,23.50752]]],[[[-103.28681,23.50585],[-103.29161,23.50592],[-103.29066,23.50398],[-103.28683,23.5038],[-103.28681,23.50585]]],[[[-103.28148,23.52258],[-103.28391,23.51998],[-103.27805,23.51736],[-103.2793,23.52207],[-103.28148,23.52258]]],[[[-103.38655,23.55118],[-103.3897,23.55254],[-103.3924,23.54893],[-103.39005,23.54604],[-103.38661,23.55105],[-103.38655,23.55118]]],[[[-103.38894,23.54416],[-103.3897,23.54242],[-103.38914,23.53853],[-103.38761,23.54472],[-103.38401,23.54664],[-103.38877,23.54456],[-103.38894,23.54416]]],[[[-103.21685,23.50368],[-103.21575,23.50116],[-103.21335,23.50226],[-103.21685,23.50368]]],[[[-103.21201,23.49147],[-103.21416,23.49735],[-103.21596,23.49803],[-103.213,23.49051],[-103.21558,23.49235],[-103.21338,23.4852],[-103.21418,23.48403],[-103.21162,23.47804],[-103.20951,23.48332],[-103.20971,23.48705],[-103.21201,23.49147]]],[[[-103.215,23.47424],[-103.21588,23.47819],[-103.21723,23.47632],[-103.215,23.47424]]],[[[-103.20779,23.46865],[-103.21089,23.47331],[-103.20909,23.4684],[-103.20779,23.46865]]],[[[-103.2097,23.46796],[-103.21375,23.47066],[-103.21371,23.46532],[-103.2097,23.46796]]],[[[-103.22436,23.49424],[-103.22651,23.49431],[-103.22338,23.48857],[-103.22533,23.48725],[-103.22026,23.48082],[-103.22301,23.4812],[-103.22307,23.47837],[-103.22593,23.47681],[-103.22319,23.47347],[-103.22225,23.46872],[-103.21687,23.4663],[-103.21681,23.46936],[-103.21974,23.47728],[-103.21814,23.48155],[-103.21871,23.48658],[-103.22436,23.49424]]],[[[-103.23192,23.47736],[-103.23592,23.47742],[-103.23376,23.47406],[-103.22899,23.47167],[-103.23192,23.47736]]],[[[-103.23975,23.4786],[-103.23846,23.48059],[-103.24145,23.48206],[-103.23975,23.4786]]],[[[-103.24459,23.48538],[-103.24586,23.48668],[-103.24835,23.4811],[-103.24579,23.48068],[-103.24459,23.48538]]],[[[-103.2346,23.48243],[-103.23636,23.48629],[-103.23914,23.48802],[-103.2392,23.48218],[-103.2366,23.48066],[-103.2346,23.48243]]],[[[-103.23098,23.48168],[-103.23462,23.48148],[-103.23343,23.47901],[-103.23098,23.48168]]],[[[-103.25479,23.49381],[-103.25532,23.49395],[-103.25899,23.49216],[-103.25404,23.49252],[-103.25662,23.49043],[-103.25497,23.48651],[-103.25121,23.49152],[-103.25296,23.493],[-103.25479,23.49381]]],[[[-103.32096,23.49624],[-103.31575,23.49333],[-103.31742,23.49635],[-103.32096,23.49624]]],[[[-103.1949,23.47418],[-103.1982,23.4731],[-103.19625,23.47073],[-103.19607,23.46515],[-103.19359,23.46701],[-103.1949,23.47418]]],[[[-103.38375,23.5649],[-103.38616,23.56657],[-103.39001,23.56412],[-103.39301,23.56557],[-103.39766,23.56432],[-103.39542,23.56203],[-103.39342,23.56426],[-103.39144,23.56204],[-103.39005,23.56132],[-103.39017,23.56328],[-103.38614,23.56405],[-103.38375,23.5649]]],[[[-103.43414,23.58412],[-103.43028,23.58103],[-103.42849,23.58212],[-103.42937,23.58423],[-103.43414,23.58412]]],[[[-103.44672,23.58987],[-103.43912,23.5872],[-103.43869,23.58929],[-103.43384,23.58725],[-103.43316,23.58919],[-103.43852,23.59266],[-103.44294,23.59347],[-103.44282,23.59154],[-103.44672,23.58987]]],[[[-103.43778,23.57762],[-103.43778,23.57761],[-103.43568,23.57784],[-103.43774,23.58028],[-103.43778,23.57762]]],[[[-103.46009,23.60077],[-103.46102,23.59799],[-103.45798,23.59801],[-103.45612,23.5951],[-103.44972,23.59221],[-103.44888,23.59359],[-103.4557,23.59713],[-103.45634,23.60003],[-103.46009,23.60077]]],[[[-103.43317,23.59969],[-103.43148,23.60257],[-103.43421,23.60258],[-103.43317,23.59969]]],[[[-103.38176,23.45021],[-103.38303,23.45373],[-103.38698,23.44621],[-103.38182,23.44755],[-103.37835,23.44515],[-103.37641,23.44591],[-103.38176,23.45021]]],[[[-103.46279,23.37574],[-103.46106,23.37964],[-103.46486,23.38018],[-103.46279,23.37574]]],[[[-101.29129,22.57475],[-101.29156,22.57587],[-101.29198,22.57492],[-101.29129,22.57475]]],[[[-101.44252,22.0679],[-101.44332,22.07195],[-101.44905,22.07156],[-101.44709,22.06856],[-101.44252,22.0679]]],[[[-101.57211,22.00776],[-101.56846,22.00712],[-101.56835,21.99724],[-101.56663,21.98791],[-101.56412,21.98372],[-101.56141,21.98791],[-101.55747,21.98577],[-101.55998,21.98127],[-101.55764,21.9791],[-101.5632,21.97777],[-101.5635,21.97036],[-101.56242,21.96626],[-101.57172,21.96527],[-101.57129,21.95559],[-101.57267,21.95582],[-101.57079,21.94878],[-101.56859,21.94674],[-101.57286,21.94255],[-101.56745,21.94547],[-101.55853,21.94656],[-101.55098,21.95045],[-101.54747,21.94939],[-101.55153,21.93395],[-101.55473,21.93063],[-101.56044,21.92716],[-101.56956,21.92697],[-101.57323,21.92875],[-101.57586,21.93386],[-101.57573,21.94045],[-101.58203,21.93632],[-101.58577,21.92382],[-101.58769,21.91499],[-101.58363,21.91512],[-101.58386,21.91529],[-101.57854,21.91602],[-101.57849,21.91601],[-101.5698,21.91693],[-101.56912,21.89459],[-101.56872,21.89165],[-101.56689,21.89857],[-101.5675,21.90182],[-101.56419,21.89819],[-101.56668,21.89798],[-101.56786,21.89237],[-101.56551,21.8924],[-101.56531,21.88839],[-101.55987,21.88442],[-101.55908,21.87986],[-101.56299,21.87899],[-101.56375,21.88252],[-101.56656,21.88391],[-101.56815,21.88732],[-101.56672,21.87817],[-101.56648,21.87673],[-101.5664,21.87641],[-101.56491,21.87655],[-101.56449,21.87286],[-101.56449,21.87285],[-101.56457,21.86713],[-101.56477,21.86399],[-101.56256,21.85603],[-101.56294,21.85372],[-101.56349,21.85157],[-101.56379,21.85034],[-101.56397,21.84984],[-101.56564,21.8416],[-101.56196,21.83987],[-101.56175,21.83619],[-101.55788,21.83552],[-101.55224,21.83468],[-101.54937,21.836],[-101.54687,21.8464],[-101.55655,21.85786],[-101.55972,21.85726],[-101.5637,21.86262],[-101.56311,21.87661],[-101.54901,21.87783],[-101.54809,21.8724],[-101.54541,21.87221],[-101.54669,21.87801],[-101.53838,21.87884],[-101.53424,21.87738],[-101.53246,21.8792],[-101.53064,21.87547],[-101.52891,21.87847],[-101.53158,21.88012],[-101.52654,21.88409],[-101.52274,21.88278],[-101.51756,21.88338],[-101.52038,21.88132],[-101.51611,21.87912],[-101.51921,21.87859],[-101.52281,21.88024],[-101.5202,21.87309],[-101.52164,21.87416],[-101.52791,21.86945],[-101.526,21.86483],[-101.52942,21.86397],[-101.531,21.855],[-101.53782,21.85342],[-101.53324,21.84657],[-101.5307,21.84766],[-101.53088,21.84017],[-101.52667,21.84157],[-101.52698,21.84359],[-101.52118,21.84701],[-101.51831,21.83938],[-101.51581,21.84103],[-101.51269,21.83797],[-101.51691,21.83523],[-101.5163,21.83022],[-101.52282,21.83092],[-101.52411,21.82859],[-101.52972,21.82961],[-101.5321,21.82741],[-101.5329,21.83059],[-101.5372,21.82979],[-101.54179,21.83443],[-101.5412,21.83779],[-101.54823,21.83409],[-101.53906,21.81473],[-101.53631,21.81551],[-101.53609,21.82144],[-101.53243,21.81672],[-101.53471,21.81709],[-101.53079,21.80938],[-101.52792,21.80918],[-101.52771,21.80939],[-101.52758,21.80965],[-101.52757,21.81029],[-101.52991,21.81315],[-101.52202,21.81809],[-101.51976,21.81298],[-101.51782,21.81476],[-101.51046,21.79912],[-101.51046,21.79911],[-101.49635,21.80999],[-101.49877,21.81672],[-101.50363,21.83003],[-101.4862,21.84169],[-101.4869,21.84793],[-101.48706,21.8484],[-101.48791,21.8524],[-101.48818,21.85343],[-101.48363,21.85638],[-101.48421,21.85814],[-101.48041,21.85926],[-101.48318,21.86766],[-101.48029,21.86829],[-101.47643,21.86919],[-101.4758,21.86937],[-101.47083,21.87059],[-101.46888,21.87085],[-101.47145,21.87928],[-101.47681,21.88381],[-101.47668,21.88637],[-101.48043,21.88952],[-101.47103,21.89068],[-101.46869,21.89541],[-101.47102,21.89998],[-101.46627,21.90209],[-101.46686,21.90603],[-101.46435,21.90312],[-101.463,21.89799],[-101.45888,21.89918],[-101.45926,21.89492],[-101.46465,21.89404],[-101.46558,21.88802],[-101.47027,21.88802],[-101.46582,21.88046],[-101.46345,21.88129],[-101.45928,21.88276],[-101.45647,21.88373],[-101.45633,21.88376],[-101.4562,21.88378],[-101.45271,21.88509],[-101.44556,21.88982],[-101.44548,21.88988],[-101.44534,21.89],[-101.44122,21.89265],[-101.44201,21.89552],[-101.44485,21.90235],[-101.44498,21.90264],[-101.44639,21.90626],[-101.44011,21.91027],[-101.4346,21.89707],[-101.43424,21.89731],[-101.43419,21.89981],[-101.43081,21.90306],[-101.42445,21.90298],[-101.42444,21.90298],[-101.42331,21.9035],[-101.42058,21.90448],[-101.42051,21.9045],[-101.42052,21.9045],[-101.42227,21.90477],[-101.4223,21.90682],[-101.42363,21.91137],[-101.42653,21.90887],[-101.42289,21.90848],[-101.42466,21.90698],[-101.42727,21.90738],[-101.43335,21.90632],[-101.43476,21.90337],[-101.43709,21.9092],[-101.43269,21.91151],[-101.42718,21.90981],[-101.4295,21.91299],[-101.42525,21.91361],[-101.42225,21.91237],[-101.42406,21.91595],[-101.42682,21.91561],[-101.42572,21.92098],[-101.42917,21.92062],[-101.42994,21.92308],[-101.43327,21.92445],[-101.43604,21.92035],[-101.4372,21.92304],[-101.43366,21.92506],[-101.43025,21.9322],[-101.43038,21.9323],[-101.43462,21.92779],[-101.43693,21.93031],[-101.4403,21.93028],[-101.44348,21.93801],[-101.4483,21.94336],[-101.45387,21.94371],[-101.45424,21.93931],[-101.45732,21.94086],[-101.45719,21.94447],[-101.46177,21.94461],[-101.46263,21.94823],[-101.46679,21.94425],[-101.46563,21.94125],[-101.46894,21.93807],[-101.47215,21.94093],[-101.47336,21.94449],[-101.47488,21.94243],[-101.47155,21.9374],[-101.47261,21.93508],[-101.47457,21.9372],[-101.47963,21.93452],[-101.48226,21.93523],[-101.48962,21.93441],[-101.49043,21.93818],[-101.49278,21.93955],[-101.50268,21.93581],[-101.50442,21.93801],[-101.50561,21.94662],[-101.50889,21.94604],[-101.51059,21.94885],[-101.50834,21.9498],[-101.51587,21.96438],[-101.51183,21.96487],[-101.50661,21.96801],[-101.49991,21.96669],[-101.49707,21.96751],[-101.49887,21.97271],[-101.50134,21.97504],[-101.50477,21.97495],[-101.50619,21.97128],[-101.50896,21.97094],[-101.5105,21.96761],[-101.51367,21.97543],[-101.51471,21.98318],[-101.51147,21.9836],[-101.50969,21.98165],[-101.50879,21.98537],[-101.50983,21.98861],[-101.50238,21.98879],[-101.50201,21.99001],[-101.51068,21.99361],[-101.51147,21.99599],[-101.50769,21.99959],[-101.51037,22.00039],[-101.51709,21.99819],[-101.51709,22.00082],[-101.5202,22.00442],[-101.52667,22.00619],[-101.52789,22.001],[-101.53369,21.9952],[-101.53509,21.99837],[-101.54085,22.00352],[-101.54372,22.00491],[-101.54278,22.00722],[-101.53282,22.00696],[-101.53546,22.01278],[-101.54004,22.01214],[-101.54247,22.00965],[-101.55029,22.00942],[-101.54723,22.01313],[-101.5505,22.01689],[-101.54249,22.0186],[-101.54364,22.02152],[-101.55389,22.01748],[-101.55669,22.01342],[-101.55469,22.00918],[-101.5639,22.00899],[-101.56106,22.00738],[-101.57211,22.00776]],[[-101.56125,21.91321],[-101.55797,21.91162],[-101.55469,21.9078],[-101.55847,21.90517],[-101.56378,21.9056],[-101.56302,21.91412],[-101.56125,21.91321]],[[-101.47724,21.9096],[-101.4762,21.9071],[-101.47357,21.90772],[-101.46997,21.90139],[-101.48096,21.89921],[-101.48096,21.89707],[-101.49281,21.89805],[-101.48931,21.89917],[-101.49081,21.90379],[-101.48961,21.90688],[-101.47724,21.9096]],[[-101.45468,21.90105],[-101.4513,21.89995],[-101.44841,21.89314],[-101.45404,21.89132],[-101.45711,21.89916],[-101.45468,21.90105]],[[-101.55916,21.94801],[-101.56324,21.94801],[-101.5558,21.95374],[-101.55333,21.95268],[-101.55916,21.94801]]],[[[-101.57278,22.01094],[-101.57278,22.01077],[-101.57304,22.01053],[-101.5744,22.00927],[-101.5744,22.00855],[-101.57319,22.00817],[-101.56689,22.00979],[-101.5672,22.01418],[-101.56909,22.0154],[-101.57037,22.01038],[-101.57278,22.01094]]],[[[-101.61989,21.92085],[-101.61976,21.92243],[-101.61929,21.9238],[-101.61856,21.92518],[-101.62101,21.92357],[-101.62491,21.92474],[-101.6258,21.92263],[-101.62882,21.92576],[-101.63262,21.91826],[-101.62891,21.92122],[-101.6227,21.91935],[-101.61989,21.92085]]],[[[-101.64697,21.9133],[-101.64944,21.9127],[-101.65056,21.90924],[-101.65071,21.90766],[-101.65028,21.90739],[-101.64951,21.90722],[-101.6495,21.90722],[-101.64944,21.90722],[-101.64935,21.90717],[-101.64901,21.90706],[-101.64762,21.90761],[-101.64762,21.90762],[-101.64697,21.9133]]],[[[-101.59849,21.99611],[-101.60132,22.00329],[-101.60544,22.00957],[-101.60822,22.00842],[-101.61408,21.99876],[-101.61662,21.99193],[-101.62702,21.98174],[-101.63356,21.97246],[-101.63821,21.95794],[-101.64123,21.95396],[-101.64423,21.94474],[-101.64677,21.94098],[-101.64907,21.93286],[-101.65151,21.9281],[-101.65163,21.92222],[-101.65161,21.9222],[-101.64306,21.91992],[-101.63922,21.9186],[-101.63739,21.92019],[-101.63458,21.92757],[-101.63452,21.93203],[-101.63098,21.93697],[-101.63769,21.93941],[-101.6347,21.95162],[-101.6366,21.95217],[-101.6347,21.95699],[-101.63129,21.95681],[-101.6311,21.95998],[-101.6333,21.96041],[-101.6236,21.98281],[-101.61871,21.98202],[-101.6189,21.97842],[-101.6167,21.97958],[-101.6109,21.97622],[-101.61157,21.98263],[-101.60712,21.98537],[-101.60919,21.9872],[-101.60608,21.98983],[-101.60327,21.98897],[-101.59849,21.99611]]],[[[-101.48737,22.14626],[-101.48136,22.15596],[-101.49172,22.15587],[-101.49594,22.15972],[-101.50074,22.15772],[-101.50236,22.15555],[-101.49889,22.16453],[-101.5005,22.16613],[-101.4952,22.16967],[-101.49435,22.17467],[-101.49811,22.17803],[-101.49989,22.1726],[-101.50504,22.17145],[-101.5056,22.16831],[-101.50914,22.16901],[-101.50517,22.16608],[-101.51254,22.1679],[-101.52151,22.16747],[-101.52292,22.16483],[-101.52138,22.1622],[-101.51942,22.16522],[-101.50833,22.16332],[-101.51206,22.15612],[-101.52175,22.1549],[-101.52273,22.1527],[-101.52011,22.15148],[-101.52623,22.14899],[-101.52906,22.15009],[-101.52714,22.15223],[-101.52729,22.15624],[-101.52934,22.15795],[-101.53029,22.164],[-101.5271,22.16439],[-101.52642,22.16958],[-101.52161,22.17062],[-101.5271,22.17116],[-101.52833,22.1676],[-101.53547,22.16527],[-101.53626,22.16704],[-101.54013,22.1654],[-101.53981,22.16358],[-101.54897,22.16151],[-101.54482,22.16612],[-101.5425,22.16661],[-101.53998,22.17156],[-101.5343,22.17169],[-101.52963,22.17044],[-101.52722,22.17622],[-101.52789,22.19002],[-101.53022,22.18943],[-101.53381,22.18424],[-101.53642,22.17656],[-101.54025,22.17472],[-101.5416,22.177],[-101.54025,22.18296],[-101.53833,22.18254],[-101.5317,22.18838],[-101.52987,22.19314],[-101.52592,22.19799],[-101.52654,22.20232],[-101.52059,22.20793],[-101.52565,22.20786],[-101.52692,22.21069],[-101.5237,22.21132],[-101.52296,22.21407],[-101.53086,22.21668],[-101.53598,22.21491],[-101.53555,22.21131],[-101.53775,22.20392],[-101.54215,22.20252],[-101.54239,22.21033],[-101.54605,22.20868],[-101.54947,22.20948],[-101.54117,22.21552],[-101.5427,22.21808],[-101.54727,22.21412],[-101.55307,22.22113],[-101.55729,22.22278],[-101.55301,22.21527],[-101.55197,22.21051],[-101.55716,22.20832],[-101.55539,22.2027],[-101.55606,22.19928],[-101.54935,22.20069],[-101.54935,22.19251],[-101.53238,22.19349],[-101.5316,22.19766],[-101.52956,22.19827],[-101.53058,22.19372],[-101.53463,22.18867],[-101.54181,22.18441],[-101.54339,22.1807],[-101.54605,22.17885],[-101.54449,22.17458],[-101.54747,22.1726],[-101.5473,22.16939],[-101.55483,22.17065],[-101.5564,22.17562],[-101.5597,22.17574],[-101.5639,22.18899],[-101.56219,22.19161],[-101.56645,22.19144],[-101.56549,22.19741],[-101.55682,22.19918],[-101.55713,22.20357],[-101.56115,22.21582],[-101.5608,22.22115],[-101.56481,22.22232],[-101.56653,22.2308],[-101.56787,22.22878],[-101.57001,22.23202],[-101.57484,22.23289],[-101.57167,22.23913],[-101.575,22.2407],[-101.57595,22.23608],[-101.581,22.23629],[-101.58285,22.23266],[-101.58431,22.23582],[-101.58576,22.2296],[-101.58798,22.23112],[-101.58631,22.236],[-101.58634,22.24176],[-101.58832,22.23715],[-101.58975,22.24053],[-101.58483,22.24335],[-101.58576,22.24895],[-101.58169,22.25527],[-101.58129,22.25919],[-101.57849,22.26498],[-101.58159,22.25931],[-101.58312,22.25811],[-101.58473,22.25164],[-101.58574,22.25591],[-101.58953,22.25406],[-101.58674,22.24927],[-101.58648,22.24324],[-101.59079,22.2471],[-101.5916,22.26058],[-101.59416,22.25686],[-101.59282,22.25013],[-101.59616,22.25012],[-101.60151,22.25377],[-101.59888,22.26428],[-101.60797,22.26069],[-101.61955,22.25327],[-101.62174,22.24992],[-101.62686,22.24579],[-101.6466,22.23611],[-101.65577,22.22678],[-101.67085,22.22003],[-101.67839,22.21346],[-101.67809,22.21086],[-101.66336,22.21116],[-101.65817,22.20771],[-101.64948,22.20872],[-101.64221,22.20856],[-101.64136,22.20216],[-101.64007,22.20179],[-101.63729,22.20379],[-101.63717,22.2012],[-101.62523,22.19919],[-101.62314,22.19885],[-101.6167,22.19693],[-101.61018,22.19697],[-101.60755,22.18372],[-101.60271,22.18292],[-101.60162,22.1792],[-101.59544,22.17748],[-101.59663,22.18201],[-101.59257,22.1871],[-101.59009,22.18528],[-101.58475,22.18577],[-101.58528,22.18253],[-101.58352,22.17962],[-101.57659,22.17869],[-101.57812,22.17097],[-101.58326,22.16873],[-101.58341,22.17357],[-101.5805,22.17363],[-101.58386,22.17948],[-101.58713,22.17849],[-101.5881,22.17324],[-101.58731,22.16679],[-101.58494,22.16271],[-101.57832,22.15612],[-101.56643,22.15272],[-101.56244,22.1528],[-101.56966,22.15467],[-101.56932,22.15587],[-101.56181,22.15481],[-101.55814,22.15551],[-101.55489,22.15373],[-101.55701,22.15109],[-101.55545,22.14482],[-101.55493,22.13699],[-101.55754,22.13099],[-101.55744,22.12614],[-101.55894,22.12031],[-101.55895,22.12028],[-101.56074,22.11208],[-101.56076,22.10705],[-101.56456,22.10136],[-101.56827,22.0896],[-101.56835,22.07137],[-101.56712,22.06882],[-101.56286,22.06744],[-101.56725,22.06457],[-101.56738,22.0595],[-101.56924,22.05326],[-101.56808,22.04626],[-101.56882,22.04129],[-101.5637,22.03997],[-101.56769,22.03961],[-101.57217,22.03671],[-101.57045,22.03512],[-101.57324,22.02984],[-101.57145,22.02161],[-101.57296,22.01842],[-101.57819,22.01595],[-101.5745,22.01253],[-101.56378,22.0212],[-101.56082,22.02598],[-101.56452,22.03021],[-101.56181,22.03127],[-101.56005,22.02677],[-101.55593,22.03207],[-101.56225,22.03587],[-101.56023,22.03958],[-101.55468,22.03835],[-101.55297,22.04336],[-101.55899,22.04557],[-101.55749,22.04879],[-101.5542,22.04958],[-101.55572,22.0516],[-101.55267,22.0566],[-101.54857,22.058],[-101.54613,22.05628],[-101.53704,22.0571],[-101.52681,22.05586],[-101.51538,22.05739],[-101.50964,22.05695],[-101.51427,22.05908],[-101.51963,22.05867],[-101.5258,22.05984],[-101.52871,22.05861],[-101.53872,22.0605],[-101.54356,22.05778],[-101.54843,22.0602],[-101.55193,22.05837],[-101.5556,22.061],[-101.5545,22.06698],[-101.55145,22.06766],[-101.54986,22.06283],[-101.54506,22.06724],[-101.54622,22.06946],[-101.54216,22.06982],[-101.54355,22.06798],[-101.54239,22.06237],[-101.54189,22.06647],[-101.53966,22.06794],[-101.54039,22.07113],[-101.54576,22.07164],[-101.55591,22.06795],[-101.55987,22.06884],[-101.55998,22.06854],[-101.56005,22.06853],[-101.56203,22.06828],[-101.56035,22.06901],[-101.56074,22.07073],[-101.5545,22.0696],[-101.55719,22.07259],[-101.55671,22.07616],[-101.56613,22.07713],[-101.56744,22.07956],[-101.56664,22.08364],[-101.5601,22.08297],[-101.56319,22.07966],[-101.5613,22.07669],[-101.5553,22.07619],[-101.55481,22.0848],[-101.5534,22.087],[-101.54968,22.08681],[-101.54712,22.08962],[-101.54651,22.09377],[-101.54309,22.09798],[-101.54303,22.10158],[-101.53558,22.10079],[-101.52991,22.0992],[-101.52899,22.10097],[-101.53448,22.10097],[-101.5387,22.10238],[-101.534,22.10421],[-101.53558,22.10781],[-101.54059,22.1072],[-101.54028,22.11617],[-101.53741,22.11617],[-101.53778,22.1202],[-101.5365,22.12978],[-101.53357,22.12783],[-101.52771,22.13039],[-101.52759,22.1354],[-101.52942,22.13821],[-101.52682,22.1405],[-101.5316,22.14075],[-101.52655,22.14265],[-101.5252,22.14582],[-101.52291,22.14251],[-101.51614,22.13934],[-101.5093,22.13732],[-101.50772,22.13567],[-101.49984,22.13646],[-101.49905,22.14211],[-101.49331,22.14334],[-101.49129,22.14253],[-101.49264,22.1477],[-101.4916,22.15227],[-101.48737,22.14626]],[[-101.60723,22.24405],[-101.61124,22.24539],[-101.61091,22.25001],[-101.60696,22.24904],[-101.60723,22.24405]],[[-101.59097,22.23971],[-101.59062,22.23348],[-101.58895,22.23216],[-101.59018,22.22742],[-101.58899,22.22513],[-101.59215,22.22531],[-101.59353,22.22794],[-101.59679,22.2272],[-101.5994,22.22293],[-101.60237,22.22307],[-101.60527,22.22633],[-101.60489,22.22867],[-101.60161,22.23101],[-101.59349,22.23054],[-101.59474,22.23642],[-101.59345,22.24019],[-101.59097,22.23971]],[[-101.61829,22.23494],[-101.61696,22.2337],[-101.62026,22.23111],[-101.62289,22.2331],[-101.61829,22.23494]],[[-101.62001,22.22893],[-101.6139,22.22497],[-101.61393,22.22306],[-101.62137,22.22401],[-101.62001,22.22893]],[[-101.63729,22.22728],[-101.63162,22.22826],[-101.63324,22.22446],[-101.63031,22.22602],[-101.62383,22.22448],[-101.62373,22.2221],[-101.62691,22.21823],[-101.62808,22.21944],[-101.63159,22.21498],[-101.63479,22.21503],[-101.63496,22.22478],[-101.63734,22.22233],[-101.63968,22.22478],[-101.64195,22.22259],[-101.64186,22.22714],[-101.63729,22.22728]],[[-101.58855,22.195],[-101.59175,22.19478],[-101.59155,22.19847],[-101.58869,22.19837],[-101.58855,22.195]],[[-101.54949,22.15856],[-101.55024,22.15509],[-101.55329,22.15724],[-101.54949,22.15856]],[[-101.54601,22.11697],[-101.54793,22.1065],[-101.54429,22.1038],[-101.54912,22.10427],[-101.55244,22.10655],[-101.55922,22.10748],[-101.55718,22.11273],[-101.5508,22.11177],[-101.54601,22.11697]]],[[[-101.48799,22.10064],[-101.48818,22.10067],[-101.48933,22.09456],[-101.48826,22.09014],[-101.49282,22.0889],[-101.50035,22.08094],[-101.49877,22.08069],[-101.49404,22.08617],[-101.48865,22.08767],[-101.48765,22.08256],[-101.48373,22.07828],[-101.49105,22.07099],[-101.48646,22.07208],[-101.48873,22.06528],[-101.49075,22.06307],[-101.48806,22.06203],[-101.47885,22.06232],[-101.47593,22.06468],[-101.47354,22.06388],[-101.47214,22.06635],[-101.46768,22.05998],[-101.46387,22.06065],[-101.46234,22.06456],[-101.45714,22.07097],[-101.46054,22.07426],[-101.4515,22.07725],[-101.44662,22.07609],[-101.45326,22.08681],[-101.45691,22.0832],[-101.45469,22.08833],[-101.46056,22.09235],[-101.46408,22.09449],[-101.47525,22.0965],[-101.4842,22.0995],[-101.48412,22.09112],[-101.47898,22.08829],[-101.47934,22.08252],[-101.48082,22.08066],[-101.47849,22.07676],[-101.48159,22.07599],[-101.48196,22.08048],[-101.48679,22.08908],[-101.4874,22.0953],[-101.48554,22.10019],[-101.48724,22.10054],[-101.48799,22.10064]],[[-101.46615,22.0839],[-101.46383,22.08127],[-101.46376,22.07664],[-101.46886,22.07343],[-101.47323,22.07645],[-101.47073,22.08146],[-101.475,22.08189],[-101.47732,22.0861],[-101.47164,22.08689],[-101.46615,22.0839]],[[-101.47017,22.07176],[-101.46949,22.07094],[-101.4752,22.06638],[-101.47815,22.06839],[-101.47365,22.0737],[-101.47017,22.07176]],[[-101.4644,22.06681],[-101.4638,22.0625],[-101.46906,22.06686],[-101.4644,22.06681]]],[[[-101.53502,22.34812],[-101.53603,22.34854],[-101.5383,22.34372],[-101.53638,22.34294],[-101.53432,22.34784],[-101.53488,22.34807],[-101.53502,22.34812]]],[[[-101.47832,22.27846],[-101.47877,22.28],[-101.48281,22.28033],[-101.48331,22.27815],[-101.47832,22.27846]]],[[[-101.50128,22.28126],[-101.50498,22.2801],[-101.50237,22.27823],[-101.49948,22.27884],[-101.50128,22.28126]]],[[[-101.53268,22.2768],[-101.53548,22.27802],[-101.53359,22.27455],[-101.53268,22.2768]]],[[[-101.48764,22.24215],[-101.48964,22.23885],[-101.48771,22.23718],[-101.48825,22.23031],[-101.48456,22.23389],[-101.48821,22.2401],[-101.48764,22.24215]]],[[[-101.5002,22.21091],[-101.50565,22.20728],[-101.51293,22.20658],[-101.51328,22.20509],[-101.50837,22.20278],[-101.51024,22.20559],[-101.50265,22.20754],[-101.5002,22.21091]]],[[[-101.51908,22.22352],[-101.52414,22.22272],[-101.5264,22.2201],[-101.52378,22.21888],[-101.52616,22.21685],[-101.52255,22.21411],[-101.51847,22.21351],[-101.51456,22.22193],[-101.51908,22.22352]]],[[[-101.55372,22.22933],[-101.55915,22.2253],[-101.55577,22.22539],[-101.55372,22.22933]]],[[[-101.54879,22.23446],[-101.55282,22.23017],[-101.55117,22.22825],[-101.54704,22.22844],[-101.54466,22.23021],[-101.54879,22.23446]]],[[[-101.54285,22.23776],[-101.54512,22.23751],[-101.54661,22.2342],[-101.5435,22.23144],[-101.54082,22.23602],[-101.54285,22.23776]]],[[[-101.50605,22.25055],[-101.50804,22.24982],[-101.50427,22.24669],[-101.50618,22.24299],[-101.50312,22.24053],[-101.50222,22.24746],[-101.50605,22.25055]]],[[[-101.55531,22.2775],[-101.56172,22.27003],[-101.56033,22.27444],[-101.56645,22.27522],[-101.56807,22.26989],[-101.57407,22.26395],[-101.57553,22.26509],[-101.57983,22.2596],[-101.57723,22.2556],[-101.57837,22.2525],[-101.58269,22.24834],[-101.58245,22.24697],[-101.56703,22.25427],[-101.56957,22.25628],[-101.5729,22.25404],[-101.57358,22.25643],[-101.57009,22.2574],[-101.5679,22.265],[-101.56517,22.2642],[-101.56419,22.25772],[-101.56064,22.25663],[-101.55883,22.25879],[-101.56084,22.2615],[-101.55863,22.26403],[-101.56285,22.26265],[-101.5598,22.27172],[-101.5561,22.2716],[-101.55531,22.2775]]],[[[-101.54744,22.26033],[-101.54972,22.25634],[-101.5486,22.25485],[-101.54493,22.25992],[-101.54744,22.26033]]],[[[-101.57689,22.27603],[-101.58095,22.27494],[-101.57927,22.27275],[-101.58202,22.26707],[-101.58185,22.26257],[-101.58649,22.26138],[-101.58612,22.25953],[-101.58098,22.26117],[-101.58034,22.26557],[-101.57831,22.26566],[-101.57455,22.26932],[-101.5785,22.26786],[-101.57689,22.27603]]],[[[-101.58835,22.26586],[-101.59011,22.26568],[-101.58903,22.25848],[-101.58688,22.26372],[-101.58835,22.26586]]],[[[-101.58548,22.2802],[-101.58598,22.27876],[-101.58515,22.27647],[-101.58421,22.27464],[-101.58356,22.27885],[-101.58548,22.2802]]],[[[-101.59029,22.29507],[-101.59011,22.2947],[-101.58847,22.29891],[-101.58959,22.3014],[-101.59029,22.29507]]],[[[-101.54189,22.30044],[-101.54277,22.3041],[-101.54467,22.30129],[-101.5437,22.29252],[-101.54144,22.29083],[-101.54415,22.2969],[-101.54189,22.30044]]],[[[-101.5373,22.2916],[-101.53881,22.28646],[-101.53597,22.28822],[-101.5373,22.2916]]],[[[-101.54535,22.27832],[-101.54521,22.28575],[-101.55,22.28671],[-101.54728,22.28138],[-101.54869,22.28007],[-101.54535,22.27832]]],[[[-101.5753,22.2888],[-101.57793,22.28793],[-101.58038,22.28137],[-101.58027,22.27643],[-101.5753,22.2888]]],[[[-101.55494,22.28131],[-101.55679,22.28297],[-101.56045,22.27958],[-101.55722,22.27853],[-101.55494,22.28131]]],[[[-101.50608,22.19709],[-101.5073,22.19474],[-101.52237,22.19391],[-101.52408,22.18592],[-101.52017,22.18529],[-101.52597,22.1803],[-101.52017,22.17951],[-101.51956,22.18171],[-101.51627,22.18049],[-101.51312,22.18836],[-101.51155,22.18761],[-101.51031,22.18168],[-101.51311,22.17602],[-101.5095,22.1766],[-101.50589,22.18311],[-101.50388,22.18348],[-101.49936,22.19349],[-101.50608,22.19709]]],[[[-101.50118,22.18171],[-101.49831,22.18697],[-101.502,22.18463],[-101.50384,22.17906],[-101.50118,22.18171]]],[[[-101.44992,22.07149],[-101.45358,22.07006],[-101.44949,22.06869],[-101.44992,22.07149]]],[[[-101.49253,22.06088],[-101.49104,22.06622],[-101.50242,22.05949],[-101.50858,22.05682],[-101.50557,22.0541],[-101.50466,22.05841],[-101.50406,22.05093],[-101.50706,22.04692],[-101.50799,22.04242],[-101.50517,22.04605],[-101.49786,22.04718],[-101.5,22.05398],[-101.49567,22.05829],[-101.49227,22.0577],[-101.49253,22.06088]]],[[[-101.49254,22.08387],[-101.49549,22.08357],[-101.49892,22.07871],[-101.50515,22.0797],[-101.50534,22.07847],[-101.50051,22.07267],[-101.50504,22.07177],[-101.50741,22.07308],[-101.50972,22.06838],[-101.50796,22.06415],[-101.5056,22.06404],[-101.50315,22.061],[-101.4957,22.06826],[-101.49517,22.07133],[-101.49167,22.07413],[-101.49544,22.07942],[-101.49254,22.08387]]],[[[-101.49857,22.09533],[-101.50003,22.09451],[-101.50334,22.09268],[-101.50745,22.09567],[-101.50742,22.09058],[-101.51041,22.09044],[-101.51021,22.09607],[-101.51601,22.09985],[-101.5204,22.10022],[-101.5237,22.09741],[-101.52632,22.09765],[-101.5259,22.09265],[-101.52852,22.09466],[-101.5342,22.09247],[-101.53713,22.09521],[-101.53463,22.08685],[-101.5309,22.08624],[-101.53182,22.08264],[-101.52741,22.08236],[-101.52553,22.07782],[-101.52614,22.07202],[-101.5187,22.07165],[-101.51048,22.07291],[-101.51389,22.08253],[-101.50446,22.08423],[-101.49346,22.08924],[-101.49456,22.09755],[-101.49857,22.09533]]],[[[-101.50719,22.10821],[-101.50658,22.11367],[-101.50487,22.11549],[-101.50381,22.11764],[-101.50345,22.12092],[-101.50937,22.12153],[-101.50949,22.12425],[-101.51376,22.12507],[-101.51416,22.12739],[-101.50941,22.1243],[-101.50055,22.12363],[-101.4988,22.12548],[-101.49603,22.12909],[-101.49979,22.12989],[-101.5014,22.12723],[-101.50595,22.12989],[-101.50577,22.13208],[-101.51741,22.13549],[-101.51914,22.13659],[-101.52682,22.13252],[-101.52695,22.1297],[-101.52976,22.12848],[-101.52817,22.12293],[-101.53305,22.11609],[-101.53116,22.11048],[-101.53336,22.11091],[-101.53098,22.1059],[-101.52188,22.10108],[-101.50986,22.1009],[-101.51016,22.09772],[-101.5062,22.09763],[-101.50251,22.10008],[-101.50458,22.10075],[-101.50484,22.10106],[-101.50785,22.1009],[-101.51259,22.10415],[-101.50719,22.10821]]],[[[-101.49109,22.10108],[-101.49492,22.10226],[-101.49246,22.09939],[-101.49109,22.10108]]],[[[-101.50659,22.0289],[-101.509,22.03057],[-101.5092,22.02457],[-101.50572,22.01729],[-101.50368,22.0183],[-101.50564,22.02442],[-101.50166,22.02483],[-101.50094,22.02779],[-101.50659,22.0289]]],[[[-101.49677,22.02073],[-101.50144,22.01907],[-101.50513,22.01623],[-101.50367,22.01307],[-101.49984,22.01173],[-101.49677,22.02073]]],[[[-101.59918,21.94973],[-101.59688,21.95632],[-101.59716,21.95762],[-101.59784,21.95964],[-101.5986,21.95431],[-101.60198,21.95312],[-101.60437,21.94918],[-101.59918,21.94973]]],[[[-101.49803,21.9795],[-101.5038,21.97853],[-101.49924,21.97751],[-101.49803,21.9795]]],[[[-101.50058,21.95838],[-101.50107,21.96418],[-101.50845,21.96156],[-101.50235,21.9452],[-101.49667,21.94837],[-101.49838,21.95075],[-101.49875,21.95735],[-101.50058,21.95838]]],[[[-101.46435,21.95342],[-101.46687,21.959],[-101.46592,21.95375],[-101.46285,21.95257],[-101.46201,21.94999],[-101.45925,21.94964],[-101.46232,21.95568],[-101.46435,21.95342]]],[[[-101.44729,21.95716],[-101.44648,21.95219],[-101.44924,21.9518],[-101.4528,21.95574],[-101.4549,21.95504],[-101.4507,21.94967],[-101.45186,21.94688],[-101.44664,21.94513],[-101.44657,21.9484],[-101.4426,21.95269],[-101.44729,21.95716]]],[[[-101.4398,21.94344],[-101.44111,21.94256],[-101.44076,21.93696],[-101.43808,21.93818],[-101.4398,21.94344]]],[[[-101.47077,21.94315],[-101.46918,21.93912],[-101.46675,21.94272],[-101.47077,21.94315]]],[[[-101.71881,22.19294],[-101.71398,22.19356],[-101.71316,22.19871],[-101.71888,22.20439],[-101.72314,22.20614],[-101.7215,22.2092],[-101.74645,22.21049],[-101.75436,22.2132],[-101.75681,22.21525],[-101.76412,22.20817],[-101.76567,22.20157],[-101.76273,22.20055],[-101.7587,22.20352],[-101.75702,22.20129],[-101.74823,22.19979],[-101.75407,22.18609],[-101.73887,22.19337],[-101.73684,22.19563],[-101.74004,22.19657],[-101.73946,22.20071],[-101.73621,22.20119],[-101.73401,22.19839],[-101.73541,22.20357],[-101.73401,22.20577],[-101.72638,22.19759],[-101.72699,22.19637],[-101.71937,22.19561],[-101.71881,22.19294]]],[[[-101.71485,22.17855],[-101.71484,22.18313],[-101.71706,22.18444],[-101.71485,22.17855]]],[[[-101.71633,22.16344],[-101.71314,22.16422],[-101.71067,22.16703],[-101.71316,22.16943],[-101.71404,22.17323],[-101.71362,22.16817],[-101.71633,22.16344]]],[[[-101.70114,22.17891],[-101.7017,22.17883],[-101.70255,22.17873],[-101.70645,22.17571],[-101.70305,22.17106],[-101.70179,22.17646],[-101.69822,22.17708],[-101.70114,22.17891]]],[[[-101.79016,22.22545],[-101.79022,22.22612],[-101.79276,22.21968],[-101.78983,22.22179],[-101.79004,22.2241],[-101.79016,22.22545]]],[[[-101.79788,22.21431],[-101.80058,22.21025],[-101.79862,22.21032],[-101.79788,22.21431]]],[[[-101.80236,22.21148],[-101.8051,22.21008],[-101.80484,22.20758],[-101.8012,22.20671],[-101.7991,22.20845],[-101.80236,22.21148]]],[[[-101.80146,22.20616],[-101.8036,22.20605],[-101.80816,22.20198],[-101.80577,22.20029],[-101.80536,22.20347],[-101.80307,22.20327],[-101.80146,22.20616]]],[[[-101.72181,22.16396],[-101.72603,22.16051],[-101.72318,22.16062],[-101.72181,22.16396]]],[[[-101.71939,22.15986],[-101.71982,22.16137],[-101.722,22.16219],[-101.72132,22.15845],[-101.71939,22.15986]]],[[[-101.71654,22.15689],[-101.71853,22.15897],[-101.72091,22.15805],[-101.71654,22.15689]]],[[[-101.71939,22.15492],[-101.71794,22.15667],[-101.72295,22.1583],[-101.71939,22.15492]]],[[[-101.72894,22.11539],[-101.72775,22.11716],[-101.72778,22.11875],[-101.7279,22.11898],[-101.72792,22.11903],[-101.72818,22.11954],[-101.73115,22.11836],[-101.72894,22.11539]]],[[[-101.72898,22.10872],[-101.72928,22.11022],[-101.73237,22.11119],[-101.73053,22.10771],[-101.72898,22.10872]]],[[[-101.7306,22.10761],[-101.73541,22.10828],[-101.73567,22.10689],[-101.7306,22.10761]]],[[[-101.73262,22.10644],[-101.73659,22.10591],[-101.7374,22.10098],[-101.73371,22.10094],[-101.73262,22.10644]]],[[[-101.72814,22.10049],[-101.72817,22.10183],[-101.72861,22.10249],[-101.72888,22.10275],[-101.72951,22.10336],[-101.72947,22.10518],[-101.73211,22.1019],[-101.72814,22.10049]]],[[[-101.76184,22.05318],[-101.76403,22.05765],[-101.76399,22.05347],[-101.76184,22.05318]]],[[[-101.75924,22.05204],[-101.76262,22.04999],[-101.76171,22.04786],[-101.75776,22.05031],[-101.75924,22.05204]]],[[[-101.46127,22.15029],[-101.46502,22.157],[-101.46691,22.15597],[-101.4666,22.15073],[-101.46011,22.1443],[-101.45907,22.13764],[-101.45169,22.13412],[-101.45118,22.13396],[-101.44879,22.13322],[-101.45252,22.14032],[-101.46027,22.14905],[-101.46127,22.15029]]],[[[-101.42956,21.92909],[-101.42806,21.92485],[-101.42522,21.92484],[-101.42956,21.92909]]],[[[-101.49635,21.80999],[-101.49606,21.81022],[-101.49864,21.81641],[-101.49635,21.80999]]],[[[-102.54546,22.93865],[-102.54554,22.93869],[-102.5465,22.93957],[-102.54759,22.94638],[-102.55201,22.94744],[-102.55623,22.94323],[-102.55259,22.93979],[-102.54692,22.93691],[-102.54546,22.93865]]],[[[-102.52575,22.93222],[-102.53041,22.9355],[-102.54117,22.93638],[-102.54502,22.93841],[-102.54613,22.93634],[-102.53988,22.93317],[-102.52575,22.93222]]],[[[-102.50132,22.89389],[-102.50247,22.89633],[-102.50447,22.89399],[-102.50132,22.89389]]],[[[-102.58856,22.95684],[-102.59777,22.95017],[-102.60267,22.94786],[-102.61242,22.94631],[-102.6294,22.94277],[-102.6449,22.94132],[-102.65021,22.93992],[-102.65504,22.93736],[-102.65843,22.93279],[-102.66092,22.92897],[-102.66488,22.9205],[-102.66651,22.91464],[-102.66861,22.91243],[-102.66787,22.91061],[-102.6595,22.90105],[-102.65655,22.9088],[-102.65687,22.90693],[-102.65754,22.90347],[-102.65201,22.89897],[-102.6529,22.89291],[-102.66501,22.90654],[-102.66432,22.90186],[-102.65457,22.87801],[-102.6454,22.85627],[-102.6386,22.85791],[-102.63776,22.86482],[-102.63269,22.86013],[-102.62899,22.86131],[-102.62613,22.8661],[-102.62864,22.87045],[-102.62475,22.87276],[-102.62729,22.8688],[-102.62319,22.86778],[-102.62022,22.87227],[-102.61848,22.87102],[-102.61844,22.87554],[-102.62043,22.87329],[-102.62134,22.87794],[-102.61637,22.87394],[-102.61573,22.8772],[-102.62076,22.88147],[-102.61632,22.87841],[-102.61456,22.87736],[-102.61368,22.87768],[-102.60187,22.8939],[-102.60379,22.89676],[-102.60053,22.89604],[-102.58639,22.91548],[-102.59365,22.91691],[-102.59439,22.92074],[-102.59014,22.93514],[-102.58519,22.93446],[-102.58698,22.9363],[-102.5881,22.94139],[-102.58081,22.94091],[-102.57771,22.94274],[-102.5769,22.94651],[-102.5808,22.94694],[-102.58088,22.94451],[-102.58453,22.94282],[-102.58857,22.94298],[-102.58978,22.94863],[-102.58653,22.94944],[-102.58514,22.95456],[-102.58856,22.95684]]],[[[-102.5841,22.95837],[-102.58838,22.95697],[-102.58505,22.95493],[-102.5841,22.95837]]],[[[-102.56396,22.95787],[-102.56942,22.96187],[-102.57257,22.96105],[-102.56438,22.95721],[-102.56396,22.95787]]],[[[-102.55224,22.94749],[-102.55842,22.95101],[-102.5581,22.94736],[-102.55534,22.94571],[-102.55224,22.94749]]],[[[-102.56707,22.94228],[-102.56966,22.94379],[-102.57587,22.94079],[-102.57299,22.9406],[-102.57314,22.93814],[-102.57938,22.93578],[-102.58039,22.92987],[-102.57638,22.92952],[-102.57064,22.9374],[-102.57026,22.94048],[-102.56707,22.94228]]],[[[-102.51517,22.91814],[-102.52062,22.92084],[-102.52154,22.92768],[-102.52545,22.92786],[-102.52542,22.93192],[-102.54004,22.93283],[-102.55212,22.93926],[-102.56333,22.94319],[-102.56721,22.94149],[-102.57332,22.93299],[-102.5679,22.93289],[-102.56472,22.93012],[-102.56476,22.9276],[-102.56051,22.92768],[-102.56075,22.92977],[-102.55224,22.92883],[-102.55392,22.92731],[-102.54863,22.92699],[-102.54865,22.9212],[-102.54485,22.92378],[-102.54671,22.9271],[-102.54317,22.92838],[-102.54104,22.92445],[-102.54234,22.91911],[-102.5446,22.91913],[-102.54454,22.91605],[-102.53749,22.91713],[-102.54081,22.9177],[-102.54038,22.92073],[-102.53669,22.92239],[-102.53449,22.92121],[-102.53039,22.92225],[-102.52929,22.91992],[-102.52353,22.91754],[-102.51517,22.91814]]],[[[-102.54627,22.91572],[-102.54868,22.9159],[-102.54898,22.91285],[-102.54627,22.91572]]],[[[-102.58006,22.91305],[-102.58051,22.91438],[-102.58602,22.91548],[-102.59593,22.90181],[-102.59271,22.89856],[-102.58734,22.89606],[-102.58561,22.89921],[-102.58324,22.8995],[-102.58586,22.90468],[-102.58024,22.90513],[-102.58006,22.91305]]],[[[-102.58756,22.89593],[-102.59614,22.90016],[-102.59996,22.89594],[-102.58951,22.89407],[-102.58756,22.89225],[-102.58371,22.89347],[-102.58756,22.89593]]],[[[-102.43257,22.61763],[-102.43302,22.61342],[-102.43007,22.61143],[-102.43053,22.61013],[-102.43249,22.61002],[-102.43109,22.60589],[-102.42825,22.60444],[-102.42825,22.60443],[-102.42833,22.60404],[-102.4285,22.60319],[-102.43285,22.60348],[-102.43133,22.60161],[-102.42965,22.60108],[-102.42842,22.6005],[-102.42822,22.60029],[-102.42744,22.59858],[-102.4274,22.59819],[-102.42741,22.59804],[-102.42743,22.59792],[-102.42747,22.59755],[-102.42752,22.59738],[-102.43079,22.59443],[-102.42807,22.59352],[-102.42707,22.59386],[-102.42411,22.59387],[-102.42379,22.59408],[-102.42359,22.59424],[-102.42344,22.59466],[-102.42335,22.59473],[-102.42304,22.59584],[-102.42305,22.59591],[-102.42303,22.59591],[-102.42217,22.5988],[-102.42212,22.59884],[-102.41901,22.59976],[-102.41894,22.59978],[-102.42446,22.60119],[-102.42376,22.6052],[-102.41812,22.60304],[-102.41644,22.60467],[-102.4183,22.60716],[-102.42324,22.60683],[-102.4251,22.60956],[-102.42418,22.61308],[-102.42827,22.61518],[-102.4298,22.61315],[-102.43257,22.61763]]],[[[-102.39004,22.66142],[-102.39288,22.66366],[-102.40066,22.6634],[-102.39982,22.66198],[-102.39989,22.6619],[-102.40287,22.66443],[-102.40675,22.66294],[-102.40868,22.65957],[-102.40251,22.66209],[-102.4005,22.66061],[-102.40131,22.65935],[-102.40135,22.6591],[-102.40133,22.65859],[-102.40108,22.65739],[-102.39644,22.66104],[-102.39099,22.66004],[-102.39004,22.66142]]],[[[-102.39855,22.64915],[-102.39602,22.64961],[-102.39586,22.65299],[-102.39929,22.65338],[-102.39855,22.64915]]],[[[-102.96909,21.38614],[-102.97167,21.38591],[-102.97059,21.38312],[-102.96909,21.38614]]],[[[-102.93428,21.40432],[-102.93477,21.40493],[-102.93564,21.40576],[-102.93627,21.40445],[-102.93428,21.40432]]],[[[-102.93383,21.466],[-102.93454,21.46147],[-102.93119,21.4631],[-102.93101,21.46557],[-102.93383,21.466]]],[[[-102.88353,21.55051],[-102.88427,21.5513],[-102.88443,21.55216],[-102.88476,21.54938],[-102.88353,21.55051]]],[[[-102.81491,21.60087],[-102.81474,21.60619],[-102.81738,21.60317],[-102.81491,21.60087]]],[[[-102.78097,21.59973],[-102.77764,21.59828],[-102.7777,21.60049],[-102.77899,21.60423],[-102.77935,21.6045],[-102.78007,21.6045],[-102.78025,21.60411],[-102.78049,21.60265],[-102.78052,21.60244],[-102.78077,21.60091],[-102.78088,21.60026],[-102.78097,21.59973]]],[[[-102.80605,21.62282],[-102.80634,21.62253],[-102.80656,21.62071],[-102.80525,21.6234],[-102.80605,21.62282]]],[[[-102.77328,21.59083],[-102.77191,21.59319],[-102.77311,21.59344],[-102.77354,21.59235],[-102.77328,21.59083]]],[[[-102.81685,21.58325],[-102.81759,21.58307],[-102.81492,21.58181],[-102.81595,21.58347],[-102.81685,21.58325]]],[[[-102.80148,21.56421],[-102.80065,21.56632],[-102.80266,21.57036],[-102.80399,21.57488],[-102.80815,21.57569],[-102.81239,21.57859],[-102.81631,21.57933],[-102.81196,21.57649],[-102.80414,21.56976],[-102.80424,21.56591],[-102.80148,21.56421]]],[[[-102.79942,21.55928],[-102.801,21.56037],[-102.80333,21.55922],[-102.80027,21.55702],[-102.79942,21.55928]]],[[[-102.80329,21.54693],[-102.80319,21.54797],[-102.80488,21.55052],[-102.80582,21.54585],[-102.80329,21.54693]]],[[[-102.80395,21.54139],[-102.80385,21.54191],[-102.80367,21.54198],[-102.8035,21.54205],[-102.8035,21.54288],[-102.80387,21.54363],[-102.80395,21.54139]]],[[[-102.77769,21.56636],[-102.77769,21.56536],[-102.77742,21.5655],[-102.77769,21.56636]]],[[[-102.82365,21.59046],[-102.82139,21.5932],[-102.82428,21.5929],[-102.828,21.58936],[-102.8302,21.5814],[-102.83014,21.58118],[-102.82848,21.58118],[-102.82764,21.58368],[-102.82848,21.58535],[-102.82681,21.58535],[-102.82534,21.58842],[-102.82365,21.59046]]],[[[-102.83124,21.57693],[-102.8306,21.57698],[-102.82955,21.57833],[-102.82931,21.57952],[-102.83014,21.58118],[-102.83031,21.58123],[-102.83124,21.57693]]],[[[-102.82203,21.48197],[-102.8226,21.48272],[-102.82312,21.48296],[-102.82348,21.48312],[-102.8272,21.48135],[-102.82871,21.4744],[-102.82386,21.47399],[-102.82681,21.47073],[-102.8267,21.46707],[-102.82248,21.46983],[-102.82134,21.47305],[-102.82123,21.47364],[-102.82108,21.47446],[-102.82057,21.47845],[-102.8219,21.47611],[-102.82483,21.47857],[-102.82203,21.48197]]],[[[-102.89272,21.43805],[-102.89223,21.43775],[-102.88622,21.43705],[-102.88716,21.43855],[-102.89272,21.43805]]],[[[-102.88007,21.43844],[-102.87943,21.43793],[-102.87918,21.43774],[-102.87843,21.43714],[-102.8781,21.43917],[-102.88007,21.43844]]],[[[-102.90755,21.43886],[-102.90898,21.44037],[-102.91327,21.43943],[-102.90755,21.43886]]],[[[-102.89279,21.45278],[-102.88666,21.45567],[-102.89065,21.45562],[-102.89279,21.45278]]],[[[-102.89428,21.45217],[-102.89425,21.45212],[-102.89416,21.45212],[-102.89428,21.45217]]],[[[-102.84554,21.43377],[-102.84679,21.43297],[-102.8465,21.43192],[-102.84554,21.43377]]],[[[-102.8448,21.43177],[-102.8446,21.4318],[-102.84176,21.43502],[-102.8394,21.43447],[-102.83662,21.43731],[-102.84146,21.43592],[-102.84149,21.4359],[-102.84536,21.43388],[-102.8448,21.43177]]],[[[-102.88036,21.45656],[-102.87991,21.45609],[-102.87932,21.45548],[-102.87882,21.45496],[-102.87795,21.45418],[-102.87686,21.45362],[-102.87388,21.45935],[-102.88036,21.45656]]],[[[-102.8745,21.46174],[-102.87989,21.46106],[-102.87739,21.45903],[-102.87407,21.45942],[-102.8745,21.46174]]],[[[-102.91497,21.46697],[-102.91725,21.46701],[-102.91496,21.46127],[-102.91703,21.4578],[-102.91464,21.45822],[-102.91464,21.4548],[-102.91682,21.45238],[-102.90932,21.45608],[-102.91131,21.45727],[-102.90984,21.45998],[-102.91274,21.46121],[-102.91497,21.46697]]],[[[-102.87837,21.46907],[-102.87891,21.46937],[-102.88155,21.46701],[-102.87935,21.46595],[-102.87837,21.46907]]],[[[-102.86092,21.46306],[-102.86551,21.46959],[-102.86555,21.47137],[-102.86772,21.47208],[-102.86222,21.46355],[-102.86092,21.46306]]],[[[-102.8733,21.46678],[-102.87404,21.46627],[-102.87273,21.4638],[-102.86923,21.46275],[-102.86753,21.4642],[-102.8733,21.46678]]],[[[-102.92075,21.46751],[-102.92127,21.46908],[-102.9249,21.46644],[-102.92075,21.46751]]],[[[-102.93331,21.48167],[-102.93256,21.4846],[-102.93289,21.48833],[-102.93389,21.48422],[-102.93801,21.48425],[-102.93895,21.48127],[-102.93755,21.48127],[-102.93334,21.48164],[-102.93331,21.48167]]],[[[-102.92119,21.47287],[-102.92271,21.46962],[-102.91946,21.47104],[-102.92119,21.47287]]],[[[-102.94154,21.4868],[-102.94008,21.48439],[-102.93879,21.48825],[-102.94154,21.4868]]],[[[-102.87911,21.48991],[-102.88107,21.48763],[-102.87912,21.4841],[-102.87684,21.48699],[-102.87911,21.48991]]],[[[-102.86323,21.48771],[-102.86631,21.48544],[-102.86353,21.48487],[-102.86323,21.48771]]],[[[-102.87374,21.48014],[-102.8752,21.48205],[-102.87769,21.48033],[-102.87597,21.47839],[-102.87374,21.48014]]],[[[-102.92225,21.48452],[-102.92173,21.4846],[-102.92175,21.48481],[-102.92225,21.48452]]],[[[-102.85219,21.46652],[-102.85283,21.46958],[-102.85338,21.47066],[-102.85389,21.47294],[-102.85574,21.46962],[-102.85219,21.46652]]],[[[-102.83885,21.46554],[-102.83888,21.46463],[-102.83866,21.46293],[-102.83781,21.46707],[-102.83885,21.46554]]],[[[-102.85751,21.45156],[-102.86049,21.45288],[-102.86008,21.45044],[-102.85751,21.45156]]],[[[-102.96902,21.37451],[-102.96717,21.37744],[-102.9695,21.37792],[-102.96902,21.37451]]],[[[-102.96279,21.38013],[-102.96549,21.38058],[-102.96684,21.37791],[-102.96146,21.37716],[-102.96279,21.38013]]],[[[-102.94015,21.39254],[-102.94349,21.39012],[-102.9396,21.39058],[-102.94015,21.39254]]],[[[-102.91889,21.39542],[-102.92053,21.39512],[-102.91674,21.39449],[-102.91722,21.3947],[-102.91889,21.39542]]],[[[-102.93971,21.39582],[-102.94011,21.39636],[-102.9413,21.39597],[-102.93975,21.39578],[-102.93971,21.39582]]],[[[-102.93308,21.40588],[-102.93195,21.40604],[-102.93271,21.40968],[-102.93455,21.40895],[-102.93308,21.40588]]],[[[-102.81762,21.56062],[-102.81778,21.56055],[-102.81843,21.56024],[-102.81869,21.5581],[-102.81762,21.56062]]],[[[-102.66967,22.91093],[-102.67276,22.90665],[-102.6717,22.90426],[-102.66672,22.90558],[-102.66967,22.91093]]],[[[-102.63296,22.85828],[-102.63419,22.85911],[-102.64412,22.8557],[-102.64466,22.85421],[-102.63226,22.82423],[-102.63037,22.82352],[-102.62643,22.82567],[-102.62398,22.83665],[-102.62507,22.84211],[-102.62422,22.85038],[-102.62517,22.85444],[-102.63201,22.85929],[-102.63296,22.85828]]],[[[-102.6292,22.8605],[-102.63158,22.85945],[-102.62417,22.85505],[-102.6292,22.8605]]],[[[-102.62732,22.86058],[-102.62357,22.85527],[-102.62438,22.86],[-102.62732,22.86058]]],[[[-102.61669,22.86008],[-102.62217,22.85505],[-102.61631,22.85284],[-102.61459,22.85917],[-102.61669,22.86008]]],[[[-102.61909,22.85262],[-102.6215,22.85323],[-102.62306,22.85003],[-102.62361,22.84089],[-102.62211,22.84042],[-102.6252,22.83065],[-102.62465,22.82793],[-102.61623,22.82846],[-102.61598,22.82947],[-102.60736,22.82724],[-102.60256,22.82735],[-102.60195,22.82923],[-102.61236,22.83771],[-102.61355,22.83327],[-102.61528,22.83375],[-102.61439,22.83829],[-102.61602,22.84355],[-102.61932,22.8451],[-102.61976,22.84794],[-102.6138,22.84459],[-102.61195,22.84998],[-102.60824,22.84783],[-102.6073,22.85024],[-102.61909,22.85262]]],[[[-102.60069,22.84862],[-102.60604,22.84825],[-102.60946,22.84601],[-102.60578,22.84328],[-102.60196,22.84578],[-102.59829,22.84287],[-102.59671,22.83973],[-102.59598,22.84396],[-102.60053,22.84534],[-102.60069,22.84862]]],[[[-102.62243,22.82382],[-102.62444,22.82531],[-102.62366,22.81989],[-102.62438,22.8128],[-102.62449,22.80168],[-102.6195,22.80328],[-102.61307,22.80243],[-102.60784,22.80323],[-102.6108,22.80863],[-102.61464,22.80874],[-102.61486,22.81092],[-102.61837,22.80887],[-102.61909,22.81119],[-102.61541,22.81107],[-102.61357,22.81537],[-102.6196,22.81346],[-102.62096,22.81795],[-102.62144,22.82515],[-102.62243,22.82382]]],[[[-102.60704,22.81887],[-102.61045,22.82213],[-102.61111,22.81734],[-102.61544,22.81673],[-102.61282,22.8153],[-102.60684,22.81701],[-102.60704,22.81887]]],[[[-102.62643,22.82094],[-102.62909,22.81666],[-102.62574,22.81015],[-102.6261,22.80405],[-102.62449,22.80491],[-102.62494,22.8202],[-102.62643,22.82094]]],[[[-102.62509,22.82343],[-102.62504,22.82552],[-102.63151,22.82259],[-102.62967,22.81804],[-102.62509,22.82343]]],[[[-102.61686,22.86973],[-102.62045,22.86733],[-102.61509,22.86583],[-102.61348,22.86866],[-102.61686,22.86973]]],[[[-102.6094,22.86818],[-102.60914,22.87117],[-102.61165,22.87204],[-102.61224,22.86896],[-102.6094,22.86818]]],[[[-102.6144,22.87306],[-102.61618,22.87017],[-102.6129,22.87039],[-102.6144,22.87306]]],[[[-102.60496,22.8827],[-102.60336,22.89119],[-102.61369,22.87677],[-102.61225,22.87549],[-102.60885,22.87742],[-102.60723,22.88247],[-102.60496,22.8827]]],[[[-102.78188,22.86728],[-102.78214,22.86604],[-102.7877,22.86614],[-102.79155,22.86622],[-102.788,22.85224],[-102.78472,22.84799],[-102.77875,22.84779],[-102.77563,22.84292],[-102.76512,22.84279],[-102.76107,22.84954],[-102.75462,22.85216],[-102.7438,22.85289],[-102.73996,22.85453],[-102.7374,22.85069],[-102.72924,22.85094],[-102.72895,22.8583],[-102.72694,22.86404],[-102.72905,22.87197],[-102.73264,22.87804],[-102.73562,22.8924],[-102.73413,22.89665],[-102.73372,22.89875],[-102.73392,22.90887],[-102.74142,22.91835],[-102.74159,22.91854],[-102.74605,22.92352],[-102.74971,22.92919],[-102.74792,22.93257],[-102.74776,22.93287],[-102.74713,22.93406],[-102.75094,22.93525],[-102.75659,22.93266],[-102.76213,22.9288],[-102.75975,22.9288],[-102.75241,22.93419],[-102.74995,22.93423],[-102.75936,22.92761],[-102.75689,22.92745],[-102.75783,22.92385],[-102.76191,22.9202],[-102.76196,22.91542],[-102.75987,22.91292],[-102.76442,22.91281],[-102.76629,22.90503],[-102.76838,22.90495],[-102.76995,22.89883],[-102.77287,22.89693],[-102.77805,22.88928],[-102.77419,22.8883],[-102.7793,22.87947],[-102.78188,22.86728]]],[[[-102.72418,22.83458],[-102.72595,22.83707],[-102.72774,22.83581],[-102.73034,22.83791],[-102.73753,22.83769],[-102.73998,22.83393],[-102.74389,22.83199],[-102.73857,22.82874],[-102.73818,22.83103],[-102.73131,22.8307],[-102.73067,22.83516],[-102.72418,22.83458]]],[[[-103.33102,22.2964],[-103.32889,22.296],[-103.32869,22.29602],[-103.32506,22.29506],[-103.32311,22.29802],[-103.32515,22.30638],[-103.33053,22.30217],[-103.33117,22.30095],[-103.32919,22.30143],[-103.33102,22.2964]]],[[[-103.31633,22.23562],[-103.3178,22.23663],[-103.31633,22.23562],[-103.3158,22.23526],[-103.31573,22.2353],[-103.31633,22.23562]]],[[[-103.32177,22.23918],[-103.32178,22.23894],[-103.31999,22.23804],[-103.31797,22.23676],[-103.32177,22.23918]]],[[[-103.46373,22.52208],[-103.46166,22.52414],[-103.4642,22.52696],[-103.4673,22.52557],[-103.46835,22.52278],[-103.47145,22.5247],[-103.47132,22.52199],[-103.46501,22.51925],[-103.46394,22.52188],[-103.46373,22.52208]]],[[[-103.47817,22.5247],[-103.48128,22.52402],[-103.48205,22.51958],[-103.47962,22.52177],[-103.47744,22.51893],[-103.47259,22.51905],[-103.47262,22.52332],[-103.47817,22.5247]]],[[[-103.47335,22.5133],[-103.47374,22.51401],[-103.4747,22.5172],[-103.47829,22.51652],[-103.48223,22.5124],[-103.48251,22.51432],[-103.48841,22.51515],[-103.48943,22.51137],[-103.48128,22.51021],[-103.4797,22.50791],[-103.47791,22.51216],[-103.47335,22.5133]]],[[[-103.4671,22.50899],[-103.46718,22.50864],[-103.46456,22.50789],[-103.46492,22.51076],[-103.46575,22.50994],[-103.4671,22.50899]]],[[[-103.4817,22.49496],[-103.48004,22.49745],[-103.48351,22.49959],[-103.47989,22.50745],[-103.48511,22.49929],[-103.4899,22.5006],[-103.49144,22.49469],[-103.48838,22.49177],[-103.48478,22.49231],[-103.48526,22.49609],[-103.4817,22.49496]]],[[[-103.49135,22.50737],[-103.49285,22.50883],[-103.49974,22.50612],[-103.50237,22.50198],[-103.50566,22.50146],[-103.50507,22.49808],[-103.50213,22.5002],[-103.49723,22.49976],[-103.49729,22.50407],[-103.49381,22.5054],[-103.49389,22.49922],[-103.49107,22.50361],[-103.49135,22.50737]]],[[[-103.48687,22.50345],[-103.48833,22.50587],[-103.49018,22.50324],[-103.48687,22.50345]]],[[[-103.50242,22.5171],[-103.50404,22.51391],[-103.49598,22.51632],[-103.50242,22.5171]]],[[[-103.45963,22.51454],[-103.4628,22.51366],[-103.45952,22.51208],[-103.45963,22.51454]]],[[[-103.59303,22.28239],[-103.596,22.28547],[-103.59666,22.28206],[-103.59303,22.28239]]],[[[-103.60817,22.25342],[-103.61119,22.2495],[-103.60287,22.25257],[-103.60817,22.25342]]],[[[-103.6023,22.29437],[-103.60475,22.29323],[-103.59759,22.29067],[-103.6023,22.29437]]],[[[-103.60342,22.30034],[-103.60636,22.29935],[-103.60619,22.2958],[-103.60254,22.29735],[-103.60342,22.30034]]],[[[-103.60475,22.3113],[-103.60661,22.31345],[-103.6085,22.31074],[-103.60475,22.3113]]],[[[-103.14977,21.91926],[-103.1489,21.91561],[-103.14506,21.91447],[-103.14416,21.91751],[-103.14703,21.91902],[-103.1486,21.92342],[-103.15107,21.92312],[-103.14977,21.91926]]],[[[-103.48835,24.22302],[-103.48637,24.22386],[-103.4862,24.22406],[-103.48575,24.22457],[-103.48663,24.2287],[-103.48841,24.22868],[-103.48835,24.22302]]],[[[-103.47903,24.22776],[-103.47849,24.22769],[-103.47744,24.22982],[-103.47807,24.22976],[-103.47903,24.22776]]],[[[-103.45956,24.18124],[-103.45899,24.18214],[-103.45903,24.18355],[-103.45928,24.18375],[-103.45989,24.18423],[-103.46098,24.18532],[-103.46555,24.18801],[-103.46508,24.19022],[-103.47068,24.19678],[-103.47121,24.19264],[-103.47589,24.19943],[-103.47711,24.19664],[-103.48088,24.19804],[-103.4856,24.20235],[-103.48787,24.20604],[-103.48733,24.2021],[-103.48985,24.20029],[-103.49418,24.20191],[-103.49349,24.20507],[-103.49679,24.2037],[-103.49982,24.20745],[-103.50341,24.20692],[-103.50225,24.21147],[-103.50498,24.2114],[-103.50396,24.21416],[-103.50458,24.21399],[-103.50592,24.21017],[-103.50778,24.20627],[-103.50102,24.20386],[-103.50039,24.20372],[-103.49677,24.20068],[-103.49532,24.19888],[-103.48684,24.1948],[-103.48498,24.19175],[-103.47776,24.19019],[-103.46722,24.18327],[-103.46016,24.18031],[-103.45966,24.18109],[-103.45956,24.18124]]],[[[-103.50662,24.21354],[-103.50458,24.21399],[-103.50432,24.21488],[-103.50662,24.21354]]],[[[-103.528,24.2245],[-103.52904,24.22426],[-103.52908,24.22421],[-103.52766,24.22029],[-103.528,24.2245]]],[[[-103.5357,24.23202],[-103.53711,24.23076],[-103.53726,24.23064],[-103.53455,24.22912],[-103.5357,24.23202]]],[[[-103.49492,24.21487],[-103.49098,24.20709],[-103.48667,24.20801],[-103.4898,24.20943],[-103.4925,24.21459],[-103.49492,24.21487]]],[[[-103.47466,24.20295],[-103.47565,24.20351],[-103.48056,24.2032],[-103.48167,24.20089],[-103.4774,24.19955],[-103.47795,24.20252],[-103.4725,24.19752],[-103.472,24.20063],[-103.47206,24.2011],[-103.47466,24.20295]]],[[[-103.66007,24.14884],[-103.66036,24.14933],[-103.67673,24.1404],[-103.67693,24.14029],[-103.67898,24.13917],[-103.68007,24.13859],[-103.68538,24.13572],[-103.68032,24.1353],[-103.68239,24.13266],[-103.68393,24.12348],[-103.68782,24.12153],[-103.69072,24.11565],[-103.68727,24.1103],[-103.67077,24.1136],[-103.66172,24.10547],[-103.65927,24.10171],[-103.6592,24.10064],[-103.65862,24.09992],[-103.64814,24.10018],[-103.64409,24.1034],[-103.64816,24.10606],[-103.63656,24.11123],[-103.64043,24.11738],[-103.64079,24.11796],[-103.64501,24.12466],[-103.64518,24.12494],[-103.65439,24.13956],[-103.65603,24.14224],[-103.65806,24.14554],[-103.66007,24.14884]],[[-103.66007,24.14884],[-103.65855,24.14634],[-103.66159,24.14519],[-103.66007,24.14884]],[[-103.67717,24.13328],[-103.68158,24.13244],[-103.67813,24.13569],[-103.67717,24.13328]]],[[[-103.65827,24.09879],[-103.65862,24.09992],[-103.65915,24.10007],[-103.65827,24.09879]]],[[[-103.64392,24.09218],[-103.64544,24.09698],[-103.6494,24.09421],[-103.65106,24.09511],[-103.65011,24.09382],[-103.64715,24.09414],[-103.64551,24.09094],[-103.64392,24.09218]]],[[[-103.68986,24.02927],[-103.69282,24.02668],[-103.68845,24.02554],[-103.68689,24.02279],[-103.68609,24.02577],[-103.68986,24.02927]]],[[[-103.68707,24.01903],[-103.68762,24.02078],[-103.69207,24.01867],[-103.68707,24.01903]]],[[[-103.48334,24.10526],[-103.4826,24.10908],[-103.48785,24.11292],[-103.49584,24.1121],[-103.49663,24.11034],[-103.48958,24.10533],[-103.48334,24.10526]]],[[[-103.46826,24.03753],[-103.47014,24.04478],[-103.47548,24.0499],[-103.47519,24.04434],[-103.47846,24.03927],[-103.4787,24.05048],[-103.48409,24.05026],[-103.49159,24.05523],[-103.49602,24.06167],[-103.5017,24.06675],[-103.50624,24.06488],[-103.50523,24.05584],[-103.50138,24.05595],[-103.49734,24.0538],[-103.49729,24.04935],[-103.49319,24.04552],[-103.48536,24.04556],[-103.48318,24.04375],[-103.48331,24.03755],[-103.47954,24.03433],[-103.47704,24.03601],[-103.46826,24.03753]]],[[[-101.59778,24.70909],[-101.59542,24.70966],[-101.59686,24.71008],[-101.59773,24.70916],[-101.59778,24.70909]]],[[[-101.6346,24.75654],[-101.63622,24.75499],[-101.6367,24.75465],[-101.63518,24.75401],[-101.63352,24.75649],[-101.62916,24.75675],[-101.62453,24.76112],[-101.62532,24.76589],[-101.62642,24.7633],[-101.631,24.76157],[-101.6354,24.75644],[-101.63501,24.75649],[-101.6346,24.75654]]],[[[-101.6359,24.75965],[-101.63832,24.75899],[-101.63796,24.75877],[-101.63682,24.7583],[-101.6359,24.75965]]],[[[-101.612,24.71551],[-101.61238,24.71582],[-101.61488,24.71532],[-101.61325,24.71289],[-101.612,24.71551]]],[[[-101.59319,24.7094],[-101.5944,24.70954],[-101.59511,24.70486],[-101.59354,24.70501],[-101.59319,24.7094]]],[[[-101.42938,24.57585],[-101.42936,24.57574],[-101.4291,24.57567],[-101.42892,24.57569],[-101.42788,24.57651],[-101.42907,24.5763],[-101.42938,24.57585]]],[[[-101.5302,24.65259],[-101.53916,24.64491],[-101.53591,24.64199],[-101.54026,24.64081],[-101.54183,24.63821],[-101.53139,24.63914],[-101.52846,24.64337],[-101.53417,24.64325],[-101.52787,24.65082],[-101.5302,24.65259]]],[[[-101.5207,24.64641],[-101.52039,24.64448],[-101.52675,24.64117],[-101.52698,24.63742],[-101.52329,24.63695],[-101.52396,24.64105],[-101.51224,24.63945],[-101.50751,24.64025],[-101.50707,24.64331],[-101.51206,24.64173],[-101.517,24.64257],[-101.5207,24.64641]]],[[[-101.54001,24.63543],[-101.54038,24.63614],[-101.53899,24.63596],[-101.54214,24.6373],[-101.54226,24.63703],[-101.54001,24.63543]]],[[[-101.51006,24.6339],[-101.51497,24.63534],[-101.51783,24.63295],[-101.5246,24.63173],[-101.52483,24.63013],[-101.51534,24.62663],[-101.51445,24.62303],[-101.50949,24.62097],[-101.50363,24.62149],[-101.49884,24.62365],[-101.49123,24.63081],[-101.49433,24.63471],[-101.50584,24.63264],[-101.51006,24.6339]]],[[[-101.51687,24.61796],[-101.51684,24.61783],[-101.51784,24.6129],[-101.51457,24.6166],[-101.51457,24.61699],[-101.51508,24.61778],[-101.51707,24.61943],[-101.51707,24.61865],[-101.5179,24.61948],[-101.51828,24.61965],[-101.51687,24.61796]]],[[[-101.51482,24.61787],[-101.51457,24.61699],[-101.51378,24.61699],[-101.51482,24.61787]]],[[[-101.51793,24.61962],[-101.5179,24.61948],[-101.51731,24.61948],[-101.51793,24.61962]]],[[[-101.49295,24.61258],[-101.49415,24.61558],[-101.49552,24.61258],[-101.49295,24.61258]]],[[[-101.48228,24.61129],[-101.48602,24.61345],[-101.4849,24.61055],[-101.48228,24.61129]]],[[[-101.55956,24.62958],[-101.5632,24.62989],[-101.5615,24.62723],[-101.55956,24.62958]]],[[[-101.55257,24.63312],[-101.55689,24.63553],[-101.55787,24.63284],[-101.5519,24.62305],[-101.55006,24.62332],[-101.55175,24.62948],[-101.54825,24.63088],[-101.54271,24.62621],[-101.54094,24.62766],[-101.54477,24.62857],[-101.54549,24.63054],[-101.55078,24.63312],[-101.55202,24.63062],[-101.55511,24.63181],[-101.55257,24.63312]]],[[[-101.54505,24.63446],[-101.54562,24.63246],[-101.53971,24.6314],[-101.54085,24.63375],[-101.54505,24.63446]]],[[[-101.53462,24.63306],[-101.53401,24.63382],[-101.53372,24.63281],[-101.53324,24.63281],[-101.53299,24.63358],[-101.53567,24.6343],[-101.53612,24.63377],[-101.53462,24.63306]]],[[[-101.53372,24.6324],[-101.53372,24.63281],[-101.53426,24.63296],[-101.53372,24.6324]]],[[[-101.53015,24.62881],[-101.53031,24.62919],[-101.53122,24.62985],[-101.53206,24.63031],[-101.53289,24.63114],[-101.53372,24.63149],[-101.5342,24.63038],[-101.52909,24.62781],[-101.52956,24.62814],[-101.53015,24.62881]]],[[[-101.53206,24.63085],[-101.53206,24.63031],[-101.53161,24.63018],[-101.53206,24.63085]]],[[[-101.53289,24.6313],[-101.53289,24.63114],[-101.53246,24.63114],[-101.53289,24.6313]]],[[[-101.56587,24.6438],[-101.56786,24.64363],[-101.5673,24.64451],[-101.57025,24.64492],[-101.5689,24.6401],[-101.56569,24.63925],[-101.56489,24.63431],[-101.55905,24.63225],[-101.56288,24.63879],[-101.56799,24.6422],[-101.56587,24.6438]]],[[[-101.55084,24.64247],[-101.55193,24.64647],[-101.55321,24.64184],[-101.55084,24.64247]]],[[[-101.56244,24.63994],[-101.56235,24.64201],[-101.56599,24.64105],[-101.56244,24.63994]]],[[[-101.53547,24.64931],[-101.54543,24.64831],[-101.54773,24.6453],[-101.54691,24.6408],[-101.53547,24.64931]]],[[[-101.56713,24.64477],[-101.56366,24.64406],[-101.5587,24.64871],[-101.55818,24.65136],[-101.5622,24.65187],[-101.56268,24.65007],[-101.5673,24.64865],[-101.56713,24.64477]]],[[[-101.58617,24.65014],[-101.58639,24.65013],[-101.58635,24.64892],[-101.58535,24.64863],[-101.58516,24.64857],[-101.58359,24.64724],[-101.58368,24.64742],[-101.58216,24.64731],[-101.58208,24.64711],[-101.58201,24.64696],[-101.58118,24.64649],[-101.57838,24.64536],[-101.57868,24.64613],[-101.57785,24.64613],[-101.57762,24.64645],[-101.58617,24.65014]]],[[[-101.58529,24.64841],[-101.58535,24.64863],[-101.58632,24.6489],[-101.58529,24.64841]]],[[[-101.58201,24.64695],[-101.58201,24.64696],[-101.58204,24.64697],[-101.58201,24.64695]]],[[[-101.57733,24.64613],[-101.57785,24.64613],[-101.57818,24.64528],[-101.57675,24.64146],[-101.57548,24.64368],[-101.57733,24.64613]]],[[[-101.57114,24.64468],[-101.57118,24.64494],[-101.57309,24.6453],[-101.57335,24.6446],[-101.57114,24.64468]]],[[[-101.59252,24.65192],[-101.59906,24.64846],[-101.59125,24.65025],[-101.59252,24.65192]]],[[[-101.59217,24.64806],[-101.58819,24.64448],[-101.58854,24.64701],[-101.59217,24.64806]]],[[[-101.57731,24.64688],[-101.57653,24.64661],[-101.56757,24.65151],[-101.57036,24.65311],[-101.57731,24.64688]]],[[[-101.47107,24.60654],[-101.47643,24.60326],[-101.4705,24.60505],[-101.47107,24.60654]]],[[[-101.47133,24.60459],[-101.47419,24.6006],[-101.47086,24.60225],[-101.47133,24.60459]]],[[[-101.47551,24.59689],[-101.47287,24.59346],[-101.47331,24.5897],[-101.47069,24.59444],[-101.47551,24.59689]]],[[[-101.46152,24.58909],[-101.46558,24.5861],[-101.46026,24.58302],[-101.46054,24.58571],[-101.45662,24.58516],[-101.46152,24.58909]]],[[[-101.52725,24.55594],[-101.52494,24.5596],[-101.52879,24.55686],[-101.52725,24.55594]]],[[[-101.51893,24.53796],[-101.51647,24.53384],[-101.5156,24.53549],[-101.51893,24.53796]]],[[[-101.5264,24.54489],[-101.5235,24.54221],[-101.51642,24.53773],[-101.51454,24.54455],[-101.51216,24.54442],[-101.51794,24.55137],[-101.52762,24.5538],[-101.52723,24.55001],[-101.52939,24.5521],[-101.5315,24.54907],[-101.5303,24.54836],[-101.5281,24.55011],[-101.52434,24.54877],[-101.5264,24.54489]]],[[[-101.54203,24.55562],[-101.53893,24.55344],[-101.5299,24.5558],[-101.53364,24.5596],[-101.5375,24.55866],[-101.54203,24.55562]]],[[[-101.50575,24.53397],[-101.50978,24.53093],[-101.50741,24.52889],[-101.50009,24.52907],[-101.50663,24.53067],[-101.50575,24.53397]]],[[[-101.47684,24.50703],[-101.47733,24.51108],[-101.47948,24.51269],[-101.48561,24.51285],[-101.4871,24.5108],[-101.4828,24.51152],[-101.47898,24.50951],[-101.4836,24.50666],[-101.47684,24.50703]]],[[[-101.55616,24.65019],[-101.55738,24.64693],[-101.55263,24.64894],[-101.55616,24.65019]]],[[[-101.52547,24.62448],[-101.52623,24.62481],[-101.5254,24.62374],[-101.5254,24.62445],[-101.52547,24.62448]]],[[[-101.53822,24.71155],[-101.53965,24.71212],[-101.54622,24.70906],[-101.53822,24.71155]]],[[[-101.91084,22.23892],[-101.90966,22.24533],[-101.91341,22.24057],[-101.91084,22.23892]]],[[[-101.90252,22.24355],[-101.90893,22.23925],[-101.90887,22.23601],[-101.90633,22.23783],[-101.90553,22.23377],[-101.90252,22.24355]]],[[[-101.97204,22.24129],[-101.97361,22.24092],[-101.97377,22.23639],[-101.96427,22.23623],[-101.96702,22.24036],[-101.96598,22.24169],[-101.97204,22.24129]]],[[[-101.96766,22.24937],[-101.97171,22.24953],[-101.97539,22.24783],[-101.97349,22.24369],[-101.97015,22.24266],[-101.9708,22.24624],[-101.96766,22.24937]]],[[[-101.96924,22.26324],[-101.97042,22.26168],[-101.96963,22.25768],[-101.96558,22.25346],[-101.96567,22.2562],[-101.9696,22.25946],[-101.96924,22.26324]]],[[[-101.94091,22.2364],[-101.9382,22.23902],[-101.94116,22.23914],[-101.94398,22.23575],[-101.94091,22.2364]]],[[[-101.87335,22.23157],[-101.87529,22.2321],[-101.87563,22.2276],[-101.87335,22.23157]]],[[[-101.8676,22.23262],[-101.87065,22.23438],[-101.8729,22.23204],[-101.8676,22.23262]]],[[[-101.84679,22.22461],[-101.84836,22.22537],[-101.85122,22.22247],[-101.85338,22.22604],[-101.85528,22.22608],[-101.85193,22.22324],[-101.85606,22.22164],[-101.85631,22.22527],[-101.85841,22.22267],[-101.85748,22.21604],[-101.85572,22.21315],[-101.85986,22.2131],[-101.86212,22.21756],[-101.85998,22.22055],[-101.86111,22.22312],[-101.86286,22.2158],[-101.86085,22.21139],[-101.85581,22.21061],[-101.84961,22.21371],[-101.84524,22.2105],[-101.84648,22.21721],[-101.84519,22.21854],[-101.84679,22.22461]]],[[[-101.87603,22.2238],[-101.87734,22.22299],[-101.87904,22.2198],[-101.87848,22.21982],[-101.87396,22.21277],[-101.87645,22.21847],[-101.87847,22.21997],[-101.87603,22.2238]]],[[[-101.83939,22.20619],[-101.84335,22.20581],[-101.84617,22.20337],[-101.83939,22.20619]]],[[[-101.85128,22.18319],[-101.8547,22.18383],[-101.85457,22.18025],[-101.85821,22.17977],[-101.8486,22.17664],[-101.8461,22.18233],[-101.85128,22.18319]]],[[[-103.05303,21.31203],[-103.05252,21.31324],[-103.05253,21.31498],[-103.05272,21.31577],[-103.0563,21.31659],[-103.05795,21.31478],[-103.05489,21.31299],[-103.05303,21.31203]]],[[[-103.18105,24.3473],[-103.18096,24.34687],[-103.17612,24.34724],[-103.17712,24.34956],[-103.1788,24.35007],[-103.1789,24.34996],[-103.18077,24.34781],[-103.18105,24.3473]]],[[[-103.17338,24.32799],[-103.17262,24.32586],[-103.17258,24.3256],[-103.17061,24.31798],[-103.16782,24.31399],[-103.16314,24.3129],[-103.16186,24.31723],[-103.1647,24.32027],[-103.1638,24.3238],[-103.16631,24.32553],[-103.16947,24.32478],[-103.16984,24.32759],[-103.17338,24.32799]]],[[[-103.20624,24.32523],[-103.20701,24.32124],[-103.20475,24.32239],[-103.20624,24.32523]]],[[[-103.20249,24.33032],[-103.20175,24.33147],[-103.20721,24.32867],[-103.20769,24.32788],[-103.20249,24.33032]]],[[[-103.20783,24.33342],[-103.20863,24.33354],[-103.21131,24.33175],[-103.21091,24.33123],[-103.20783,24.33342]]],[[[-103.3275,24.21971],[-103.32731,24.2173],[-103.33011,24.21335],[-103.32804,24.21014],[-103.32249,24.21532],[-103.31964,24.21672],[-103.32266,24.22264],[-103.32148,24.21944],[-103.32706,24.22255],[-103.32738,24.22258],[-103.32758,24.22067],[-103.3275,24.21971]]],[[[-103.33156,24.18084],[-103.33009,24.17935],[-103.32749,24.18142],[-103.32723,24.17861],[-103.33017,24.17735],[-103.33008,24.17084],[-103.32286,24.16912],[-103.32083,24.16603],[-103.32035,24.16957],[-103.31294,24.17152],[-103.31873,24.17294],[-103.32317,24.17733],[-103.31721,24.17827],[-103.31747,24.18036],[-103.32296,24.1797],[-103.32686,24.18381],[-103.3234,24.18768],[-103.32809,24.18987],[-103.32653,24.19091],[-103.32997,24.1926],[-103.3326,24.19297],[-103.33305,24.19247],[-103.32967,24.18773],[-103.33376,24.1847],[-103.33192,24.18117],[-103.33156,24.18084]]],[[[-103.30711,24.15962],[-103.30432,24.15947],[-103.29555,24.14907],[-103.29433,24.14519],[-103.27979,24.13471],[-103.27769,24.13026],[-103.27422,24.13202],[-103.27824,24.13558],[-103.27667,24.14079],[-103.27961,24.1405],[-103.28209,24.14342],[-103.28617,24.14253],[-103.2859,24.14712],[-103.27982,24.15019],[-103.28357,24.1505],[-103.28227,24.15328],[-103.27853,24.15137],[-103.2775,24.15331],[-103.27232,24.15451],[-103.2756,24.16049],[-103.27826,24.15826],[-103.28077,24.16212],[-103.27701,24.16021],[-103.27557,24.16252],[-103.27205,24.15958],[-103.27161,24.16222],[-103.26361,24.15933],[-103.26353,24.15762],[-103.25381,24.14747],[-103.25248,24.14374],[-103.25573,24.14212],[-103.24967,24.14086],[-103.25047,24.13764],[-103.24889,24.13429],[-103.24457,24.132],[-103.24347,24.12739],[-103.23915,24.12896],[-103.23001,24.13183],[-103.23507,24.13608],[-103.23413,24.13775],[-103.22942,24.13428],[-103.22522,24.13348],[-103.22155,24.13609],[-103.21706,24.13374],[-103.2148,24.12794],[-103.21822,24.12371],[-103.22214,24.12349],[-103.22397,24.12578],[-103.22822,24.12551],[-103.22567,24.12212],[-103.22645,24.12031],[-103.2304,24.12208],[-103.22839,24.11856],[-103.23157,24.11683],[-103.22992,24.11178],[-103.22573,24.11325],[-103.22311,24.11406],[-103.22472,24.10977],[-103.22441,24.1078],[-103.22073,24.10877],[-103.21942,24.1121],[-103.21136,24.11522],[-103.21032,24.11409],[-103.2141,24.111],[-103.21768,24.11044],[-103.21519,24.10608],[-103.21076,24.10393],[-103.20799,24.10603],[-103.20728,24.10928],[-103.20219,24.11361],[-103.20043,24.11161],[-103.20448,24.11001],[-103.20654,24.102],[-103.20369,24.10125],[-103.20035,24.10376],[-103.19885,24.10398],[-103.19309,24.10544],[-103.18853,24.10855],[-103.19806,24.1132],[-103.19629,24.11446],[-103.19085,24.11368],[-103.19023,24.11182],[-103.18646,24.11592],[-103.18284,24.11494],[-103.18201,24.11228],[-103.18463,24.11075],[-103.18666,24.0984],[-103.18357,24.09708],[-103.17878,24.10062],[-103.17704,24.09875],[-103.17515,24.09933],[-103.17362,24.10139],[-103.17655,24.11016],[-103.17462,24.11456],[-103.17162,24.11554],[-103.16918,24.11352],[-103.16891,24.11382],[-103.16473,24.11666],[-103.16642,24.11858],[-103.15909,24.12282],[-103.15908,24.12618],[-103.16616,24.12772],[-103.16761,24.12566],[-103.17065,24.12679],[-103.18152,24.11847],[-103.20026,24.13602],[-103.20194,24.13988],[-103.2011,24.14572],[-103.20293,24.14666],[-103.20509,24.14404],[-103.20968,24.14301],[-103.21396,24.14643],[-103.21214,24.15145],[-103.21345,24.155],[-103.21808,24.15436],[-103.21958,24.15718],[-103.225,24.15077],[-103.22694,24.14094],[-103.22891,24.14021],[-103.23679,24.14597],[-103.23848,24.14776],[-103.23909,24.14989],[-103.23753,24.15099],[-103.23136,24.14873],[-103.23173,24.15343],[-103.23403,24.15401],[-103.23296,24.15803],[-103.23736,24.15628],[-103.24195,24.15717],[-103.24332,24.15971],[-103.24396,24.1613],[-103.24497,24.16369],[-103.24624,24.16781],[-103.24829,24.1693],[-103.24965,24.17502],[-103.25424,24.17801],[-103.2558,24.17566],[-103.26272,24.17222],[-103.26622,24.16938],[-103.27067,24.17067],[-103.27002,24.1678],[-103.2765,24.16812],[-103.28546,24.17056],[-103.28914,24.17309],[-103.29119,24.16937],[-103.29441,24.17554],[-103.29891,24.17631],[-103.30015,24.17832],[-103.30868,24.17436],[-103.30754,24.17109],[-103.31117,24.16685],[-103.31234,24.16178],[-103.31607,24.16101],[-103.31066,24.16121],[-103.30909,24.16594],[-103.30721,24.16561],[-103.30711,24.15962]],[[-103.30082,24.172],[-103.29825,24.16829],[-103.29565,24.16812],[-103.29502,24.16528],[-103.29058,24.16356],[-103.29159,24.15956],[-103.2971,24.16082],[-103.29776,24.16489],[-103.30208,24.16742],[-103.30325,24.16976],[-103.30082,24.172]],[[-103.28683,24.17019],[-103.28325,24.16962],[-103.28746,24.16725],[-103.28683,24.17019]],[[-103.27191,24.16674],[-103.2754,24.1635],[-103.27734,24.16627],[-103.27767,24.16297],[-103.28037,24.16294],[-103.27785,24.16669],[-103.27191,24.16674]],[[-103.28539,24.16443],[-103.28111,24.16318],[-103.28477,24.16013],[-103.28539,24.16443]],[[-103.28487,24.15903],[-103.2869,24.15482],[-103.2875,24.15923],[-103.28487,24.15903]],[[-103.24052,24.13994],[-103.23986,24.13654],[-103.24194,24.13548],[-103.2444,24.13873],[-103.24052,24.13994]],[[-103.21104,24.13733],[-103.20684,24.13533],[-103.20992,24.1317],[-103.21374,24.13427],[-103.21104,24.13733]],[[-103.21092,24.1251],[-103.20757,24.12545],[-103.20024,24.12332],[-103.20051,24.11999],[-103.20322,24.12238],[-103.20749,24.12287],[-103.21626,24.11545],[-103.22174,24.11571],[-103.21914,24.12026],[-103.21569,24.11945],[-103.21262,24.12574],[-103.21092,24.1251]],[[-103.18614,24.11983],[-103.18569,24.11678],[-103.18969,24.12107],[-103.18908,24.12374],[-103.18614,24.11983]],[[-103.17948,24.11042],[-103.17683,24.1098],[-103.17888,24.10204],[-103.18363,24.09792],[-103.17948,24.11042]]],[[[-103.25655,24.13474],[-103.25836,24.13306],[-103.25651,24.12955],[-103.25336,24.13038],[-103.25655,24.13474]]],[[[-103.26021,24.13612],[-103.25865,24.13637],[-103.26009,24.13809],[-103.25979,24.14411],[-103.26198,24.13899],[-103.26021,24.13612]]],[[[-103.26188,24.14782],[-103.26232,24.14963],[-103.26563,24.14771],[-103.26978,24.1474],[-103.26957,24.1455],[-103.2616,24.14549],[-103.26188,24.14782]]],[[[-103.24173,24.17139],[-103.2369,24.16857],[-103.23067,24.16637],[-103.22135,24.16017],[-103.21415,24.16148],[-103.21501,24.16205],[-103.21806,24.16269],[-103.22489,24.17163],[-103.21975,24.17036],[-103.21629,24.16782],[-103.21473,24.17067],[-103.22019,24.1733],[-103.22236,24.17581],[-103.22413,24.17735],[-103.22778,24.17872],[-103.22879,24.17649],[-103.23374,24.17771],[-103.23308,24.18225],[-103.23822,24.18555],[-103.23989,24.18253],[-103.24395,24.1837],[-103.24409,24.18001],[-103.24602,24.17796],[-103.24375,24.1726],[-103.24173,24.17139]]],[[[-103.34726,24.25434],[-103.34728,24.25441],[-103.34738,24.25474],[-103.35115,24.26096],[-103.35347,24.26046],[-103.3554,24.25833],[-103.34984,24.25211],[-103.34726,24.25434]]],[[[-103.34778,24.27089],[-103.34989,24.26841],[-103.35047,24.26684],[-103.34965,24.26625],[-103.34559,24.26847],[-103.34692,24.27152],[-103.34778,24.27089]]],[[[-103.32338,24.22529],[-103.32321,24.22465],[-103.31975,24.22377],[-103.31607,24.22502],[-103.31822,24.22777],[-103.32338,24.22529]]],[[[-103.31434,24.21904],[-103.31768,24.22123],[-103.3163,24.21788],[-103.31212,24.21446],[-103.31164,24.21889],[-103.31434,24.21904]]],[[[-103.32693,24.20997],[-103.32246,24.20929],[-103.321,24.20602],[-103.31876,24.20609],[-103.31645,24.20994],[-103.31805,24.21684],[-103.32143,24.21491],[-103.32233,24.21213],[-103.32693,24.20997]]],[[[-103.31285,24.19577],[-103.3087,24.19386],[-103.31201,24.19964],[-103.31257,24.20435],[-103.31481,24.19959],[-103.31274,24.19713],[-103.31285,24.19577]]],[[[-103.77224,23.29668],[-103.77051,23.29349],[-103.76837,23.29598],[-103.77224,23.29668]]],[[[-103.74245,23.21834],[-103.73953,23.20752],[-103.73429,23.20409],[-103.72869,23.19658],[-103.72606,23.20388],[-103.72331,23.20374],[-103.72446,23.19996],[-103.72203,23.19803],[-103.72085,23.20285],[-103.71896,23.2006],[-103.71564,23.20428],[-103.71654,23.20829],[-103.72353,23.20667],[-103.73077,23.20933],[-103.72969,23.21105],[-103.72184,23.21529],[-103.72381,23.21647],[-103.73743,23.21334],[-103.73795,23.21573],[-103.74245,23.21834]]],[[[-103.88701,23.30697],[-103.88452,23.31304],[-103.88794,23.31905],[-103.89427,23.32183],[-103.89589,23.3206],[-103.89123,23.31803],[-103.89151,23.31234],[-103.89418,23.31573],[-103.89395,23.31205],[-103.88982,23.30716],[-103.89143,23.3054],[-103.88838,23.30425],[-103.88462,23.30333],[-103.88701,23.30697]]],[[[-103.86542,23.30621],[-103.86743,23.30725],[-103.87239,23.30778],[-103.87326,23.30426],[-103.86944,23.30319],[-103.87007,23.307],[-103.86779,23.30481],[-103.86542,23.30621]]],[[[-103.8817,23.277],[-103.88114,23.27717],[-103.87862,23.2749],[-103.87523,23.27528],[-103.87531,23.27563],[-103.87568,23.2766],[-103.87638,23.27843],[-103.87617,23.28032],[-103.88168,23.27956],[-103.8817,23.277]]],[[[-103.84432,23.30861],[-103.84459,23.30921],[-103.84719,23.30773],[-103.84666,23.30398],[-103.84927,23.30398],[-103.85055,23.30025],[-103.84734,23.30217],[-103.84437,23.3078],[-103.84432,23.30861]]],[[[-103.8529,23.2971],[-103.85292,23.29708],[-103.85293,23.29709],[-103.85263,23.29808],[-103.85302,23.30369],[-103.85517,23.30648],[-103.85776,23.30626],[-103.85952,23.30208],[-103.85395,23.29542],[-103.85055,23.29598],[-103.84917,23.2973],[-103.84936,23.29763],[-103.85171,23.29796],[-103.8529,23.2971]]],[[[-103.7376,23.23476],[-103.7406,23.23565],[-103.73858,23.23794],[-103.73918,23.24047],[-103.74346,23.24026],[-103.74288,23.23722],[-103.75219,23.23693],[-103.75067,23.23151],[-103.7409,23.23205],[-103.73779,23.22998],[-103.7376,23.23476]]],[[[-103.71309,23.23737],[-103.71402,23.23595],[-103.72057,23.23535],[-103.72181,23.23229],[-103.7147,23.22915],[-103.71217,23.23519],[-103.71309,23.23737]]],[[[-103.8712,23.23404],[-103.87171,23.23674],[-103.87495,23.23863],[-103.88106,23.23512],[-103.87762,23.23213],[-103.87632,23.23382],[-103.8712,23.23404]]],[[[-103.95396,23.21209],[-103.94968,23.2202],[-103.95503,23.2166],[-103.9584,23.21217],[-103.95798,23.20971],[-103.95396,23.21209]]],[[[-103.83994,23.07455],[-103.84062,23.07457],[-103.84096,23.07441],[-103.84064,23.07378],[-103.83757,23.07434],[-103.83805,23.07451],[-103.83918,23.07454],[-103.83994,23.07455]]],[[[-103.83446,23.07415],[-103.83753,23.07452],[-103.83757,23.07434],[-103.83446,23.07415]]],[[[-103.10395,22.91083],[-103.10598,22.91372],[-103.11253,22.91903],[-103.11168,22.92259],[-103.11609,22.92232],[-103.11879,22.91725],[-103.12334,22.91544],[-103.12482,22.91226],[-103.12811,22.91517],[-103.12861,22.91853],[-103.12643,22.92517],[-103.12936,22.92794],[-103.12678,22.93002],[-103.12537,22.92835],[-103.11925,22.92821],[-103.12245,22.93299],[-103.13114,22.93581],[-103.13065,22.93951],[-103.14401,22.94229],[-103.14553,22.93887],[-103.13166,22.93566],[-103.12759,22.93357],[-103.1269,22.93132],[-103.13827,22.93205],[-103.14353,22.92908],[-103.15387,22.92545],[-103.15752,22.92696],[-103.15837,22.9235],[-103.16339,22.92197],[-103.16927,22.92409],[-103.16789,22.92126],[-103.15762,22.91675],[-103.15958,22.91579],[-103.1596,22.90389],[-103.16602,22.90646],[-103.17002,22.907],[-103.1683,22.90276],[-103.16995,22.89891],[-103.1671,22.89719],[-103.15838,22.89496],[-103.16309,22.87847],[-103.16794,22.87688],[-103.17142,22.87793],[-103.17052,22.87522],[-103.166,22.87631],[-103.16337,22.87365],[-103.1637,22.87265],[-103.17213,22.87445],[-103.17421,22.86982],[-103.16788,22.86634],[-103.16607,22.8656],[-103.17044,22.86723],[-103.17513,22.86348],[-103.1816,22.85549],[-103.18143,22.8502],[-103.17736,22.85082],[-103.16859,22.84706],[-103.16471,22.84734],[-103.16604,22.84467],[-103.16982,22.84619],[-103.1725,22.84407],[-103.16492,22.84111],[-103.16115,22.84775],[-103.16105,22.85077],[-103.1633,22.85245],[-103.16887,22.85335],[-103.16778,22.85676],[-103.16287,22.85278],[-103.15923,22.85455],[-103.15828,22.85364],[-103.15717,22.85351],[-103.15605,22.85324],[-103.15476,22.85406],[-103.15439,22.85433],[-103.1538,22.85462],[-103.15119,22.85507],[-103.14951,22.85887],[-103.14929,22.85935],[-103.14883,22.85905],[-103.14742,22.85845],[-103.14233,22.86145],[-103.13916,22.86509],[-103.13365,22.8647],[-103.13355,22.86521],[-103.13126,22.86849],[-103.12795,22.86826],[-103.12473,22.87262],[-103.12716,22.87827],[-103.12327,22.88555],[-103.11877,22.88775],[-103.11759,22.8907],[-103.12048,22.89928],[-103.11822,22.90204],[-103.12071,22.90255],[-103.12106,22.90968],[-103.11689,22.90414],[-103.11859,22.89465],[-103.11669,22.8899],[-103.11409,22.88824],[-103.11379,22.88926],[-103.11097,22.89793],[-103.1085,22.90514],[-103.10779,22.90782],[-103.1054,22.9099],[-103.10895,22.90375],[-103.11095,22.89793],[-103.11377,22.88925],[-103.11425,22.88765],[-103.11472,22.88286],[-103.1085,22.87985],[-103.11537,22.88064],[-103.11749,22.87645],[-103.11614,22.8755],[-103.11996,22.87098],[-103.12669,22.8662],[-103.1186,22.86632],[-103.11576,22.86434],[-103.1121,22.85711],[-103.10677,22.85879],[-103.10778,22.8564],[-103.11261,22.85372],[-103.10734,22.8516],[-103.10679,22.85578],[-103.10439,22.85388],[-103.10857,22.84818],[-103.10738,22.84559],[-103.10358,22.84608],[-103.09992,22.84884],[-103.10034,22.84598],[-103.09564,22.84493],[-103.09606,22.84821],[-103.09926,22.85165],[-103.10341,22.84953],[-103.10411,22.85371],[-103.10139,22.85602],[-103.09553,22.84934],[-103.09471,22.84661],[-103.09188,22.84764],[-103.09582,22.85609],[-103.1012,22.8611],[-103.1055,22.86647],[-103.08468,22.86969],[-103.06848,22.87134],[-103.067,22.87597],[-103.0753,22.88112],[-103.07343,22.88563],[-103.07498,22.8909],[-103.09575,22.88287],[-103.09659,22.8833],[-103.07924,22.88976],[-103.07374,22.90057],[-103.06928,22.89995],[-103.06864,22.89581],[-103.06175,22.89881],[-103.04001,22.90409],[-103.03696,22.90443],[-103.03561,22.91228],[-103.03291,22.91288],[-103.03097,22.91664],[-103.02849,22.9179],[-103.02833,22.92138],[-103.03442,22.91644],[-103.0362,22.91735],[-103.03403,22.92132],[-103.03147,22.92205],[-103.03335,22.92613],[-103.0314,22.93565],[-103.0343,22.93779],[-103.03169,22.9433],[-103.0345,22.94421],[-103.03791,22.94182],[-103.04593,22.94131],[-103.05496,22.9379],[-103.06132,22.94746],[-103.06355,22.9474],[-103.06608,22.95271],[-103.07009,22.95523],[-103.06921,22.95868],[-103.07292,22.95949],[-103.07432,22.96165],[-103.0797,22.95984],[-103.08385,22.96014],[-103.08259,22.95823],[-103.09018,22.95381],[-103.09134,22.97523],[-103.11005,22.97202],[-103.11435,22.97223],[-103.11505,22.96867],[-103.11067,22.96606],[-103.11644,22.95492],[-103.1147,22.95203],[-103.11525,22.94529],[-103.11363,22.94078],[-103.11539,22.9293],[-103.11302,22.92677],[-103.11485,22.93194],[-103.11193,22.93191],[-103.11013,22.92895],[-103.11018,22.92372],[-103.10126,22.92754],[-103.09969,22.92512],[-103.09541,22.92719],[-103.09122,22.93097],[-103.0887,22.9309],[-103.09148,22.92722],[-103.0901,22.92474],[-103.08741,22.92615],[-103.08764,22.91993],[-103.08169,22.91774],[-103.08164,22.9145],[-103.07814,22.91488],[-103.07988,22.91222],[-103.08565,22.91406],[-103.08803,22.91627],[-103.09441,22.90686],[-103.09611,22.90802],[-103.09797,22.90507],[-103.10395,22.91083]],[[-103.07785,22.90824],[-103.08026,22.90734],[-103.07938,22.91179],[-103.07785,22.90824]],[[-103.078,22.87917],[-103.07762,22.87646],[-103.08013,22.8756],[-103.08352,22.87819],[-103.078,22.87917]],[[-103.10512,22.87537],[-103.10707,22.8707],[-103.10748,22.87665],[-103.10512,22.87537]],[[-103.12291,22.89474],[-103.12293,22.89128],[-103.12694,22.89308],[-103.12291,22.89474]]],[[[-102.95542,22.8997],[-102.95536,22.89949],[-102.9552,22.89897],[-102.95252,22.89544],[-102.94779,22.89761],[-102.94449,22.90377],[-102.94407,22.90921],[-102.94046,22.91655],[-102.93793,22.9165],[-102.9326,22.91919],[-102.93028,22.9242],[-102.92731,22.9263],[-102.92813,22.92994],[-102.92161,22.92844],[-102.91837,22.93147],[-102.91105,22.9323],[-102.90802,22.9309],[-102.90811,22.93733],[-102.90593,22.93736],[-102.90389,22.94018],[-102.9024,22.95044],[-102.90061,22.95048],[-102.90033,22.95094],[-102.9003,22.95098],[-102.9003,22.95049],[-102.90061,22.95048],[-102.90232,22.94776],[-102.89611,22.9479],[-102.89644,22.94128],[-102.8994,22.94116],[-102.89746,22.93469],[-102.89194,22.93373],[-102.89021,22.93797],[-102.88603,22.93606],[-102.89163,22.93048],[-102.89475,22.92953],[-102.89783,22.93113],[-102.89746,22.92498],[-102.89361,22.92323],[-102.89281,22.91856],[-102.88811,22.91909],[-102.8878,22.92423],[-102.88053,22.92388],[-102.8798,22.92954],[-102.88449,22.93118],[-102.88453,22.93353],[-102.8804,22.93245],[-102.88012,22.92991],[-102.8763,22.92975],[-102.87636,22.93408],[-102.87825,22.93422],[-102.87835,22.93861],[-102.8817,22.93898],[-102.88467,22.94302],[-102.88156,22.94322],[-102.88171,22.94843],[-102.88478,22.94918],[-102.88468,22.94519],[-102.88736,22.94441],[-102.88747,22.94774],[-102.88993,22.94776],[-102.89015,22.95055],[-102.88747,22.95063],[-102.89191,22.95418],[-102.88856,22.95338],[-102.88662,22.9506],[-102.88263,22.95059],[-102.87885,22.94878],[-102.87877,22.94522],[-102.87642,22.94525],[-102.87643,22.94048],[-102.87355,22.94021],[-102.87356,22.94529],[-102.8614,22.94547],[-102.86138,22.94281],[-102.85803,22.94241],[-102.85807,22.94661],[-102.86036,22.94651],[-102.86365,22.95266],[-102.86591,22.95128],[-102.87038,22.95067],[-102.87059,22.9524],[-102.86498,22.95226],[-102.86733,22.95735],[-102.87802,22.95637],[-102.88451,22.95766],[-102.87692,22.95874],[-102.87693,22.96377],[-102.88287,22.96685],[-102.8936,22.96447],[-102.89449,22.96781],[-102.89056,22.96871],[-102.89382,22.97364],[-102.89568,22.97367],[-102.89748,22.96336],[-102.8976,22.95897],[-102.89689,22.95634],[-102.89822,22.95608],[-102.89912,22.95432],[-102.89915,22.95423],[-102.89903,22.95593],[-102.89822,22.95608],[-102.89762,22.95891],[-102.8975,22.96336],[-102.89479,22.97875],[-102.89519,22.9763],[-102.88785,22.97096],[-102.88375,22.97165],[-102.8812,22.96734],[-102.87485,22.96539],[-102.87189,22.9582],[-102.866,22.95869],[-102.86319,22.9575],[-102.86155,22.95385],[-102.86155,22.95865],[-102.85818,22.95875],[-102.85804,22.95579],[-102.84837,22.95579],[-102.8462,22.95498],[-102.84611,22.94994],[-102.84385,22.94863],[-102.83783,22.94886],[-102.83773,22.94561],[-102.83503,22.94667],[-102.82939,22.94621],[-102.82955,22.94841],[-102.82549,22.94777],[-102.82309,22.95067],[-102.81541,22.94926],[-102.81314,22.95254],[-102.80345,22.95373],[-102.80174,22.95592],[-102.80716,22.95818],[-102.81437,22.95813],[-102.81714,22.95609],[-102.81725,22.95895],[-102.8241,22.95964],[-102.82459,22.958],[-102.82892,22.95798],[-102.82946,22.95977],[-102.83627,22.95917],[-102.83633,22.96296],[-102.842,22.96225],[-102.84059,22.95794],[-102.84621,22.95879],[-102.84614,22.96224],[-102.85405,22.95879],[-102.85396,22.96228],[-102.85672,22.9623],[-102.85719,22.95973],[-102.8651,22.96292],[-102.86608,22.96283],[-102.86794,22.96499],[-102.86944,22.96814],[-102.87694,22.96929],[-102.87727,22.97109],[-102.88279,22.97312],[-102.88275,22.97506],[-102.87629,22.97058],[-102.86908,22.96841],[-102.86814,22.96593],[-102.86605,22.96359],[-102.85579,22.96435],[-102.85306,22.96354],[-102.85153,22.96473],[-102.85152,22.96848],[-102.84824,22.96816],[-102.84829,22.9716],[-102.85681,22.97201],[-102.85547,22.97794],[-102.86051,22.978],[-102.86278,22.97517],[-102.86918,22.97217],[-102.87245,22.97248],[-102.87498,22.97615],[-102.87912,22.97898],[-102.88313,22.98105],[-102.87838,22.97916],[-102.87622,22.97739],[-102.87147,22.97285],[-102.8686,22.97247],[-102.86365,22.97516],[-102.86119,22.97805],[-102.8696,22.97835],[-102.87217,22.98206],[-102.86476,22.97819],[-102.86201,22.98038],[-102.8644,22.985],[-102.86033,22.98496],[-102.85805,22.98256],[-102.85769,22.97957],[-102.85381,22.97704],[-102.84899,22.97641],[-102.84101,22.97285],[-102.84062,22.97007],[-102.83776,22.96873],[-102.83166,22.96922],[-102.82662,22.96741],[-102.82785,22.96358],[-102.82235,22.96166],[-102.82189,22.96429],[-102.8198,22.96127],[-102.81392,22.96518],[-102.82138,22.96914],[-102.814,22.9676],[-102.81232,22.96819],[-102.80815,22.9687],[-102.80069,22.97363],[-102.79978,22.97734],[-102.80313,22.98045],[-102.80393,22.993],[-102.80962,22.99706],[-102.81037,23.00177],[-102.81572,23.00094],[-102.81684,23.00405],[-102.82076,23.00343],[-102.82277,22.99968],[-102.82149,22.99741],[-102.82445,22.99524],[-102.8305,22.99538],[-102.83291,22.99315],[-102.83666,22.99266],[-102.83786,22.98875],[-102.84371,22.98883],[-102.84389,22.99056],[-102.84909,22.98975],[-102.85435,22.99141],[-102.8613,22.99026],[-102.86688,22.99148],[-102.86803,22.9873],[-102.87207,22.98523],[-102.87627,22.98515],[-102.88078,22.98657],[-102.87595,22.98779],[-102.87587,22.99096],[-102.88556,22.98914],[-102.88576,22.985],[-102.89377,22.98511],[-102.8945,22.98023],[-102.89474,22.97911],[-102.89492,22.97911],[-102.89495,22.97911],[-102.89562,22.97915],[-102.89377,22.98775],[-102.90366,22.98975],[-102.90415,22.98242],[-102.90074,22.98404],[-102.9009,22.97947],[-102.90436,22.97968],[-102.90232,23.01127],[-102.90718,23.0102],[-102.90695,23.01589],[-102.90203,23.01608],[-102.89815,23.01689],[-102.89433,23.01445],[-102.89621,23.01221],[-102.89248,23.01189],[-102.89228,23.01745],[-102.90028,23.02107],[-102.90074,23.02108],[-102.90171,23.0211],[-102.9045,23.02404],[-102.89799,23.02148],[-102.89003,23.02055],[-102.88951,23.02513],[-102.87928,23.02108],[-102.88089,23.02371],[-102.88807,23.02673],[-102.8774,23.02378],[-102.87555,23.02863],[-102.87495,23.03078],[-102.87414,23.03889],[-102.874,23.0395],[-102.87434,23.04825],[-102.87071,23.04776],[-102.86676,23.04588],[-102.86636,23.04798],[-102.86295,23.04546],[-102.86308,23.04253],[-102.85905,23.0415],[-102.85081,23.04211],[-102.85078,23.03881],[-102.8446,23.0387],[-102.84495,23.03186],[-102.84262,23.03135],[-102.84357,23.02451],[-102.85133,23.02464],[-102.85305,23.02701],[-102.85324,23.02313],[-102.85125,23.01885],[-102.84878,23.01927],[-102.84165,23.0137],[-102.83784,23.01619],[-102.83196,23.02217],[-102.82203,23.02499],[-102.82066,23.0291],[-102.82792,23.02932],[-102.83178,23.03109],[-102.83182,23.02842],[-102.83918,23.02677],[-102.83964,23.02867],[-102.83378,23.02975],[-102.83209,23.03266],[-102.82494,23.03255],[-102.82489,23.03541],[-102.83337,23.03562],[-102.83308,23.03903],[-102.83303,23.03959],[-102.83628,23.03849],[-102.84108,23.0401],[-102.84111,23.04395],[-102.84488,23.04683],[-102.84676,23.04571],[-102.85648,23.04611],[-102.86026,23.04774],[-102.86019,23.04976],[-102.85752,23.04995],[-102.85645,23.04814],[-102.84534,23.04803],[-102.84826,23.04989],[-102.85243,23.05339],[-102.84667,23.05419],[-102.85461,23.05443],[-102.86632,23.05089],[-102.87022,23.05112],[-102.87556,23.0486],[-102.8924,23.0507],[-102.89322,23.04174],[-102.89076,23.04136],[-102.89151,23.03001],[-102.89702,23.03032],[-102.89684,23.03503],[-102.9003,23.03592],[-102.90097,23.03918],[-102.91024,23.03663],[-102.91612,23.03117],[-102.9161,23.02838],[-102.92119,23.02869],[-102.92658,23.02716],[-102.92531,23.02376],[-102.92826,23.02211],[-102.93448,23.02159],[-102.9392,23.02003],[-102.9364,23.01409],[-102.93688,23.00837],[-102.94028,23.01137],[-102.94434,23.00905],[-102.94471,23.00267],[-102.94108,23.00089],[-102.94202,22.99426],[-102.94218,22.98166],[-102.93508,22.97106],[-102.92957,22.96421],[-102.92803,22.96038],[-102.93042,22.95988],[-102.92988,22.957],[-102.93596,22.95841],[-102.93655,22.95389],[-102.93268,22.94925],[-102.93488,22.93751],[-102.93358,22.93539],[-102.9344,22.92824],[-102.93617,22.92869],[-102.93838,22.92466],[-102.93748,22.92011],[-102.94137,22.9168],[-102.95232,22.91686],[-102.95337,22.9159],[-102.95526,22.91165],[-102.95633,22.90273],[-102.95464,22.90309],[-102.95633,22.90272],[-102.95576,22.90082],[-102.95542,22.8997]],[[-102.9075,22.95449],[-102.91129,22.95409],[-102.91387,22.9606],[-102.91389,22.96382],[-102.91068,22.96451],[-102.90668,22.96281],[-102.9075,22.95449]],[[-102.84104,22.97986],[-102.83895,22.97749],[-102.84278,22.97537],[-102.84283,22.97987],[-102.84104,22.97986]]],[[[-102.94431,22.89343],[-102.94088,22.89259],[-102.94218,22.8925],[-102.94326,22.89242],[-102.94472,22.89232],[-102.94522,22.89065],[-102.93868,22.89033],[-102.93922,22.89092],[-102.93728,22.8907],[-102.93716,22.89412],[-102.94388,22.89463],[-102.94431,22.89343]]],[[[-103.12078,22.88509],[-103.12129,22.88431],[-103.1245,22.88058],[-103.12347,22.88015],[-103.12661,22.8787],[-103.12436,22.87689],[-103.12441,22.87624],[-103.12519,22.87505],[-103.12497,22.87434],[-103.12455,22.87406],[-103.12437,22.87182],[-103.12822,22.86743],[-103.12823,22.86743],[-103.12958,22.8681],[-103.13395,22.86399],[-103.13679,22.86422],[-103.13966,22.86265],[-103.13973,22.86135],[-103.14259,22.85884],[-103.13733,22.86018],[-103.12465,22.86775],[-103.11887,22.87399],[-103.11492,22.88175],[-103.11475,22.88575],[-103.11823,22.88718],[-103.12161,22.8858],[-103.12078,22.88509]]],[[[-102.95264,22.85436],[-102.95501,22.85011],[-102.95564,22.84897],[-102.95462,22.84715],[-102.95438,22.84695],[-102.95244,22.84527],[-102.95788,22.84483],[-102.95774,22.84288],[-102.9561,22.84094],[-102.95168,22.84215],[-102.9482,22.86145],[-102.94937,22.86889],[-102.95038,22.86857],[-102.95036,22.85895],[-102.95224,22.85518],[-102.95264,22.85436]]],[[[-102.9774,22.62608],[-102.97555,22.62409],[-102.97417,22.62604],[-102.97737,22.62779],[-102.97639,22.62959],[-102.97291,22.6288],[-102.9734,22.63136],[-102.9767,22.63317],[-102.98063,22.62833],[-102.9782,22.62676],[-102.9774,22.62608]]],[[[-102.91747,22.90768],[-102.91464,22.90997],[-102.90884,22.90749],[-102.90924,22.90637],[-102.90896,22.90632],[-102.90512,22.90571],[-102.90477,22.90565],[-102.90412,22.91064],[-102.90793,22.91144],[-102.90452,22.91286],[-102.90356,22.91722],[-102.91614,22.91872],[-102.91707,22.91283],[-102.92119,22.91268],[-102.9216,22.90971],[-102.91781,22.90773],[-102.91747,22.90768]]],[[[-102.86004,22.89151],[-102.85929,22.89017],[-102.84248,22.89151],[-102.84324,22.88796],[-102.84913,22.88936],[-102.85114,22.8868],[-102.85741,22.88654],[-102.85806,22.88329],[-102.85195,22.88301],[-102.85352,22.87926],[-102.85599,22.87987],[-102.8558,22.86899],[-102.85744,22.86528],[-102.85388,22.86279],[-102.83833,22.86387],[-102.83781,22.85901],[-102.83483,22.8593],[-102.84341,22.87659],[-102.81267,22.8685],[-102.80858,22.87121],[-102.80428,22.87097],[-102.79681,22.88832],[-102.78102,22.88814],[-102.78016,22.89496],[-102.7839,22.89525],[-102.78399,22.89756],[-102.78804,22.89326],[-102.78793,22.89725],[-102.79177,22.89783],[-102.79165,22.90231],[-102.79389,22.90238],[-102.79368,22.89786],[-102.7956,22.89991],[-102.79958,22.89813],[-102.79947,22.90257],[-102.80125,22.90947],[-102.80388,22.91115],[-102.80698,22.90841],[-102.80632,22.89829],[-102.81136,22.89834],[-102.8154,22.89484],[-102.81745,22.8896],[-102.8231,22.88562],[-102.81403,22.89849],[-102.81132,22.89977],[-102.80906,22.90955],[-102.79902,22.914],[-102.79819,22.92078],[-102.7937,22.92064],[-102.79127,22.92948],[-102.79231,22.93136],[-102.79048,22.93494],[-102.79327,22.93532],[-102.80214,22.92965],[-102.80261,22.92092],[-102.80845,22.9211],[-102.81464,22.91256],[-102.81483,22.90781],[-102.81724,22.90781],[-102.81847,22.90335],[-102.82084,22.90304],[-102.82671,22.89911],[-102.83101,22.89469],[-102.83117,22.89014],[-102.83532,22.89029],[-102.83957,22.88366],[-102.83898,22.8949],[-102.84429,22.8952],[-102.84603,22.8975],[-102.85298,22.89728],[-102.854,22.89392],[-102.8614,22.89401],[-102.86017,22.8916],[-102.86004,22.89151]]],[[[-102.83024,22.60881],[-102.83255,22.61021],[-102.83449,22.61482],[-102.83979,22.61343],[-102.83873,22.6107],[-102.83388,22.61061],[-102.8355,22.60787],[-102.83328,22.60476],[-102.83024,22.60881]]],[[[-102.99457,22.90854],[-102.99878,22.91245],[-102.99882,22.90865],[-102.99457,22.90854]]],[[[-102.94472,22.88239],[-102.94567,22.8821],[-102.94684,22.88231],[-102.94867,22.88176],[-102.94973,22.8769],[-102.94691,22.88079],[-102.94209,22.88013],[-102.95033,22.87413],[-102.9503,22.86952],[-102.94638,22.87059],[-102.94106,22.87396],[-102.9382,22.87414],[-102.93425,22.87761],[-102.93853,22.87859],[-102.9376,22.88354],[-102.93918,22.88709],[-102.94533,22.88763],[-102.94472,22.88239]]],[[[-102.94244,22.84287],[-102.94542,22.84154],[-102.94369,22.8379],[-102.94244,22.84287]]],[[[-102.94253,22.84796],[-102.94127,22.84399],[-102.93906,22.84738],[-102.93979,22.84954],[-102.94253,22.84796]]],[[[-102.95124,22.84227],[-102.94596,22.84195],[-102.94269,22.84743],[-102.94321,22.8482],[-102.93984,22.85083],[-102.93651,22.84982],[-102.93909,22.85197],[-102.93857,22.85615],[-102.94086,22.8567],[-102.9366,22.85883],[-102.93584,22.8712],[-102.941,22.8736],[-102.94211,22.87179],[-102.94894,22.86932],[-102.94793,22.86012],[-102.95124,22.84227]]],[[[-103.01202,22.81569],[-103.01199,22.81583],[-103.01296,22.81897],[-103.01459,22.81887],[-103.01689,22.8284],[-103.01794,22.82482],[-103.02026,22.82415],[-103.02052,22.82075],[-103.02366,22.81858],[-103.02626,22.81902],[-103.0259,22.81468],[-103.02178,22.81441],[-103.0202,22.81632],[-103.01202,22.81569]]],[[[-103.00347,22.81389],[-103.00457,22.82069],[-103.00764,22.82051],[-103.00886,22.81396],[-103.00347,22.81389]]],[[[-102.99434,22.81627],[-102.99416,22.81618],[-102.99169,22.81599],[-102.99084,22.8194],[-102.99471,22.82389],[-103.00005,22.82206],[-102.99528,22.81673],[-102.99434,22.81627]]],[[[-103.01778,22.83082],[-103.01922,22.83458],[-103.02794,22.82972],[-103.02953,22.82782],[-103.02744,22.82598],[-103.01778,22.83082]]],[[[-103.10863,22.83049],[-103.11845,22.82397],[-103.1168,22.81945],[-103.11237,22.82457],[-103.10863,22.83049]]],[[[-103.0939,22.84172],[-103.09168,22.84294],[-103.09377,22.84484],[-103.10109,22.83708],[-103.10145,22.83294],[-103.10388,22.83196],[-103.10423,22.83684],[-103.10674,22.83771],[-103.10744,22.83427],[-103.10485,22.82827],[-103.09874,22.831],[-103.10023,22.83343],[-103.09639,22.83617],[-103.09698,22.83838],[-103.0939,22.84172]]],[[[-103.02722,22.83997],[-103.02664,22.84013],[-103.02638,22.84049],[-103.02722,22.83997]]],[[[-103.01972,22.83588],[-103.02063,22.83772],[-103.02081,22.83804],[-103.02199,22.83974],[-103.02307,22.83983],[-103.02664,22.84013],[-103.02757,22.83976],[-103.03175,22.83349],[-103.02929,22.83051],[-103.02455,22.83216],[-103.01972,22.83588]]],[[[-103.14186,22.85489],[-103.14976,22.85138],[-103.14498,22.84939],[-103.14815,22.84601],[-103.1507,22.84672],[-103.15352,22.84381],[-103.15725,22.84543],[-103.15966,22.84306],[-103.15711,22.84153],[-103.16304,22.84003],[-103.15856,22.83861],[-103.15905,22.83396],[-103.1635,22.83797],[-103.16413,22.83549],[-103.16004,22.83309],[-103.16557,22.83125],[-103.16148,22.82731],[-103.16666,22.82584],[-103.16699,22.82006],[-103.16584,22.81201],[-103.16407,22.81136],[-103.15962,22.81758],[-103.15617,22.82078],[-103.14842,22.82257],[-103.14665,22.81998],[-103.14338,22.82226],[-103.14842,22.82443],[-103.14507,22.82535],[-103.13933,22.82288],[-103.13727,22.82553],[-103.13447,22.8223],[-103.13152,22.82569],[-103.11981,22.82659],[-103.11698,22.82818],[-103.12045,22.8329],[-103.12367,22.83152],[-103.12865,22.83989],[-103.13065,22.83732],[-103.13312,22.83902],[-103.13006,22.84127],[-103.12224,22.83462],[-103.11511,22.83098],[-103.112,22.83285],[-103.12194,22.8406],[-103.11353,22.84316],[-103.11303,22.84074],[-103.11053,22.84377],[-103.11479,22.84501],[-103.11365,22.84757],[-103.10965,22.84919],[-103.11182,22.85188],[-103.11457,22.85011],[-103.11546,22.84704],[-103.11916,22.84733],[-103.11933,22.85075],[-103.1258,22.8506],[-103.12803,22.84754],[-103.12906,22.84938],[-103.13578,22.8452],[-103.14028,22.8461],[-103.14186,22.85489]]],[[[-103.10823,22.84419],[-103.10747,22.83827],[-103.09922,22.84118],[-103.09778,22.84351],[-103.10455,22.84172],[-103.10823,22.84419]]],[[[-103.15122,22.82017],[-103.15642,22.81617],[-103.16148,22.80948],[-103.15122,22.8107],[-103.15295,22.81339],[-103.1494,22.81321],[-103.14581,22.81669],[-103.14252,22.81616],[-103.14293,22.81958],[-103.14716,22.81698],[-103.15122,22.82017]]],[[[-103.1042,22.81503],[-103.10239,22.81911],[-103.10477,22.81874],[-103.1042,22.81503]]],[[[-102.82564,22.66365],[-102.82814,22.66402],[-102.83392,22.6601],[-102.83388,22.64812],[-102.82559,22.64817],[-102.82333,22.65044],[-102.83085,22.65562],[-102.82932,22.66163],[-102.82796,22.66033],[-102.82564,22.66365]]],[[[-102.82834,22.67078],[-102.83132,22.66729],[-102.82463,22.66632],[-102.82332,22.6676],[-102.82879,22.66841],[-102.82834,22.67078]]],[[[-102.82239,22.64537],[-102.82447,22.64487],[-102.82449,22.64482],[-102.8227,22.64464],[-102.82239,22.64537]]],[[[-102.98125,22.63081],[-102.98175,22.62988],[-102.98166,22.62899],[-102.98118,22.62869],[-102.98125,22.63081]]],[[[-102.90077,22.58381],[-102.90181,22.58401],[-102.90537,22.58229],[-102.90229,22.58174],[-102.90077,22.58381]]],[[[-102.9388,22.58072],[-102.93867,22.58047],[-102.93849,22.58013],[-102.93817,22.57953],[-102.93327,22.58102],[-102.93932,22.5817],[-102.93903,22.58115],[-102.9388,22.58072]]],[[[-103.09638,22.7229],[-103.09635,22.72247],[-103.09633,22.72206],[-103.0963,22.72162],[-103.09299,22.71962],[-103.0931,22.72242],[-103.0964,22.7233],[-103.09638,22.7229]]],[[[-103.21259,22.72966],[-103.2175,22.73044],[-103.21391,22.72847],[-103.21259,22.72966]]],[[[-103.20945,22.74396],[-103.21106,22.74353],[-103.2102,22.73868],[-103.21119,22.73538],[-103.21717,22.73619],[-103.21901,22.733],[-103.21477,22.73245],[-103.21031,22.73023],[-103.20817,22.73789],[-103.20945,22.74396]]],[[[-103.20218,22.77493],[-103.20616,22.77478],[-103.20508,22.7727],[-103.20918,22.77013],[-103.21142,22.76681],[-103.20729,22.76898],[-103.20435,22.77219],[-103.20055,22.77195],[-103.19713,22.76885],[-103.19818,22.77252],[-103.20218,22.77493]]],[[[-103.11333,22.80297],[-103.11295,22.80746],[-103.11532,22.8099],[-103.11906,22.80884],[-103.11818,22.79736],[-103.12174,22.79857],[-103.12104,22.79451],[-103.12479,22.79219],[-103.12311,22.78972],[-103.12619,22.78683],[-103.12302,22.78677],[-103.12061,22.78391],[-103.12167,22.78085],[-103.11837,22.77883],[-103.12015,22.77551],[-103.11949,22.77083],[-103.11706,22.76955],[-103.11256,22.77062],[-103.11725,22.77725],[-103.11955,22.78542],[-103.11767,22.79363],[-103.11376,22.79678],[-103.11333,22.80297]]],[[[-103.10083,22.80283],[-103.10008,22.81228],[-103.1027,22.81202],[-103.1047,22.80636],[-103.10314,22.8031],[-103.10083,22.80283]]],[[[-103.12617,22.80994],[-103.12675,22.80636],[-103.12925,22.80797],[-103.13236,22.80687],[-103.1273,22.80305],[-103.12693,22.79992],[-103.1251,22.8096],[-103.12617,22.80994]]],[[[-103.1358,22.80388],[-103.1378,22.80367],[-103.14124,22.79169],[-103.14601,22.79509],[-103.14538,22.79096],[-103.14695,22.78711],[-103.14532,22.7838],[-103.13767,22.78111],[-103.13363,22.78533],[-103.13521,22.78661],[-103.13321,22.79662],[-103.13523,22.80024],[-103.13505,22.80113],[-103.13645,22.80216],[-103.1358,22.80388]],[[-103.13711,22.79079],[-103.14165,22.78255],[-103.14426,22.78684],[-103.13992,22.78735],[-103.13794,22.79081],[-103.1354,22.80047],[-103.13564,22.79663],[-103.13711,22.79079]]],[[[-103.20699,22.79762],[-103.2092,22.79973],[-103.20939,22.79545],[-103.21621,22.79284],[-103.20999,22.78964],[-103.20787,22.7871],[-103.21021,22.78058],[-103.2061,22.77507],[-103.20452,22.7765],[-103.20793,22.78123],[-103.20412,22.78613],[-103.20392,22.79134],[-103.20201,22.79552],[-103.20699,22.79762]]],[[[-103.22935,22.78262],[-103.23172,22.78237],[-103.23201,22.77901],[-103.22935,22.78262]]],[[[-103.22617,22.80412],[-103.22549,22.80925],[-103.22061,22.8135],[-103.22904,22.80836],[-103.23101,22.80582],[-103.23147,22.7986],[-103.22865,22.79389],[-103.22767,22.79748],[-103.22432,22.79727],[-103.22247,22.80143],[-103.21891,22.80542],[-103.21631,22.80487],[-103.21486,22.80889],[-103.21894,22.80586],[-103.21921,22.81206],[-103.22468,22.80819],[-103.22569,22.79934],[-103.22823,22.79817],[-103.22617,22.80412]]],[[[-103.19382,22.8376],[-103.19798,22.83768],[-103.19901,22.83437],[-103.19166,22.83153],[-103.18815,22.82921],[-103.19232,22.82783],[-103.20143,22.83022],[-103.20411,22.82633],[-103.1981,22.81647],[-103.18794,22.81482],[-103.20016,22.8151],[-103.20481,22.81402],[-103.2053,22.80893],[-103.19817,22.80511],[-103.19515,22.80662],[-103.19521,22.8079],[-103.19372,22.80966],[-103.18866,22.81095],[-103.18558,22.80943],[-103.1776,22.81138],[-103.17751,22.81634],[-103.17916,22.8162],[-103.17321,22.82232],[-103.17206,22.82686],[-103.1693,22.8279],[-103.17011,22.83189],[-103.18434,22.83786],[-103.19382,22.8376]]],[[[-103.16506,22.83496],[-103.16876,22.83862],[-103.1677,22.83491],[-103.16506,22.83496]]],[[[-103.18776,22.84045],[-103.19181,22.83928],[-103.18877,22.83833],[-103.18776,22.84045]]],[[[-103.19072,22.84807],[-103.1937,22.84799],[-103.19497,22.84448],[-103.19394,22.84187],[-103.19105,22.84217],[-103.17845,22.83973],[-103.17849,22.84192],[-103.1752,22.84009],[-103.17225,22.84557],[-103.17651,22.84619],[-103.18,22.84203],[-103.18456,22.84404],[-103.18377,22.84544],[-103.19072,22.84807]]],[[[-103.16843,22.82285],[-103.16744,22.82829],[-103.17147,22.82676],[-103.17275,22.82246],[-103.16783,22.82035],[-103.16843,22.82285]]],[[[-103.17038,22.81853],[-103.17038,22.82127],[-103.17289,22.82222],[-103.17658,22.81624],[-103.17038,22.81853]]],[[[-103.19328,22.80589],[-103.19092,22.80865],[-103.19437,22.80877],[-103.1938,22.80584],[-103.19662,22.8035],[-103.1935,22.80355],[-103.19328,22.80589]]],[[[-103.13296,22.81817],[-103.13285,22.81939],[-103.13906,22.81322],[-103.14116,22.81366],[-103.14286,22.80839],[-103.13952,22.80536],[-103.1352,22.80417],[-103.13197,22.81027],[-103.12983,22.81187],[-103.13004,22.81806],[-103.13296,22.81817]]],[[[-103.20069,22.81994],[-103.20439,22.8259],[-103.20838,22.81971],[-103.21055,22.82142],[-103.21332,22.81871],[-103.21691,22.81928],[-103.21896,22.81603],[-103.21776,22.81386],[-103.2083,22.81698],[-103.20048,22.81861],[-103.20069,22.81994]]],[[[-103.19604,22.83209],[-103.19911,22.83413],[-103.20077,22.831],[-103.1922,22.82809],[-103.18986,22.8295],[-103.19604,22.83209]]],[[[-103.20587,22.74962],[-103.20859,22.75009],[-103.21047,22.74459],[-103.20672,22.74543],[-103.20587,22.74962]]],[[[-102.84308,22.59892],[-102.84106,22.59918],[-102.83708,22.60451],[-102.83346,22.60323],[-102.83583,22.60753],[-102.84114,22.60798],[-102.84167,22.61051],[-102.84329,22.60665],[-102.84119,22.60522],[-102.84308,22.60253],[-102.84308,22.59892]]],[[[-102.84684,22.60074],[-102.84596,22.5999],[-102.84328,22.60379],[-102.84593,22.6039],[-102.84684,22.60074]]],[[[-102.82614,22.68206],[-102.82368,22.67961],[-102.8237,22.684],[-102.82662,22.68343],[-102.82614,22.68206]]],[[[-102.81163,22.66905],[-102.81509,22.66982],[-102.8171,22.66794],[-102.81163,22.66905]]],[[[-102.82196,22.66448],[-102.82338,22.66355],[-102.82531,22.65838],[-102.83014,22.65569],[-102.82049,22.6575],[-102.81836,22.66218],[-102.8206,22.66537],[-102.82103,22.66509],[-102.82196,22.66448]]],[[[-102.83074,22.69782],[-102.83055,22.69539],[-102.82918,22.70338],[-102.82586,22.70385],[-102.82607,22.70659],[-102.83223,22.7031],[-102.83215,22.69864],[-102.83111,22.69803],[-102.83074,22.69782]]],[[[-102.82428,22.70016],[-102.82925,22.6994],[-102.8282,22.69611],[-102.82476,22.69717],[-102.82428,22.70016]]],[[[-103.15957,22.84977],[-103.16166,22.84637],[-103.16032,22.84424],[-103.15678,22.85037],[-103.15957,22.84977]]],[[[-102.95571,21.48951],[-102.95616,21.48787],[-102.95367,21.48916],[-102.95319,21.48988],[-102.95406,21.49171],[-102.95516,21.49125],[-102.95571,21.48951]]],[[[-102.82674,21.66475],[-102.82795,21.66411],[-102.83162,21.66273],[-102.83392,21.66195],[-102.82796,21.66153],[-102.82516,21.66559],[-102.82584,21.66523],[-102.82674,21.66475]]],[[[-102.82422,21.65975],[-102.82665,21.66194],[-102.83147,21.65672],[-102.82655,21.65567],[-102.82422,21.65975]]],[[[-102.90736,21.56918],[-102.90725,21.56982],[-102.90721,21.57009],[-102.90655,21.57079],[-102.90934,21.57148],[-102.90848,21.57383],[-102.90979,21.57324],[-102.91144,21.57041],[-102.90736,21.56918]]],[[[-102.93817,21.53808],[-102.93755,21.53789],[-102.93752,21.53791],[-102.93817,21.53808]]],[[[-102.78656,21.7082],[-102.79162,21.70823],[-102.78769,21.70342],[-102.78562,21.70589],[-102.78656,21.7082]]],[[[-102.78984,21.70051],[-102.79343,21.69917],[-102.79372,21.69656],[-102.78951,21.69661],[-102.78984,21.70051]]],[[[-102.50195,22.56611],[-102.50537,22.56059],[-102.50325,22.55621],[-102.49914,22.558],[-102.49723,22.55602],[-102.49237,22.55515],[-102.48891,22.55969],[-102.49776,22.56069],[-102.48983,22.56372],[-102.48607,22.56148],[-102.48509,22.55805],[-102.47828,22.56109],[-102.48327,22.56367],[-102.47991,22.56564],[-102.48636,22.5691],[-102.48731,22.5678],[-102.48938,22.57286],[-102.48797,22.57484],[-102.48158,22.57192],[-102.48272,22.56873],[-102.48065,22.56732],[-102.4787,22.5718],[-102.47995,22.57616],[-102.47606,22.57464],[-102.47474,22.57645],[-102.47066,22.57389],[-102.4665,22.5792],[-102.46216,22.58055],[-102.45734,22.57754],[-102.45487,22.58144],[-102.45978,22.58466],[-102.45721,22.58867],[-102.46316,22.58974],[-102.46516,22.59225],[-102.46042,22.59066],[-102.45786,22.59284],[-102.46222,22.59697],[-102.46078,22.59979],[-102.46432,22.59907],[-102.4669,22.60059],[-102.46233,22.60461],[-102.45565,22.61675],[-102.45861,22.61718],[-102.46137,22.6205],[-102.47257,22.62337],[-102.47808,22.62502],[-102.48034,22.62731],[-102.48366,22.63421],[-102.48508,22.62777],[-102.48206,22.62901],[-102.48168,22.62424],[-102.48634,22.60425],[-102.48521,22.59978],[-102.48803,22.60017],[-102.48908,22.6064],[-102.48764,22.60738],[-102.48729,22.61423],[-102.48556,22.61223],[-102.48367,22.6203],[-102.4858,22.62456],[-102.48372,22.63451],[-102.48828,22.64113],[-102.49017,22.64771],[-102.49488,22.64786],[-102.49581,22.644],[-102.50039,22.63875],[-102.50587,22.63455],[-102.50619,22.63042],[-102.50334,22.62652],[-102.5019,22.62727],[-102.50006,22.62158],[-102.50139,22.61615],[-102.49184,22.6148],[-102.4962,22.61109],[-102.4912,22.61042],[-102.49758,22.60053],[-102.49337,22.59836],[-102.49355,22.59616],[-102.49961,22.59813],[-102.49626,22.60327],[-102.49975,22.60458],[-102.50289,22.599],[-102.5104,22.60192],[-102.50733,22.61571],[-102.51061,22.61769],[-102.51688,22.61889],[-102.51606,22.62183],[-102.52324,22.62431],[-102.53137,22.61535],[-102.53404,22.61109],[-102.53653,22.61098],[-102.5394,22.59721],[-102.53627,22.59691],[-102.53805,22.58651],[-102.53604,22.58629],[-102.53341,22.59646],[-102.52512,22.59327],[-102.52533,22.5894],[-102.51987,22.58997],[-102.52186,22.5856],[-102.51863,22.58575],[-102.52145,22.57943],[-102.51177,22.57955],[-102.51521,22.57418],[-102.50989,22.57341],[-102.51249,22.56898],[-102.5152,22.56789],[-102.51439,22.56524],[-102.50926,22.56774],[-102.51115,22.56455],[-102.50611,22.56201],[-102.50435,22.56375],[-102.505,22.56726],[-102.50195,22.56611]],[[-102.52569,22.60163],[-102.5284,22.60431],[-102.5267,22.60655],[-102.52569,22.60163]],[[-102.50435,22.59073],[-102.5052,22.58861],[-102.50019,22.58796],[-102.5014,22.58621],[-102.50584,22.58726],[-102.50723,22.58447],[-102.51131,22.58404],[-102.5175,22.58559],[-102.51674,22.58695],[-102.51193,22.58626],[-102.50878,22.59214],[-102.50435,22.59073]]],[[[-102.52587,22.5449],[-102.52576,22.54478],[-102.52565,22.54465],[-102.52817,22.53875],[-102.52406,22.53081],[-102.52035,22.53107],[-102.51967,22.52759],[-102.5254,22.52573],[-102.52527,22.52991],[-102.53115,22.53396],[-102.52998,22.53499],[-102.53365,22.53882],[-102.53408,22.53548],[-102.53648,22.53938],[-102.53461,22.54025],[-102.53688,22.54283],[-102.53937,22.54123],[-102.54141,22.5441],[-102.53943,22.54689],[-102.5365,22.54566],[-102.5346,22.54827],[-102.53497,22.54195],[-102.5334,22.54051],[-102.53048,22.54619],[-102.5276,22.54648],[-102.52709,22.54935],[-102.52203,22.5514],[-102.51784,22.55815],[-102.51778,22.56168],[-102.52573,22.56356],[-102.52611,22.56568],[-102.52923,22.56505],[-102.53002,22.56063],[-102.53245,22.56106],[-102.53073,22.56662],[-102.52859,22.5686],[-102.53244,22.57004],[-102.52787,22.58105],[-102.53977,22.58179],[-102.54438,22.58129],[-102.54763,22.57315],[-102.54548,22.57299],[-102.54834,22.56986],[-102.55337,22.57138],[-102.55403,22.5731],[-102.56211,22.57604],[-102.56358,22.57104],[-102.56054,22.56877],[-102.56182,22.56283],[-102.56141,22.56475],[-102.56372,22.56531],[-102.56618,22.57063],[-102.56567,22.57497],[-102.5727,22.57221],[-102.57337,22.56868],[-102.5761,22.57036],[-102.5761,22.57322],[-102.5785,22.57445],[-102.58128,22.57132],[-102.57196,22.5658],[-102.57163,22.56259],[-102.57821,22.56516],[-102.59085,22.569],[-102.59383,22.56696],[-102.59637,22.57032],[-102.5949,22.57338],[-102.60351,22.57772],[-102.60551,22.5751],[-102.61901,22.55057],[-102.62522,22.55177],[-102.62434,22.55793],[-102.62801,22.55655],[-102.63427,22.55674],[-102.63721,22.55419],[-102.63513,22.54471],[-102.63624,22.54133],[-102.6333,22.53907],[-102.64008,22.53416],[-102.63824,22.53111],[-102.64044,22.52877],[-102.63793,22.52821],[-102.63778,22.52462],[-102.63153,22.52652],[-102.63791,22.52327],[-102.63979,22.52012],[-102.64517,22.51523],[-102.63258,22.51078],[-102.63494,22.51396],[-102.62815,22.51619],[-102.62664,22.5149],[-102.62568,22.52134],[-102.62657,22.52362],[-102.63222,22.52289],[-102.62959,22.52682],[-102.63497,22.53213],[-102.63263,22.53228],[-102.63155,22.5294],[-102.62819,22.52922],[-102.62426,22.52451],[-102.62081,22.52771],[-102.61695,22.52788],[-102.62002,22.52372],[-102.61502,22.52344],[-102.61421,22.5207],[-102.60886,22.52169],[-102.60869,22.51907],[-102.60591,22.52254],[-102.60324,22.52335],[-102.60474,22.51598],[-102.60182,22.51419],[-102.60078,22.50973],[-102.60708,22.50687],[-102.60755,22.50121],[-102.60231,22.50759],[-102.59693,22.50619],[-102.59674,22.5042],[-102.59004,22.51384],[-102.59024,22.51868],[-102.58724,22.51873],[-102.58476,22.52186],[-102.58685,22.52981],[-102.59269,22.52772],[-102.58968,22.53147],[-102.58483,22.53077],[-102.58304,22.52841],[-102.58053,22.5313],[-102.58245,22.53465],[-102.58801,22.53498],[-102.58525,22.53992],[-102.57986,22.53841],[-102.57955,22.53631],[-102.57496,22.53428],[-102.56226,22.53462],[-102.56273,22.53028],[-102.57012,22.53068],[-102.56331,22.52881],[-102.56156,22.53098],[-102.56079,22.52729],[-102.5563,22.52864],[-102.54715,22.53524],[-102.54258,22.54135],[-102.53825,22.53436],[-102.5332,22.53266],[-102.53128,22.52793],[-102.53241,22.52652],[-102.53591,22.53128],[-102.54265,22.53663],[-102.54793,22.53316],[-102.55002,22.52948],[-102.5474,22.52643],[-102.54378,22.5275],[-102.54001,22.52565],[-102.53876,22.52002],[-102.54112,22.52201],[-102.54229,22.52607],[-102.54421,22.52365],[-102.55106,22.52686],[-102.55321,22.52338],[-102.55747,22.52242],[-102.55795,22.52402],[-102.55893,22.52414],[-102.56067,22.52106],[-102.56517,22.51879],[-102.56329,22.5106],[-102.56303,22.51805],[-102.55995,22.52059],[-102.55827,22.52364],[-102.557,22.52064],[-102.55169,22.52134],[-102.55048,22.52594],[-102.54744,22.52212],[-102.54418,22.52351],[-102.54375,22.5192],[-102.54034,22.51595],[-102.53607,22.51641],[-102.53248,22.51477],[-102.53172,22.51732],[-102.52752,22.51385],[-102.52189,22.51885],[-102.5277,22.51689],[-102.53009,22.51749],[-102.5276,22.52279],[-102.52579,22.52056],[-102.51979,22.52028],[-102.51999,22.52604],[-102.51508,22.52274],[-102.5111,22.52641],[-102.50889,22.53318],[-102.51207,22.54007],[-102.51648,22.53494],[-102.52575,22.53452],[-102.52365,22.53932],[-102.52408,22.54417],[-102.52355,22.54883],[-102.52587,22.5449]],[[-102.54213,22.55311],[-102.54597,22.55538],[-102.5468,22.55574],[-102.54682,22.55574],[-102.54889,22.55617],[-102.54981,22.5565],[-102.54517,22.55554],[-102.54479,22.55543],[-102.54236,22.55532],[-102.53888,22.55994],[-102.54211,22.56443],[-102.5413,22.56932],[-102.53469,22.5686],[-102.53291,22.56655],[-102.53472,22.56292],[-102.54032,22.55794],[-102.54213,22.55311]],[[-102.53501,22.55032],[-102.53555,22.55047],[-102.53036,22.55267],[-102.52766,22.55836],[-102.52773,22.55267],[-102.52454,22.55401],[-102.52538,22.55041],[-102.52881,22.55172],[-102.53001,22.54826],[-102.53501,22.55032]],[[-102.59805,22.5559],[-102.59624,22.55096],[-102.60167,22.54841],[-102.60339,22.55076],[-102.59504,22.56441],[-102.59805,22.5559]],[[-102.56243,22.55473],[-102.56756,22.55648],[-102.56533,22.55953],[-102.56259,22.55809],[-102.56243,22.55473]],[[-102.55024,22.54856],[-102.54976,22.54399],[-102.55354,22.53801],[-102.56491,22.53923],[-102.56455,22.54175],[-102.56102,22.53989],[-102.55709,22.54196],[-102.55401,22.55184],[-102.55024,22.54856]],[[-102.615,22.55074],[-102.61069,22.54971],[-102.61118,22.54473],[-102.60994,22.54345],[-102.6026,22.54163],[-102.59926,22.54204],[-102.60083,22.5361],[-102.60456,22.53993],[-102.60993,22.53711],[-102.60818,22.53996],[-102.61251,22.5398],[-102.61162,22.53755],[-102.61571,22.53844],[-102.61332,22.54215],[-102.6198,22.54431],[-102.62067,22.54759],[-102.61784,22.54864],[-102.61304,22.54678],[-102.61192,22.5492],[-102.615,22.55074]]],[[[-102.55393,22.59732],[-102.55187,22.60072],[-102.54801,22.6017],[-102.54307,22.60546],[-102.53902,22.61121],[-102.54994,22.60748],[-102.55272,22.60653],[-102.55461,22.60589],[-102.55709,22.59947],[-102.55413,22.59708],[-102.55393,22.59732]]],[[[-102.47014,22.7795],[-102.46572,22.78909],[-102.46556,22.7946],[-102.47106,22.79201],[-102.47608,22.79118],[-102.47014,22.7795]]],[[[-102.44685,22.75479],[-102.45015,22.75276],[-102.44664,22.75158],[-102.44685,22.75479]]],[[[-102.43131,22.75221],[-102.43496,22.75653],[-102.4367,22.7556],[-102.44612,22.75485],[-102.44571,22.75177],[-102.43986,22.7533],[-102.43776,22.75183],[-102.43131,22.75221]]],[[[-102.40778,22.74542],[-102.40871,22.74546],[-102.41004,22.74551],[-102.41519,22.74571],[-102.41526,22.74156],[-102.41357,22.73672],[-102.40926,22.73873],[-102.4106,22.742],[-102.40538,22.74169],[-102.40778,22.74542]]],[[[-102.42811,22.74879],[-102.42981,22.75044],[-102.43473,22.75084],[-102.43555,22.74735],[-102.44551,22.74723],[-102.44992,22.74875],[-102.45087,22.7509],[-102.45249,22.7504],[-102.45412,22.74797],[-102.45205,22.74379],[-102.44448,22.74349],[-102.43913,22.73889],[-102.43613,22.74266],[-102.43293,22.73848],[-102.43918,22.73703],[-102.43567,22.73362],[-102.42999,22.73541],[-102.42913,22.73936],[-102.42436,22.7408],[-102.42774,22.7432],[-102.42306,22.74299],[-102.4233,22.73749],[-102.42905,22.7389],[-102.42856,22.73358],[-102.42694,22.7368],[-102.42324,22.73477],[-102.41895,22.7371],[-102.4198,22.7393],[-102.416,22.73805],[-102.4169,22.74255],[-102.41942,22.74203],[-102.41664,22.74565],[-102.42317,22.74539],[-102.42694,22.74799],[-102.42811,22.74879]]],[[[-102.45549,22.74587],[-102.45948,22.74538],[-102.45735,22.74139],[-102.46161,22.74107],[-102.45604,22.73651],[-102.45661,22.73238],[-102.46384,22.72954],[-102.46305,22.72731],[-102.46774,22.72695],[-102.47091,22.7288],[-102.47178,22.72651],[-102.47113,22.71803],[-102.46771,22.7164],[-102.4659,22.7171],[-102.46337,22.71655],[-102.46128,22.72802],[-102.45673,22.72896],[-102.4537,22.73398],[-102.45597,22.73986],[-102.45175,22.74162],[-102.45549,22.74587]]],[[[-102.42304,22.73331],[-102.42353,22.73125],[-102.41985,22.72842],[-102.42304,22.73331]]],[[[-102.46143,22.72114],[-102.46191,22.71763],[-102.45952,22.71424],[-102.45763,22.71638],[-102.46143,22.72114]]],[[[-102.46294,22.71513],[-102.46521,22.71678],[-102.46814,22.71597],[-102.46962,22.71459],[-102.47335,22.71467],[-102.46891,22.70866],[-102.4666,22.71158],[-102.46405,22.70954],[-102.45927,22.7132],[-102.46294,22.71513]]],[[[-102.45779,22.7136],[-102.45942,22.71247],[-102.45985,22.70282],[-102.45673,22.7078],[-102.45779,22.7136]]],[[[-102.47659,22.71246],[-102.48138,22.71384],[-102.47957,22.71108],[-102.48238,22.70959],[-102.49,22.70843],[-102.48131,22.66643],[-102.4797,22.66948],[-102.47571,22.67076],[-102.47163,22.67764],[-102.47182,22.68082],[-102.4695,22.68125],[-102.46071,22.69455],[-102.46026,22.70209],[-102.47049,22.70966],[-102.47659,22.71246]],[[-102.48011,22.68425],[-102.48332,22.68645],[-102.48146,22.68954],[-102.47757,22.6875],[-102.48011,22.68425]]],[[[-102.46325,22.70795],[-102.46373,22.70527],[-102.46056,22.70417],[-102.46068,22.70712],[-102.46325,22.70795]]],[[[-102.41467,22.67959],[-102.41223,22.67702],[-102.41134,22.67887],[-102.41467,22.67959]]],[[[-102.41285,22.67103],[-102.41674,22.66952],[-102.41919,22.66609],[-102.42364,22.66418],[-102.42794,22.66464],[-102.42869,22.65848],[-102.4247,22.65798],[-102.42115,22.66171],[-102.41717,22.66207],[-102.41269,22.66525],[-102.41502,22.66749],[-102.41285,22.67103]]],[[[-102.47846,22.66868],[-102.47737,22.66725],[-102.47942,22.66312],[-102.47949,22.65766],[-102.47548,22.65761],[-102.47533,22.65479],[-102.46494,22.65743],[-102.46531,22.6608],[-102.47846,22.66868]]],[[[-102.48176,22.65445],[-102.48523,22.65446],[-102.48536,22.65042],[-102.47956,22.6469],[-102.47989,22.64175],[-102.48162,22.63747],[-102.48139,22.64268],[-102.48325,22.64148],[-102.48272,22.63317],[-102.47802,22.62537],[-102.47279,22.62369],[-102.47916,22.65448],[-102.48176,22.65445]]],[[[-102.47408,22.65272],[-102.47875,22.65437],[-102.4761,22.64154],[-102.47354,22.6446],[-102.46902,22.64292],[-102.46605,22.63959],[-102.47309,22.64309],[-102.47583,22.64055],[-102.47233,22.62373],[-102.46398,22.6216],[-102.45264,22.62259],[-102.45086,22.62837],[-102.44165,22.62906],[-102.44065,22.63336],[-102.46051,22.6449],[-102.46141,22.6431],[-102.46912,22.64787],[-102.46706,22.64856],[-102.47408,22.65272]]],[[[-102.49885,22.64581],[-102.4993,22.65261],[-102.50289,22.65435],[-102.50381,22.64895],[-102.50087,22.64648],[-102.4992,22.64188],[-102.49885,22.64581]]],[[[-102.50081,22.64512],[-102.50507,22.64682],[-102.50745,22.64484],[-102.50302,22.64368],[-102.50237,22.64101],[-102.49961,22.64159],[-102.50081,22.64512]]],[[[-102.50068,22.63961],[-102.50634,22.63973],[-102.50639,22.63512],[-102.50068,22.63961]]],[[[-102.55077,22.68143],[-102.5481,22.6825],[-102.55075,22.6845],[-102.55489,22.68128],[-102.55199,22.68102],[-102.55989,22.67767],[-102.55843,22.676],[-102.5558,22.67813],[-102.55549,22.67467],[-102.55759,22.67514],[-102.56423,22.67255],[-102.56563,22.66575],[-102.56218,22.66319],[-102.55556,22.66369],[-102.55343,22.66223],[-102.5469,22.66108],[-102.54875,22.65607],[-102.54485,22.65519],[-102.54811,22.65359],[-102.53996,22.65302],[-102.54173,22.6483],[-102.54736,22.64747],[-102.5491,22.64246],[-102.55273,22.64182],[-102.55012,22.64652],[-102.5545,22.64346],[-102.55623,22.6367],[-102.5512,22.63765],[-102.55248,22.63047],[-102.55814,22.62964],[-102.55976,22.62456],[-102.56329,22.62214],[-102.56346,22.61964],[-102.54963,22.62229],[-102.5499,22.61763],[-102.56628,22.61475],[-102.56646,22.61233],[-102.56228,22.6091],[-102.56548,22.60867],[-102.56448,22.6065],[-102.55857,22.607],[-102.55235,22.61007],[-102.55663,22.61238],[-102.5495,22.61174],[-102.54934,22.61591],[-102.54674,22.61829],[-102.54681,22.61231],[-102.5443,22.61185],[-102.5411,22.61426],[-102.53515,22.61382],[-102.53055,22.61972],[-102.53396,22.6195],[-102.53143,22.62248],[-102.53296,22.62683],[-102.52986,22.6328],[-102.53292,22.63505],[-102.52425,22.6358],[-102.52545,22.63809],[-102.52852,22.63727],[-102.52655,22.6416],[-102.52233,22.64057],[-102.52003,22.64556],[-102.51312,22.64541],[-102.5135,22.649],[-102.51878,22.64912],[-102.51819,22.65683],[-102.52298,22.65825],[-102.52377,22.65265],[-102.54389,22.65797],[-102.54196,22.6613],[-102.53583,22.65964],[-102.53441,22.66241],[-102.52507,22.65914],[-102.52475,22.66062],[-102.51776,22.66148],[-102.51667,22.66338],[-102.50996,22.66092],[-102.50906,22.66255],[-102.49941,22.65742],[-102.49622,22.65962],[-102.50566,22.67601],[-102.51059,22.67614],[-102.51193,22.67374],[-102.51587,22.67249],[-102.52151,22.67549],[-102.5237,22.67425],[-102.5269,22.67497],[-102.52842,22.67304],[-102.54671,22.6828],[-102.55077,22.68143]]],[[[-102.5175,22.69651],[-102.52072,22.702],[-102.52496,22.69556],[-102.52578,22.6965],[-102.54488,22.68403],[-102.5405,22.68121],[-102.5354,22.68078],[-102.52549,22.67856],[-102.51511,22.67297],[-102.51117,22.67633],[-102.50696,22.67824],[-102.5175,22.69651]]],[[[-102.49766,22.70747],[-102.51288,22.70609],[-102.51626,22.70352],[-102.51671,22.69765],[-102.51962,22.70358],[-102.52053,22.70229],[-102.50621,22.67744],[-102.50351,22.67761],[-102.50118,22.68316],[-102.49686,22.68621],[-102.49324,22.69293],[-102.49541,22.69426],[-102.49449,22.69873],[-102.49047,22.70053],[-102.49758,22.70169],[-102.49572,22.70488],[-102.49766,22.70747]]],[[[-102.4886,22.69368],[-102.49086,22.68999],[-102.49391,22.69086],[-102.4961,22.68513],[-102.50109,22.68026],[-102.50254,22.67691],[-102.50534,22.67594],[-102.49467,22.65758],[-102.49129,22.66176],[-102.4865,22.66056],[-102.4818,22.66242],[-102.48132,22.66444],[-102.48629,22.68877],[-102.4886,22.69368]]],[[[-102.4843,22.66003],[-102.48521,22.65709],[-102.48011,22.65767],[-102.4843,22.66003]]],[[[-102.51034,22.65768],[-102.5148,22.65847],[-102.51602,22.65675],[-102.51034,22.65768]]],[[[-102.49014,22.66097],[-102.49197,22.65748],[-102.48892,22.65842],[-102.49014,22.66097]]],[[[-102.52749,22.70662],[-102.53095,22.70766],[-102.536,22.70353],[-102.54154,22.70344],[-102.5425,22.70207],[-102.53045,22.69906],[-102.52722,22.69893],[-102.52381,22.70269],[-102.52904,22.70481],[-102.52749,22.70662]]],[[[-102.53261,22.69727],[-102.54145,22.69976],[-102.54143,22.6929],[-102.54353,22.69249],[-102.54442,22.68898],[-102.53467,22.69466],[-102.53261,22.69727]]],[[[-102.53412,22.69433],[-102.53898,22.69055],[-102.54366,22.68922],[-102.54071,22.68704],[-102.53113,22.69343],[-102.53412,22.69433]]],[[[-102.51218,22.70861],[-102.5126,22.70987],[-102.51748,22.70802],[-102.51218,22.70861]]],[[[-102.50366,22.70945],[-102.50771,22.70963],[-102.51084,22.70725],[-102.50585,22.70783],[-102.50366,22.70945]]],[[[-102.51123,22.72474],[-102.51275,22.71743],[-102.51461,22.71689],[-102.51352,22.71273],[-102.51005,22.71346],[-102.51079,22.71591],[-102.50687,22.71476],[-102.50639,22.71645],[-102.5024,22.71525],[-102.5058,22.71031],[-102.50174,22.71125],[-102.49765,22.71011],[-102.49483,22.71506],[-102.49761,22.7167],[-102.50093,22.71463],[-102.50187,22.72299],[-102.50458,22.7226],[-102.50677,22.72578],[-102.51123,22.72474]]],[[[-102.50052,22.72943],[-102.50426,22.72762],[-102.50242,22.72506],[-102.49419,22.72282],[-102.49431,22.72636],[-102.50052,22.72943]]],[[[-102.49243,22.73775],[-102.49017,22.73521],[-102.49258,22.73051],[-102.48986,22.72906],[-102.4824,22.73308],[-102.49243,22.73775]]],[[[-102.4893,22.74818],[-102.49147,22.74963],[-102.49325,22.74436],[-102.4971,22.74224],[-102.49614,22.73966],[-102.48851,22.73685],[-102.48666,22.74033],[-102.48168,22.7383],[-102.48258,22.73451],[-102.47987,22.73351],[-102.47785,22.73712],[-102.47089,22.73765],[-102.4685,22.73685],[-102.46631,22.74303],[-102.46991,22.74548],[-102.4776,22.7429],[-102.48224,22.74294],[-102.48174,22.74838],[-102.48759,22.74897],[-102.48552,22.74544],[-102.48715,22.74062],[-102.48881,22.74126],[-102.48705,22.74542],[-102.4893,22.74818]]],[[[-102.47391,22.74968],[-102.47705,22.74954],[-102.4762,22.74617],[-102.47355,22.74653],[-102.47391,22.74968]]],[[[-102.46478,22.75079],[-102.46996,22.75019],[-102.46699,22.74876],[-102.46138,22.74969],[-102.46478,22.75079]]],[[[-102.45519,22.74819],[-102.45708,22.74708],[-102.45269,22.74394],[-102.45519,22.74819]]],[[[-102.47982,22.72963],[-102.48251,22.73127],[-102.48629,22.73043],[-102.48673,22.72583],[-102.47922,22.72491],[-102.47982,22.72963]]],[[[-102.48433,22.72494],[-102.48633,22.72454],[-102.48791,22.71938],[-102.48024,22.71697],[-102.48132,22.71553],[-102.47618,22.713],[-102.47296,22.72166],[-102.47733,22.72467],[-102.48433,22.72494]]],[[[-102.48568,22.71401],[-102.4899,22.7136],[-102.48864,22.70993],[-102.48436,22.71026],[-102.48568,22.71401]]],[[[-102.50501,22.73468],[-102.50395,22.72978],[-102.50325,22.7344],[-102.50501,22.73468]]],[[[-102.52718,22.72588],[-102.53255,22.72479],[-102.53122,22.72187],[-102.52232,22.71967],[-102.52284,22.7225],[-102.52789,22.72313],[-102.52718,22.72588]]],[[[-102.51899,22.7161],[-102.52171,22.71939],[-102.52085,22.71438],[-102.51899,22.7161]]],[[[-102.53063,22.67846],[-102.53333,22.67664],[-102.53045,22.67463],[-102.52852,22.67539],[-102.52356,22.67504],[-102.52288,22.67639],[-102.53063,22.67846]]],[[[-102.54739,22.64808],[-102.54746,22.65023],[-102.55214,22.65045],[-102.55154,22.6471],[-102.54739,22.64808]]],[[[-102.55711,22.65666],[-102.56004,22.65758],[-102.55933,22.65364],[-102.55627,22.65359],[-102.54987,22.65619],[-102.55711,22.65666]]],[[[-102.47108,22.77745],[-102.47033,22.77915],[-102.47654,22.79148],[-102.48118,22.79016],[-102.48619,22.79094],[-102.48747,22.7888],[-102.4935,22.7902],[-102.4933,22.7867],[-102.48982,22.78414],[-102.49018,22.77803],[-102.49406,22.77719],[-102.48422,22.77287],[-102.47942,22.77402],[-102.47785,22.77205],[-102.48133,22.77043],[-102.47709,22.76864],[-102.47654,22.76681],[-102.47112,22.77735],[-102.47108,22.77745]]],[[[-102.47672,22.76293],[-102.47741,22.76377],[-102.47598,22.75838],[-102.47414,22.75898],[-102.47665,22.76284],[-102.47672,22.76293]]],[[[-102.46552,22.75458],[-102.4698,22.75685],[-102.47424,22.75634],[-102.47599,22.75655],[-102.47662,22.75223],[-102.47371,22.75111],[-102.47334,22.75383],[-102.46552,22.75458]]],[[[-102.47959,22.76703],[-102.48246,22.76688],[-102.47996,22.7634],[-102.4774,22.76289],[-102.47959,22.76703]]],[[[-102.48217,22.76999],[-102.48592,22.76972],[-102.4911,22.76733],[-102.49009,22.76636],[-102.48326,22.76721],[-102.48217,22.76999]]],[[[-102.49029,22.77226],[-102.49284,22.77312],[-102.49664,22.76998],[-102.49532,22.76892],[-102.49029,22.77226]]],[[[-102.49348,22.79128],[-102.4991,22.78792],[-102.49337,22.78305],[-102.49539,22.78598],[-102.49348,22.79128]]],[[[-102.51219,22.55214],[-102.51508,22.55254],[-102.51505,22.54977],[-102.5123,22.54958],[-102.51219,22.55214]]],[[[-102.51871,22.5492],[-102.52097,22.54988],[-102.52022,22.54665],[-102.51871,22.5492]]],[[[-103.05085,22.04169],[-103.05302,22.03681],[-103.05143,22.03128],[-103.05174,22.034],[-103.04827,22.0352],[-103.04552,22.03374],[-103.04615,22.03665],[-103.04947,22.03724],[-103.04698,22.04014],[-103.05085,22.04169]]],[[[-103.01007,22.12105],[-103.011,22.11529],[-103.00807,22.11423],[-103.01007,22.12105]]],[[[-102.98216,22.11416],[-102.98506,22.11667],[-102.98405,22.11099],[-102.98113,22.11008],[-102.98216,22.11416]]],[[[-102.98531,22.10929],[-102.98757,22.1091],[-102.98602,22.10524],[-102.98331,22.10896],[-102.98531,22.10929]]],[[[-103.01871,22.11128],[-103.0204,22.10947],[-103.0203,22.10712],[-103.01565,22.10088],[-103.01344,22.10552],[-103.01098,22.1065],[-103.01421,22.11038],[-103.01458,22.1104],[-103.01871,22.11128]]],[[[-103.02623,22.09999],[-103.02773,22.09794],[-103.02351,22.09894],[-103.0229,22.10188],[-103.01998,22.10202],[-103.02267,22.10798],[-103.02546,22.1052],[-103.02615,22.10073],[-103.02623,22.09999]]],[[[-102.99434,22.08313],[-102.99878,22.08678],[-103.00372,22.08602],[-103.0039,22.08213],[-103.0077,22.08126],[-103.00167,22.08005],[-102.9999,22.07721],[-102.99863,22.07962],[-102.99508,22.08075],[-102.99434,22.08313]]],[[[-103.01728,22.07735],[-103.02184,22.07747],[-103.02207,22.07501],[-103.01871,22.07319],[-103.01863,22.06822],[-103.02204,22.0657],[-103.02028,22.06416],[-103.01681,22.06625],[-103.01261,22.0655],[-103.01247,22.06839],[-103.00814,22.07219],[-103.01143,22.07276],[-103.01255,22.07609],[-103.01728,22.07735]]],[[[-103.01646,22.06449],[-103.01937,22.06189],[-103.02487,22.06132],[-103.02681,22.05471],[-103.01766,22.05612],[-103.01521,22.05748],[-103.0153,22.06123],[-103.01199,22.06409],[-103.01646,22.06449]]],[[[-103.03095,22.0853],[-103.03755,22.08506],[-103.03842,22.0736],[-103.03448,22.07363],[-103.03289,22.07803],[-103.02991,22.07748],[-103.02806,22.0825],[-103.03095,22.0853]]],[[[-103.02816,22.0453],[-103.03199,22.04497],[-103.0313,22.04324],[-103.02296,22.04306],[-103.02173,22.04563],[-103.02816,22.0453]]],[[[-103.02709,22.04197],[-103.03081,22.04151],[-103.02946,22.03971],[-103.02709,22.04197]]],[[[-103.04155,22.03103],[-103.0457,22.03135],[-103.04576,22.02951],[-103.03732,22.0277],[-103.04155,22.03103]]],[[[-103.05478,22.00966],[-103.05439,22.00477],[-103.05662,22.00083],[-103.06387,22.00555],[-103.06546,22.00189],[-103.06215,21.99832],[-103.06678,21.9934],[-103.06956,21.99521],[-103.06819,21.99945],[-103.06935,21.99861],[-103.07547,21.99337],[-103.07607,21.98853],[-103.08026,21.98916],[-103.08182,21.99101],[-103.08082,21.99426],[-103.07536,21.9946],[-103.07477,21.99974],[-103.07836,22.0001],[-103.07818,22.00451],[-103.08229,22.00214],[-103.08057,21.99691],[-103.08421,21.99258],[-103.09119,21.99279],[-103.09125,21.97907],[-103.08779,21.97849],[-103.09001,21.97609],[-103.0908,21.96948],[-103.08947,21.96795],[-103.0885,21.95759],[-103.08537,21.96179],[-103.08295,21.95739],[-103.07996,21.96069],[-103.07566,21.95988],[-103.07385,21.96227],[-103.06852,21.96343],[-103.06841,21.96133],[-103.06448,21.95689],[-103.06216,21.95625],[-103.06147,21.95923],[-103.05782,21.95732],[-103.05314,21.95949],[-103.05535,21.9619],[-103.05235,21.96371],[-103.05739,21.96744],[-103.05949,21.97062],[-103.05617,21.97164],[-103.05533,21.97687],[-103.05371,21.97826],[-103.0437,21.97554],[-103.04612,21.97738],[-103.04787,21.98175],[-103.03844,21.97954],[-103.03945,21.98455],[-103.03726,21.98386],[-103.03546,21.98976],[-103.03821,21.9935],[-103.04354,21.99243],[-103.04694,21.99585],[-103.04435,21.99597],[-103.04551,21.99874],[-103.0418,22.0076],[-103.04482,22.00805],[-103.04473,22.01128],[-103.04157,22.01182],[-103.03715,22.01012],[-103.03493,22.01294],[-103.03616,22.0169],[-103.04236,22.01707],[-103.04163,22.02188],[-103.04544,22.024],[-103.05119,22.02467],[-103.05081,22.02257],[-103.04805,22.02173],[-103.04815,22.01645],[-103.04625,22.01095],[-103.04964,22.0085],[-103.05234,22.01133],[-103.05478,22.00966]],[[-103.06855,21.97835],[-103.07036,21.97757],[-103.07069,21.98114],[-103.06733,21.98069],[-103.06855,21.97835]]],[[[-103.01238,22.0123],[-103.00651,22.01359],[-103.00861,22.01754],[-103.01184,22.01817],[-103.00973,22.02025],[-103.01425,22.0214],[-103.01836,22.013],[-103.02347,22.01317],[-103.02222,22.01061],[-103.01612,22.01364],[-103.01238,22.0123]]],[[[-103.10705,21.96395],[-103.10923,21.96561],[-103.11319,21.9612],[-103.10864,21.96364],[-103.10762,21.9621],[-103.11038,21.95937],[-103.10139,21.95967],[-103.10705,21.96395]]],[[[-103.09633,21.96145],[-103.09257,21.96186],[-103.09195,21.96434],[-103.10012,21.96504],[-103.09849,21.96167],[-103.09633,21.96145]]],[[[-103.13065,21.98695],[-103.1315,21.99003],[-103.13852,21.98473],[-103.14333,21.9847],[-103.14664,21.97986],[-103.14343,21.97342],[-103.13771,21.97317],[-103.1382,21.96913],[-103.1339,21.97347],[-103.13786,21.97778],[-103.13626,21.98428],[-103.13469,21.98339],[-103.13065,21.98695]]],[[[-103.12392,21.97779],[-103.12247,21.98052],[-103.12618,21.98194],[-103.12687,21.97853],[-103.12392,21.97779]]],[[[-103.09838,21.97558],[-103.09934,21.97951],[-103.10008,21.97525],[-103.10243,21.97255],[-103.09631,21.97197],[-103.09439,21.97501],[-103.09838,21.97558]]],[[[-103.12551,21.97259],[-103.12723,21.97027],[-103.1221,21.96928],[-103.12073,21.97113],[-103.12551,21.97259]]],[[[-103.11428,21.97806],[-103.11956,21.97899],[-103.12069,21.97608],[-103.11666,21.97533],[-103.11428,21.97806]]],[[[-103.07605,22.02131],[-103.08073,22.01875],[-103.07834,22.01625],[-103.07434,22.01837],[-103.07605,22.02131]]],[[[-103.09503,21.95303],[-103.09602,21.95091],[-103.10336,21.94636],[-103.09376,21.95036],[-103.09503,21.95303]]],[[[-103.09004,21.94735],[-103.08925,21.95012],[-103.09314,21.95305],[-103.09124,21.94694],[-103.09004,21.94735]]],[[[-103.12147,21.95158],[-103.12363,21.94911],[-103.11867,21.94854],[-103.12122,21.94599],[-103.11575,21.94665],[-103.11825,21.95089],[-103.12147,21.95158]]],[[[-103.09755,21.933],[-103.09252,21.94304],[-103.09763,21.9403],[-103.09963,21.93449],[-103.09755,21.933]]],[[[-103.10103,21.93038],[-103.10104,21.9327],[-103.10441,21.9317],[-103.10103,21.93038]]],[[[-103.10549,21.92824],[-103.10416,21.93045],[-103.10812,21.92976],[-103.10549,21.92824]]],[[[-103.09284,21.92504],[-103.09135,21.92481],[-103.08373,21.92409],[-103.07917,21.92538],[-103.07556,21.93194],[-103.08082,21.93361],[-103.07921,21.9371],[-103.08468,21.93547],[-103.08918,21.93143],[-103.09417,21.93291],[-103.09423,21.9257],[-103.09284,21.92504]]],[[[-103.11797,21.92312],[-103.11844,21.926],[-103.12245,21.92319],[-103.11797,21.92312]]],[[[-103.09958,21.92167],[-103.10371,21.92112],[-103.09956,21.91993],[-103.09958,21.92167]]],[[[-103.11539,21.91705],[-103.11976,21.91701],[-103.11806,21.91444],[-103.11539,21.91705]]],[[[-103.14722,21.91107],[-103.145,21.91378],[-103.1485,21.91327],[-103.14722,21.91107]]],[[[-103.09001,21.90715],[-103.09259,21.90723],[-103.09239,21.90412],[-103.09001,21.90715]]],[[[-103.14575,21.9056],[-103.1484,21.90558],[-103.14936,21.90121],[-103.1467,21.90234],[-103.14783,21.90463],[-103.1436,21.90244],[-103.14279,21.90514],[-103.14575,21.9056]]],[[[-103.10961,21.89897],[-103.11168,21.90117],[-103.1141,21.89803],[-103.10961,21.89897]]],[[[-103.2307,24.12717],[-103.23232,24.12262],[-103.23074,24.12246],[-103.2307,24.12717]]],[[[-103.19195,24.09035],[-103.19031,24.08946],[-103.18639,24.09413],[-103.18786,24.0958],[-103.18927,24.09171],[-103.19195,24.09035]]],[[[-103.15533,24.14104],[-103.15601,24.141],[-103.15653,24.14154],[-103.1589,24.14371],[-103.15878,24.139],[-103.15668,24.13769],[-103.15533,24.14104]]],[[[-102.75779,22.96019],[-102.7634,22.9635],[-102.76766,22.95938],[-102.76982,22.95668],[-102.7683,22.95431],[-102.76982,22.9468],[-102.77438,22.94395],[-102.77818,22.9442],[-102.7781,22.94713],[-102.7822,22.94458],[-102.7863,22.93531],[-102.78798,22.93532],[-102.79089,22.91806],[-102.7949,22.91775],[-102.79488,22.91429],[-102.7913,22.91088],[-102.79144,22.90558],[-102.78769,22.90221],[-102.77988,22.90191],[-102.77939,22.91289],[-102.77218,22.9146],[-102.76962,22.92082],[-102.76554,22.91891],[-102.76528,22.92705],[-102.77033,22.92692],[-102.77135,22.93088],[-102.76148,22.93119],[-102.75239,22.93523],[-102.74705,22.93586],[-102.74848,22.94407],[-102.75243,22.94209],[-102.75745,22.94201],[-102.75147,22.94798],[-102.74796,22.94909],[-102.74811,22.95464],[-102.75237,22.95966],[-102.75709,22.95972],[-102.75792,22.95968],[-102.75779,22.96019]],[[-102.75753,22.9499],[-102.7543,22.94893],[-102.75437,22.94676],[-102.7576,22.94494],[-102.76381,22.94502],[-102.75753,22.9499]],[[-102.75431,22.94168],[-102.75466,22.93965],[-102.75961,22.9399],[-102.75928,22.94171],[-102.75431,22.94168]],[[-102.78296,22.92248],[-102.78307,22.92018],[-102.78691,22.92032],[-102.78682,22.92255],[-102.78296,22.92248]],[[-102.78314,22.91796],[-102.78324,22.91554],[-102.78714,22.91585],[-102.78703,22.91804],[-102.78314,22.91796]]],[[[-102.8238,23.04107],[-102.82717,23.03988],[-102.82029,23.03557],[-102.82293,23.04012],[-102.8238,23.04107]]],[[[-102.82615,23.04602],[-102.82748,23.04728],[-102.82753,23.04353],[-102.82594,23.04437],[-102.82615,23.04602]]],[[[-102.90346,22.99276],[-102.90356,22.99117],[-102.89347,22.98895],[-102.8915,22.99021],[-102.89007,22.99633],[-102.89265,22.99745],[-102.89354,23.00106],[-102.88695,22.99519],[-102.87926,22.99513],[-102.87971,22.99315],[-102.87584,22.99443],[-102.86701,22.99462],[-102.86433,22.99331],[-102.84902,22.99364],[-102.84885,22.99593],[-102.84499,22.99422],[-102.834,22.99503],[-102.83006,22.99675],[-102.82572,22.99636],[-102.82473,23.00123],[-102.82206,23.00129],[-102.82106,23.00408],[-102.81213,23.00504],[-102.81117,23.00427],[-102.81324,23.00819],[-102.81318,23.01608],[-102.81183,23.01863],[-102.81479,23.01956],[-102.81643,23.02289],[-102.81475,23.02895],[-102.81633,23.03042],[-102.81997,23.02849],[-102.82222,23.02416],[-102.82381,23.02436],[-102.83547,23.01584],[-102.8391,23.01139],[-102.84869,23.00654],[-102.84907,23.00479],[-102.85564,23.00157],[-102.86171,23.00078],[-102.86867,23.00169],[-102.87175,22.99881],[-102.8736,23.00121],[-102.88336,23.00223],[-102.88297,23.00499],[-102.89109,23.00625],[-102.89308,23.00884],[-102.89719,23.00984],[-102.89695,23.0123],[-102.90224,23.01233],[-102.90346,22.99276]]],[[[-102.87495,23.03055],[-102.87539,23.02895],[-102.87766,23.02283],[-102.87075,23.01801],[-102.87028,23.0231],[-102.86826,23.02294],[-102.86849,23.01892],[-102.86416,23.01738],[-102.86374,23.01982],[-102.85562,23.01811],[-102.85737,23.0217],[-102.86326,23.02279],[-102.86308,23.02642],[-102.86744,23.02843],[-102.87003,23.02525],[-102.86976,23.03073],[-102.87155,23.0319],[-102.87192,23.02757],[-102.87495,23.03055]]],[[[-102.83912,23.04937],[-102.83925,23.04938],[-102.84296,23.04829],[-102.83736,23.04244],[-102.83195,23.04255],[-102.83161,23.0447],[-102.83905,23.04459],[-102.839,23.04781],[-102.83202,23.04699],[-102.83228,23.04862],[-102.83912,23.04937]]],[[[-102.8779,23.01537],[-102.87642,23.01915],[-102.87858,23.01946],[-102.88033,23.01496],[-102.88459,23.01549],[-102.88756,23.01775],[-102.89033,23.01594],[-102.89051,23.01167],[-102.87533,23.01017],[-102.87548,23.00414],[-102.86876,23.00308],[-102.86917,23.00457],[-102.85792,23.00364],[-102.85988,23.00566],[-102.85397,23.00552],[-102.8539,23.00734],[-102.85771,23.00959],[-102.85179,23.01008],[-102.85173,23.01169],[-102.84392,23.01149],[-102.84387,23.01341],[-102.85166,23.01401],[-102.85161,23.01626],[-102.86701,23.01303],[-102.86759,23.00927],[-102.87106,23.01184],[-102.87172,23.01752],[-102.87411,23.01698],[-102.87536,23.01346],[-102.8779,23.01537]]],[[[-102.85349,23.02057],[-102.85382,23.02354],[-102.85659,23.02353],[-102.85349,23.02057]]],[[[-102.86446,23.03836],[-102.87113,23.04127],[-102.87084,23.04495],[-102.87423,23.04609],[-102.87398,23.0395],[-102.87429,23.03722],[-102.87167,23.03681],[-102.87055,23.03215],[-102.86441,23.03155],[-102.85999,23.02549],[-102.85707,23.02525],[-102.85697,23.02873],[-102.86529,23.03334],[-102.86473,23.03735],[-102.86172,23.03678],[-102.86178,23.03319],[-102.85581,23.02966],[-102.85304,23.03142],[-102.85674,23.03202],[-102.85683,23.03668],[-102.85482,23.03651],[-102.85469,23.04029],[-102.86011,23.03933],[-102.86328,23.04099],[-102.86446,23.03836]]],[[[-102.84534,23.02934],[-102.84524,23.03134],[-102.85099,23.03158],[-102.85113,23.02845],[-102.84551,23.027],[-102.84534,23.02934]]],[[[-102.86536,22.99341],[-102.86757,22.99168],[-102.86271,22.99174],[-102.86536,22.99341]]],[[[-102.76427,22.96391],[-102.76608,22.97214],[-102.76976,22.96953],[-102.76724,22.9694],[-102.76725,22.96912],[-102.76641,22.96627],[-102.76887,22.96466],[-102.7691,22.96166],[-102.76427,22.96391]]],[[[-102.7714,22.96338],[-102.77416,22.96198],[-102.77998,22.96206],[-102.78066,22.96203],[-102.77984,22.96198],[-102.77906,22.96159],[-102.77883,22.96147],[-102.77307,22.96134],[-102.7714,22.96338]]],[[[-102.4491,22.59598],[-102.45744,22.59776],[-102.45817,22.59669],[-102.45404,22.59077],[-102.44907,22.59195],[-102.44342,22.59066],[-102.44158,22.59283],[-102.43079,22.59231],[-102.43472,22.59455],[-102.44211,22.59448],[-102.4491,22.59598]]],[[[-102.43941,22.59139],[-102.44694,22.58659],[-102.44611,22.57958],[-102.44889,22.57944],[-102.45565,22.57556],[-102.45145,22.57318],[-102.4489,22.57447],[-102.45167,22.56956],[-102.44898,22.56879],[-102.45214,22.56382],[-102.44786,22.56546],[-102.4489,22.56187],[-102.44612,22.56201],[-102.44436,22.56775],[-102.4423,22.56712],[-102.44098,22.57092],[-102.44537,22.57945],[-102.44273,22.5806],[-102.43369,22.59043],[-102.43941,22.59139]]],[[[-102.4241,22.58135],[-102.42774,22.58113],[-102.42758,22.57548],[-102.43017,22.57407],[-102.42391,22.57221],[-102.42632,22.56907],[-102.42105,22.57022],[-102.42236,22.57292],[-102.4194,22.57271],[-102.41815,22.57952],[-102.41988,22.58117],[-102.42117,22.57761],[-102.42401,22.57884],[-102.4241,22.58135]]],[[[-102.40788,22.58083],[-102.41156,22.57784],[-102.41495,22.57858],[-102.41444,22.57519],[-102.41167,22.57388],[-102.40777,22.57566],[-102.40788,22.58083]]],[[[-102.43043,22.5694],[-102.42797,22.57098],[-102.43158,22.57144],[-102.43043,22.5694]]],[[[-102.46196,22.57559],[-102.46397,22.57188],[-102.46119,22.56893],[-102.45837,22.57539],[-102.46196,22.57559]]],[[[-102.4612,22.55299],[-102.46027,22.55638],[-102.46669,22.55307],[-102.471,22.55393],[-102.47404,22.5518],[-102.47284,22.54895],[-102.46931,22.54713],[-102.46387,22.54986],[-102.4612,22.55299]]],[[[-102.46035,22.54674],[-102.46212,22.54588],[-102.459,22.54182],[-102.45739,22.54402],[-102.46035,22.54674]]],[[[-102.45872,22.53809],[-102.46851,22.53586],[-102.47259,22.52894],[-102.47617,22.52894],[-102.47491,22.52452],[-102.47298,22.52492],[-102.47149,22.52139],[-102.46864,22.52014],[-102.46917,22.52432],[-102.46515,22.52659],[-102.46404,22.53171],[-102.4651,22.53396],[-102.45643,22.53358],[-102.4551,22.53758],[-102.45854,22.53488],[-102.45872,22.53809]]],[[[-102.46262,22.4908],[-102.45742,22.49322],[-102.45585,22.49099],[-102.45407,22.49277],[-102.45513,22.49802],[-102.45088,22.5087],[-102.44703,22.5104],[-102.44359,22.51522],[-102.4468,22.52012],[-102.44152,22.52423],[-102.43916,22.52769],[-102.44046,22.53167],[-102.44419,22.53637],[-102.44706,22.53503],[-102.44721,22.53187],[-102.4517,22.52761],[-102.45413,22.52758],[-102.45573,22.52303],[-102.45898,22.51852],[-102.45478,22.5114],[-102.4553,22.50675],[-102.46027,22.50098],[-102.45889,22.49762],[-102.4617,22.49515],[-102.46262,22.4908]]],[[[-102.4645,22.5009],[-102.4677,22.49483],[-102.46233,22.49851],[-102.4645,22.5009]]],[[[-102.46587,22.50457],[-102.46545,22.50708],[-102.46585,22.50968],[-102.46836,22.51103],[-102.47313,22.51042],[-102.47214,22.50784],[-102.47533,22.503],[-102.4764,22.49925],[-102.47534,22.49672],[-102.46646,22.5011],[-102.46613,22.50303],[-102.46587,22.50457]]],[[[-102.46578,22.50965],[-102.46545,22.50708],[-102.46458,22.5063],[-102.46578,22.50965]]],[[[-102.47531,22.5137],[-102.4771,22.51873],[-102.47643,22.51764],[-102.4754,22.51929],[-102.47821,22.52859],[-102.48286,22.52859],[-102.48309,22.52613],[-102.48679,22.52707],[-102.48863,22.52291],[-102.48722,22.52168],[-102.49147,22.51972],[-102.49273,22.5166],[-102.48938,22.51493],[-102.49259,22.51367],[-102.49248,22.51011],[-102.48168,22.50574],[-102.48005,22.50778],[-102.47597,22.50775],[-102.47618,22.50578],[-102.47496,22.51034],[-102.47531,22.5137]]],[[[-102.4945,22.4873],[-102.49392,22.48767],[-102.49377,22.48714],[-102.49376,22.48709],[-102.48845,22.48414],[-102.48384,22.48486],[-102.4846,22.48709],[-102.48182,22.48509],[-102.48039,22.48502],[-102.47984,22.48492],[-102.47479,22.48492],[-102.47271,22.48901],[-102.46733,22.4885],[-102.47221,22.48918],[-102.47178,22.49386],[-102.47973,22.49142],[-102.48025,22.48962],[-102.48768,22.49113],[-102.48007,22.49406],[-102.48329,22.49454],[-102.47975,22.49717],[-102.47864,22.50062],[-102.48303,22.50287],[-102.49035,22.50184],[-102.48811,22.50497],[-102.49784,22.50483],[-102.50247,22.5023],[-102.50183,22.4996],[-102.49796,22.49418],[-102.49632,22.48617],[-102.4945,22.4873]]],[[[-102.49405,22.48411],[-102.49376,22.48709],[-102.49378,22.4871],[-102.49405,22.48411]]],[[[-102.44661,22.48488],[-102.44365,22.48998],[-102.44275,22.48802],[-102.44255,22.48759],[-102.44129,22.48501],[-102.43633,22.49113],[-102.43156,22.49251],[-102.4337,22.49541],[-102.4305,22.49696],[-102.42705,22.5017],[-102.43101,22.50476],[-102.43237,22.49946],[-102.43392,22.50224],[-102.43991,22.49942],[-102.44746,22.49974],[-102.45013,22.49728],[-102.45044,22.49388],[-102.45023,22.49396],[-102.45139,22.48965],[-102.45165,22.48539],[-102.45011,22.48419],[-102.44661,22.48488]]],[[[-102.43647,22.50626],[-102.4456,22.50784],[-102.44741,22.50523],[-102.43613,22.50431],[-102.43647,22.50626]]],[[[-102.41849,22.4819],[-102.4149,22.4825],[-102.41978,22.48442],[-102.42329,22.48324],[-102.42447,22.47956],[-102.42688,22.47827],[-102.42169,22.47713],[-102.4205,22.47781],[-102.42199,22.47831],[-102.41849,22.4819]]],[[[-102.49792,22.48133],[-102.49801,22.48127],[-102.49986,22.48028],[-102.49991,22.48029],[-102.49647,22.47688],[-102.49081,22.47496],[-102.4904,22.4759],[-102.49525,22.47849],[-102.49693,22.48197],[-102.4975,22.48205],[-102.49792,22.48133]]],[[[-102.49434,22.47305],[-102.49761,22.4754],[-102.50338,22.47133],[-102.5009,22.4703],[-102.50669,22.46346],[-102.51355,22.45956],[-102.51728,22.46317],[-102.5142,22.46725],[-102.51851,22.46627],[-102.51908,22.46076],[-102.52531,22.45894],[-102.52688,22.45556],[-102.52483,22.45255],[-102.51857,22.45643],[-102.51504,22.45723],[-102.5128,22.45445],[-102.50786,22.45715],[-102.50936,22.45867],[-102.5031,22.46269],[-102.50425,22.46509],[-102.49987,22.46532],[-102.49873,22.46925],[-102.50068,22.47049],[-102.49837,22.47258],[-102.49324,22.47041],[-102.49434,22.47305]]],[[[-102.58985,22.47357],[-102.59526,22.47796],[-102.59444,22.47099],[-102.5908,22.46873],[-102.58985,22.47357]]],[[[-102.52204,22.5149],[-102.52446,22.5142],[-102.52542,22.51048],[-102.53071,22.50801],[-102.53476,22.50828],[-102.5411,22.49989],[-102.54319,22.50144],[-102.54609,22.49438],[-102.54842,22.49237],[-102.54653,22.48232],[-102.54426,22.48273],[-102.54072,22.49372],[-102.53736,22.50164],[-102.53282,22.50239],[-102.53178,22.49993],[-102.52388,22.5042],[-102.52694,22.50436],[-102.52521,22.50882],[-102.52429,22.50696],[-102.52173,22.50917],[-102.52204,22.5149]]],[[[-102.50623,22.49989],[-102.50953,22.5021],[-102.51036,22.49934],[-102.51291,22.50058],[-102.51469,22.49685],[-102.51019,22.49785],[-102.50752,22.49547],[-102.50623,22.49989]]],[[[-102.56829,22.48961],[-102.57211,22.49159],[-102.57486,22.48666],[-102.57156,22.48628],[-102.56829,22.48961]]],[[[-102.54768,22.49816],[-102.55219,22.49516],[-102.55025,22.49291],[-102.54768,22.49816]]],[[[-102.55531,22.51812],[-102.55993,22.51835],[-102.55978,22.51507],[-102.56185,22.50965],[-102.55897,22.50897],[-102.56108,22.49633],[-102.56317,22.49286],[-102.55924,22.49403],[-102.55706,22.49751],[-102.55361,22.49771],[-102.54945,22.50437],[-102.54105,22.51374],[-102.54463,22.51484],[-102.55185,22.51296],[-102.55538,22.51503],[-102.55531,22.51812]]],[[[-102.53965,22.50706],[-102.54181,22.50837],[-102.54624,22.50405],[-102.5494,22.49923],[-102.54541,22.50122],[-102.54421,22.50469],[-102.53965,22.50706]]],[[[-102.62034,22.51508],[-102.62325,22.51792],[-102.62213,22.51398],[-102.62033,22.51418],[-102.61771,22.50884],[-102.62142,22.50425],[-102.62314,22.49894],[-102.62153,22.49794],[-102.61675,22.50125],[-102.6134,22.49977],[-102.61421,22.49679],[-102.61031,22.49601],[-102.61103,22.50239],[-102.60807,22.50663],[-102.60795,22.51001],[-102.6112,22.5116],[-102.61212,22.50968],[-102.61674,22.51002],[-102.62034,22.51508]]],[[[-102.62592,22.50582],[-102.62794,22.50376],[-102.624,22.50316],[-102.62592,22.50582]]],[[[-102.62375,22.51061],[-102.62649,22.51196],[-102.62639,22.50898],[-102.62375,22.51061]]],[[[-102.56861,22.52482],[-102.56866,22.52549],[-102.58087,22.52527],[-102.58127,22.51568],[-102.58558,22.50751],[-102.57707,22.50254],[-102.57381,22.50326],[-102.57322,22.51049],[-102.56907,22.50903],[-102.56997,22.5173],[-102.56871,22.52135],[-102.56608,22.52431],[-102.56861,22.52482]]],[[[-102.4265,22.51732],[-102.42826,22.522],[-102.43025,22.52124],[-102.42969,22.51732],[-102.4265,22.51732]]],[[[-102.65348,22.58427],[-102.6583,22.58857],[-102.66294,22.58701],[-102.66627,22.58426],[-102.66644,22.58136],[-102.67078,22.58078],[-102.67356,22.57866],[-102.67773,22.57806],[-102.67851,22.58294],[-102.68149,22.58214],[-102.68078,22.57733],[-102.68251,22.57826],[-102.68191,22.58249],[-102.68545,22.58579],[-102.69555,22.58383],[-102.69995,22.57949],[-102.69517,22.58213],[-102.68722,22.58217],[-102.69121,22.58102],[-102.69113,22.57719],[-102.68365,22.57476],[-102.68646,22.57274],[-102.69122,22.57455],[-102.6914,22.57107],[-102.68838,22.57231],[-102.68569,22.5699],[-102.6837,22.57225],[-102.67953,22.57272],[-102.67908,22.56863],[-102.6835,22.56725],[-102.6835,22.56372],[-102.68872,22.56413],[-102.69364,22.56678],[-102.70179,22.56852],[-102.69859,22.56376],[-102.695,22.5614],[-102.69545,22.55746],[-102.70213,22.55699],[-102.69524,22.5544],[-102.69647,22.55168],[-102.70217,22.54825],[-102.70566,22.54766],[-102.69945,22.54574],[-102.69849,22.54377],[-102.69328,22.54691],[-102.68759,22.54312],[-102.68728,22.53968],[-102.68949,22.54005],[-102.68929,22.53325],[-102.68705,22.53359],[-102.68453,22.53701],[-102.68309,22.54206],[-102.67922,22.54036],[-102.67595,22.54229],[-102.66713,22.5447],[-102.66325,22.54784],[-102.66504,22.54444],[-102.66312,22.54389],[-102.6667,22.53976],[-102.66627,22.53459],[-102.66902,22.5285],[-102.67058,22.52856],[-102.67108,22.52302],[-102.66492,22.52122],[-102.65876,22.52262],[-102.65294,22.53176],[-102.65775,22.53149],[-102.66201,22.52909],[-102.66029,22.53348],[-102.65496,22.5331],[-102.65422,22.53589],[-102.651,22.53644],[-102.65229,22.54357],[-102.65101,22.54614],[-102.6504,22.54116],[-102.64757,22.53665],[-102.64705,22.54185],[-102.64183,22.54819],[-102.64742,22.55344],[-102.64517,22.55564],[-102.65932,22.55786],[-102.66175,22.55399],[-102.66572,22.55653],[-102.6639,22.56266],[-102.66709,22.56711],[-102.66683,22.56931],[-102.66282,22.56732],[-102.65887,22.56951],[-102.65803,22.5726],[-102.66187,22.56954],[-102.66901,22.57075],[-102.66814,22.56909],[-102.67332,22.57081],[-102.66954,22.57124],[-102.67067,22.57337],[-102.66613,22.5742],[-102.65936,22.58086],[-102.66055,22.58234],[-102.65348,22.58427]]],[[[-102.65153,22.52304],[-102.65566,22.52489],[-102.65632,22.52301],[-102.65206,22.52128],[-102.65153,22.52304]]],[[[-102.70009,22.5721],[-102.69775,22.56937],[-102.69584,22.5716],[-102.70009,22.5721]]],[[[-102.69911,22.5773],[-102.69893,22.57335],[-102.69585,22.57617],[-102.69911,22.5773]]],[[[-102.69569,22.59818],[-102.69495,22.60133],[-102.70719,22.61426],[-102.70797,22.61208],[-102.7058,22.60656],[-102.70281,22.60378],[-102.70038,22.59682],[-102.69485,22.59644],[-102.69008,22.59421],[-102.69458,22.59328],[-102.69557,22.59142],[-102.70112,22.59016],[-102.70568,22.5904],[-102.7142,22.58768],[-102.71562,22.58052],[-102.71252,22.57748],[-102.71369,22.58123],[-102.71029,22.58225],[-102.71084,22.58717],[-102.70829,22.581],[-102.71022,22.57792],[-102.70731,22.5753],[-102.70564,22.57938],[-102.70662,22.58193],[-102.70237,22.585],[-102.70131,22.58813],[-102.69462,22.58879],[-102.68625,22.58782],[-102.68611,22.59118],[-102.68326,22.59194],[-102.68915,22.59593],[-102.69569,22.59818]]],[[[-102.66072,22.59604],[-102.66563,22.59391],[-102.66158,22.593],[-102.66072,22.59604]]],[[[-102.67453,22.59744],[-102.67443,22.59335],[-102.66938,22.59194],[-102.66947,22.5891],[-102.6665,22.59109],[-102.67453,22.59744]]],[[[-102.68255,22.59076],[-102.68221,22.58826],[-102.67903,22.58869],[-102.68255,22.59076]]],[[[-102.48749,22.34124],[-102.49238,22.33987],[-102.49254,22.33581],[-102.49481,22.33367],[-102.49464,22.32891],[-102.49062,22.33711],[-102.48667,22.33941],[-102.48749,22.34124]]],[[[-103.15985,23.36881],[-103.1582,23.36969],[-103.15893,23.36639],[-103.15163,23.36201],[-103.15345,23.37005],[-103.15718,23.37077],[-103.15869,23.37393],[-103.16185,23.37496],[-103.16364,23.37002],[-103.16523,23.37466],[-103.16794,23.37521],[-103.16656,23.36936],[-103.16839,23.3651],[-103.16311,23.36708],[-103.15985,23.36881]]],[[[-103.16646,23.02322],[-103.17066,23.02496],[-103.17672,23.01481],[-103.17522,23.01205],[-103.18005,23.01115],[-103.1872,23.01158],[-103.19092,23.00956],[-103.19896,23.00911],[-103.20703,23.00248],[-103.20735,23.00221],[-103.23051,22.98315],[-103.2372,22.97962],[-103.24016,22.97443],[-103.23326,22.9714],[-103.2278,22.97294],[-103.22952,22.96798],[-103.21952,22.96595],[-103.21717,22.96822],[-103.21692,22.96442],[-103.21258,22.96416],[-103.2048,22.98505],[-103.20169,22.98469],[-103.19709,22.98165],[-103.19659,22.97585],[-103.19338,22.97296],[-103.19006,22.97238],[-103.18891,22.9695],[-103.19326,22.97162],[-103.19234,22.96725],[-103.18205,22.97119],[-103.18062,22.97375],[-103.18332,22.97469],[-103.18024,22.97779],[-103.17838,22.97706],[-103.17582,22.98143],[-103.17236,22.97761],[-103.17217,22.98016],[-103.16789,22.98512],[-103.17326,22.98649],[-103.16448,23.00222],[-103.16377,23.00725],[-103.16035,23.01113],[-103.15906,23.01514],[-103.16054,23.01818],[-103.15766,23.01852],[-103.15787,23.02119],[-103.14199,23.0317],[-103.14669,23.03369],[-103.14039,23.03307],[-103.14023,23.03787],[-103.1429,23.03688],[-103.15027,23.03713],[-103.15278,23.03283],[-103.15694,23.03626],[-103.16123,23.03447],[-103.16109,23.03198],[-103.16682,23.03094],[-103.16775,23.02765],[-103.1628,23.02169],[-103.16613,23.02308],[-103.16646,23.02322]],[[-103.15121,23.03354],[-103.15167,23.03012],[-103.15402,23.03152],[-103.15121,23.03354]]],[[[-102.90291,22.94491],[-102.90143,22.94123],[-102.90361,22.94117],[-102.90387,22.94027],[-102.9038,22.9374],[-102.90593,22.93736],[-102.90658,22.93727],[-102.90804,22.93407],[-102.90799,22.93275],[-102.90101,22.93549],[-102.89962,22.93873],[-102.89967,22.94415],[-102.90281,22.94548],[-102.90291,22.94491]]],[[[-102.95491,22.91688],[-102.95337,22.9159],[-102.95287,22.91686],[-102.95491,22.91688]]],[[[-102.96139,22.91419],[-102.95633,22.91797],[-102.9567,22.91947],[-102.94436,22.92508],[-102.94326,22.92797],[-102.9539,22.92817],[-102.95245,22.92194],[-102.96117,22.92227],[-102.9623,22.92726],[-102.96468,22.92538],[-102.96366,22.9223],[-102.96647,22.92224],[-102.96442,22.91984],[-102.9673,22.9169],[-102.96398,22.91706],[-102.96139,22.91419]]],[[[-102.98308,22.90048],[-102.97304,22.90665],[-102.97509,22.91053],[-102.97306,22.91045],[-102.97222,22.91573],[-102.97737,22.91767],[-102.97442,22.91181],[-102.97907,22.91663],[-102.98139,22.91688],[-102.97559,22.90887],[-102.98126,22.91095],[-102.98578,22.91134],[-102.98214,22.90372],[-102.98308,22.90048]]],[[[-103.12814,23.08477],[-103.1312,23.08115],[-103.1297,23.07704],[-103.1335,23.08114],[-103.13812,23.07399],[-103.14028,23.06603],[-103.13782,23.06103],[-103.13915,23.05851],[-103.12146,23.07299],[-103.1254,23.07861],[-103.12469,23.07996],[-103.12814,23.08477]]],[[[-103.0586,23.12445],[-103.06285,23.12699],[-103.06902,23.12779],[-103.0704,23.12346],[-103.07683,23.11696],[-103.07886,23.11696],[-103.08451,23.11131],[-103.08713,23.10692],[-103.09862,23.10714],[-103.10068,23.10777],[-103.10894,23.10487],[-103.11317,23.09927],[-103.11177,23.09664],[-103.12361,23.09073],[-103.12718,23.0859],[-103.12064,23.07365],[-103.0586,23.12445]]],[[[-103.0449,23.13821],[-103.04507,23.13824],[-103.04684,23.13894],[-103.05337,23.132],[-103.05495,23.13545],[-103.05799,23.13527],[-103.0595,23.12853],[-103.05573,23.1268],[-103.04311,23.13715],[-103.0449,23.13821]]],[[[-103.03305,23.14546],[-103.03759,23.14901],[-103.0387,23.14548],[-103.03649,23.14264],[-103.03305,23.14546]]],[[[-103.03525,23.15539],[-103.0374,23.15336],[-103.03594,23.15068],[-103.03119,23.14698],[-103.02756,23.14995],[-103.02877,23.15235],[-103.03173,23.15161],[-103.03525,23.15539]]],[[[-103.13237,23.35705],[-103.13293,23.35751],[-103.1347,23.35515],[-103.13238,23.3532],[-103.13237,23.35705]]],[[[-103.14243,23.36345],[-103.14241,23.35829],[-103.14007,23.36244],[-103.14243,23.36345]]],[[[-103.14795,23.36174],[-103.14456,23.36725],[-103.14834,23.36872],[-103.14603,23.36567],[-103.14795,23.36174]]],[[[-103.17148,23.33954],[-103.16947,23.34204],[-103.17239,23.34474],[-103.17148,23.33954]]],[[[-103.16281,23.31343],[-103.16584,23.31834],[-103.16864,23.31674],[-103.17028,23.31979],[-103.17004,23.31514],[-103.16512,23.31143],[-103.16281,23.31343]]],[[[-102.87432,23.22548],[-102.87851,23.22834],[-102.87793,23.22453],[-102.87432,23.22548]]],[[[-102.86442,23.21907],[-102.8692,23.22252],[-102.87466,23.22066],[-102.86468,23.21604],[-102.86442,23.21907]]],[[[-102.87177,23.20899],[-102.86897,23.20838],[-102.86668,23.21051],[-102.87177,23.20899]]],[[[-102.9018,23.2063],[-102.90382,23.206],[-102.90072,23.2027],[-102.9018,23.2063]]],[[[-102.92016,23.16861],[-102.9257,23.1696],[-102.93851,23.16788],[-102.9508,23.16565],[-102.95367,23.1681],[-102.95268,23.16522],[-102.94992,23.16571],[-102.9492,23.16326],[-102.94905,23.15306],[-102.94778,23.15648],[-102.94457,23.15741],[-102.9457,23.16358],[-102.94369,23.1621],[-102.94412,23.15686],[-102.95063,23.14845],[-102.94595,23.14978],[-102.94585,23.15292],[-102.94355,23.15261],[-102.9411,23.14923],[-102.93686,23.14975],[-102.93593,23.15218],[-102.94004,23.1525],[-102.94001,23.15607],[-102.93402,23.15524],[-102.92573,23.15553],[-102.92109,23.1571],[-102.92016,23.16861]]],[[[-102.91525,23.18014],[-102.91948,23.17873],[-102.92143,23.17762],[-102.92138,23.17682],[-102.91525,23.18014]]],[[[-102.9078,23.19882],[-102.9088,23.19427],[-102.90275,23.19158],[-102.89473,23.19182],[-102.89669,23.1948],[-102.89385,23.19688],[-102.89743,23.2004],[-102.9078,23.19882]]],[[[-102.96634,23.20051],[-102.96959,23.19501],[-102.9681,23.19228],[-102.95568,23.19149],[-102.95955,23.19391],[-102.95976,23.20148],[-102.96634,23.20051]]],[[[-102.96391,23.1899],[-102.96072,23.18871],[-102.96006,23.19149],[-102.96383,23.19175],[-102.96391,23.1899]]],[[[-103.02134,23.16082],[-103.025,23.16253],[-103.02789,23.16048],[-103.02555,23.15566],[-103.02212,23.1553],[-103.01906,23.15701],[-103.02235,23.15816],[-103.0212,23.16027],[-103.02134,23.16082]]],[[[-103.00235,23.17811],[-103.00086,23.17557],[-103.0046,23.17701],[-103.0059,23.1754],[-103.0048,23.16662],[-102.99604,23.16969],[-102.99583,23.17772],[-103.00235,23.17811]]],[[[-102.95782,23.1705],[-102.96322,23.17001],[-102.96321,23.16981],[-102.96315,23.1691],[-102.9676,23.16956],[-102.96765,23.17156],[-102.97337,23.1736],[-102.97025,23.17222],[-102.97023,23.16891],[-102.96772,23.16888],[-102.96749,23.16509],[-102.96529,23.1653],[-102.96476,23.16114],[-102.96288,23.16137],[-102.96291,23.1652],[-102.96045,23.15229],[-102.94994,23.15217],[-102.95023,23.15961],[-102.95421,23.16668],[-102.95782,23.1705]]],[[[-102.99956,23.1437],[-102.99637,23.14766],[-102.99702,23.15116],[-103.00291,23.15477],[-103.00169,23.15079],[-103.00482,23.14583],[-103.006,23.13655],[-103.00356,23.13709],[-103.00151,23.14128],[-103.00315,23.14368],[-102.99956,23.1437]]],[[[-102.88717,23.14704],[-102.88642,23.15119],[-102.88305,23.15627],[-102.88016,23.15853],[-102.88209,23.16243],[-102.88442,23.16172],[-102.88888,23.16536],[-102.88994,23.1608],[-102.89414,23.16272],[-102.90131,23.1621],[-102.90794,23.16052],[-102.90681,23.15352],[-102.90496,23.14824],[-102.91373,23.1492],[-102.93446,23.14988],[-102.93718,23.14711],[-102.92595,23.13769],[-102.92212,23.13031],[-102.91204,23.12869],[-102.90856,23.13592],[-102.90291,23.13826],[-102.90766,23.13271],[-102.90876,23.1265],[-102.91164,23.12823],[-102.92173,23.12953],[-102.92524,23.1227],[-102.92671,23.11764],[-102.92256,23.11555],[-102.92397,23.11275],[-102.92043,23.109],[-102.90628,23.11422],[-102.8998,23.11517],[-102.90096,23.11079],[-102.89871,23.10763],[-102.90239,23.0992],[-102.90665,23.0999],[-102.90497,23.09722],[-102.90544,23.08953],[-102.89091,23.09259],[-102.88114,23.09932],[-102.87501,23.10594],[-102.87154,23.10649],[-102.87015,23.10943],[-102.87096,23.11409],[-102.8672,23.11512],[-102.86501,23.11787],[-102.86581,23.12122],[-102.85875,23.12112],[-102.85582,23.12618],[-102.85452,23.12684],[-102.85838,23.12894],[-102.86338,23.12786],[-102.86706,23.13198],[-102.86928,23.13239],[-102.86838,23.13659],[-102.87326,23.1381],[-102.87466,23.14116],[-102.87778,23.14188],[-102.88087,23.14],[-102.88076,23.14316],[-102.88694,23.14402],[-102.89076,23.1434],[-102.89123,23.14046],[-102.89717,23.13952],[-102.89955,23.13699],[-102.89545,23.14713],[-102.88717,23.14704]],[[-102.91792,23.14412],[-102.91448,23.14342],[-102.91345,23.13733],[-102.91593,23.13549],[-102.91813,23.13735],[-102.9192,23.14162],[-102.91792,23.14412]],[[-102.8783,23.12777],[-102.87841,23.12535],[-102.88362,23.1238],[-102.88174,23.12787],[-102.8783,23.12777]],[[-102.8817,23.1103],[-102.88268,23.10642],[-102.89441,23.10722],[-102.8967,23.11],[-102.89413,23.11046],[-102.89325,23.12089],[-102.88986,23.12196],[-102.8881,23.11999],[-102.8777,23.11807],[-102.87896,23.11319],[-102.88272,23.1117],[-102.8817,23.1103]]],[[[-102.84041,23.11459],[-102.83788,23.11481],[-102.83157,23.1138],[-102.82966,23.11521],[-102.8444,23.12369],[-102.85359,23.12634],[-102.85546,23.12584],[-102.85773,23.12047],[-102.8629,23.1167],[-102.85905,23.11616],[-102.85893,23.11307],[-102.86219,23.11208],[-102.85891,23.11031],[-102.85537,23.1116],[-102.85483,23.10526],[-102.84647,23.10627],[-102.84724,23.11175],[-102.84472,23.11248],[-102.84288,23.11328],[-102.84041,23.11459]]],[[[-102.87098,23.10517],[-102.87523,23.10461],[-102.87646,23.10259],[-102.88612,23.0947],[-102.87952,23.0931],[-102.88336,23.08425],[-102.88132,23.08181],[-102.87488,23.06969],[-102.87075,23.07058],[-102.86991,23.08066],[-102.86806,23.077],[-102.86846,23.07335],[-102.86138,23.07426],[-102.86093,23.07664],[-102.85792,23.07624],[-102.85802,23.0817],[-102.85372,23.0883],[-102.86043,23.09036],[-102.86208,23.09222],[-102.85537,23.09024],[-102.85562,23.09283],[-102.85205,23.09287],[-102.8546,23.09986],[-102.86029,23.09756],[-102.86616,23.09857],[-102.86739,23.10366],[-102.87098,23.10517]],[[-102.86606,23.0906],[-102.86261,23.08783],[-102.86457,23.08551],[-102.86606,23.0906]]],[[[-102.88636,23.09119],[-102.88876,23.09243],[-102.8905,23.08944],[-102.89264,23.09073],[-102.90167,23.08918],[-102.90729,23.08388],[-102.91826,23.08443],[-102.91672,23.08036],[-102.91406,23.0798],[-102.91485,23.07381],[-102.91806,23.07325],[-102.91731,23.06767],[-102.9115,23.06774],[-102.90609,23.06921],[-102.90556,23.07221],[-102.90142,23.07261],[-102.89321,23.07679],[-102.88955,23.08082],[-102.88636,23.09119]]],[[[-103.09078,23.0916],[-103.08789,23.09423],[-103.08868,23.09943],[-103.12052,23.07339],[-103.11452,23.0694],[-103.10956,23.07084],[-103.10363,23.08455],[-103.10034,23.08276],[-103.09078,23.0916]]],[[[-102.91783,23.06962],[-102.91828,23.07217],[-102.92126,23.07098],[-102.91783,23.06962]]],[[[-103.13946,23.05793],[-103.14097,23.05507],[-103.13905,23.05329],[-103.14021,23.05065],[-103.13903,23.04698],[-103.13489,23.04663],[-103.13207,23.04424],[-103.13528,23.04137],[-103.13272,23.0411],[-103.12477,23.0461],[-103.11913,23.04676],[-103.11964,23.05704],[-103.11775,23.06635],[-103.1213,23.07276],[-103.13946,23.05793]]],[[[-103.00647,23.03898],[-103.00937,23.03347],[-103.01782,23.02534],[-103.0214,23.01869],[-103.02284,23.01013],[-103.01343,23.00755],[-103.00603,23.0039],[-103.0058,23.00745],[-103.0032,23.00771],[-103.00412,23.01109],[-103.00109,23.01094],[-103.0017,23.00285],[-102.99709,23.00039],[-102.99515,23.00439],[-102.99474,23.00889],[-102.9976,23.01412],[-103.00006,23.0346],[-103.00647,23.03898]]],[[[-102.98173,23.00644],[-102.97743,23.00715],[-102.97538,23.01279],[-102.96883,23.01678],[-102.96883,23.01944],[-102.98439,23.02251],[-102.98685,23.0218],[-102.98767,23.01606],[-102.99033,23.01514],[-102.99156,23.00992],[-102.98788,23.00889],[-102.989,23.00367],[-102.98654,23.00244],[-102.98173,23.00644]]],[[[-102.95068,22.97477],[-102.9508,22.97756],[-102.95329,22.97687],[-102.95347,22.97312],[-102.95616,22.97214],[-102.95509,22.96792],[-102.9528,22.96678],[-102.94659,22.96836],[-102.94734,22.97143],[-102.95068,22.97477]]],[[[-103.20054,23.00903],[-103.20286,23.0089],[-103.20354,23.00574],[-103.20054,23.00903]]],[[[-103.02959,23.14252],[-103.03276,23.14523],[-103.03636,23.14241],[-103.03566,23.13702],[-103.04032,23.13445],[-103.04282,23.13695],[-103.05547,23.12668],[-103.05231,23.12379],[-103.05025,23.12166],[-103.04559,23.12313],[-103.04801,23.12747],[-103.05129,23.12774],[-103.04929,23.13095],[-103.04465,23.13272],[-103.04104,23.12956],[-103.04063,23.12381],[-103.02924,23.13599],[-103.02959,23.14252]]],[[[-103.03086,23.14672],[-103.02807,23.14454],[-103.02634,23.14708],[-103.02829,23.14874],[-103.03086,23.14672]]],[[[-103.05425,23.12226],[-103.05837,23.12433],[-103.08738,23.1005],[-103.08695,23.09509],[-103.06752,23.11276],[-103.06306,23.10797],[-103.05781,23.11499],[-103.0595,23.11715],[-103.05425,23.12226]]],[[[-102.9565,23.20406],[-102.95634,23.20709],[-102.95977,23.20668],[-102.95976,23.2041],[-102.9565,23.20406]]],[[[-102.87423,23.21916],[-102.8761,23.2192],[-102.8769,23.21449],[-102.87341,23.21441],[-102.87423,23.21916]]],[[[-103.2948,23.3677],[-103.29262,23.38028],[-103.29281,23.38971],[-103.28976,23.38381],[-103.28785,23.38578],[-103.28582,23.3894],[-103.29045,23.39979],[-103.29282,23.3992],[-103.29714,23.39167],[-103.3003,23.38886],[-103.30097,23.38489],[-103.3002,23.37757],[-103.30258,23.37501],[-103.29985,23.37361],[-103.29875,23.3705],[-103.2948,23.3677]]],[[[-103.30512,23.37924],[-103.29964,23.36262],[-103.29533,23.36387],[-103.29531,23.36408],[-103.29759,23.36322],[-103.30065,23.36764],[-103.30512,23.37924]]],[[[-103.3285,23.35767],[-103.32828,23.35315],[-103.32385,23.35184],[-103.31706,23.35604],[-103.31341,23.35603],[-103.3136,23.35291],[-103.3093,23.3551],[-103.30761,23.36554],[-103.31064,23.3805],[-103.31631,23.38257],[-103.32255,23.38127],[-103.32862,23.38335],[-103.32968,23.38813],[-103.33272,23.38346],[-103.33059,23.38102],[-103.33276,23.38032],[-103.33066,23.37695],[-103.32629,23.37645],[-103.32626,23.37403],[-103.32992,23.3731],[-103.32585,23.37202],[-103.3285,23.35767]]],[[[-103.2115,23.35188],[-103.20637,23.35177],[-103.20637,23.35191],[-103.20665,23.35274],[-103.20795,23.35652],[-103.20799,23.35665],[-103.20965,23.35769],[-103.22409,23.35857],[-103.22696,23.36111],[-103.22627,23.36563],[-103.23121,23.36908],[-103.22434,23.37083],[-103.22502,23.37515],[-103.21702,23.38108],[-103.2166,23.38414],[-103.21054,23.39],[-103.2106,23.39415],[-103.21434,23.39539],[-103.2185,23.39939],[-103.22968,23.39396],[-103.23336,23.39036],[-103.23977,23.39686],[-103.2442,23.39808],[-103.24803,23.39624],[-103.24779,23.39918],[-103.2442,23.39979],[-103.2421,23.40897],[-103.24375,23.41156],[-103.25021,23.40911],[-103.25511,23.40844],[-103.25651,23.41301],[-103.26246,23.41504],[-103.25916,23.40872],[-103.25903,23.40573],[-103.26148,23.40551],[-103.26403,23.41264],[-103.26788,23.41076],[-103.26672,23.40755],[-103.27022,23.40648],[-103.27143,23.40935],[-103.27519,23.4062],[-103.27691,23.40798],[-103.28003,23.4068],[-103.2783,23.40249],[-103.27691,23.39147],[-103.27823,23.39557],[-103.27955,23.39286],[-103.28439,23.39408],[-103.28151,23.38771],[-103.28517,23.38614],[-103.28493,23.37848],[-103.28846,23.37698],[-103.2873,23.37527],[-103.28106,23.37705],[-103.28741,23.36974],[-103.28596,23.36597],[-103.28646,23.36023],[-103.28226,23.3597],[-103.29098,23.35426],[-103.29543,23.35323],[-103.30096,23.34512],[-103.30505,23.34252],[-103.30562,23.33291],[-103.29948,23.33148],[-103.29239,23.32233],[-103.29539,23.31212],[-103.29299,23.30943],[-103.28459,23.30845],[-103.28058,23.30565],[-103.27621,23.30752],[-103.26314,23.30671],[-103.26062,23.30981],[-103.25129,23.313],[-103.24881,23.31985],[-103.2491,23.32383],[-103.2511,23.32631],[-103.24736,23.32692],[-103.24599,23.33563],[-103.25113,23.34029],[-103.25046,23.34363],[-103.25243,23.3448],[-103.25031,23.34917],[-103.25619,23.35247],[-103.25031,23.35653],[-103.2393,23.35539],[-103.23734,23.35651],[-103.22209,23.35202],[-103.21801,23.35003],[-103.21263,23.35353],[-103.2115,23.35188]],[[-103.25415,23.39963],[-103.2522,23.39534],[-103.2571,23.39061],[-103.26029,23.38272],[-103.25805,23.38062],[-103.25634,23.38366],[-103.25295,23.38378],[-103.24389,23.39014],[-103.24207,23.39226],[-103.24021,23.38848],[-103.23697,23.39002],[-103.23462,23.38624],[-103.23787,23.38627],[-103.24647,23.3779],[-103.25541,23.37594],[-103.25266,23.37054],[-103.25821,23.36972],[-103.25933,23.37301],[-103.26496,23.37121],[-103.26692,23.37392],[-103.26496,23.38261],[-103.26739,23.38537],[-103.26388,23.38717],[-103.25757,23.39738],[-103.25415,23.39963]],[[-103.23347,23.37506],[-103.23062,23.37657],[-103.22806,23.3716],[-103.23368,23.36879],[-103.2406,23.36744],[-103.23974,23.37299],[-103.24316,23.3706],[-103.2444,23.36598],[-103.25069,23.36218],[-103.25148,23.35981],[-103.25659,23.35873],[-103.25381,23.36095],[-103.25241,23.36522],[-103.25355,23.36671],[-103.25071,23.3702],[-103.2409,23.37602],[-103.23704,23.38048],[-103.23192,23.38159],[-103.22498,23.39104],[-103.22373,23.39099],[-103.22822,23.38318],[-103.23152,23.37993],[-103.23347,23.37506]],[[-103.26597,23.3697],[-103.26308,23.36915],[-103.26794,23.36503],[-103.26869,23.35901],[-103.26649,23.35791],[-103.26995,23.35239],[-103.2715,23.3554],[-103.2697,23.35961],[-103.26874,23.36709],[-103.26597,23.3697]],[[-103.26536,23.34947],[-103.27111,23.34537],[-103.27952,23.34204],[-103.27868,23.34009],[-103.28239,23.33806],[-103.28386,23.33445],[-103.28756,23.33547],[-103.29375,23.33072],[-103.29586,23.33198],[-103.29226,23.33656],[-103.28859,23.33656],[-103.29,23.3404],[-103.28482,23.34591],[-103.27852,23.34847],[-103.27245,23.34933],[-103.27218,23.34636],[-103.26944,23.34985],[-103.26536,23.34947]],[[-103.26369,23.33717],[-103.26664,23.33565],[-103.26973,23.33678],[-103.26675,23.34118],[-103.26172,23.34299],[-103.26002,23.3396],[-103.26369,23.33717]]],[[[-103.30993,23.40431],[-103.31198,23.40225],[-103.3083,23.40076],[-103.30879,23.39764],[-103.30637,23.39758],[-103.30672,23.40231],[-103.30993,23.40431]]],[[[-103.15163,23.2984],[-103.15033,23.30054],[-103.15584,23.30018],[-103.15163,23.2984]]],[[[-103.32915,23.30038],[-103.32311,23.2991],[-103.32159,23.30076],[-103.32593,23.306],[-103.3333,23.30497],[-103.3249,23.30322],[-103.33149,23.30162],[-103.32915,23.30038]]],[[[-103.35756,23.24257],[-103.35848,23.23827],[-103.3536,23.23485],[-103.35277,23.23755],[-103.35453,23.24246],[-103.3543,23.24744],[-103.35756,23.24257]]],[[[-103.35258,23.16194],[-103.35104,23.16051],[-103.34931,23.15392],[-103.34823,23.14491],[-103.34669,23.14385],[-103.34538,23.14533],[-103.33969,23.14458],[-103.33552,23.14778],[-103.33288,23.14675],[-103.33056,23.13722],[-103.32885,23.13631],[-103.32657,23.1375],[-103.31728,23.13753],[-103.31084,23.1383],[-103.3044,23.14321],[-103.31203,23.14324],[-103.31481,23.14576],[-103.30996,23.14917],[-103.30855,23.15182],[-103.30794,23.15308],[-103.30781,23.15334],[-103.30763,23.15371],[-103.30715,23.15468],[-103.30517,23.15954],[-103.30686,23.16282],[-103.31146,23.16273],[-103.31435,23.15864],[-103.3143,23.15609],[-103.3185,23.15862],[-103.31528,23.16676],[-103.3182,23.17107],[-103.32194,23.17276],[-103.32694,23.17105],[-103.33101,23.1711],[-103.33268,23.17455],[-103.33853,23.17443],[-103.34775,23.1628],[-103.34757,23.1719],[-103.35171,23.17481],[-103.35146,23.16827],[-103.35305,23.16581],[-103.35258,23.16194]]],[[[-103.27547,23.14142],[-103.2726,23.1429],[-103.27254,23.14668],[-103.2745,23.15257],[-103.28056,23.15359],[-103.28242,23.14742],[-103.28492,23.14919],[-103.28588,23.14084],[-103.27547,23.14142]]],[[[-103.2627,23.13375],[-103.27227,23.13439],[-103.27414,23.12912],[-103.26728,23.12728],[-103.26374,23.12923],[-103.26526,23.13197],[-103.2627,23.13375]]],[[[-103.25205,23.13136],[-103.25532,23.13293],[-103.25652,23.13687],[-103.2617,23.1339],[-103.26072,23.13074],[-103.25806,23.12951],[-103.25687,23.13186],[-103.25205,23.13136]]],[[[-103.24644,23.24756],[-103.24009,23.24429],[-103.23569,23.24438],[-103.23865,23.24885],[-103.23654,23.25146],[-103.23435,23.25066],[-103.23238,23.25653],[-103.23849,23.25949],[-103.24211,23.26275],[-103.24659,23.26202],[-103.25243,23.2595],[-103.24529,23.24913],[-103.24644,23.24756]]],[[[-103.26295,23.28938],[-103.26478,23.28976],[-103.27053,23.29162],[-103.27185,23.29004],[-103.26934,23.28518],[-103.27123,23.28327],[-103.27076,23.28171],[-103.26545,23.28137],[-103.26112,23.28506],[-103.26036,23.28785],[-103.26295,23.28938]]],[[[-103.26519,23.29022],[-103.26478,23.28976],[-103.26323,23.28949],[-103.26519,23.29022]]],[[[-103.20103,23.28358],[-103.20666,23.2784],[-103.20972,23.27784],[-103.20985,23.27299],[-103.20742,23.26757],[-103.20865,23.26035],[-103.20695,23.25809],[-103.20352,23.2608],[-103.20276,23.2705],[-103.20423,23.27388],[-103.20032,23.27365],[-103.19639,23.27997],[-103.19663,23.28245],[-103.20103,23.28358]]],[[[-103.21354,23.2206],[-103.21356,23.2185],[-103.20927,23.21969],[-103.20691,23.2244],[-103.21054,23.22287],[-103.21287,23.22412],[-103.21355,23.22129],[-103.21354,23.2206]]],[[[-103.27043,23.12288],[-103.2729,23.1207],[-103.26739,23.11973],[-103.27043,23.12288]]],[[[-103.29661,23.1181],[-103.30931,23.10959],[-103.30892,23.10669],[-103.3029,23.10753],[-103.29743,23.1049],[-103.29183,23.1085],[-103.28807,23.10579],[-103.28508,23.10642],[-103.27572,23.10016],[-103.27376,23.10181],[-103.27037,23.10059],[-103.26557,23.10894],[-103.26664,23.11239],[-103.27106,23.11245],[-103.27307,23.11519],[-103.27218,23.11804],[-103.27506,23.12115],[-103.27391,23.11369],[-103.27843,23.1152],[-103.27644,23.11074],[-103.27919,23.11142],[-103.28226,23.10658],[-103.28568,23.11088],[-103.2875,23.10852],[-103.29226,23.11157],[-103.29,23.11074],[-103.28418,23.11282],[-103.28439,23.11548],[-103.28844,23.11728],[-103.28276,23.11682],[-103.28188,23.11947],[-103.28552,23.12059],[-103.2905,23.11964],[-103.28922,23.11634],[-103.29734,23.11466],[-103.29661,23.1181]]],[[[-103.31571,23.12822],[-103.30378,23.12377],[-103.30193,23.12531],[-103.30955,23.12837],[-103.31571,23.12822]]],[[[-103.28839,23.12416],[-103.28702,23.12522],[-103.29151,23.12717],[-103.29275,23.12606],[-103.28839,23.12416]]],[[[-103.28684,23.13536],[-103.2871,23.13558],[-103.29051,23.13598],[-103.29089,23.1328],[-103.28742,23.13297],[-103.28639,23.13497],[-103.28684,23.13536]]],[[[-103.28669,23.1567],[-103.29183,23.15472],[-103.29897,23.15355],[-103.30078,23.15132],[-103.30056,23.14631],[-103.29627,23.14807],[-103.28669,23.1567]]],[[[-103.38261,23.18607],[-103.38842,23.18026],[-103.39171,23.17919],[-103.3943,23.17558],[-103.39293,23.17362],[-103.38664,23.1731],[-103.38768,23.16867],[-103.39682,23.16326],[-103.40074,23.15995],[-103.40189,23.16119],[-103.41124,23.16193],[-103.40915,23.15478],[-103.39508,23.1551],[-103.39283,23.15781],[-103.39073,23.15668],[-103.38905,23.15991],[-103.38416,23.16438],[-103.38549,23.16571],[-103.38201,23.17028],[-103.38002,23.17058],[-103.37488,23.1756],[-103.371,23.17744],[-103.36851,23.18154],[-103.37371,23.18607],[-103.37502,23.18965],[-103.37814,23.18899],[-103.38261,23.18607]]],[[[-103.36635,23.18565],[-103.36723,23.18836],[-103.37084,23.19072],[-103.37318,23.19012],[-103.36635,23.18565]]],[[[-103.46072,23.34843],[-103.46084,23.34352],[-103.4555,23.34538],[-103.45824,23.34785],[-103.45651,23.35195],[-103.45737,23.35415],[-103.46015,23.35177],[-103.46072,23.34843]]],[[[-103.4658,23.34808],[-103.46525,23.34838],[-103.46483,23.3486],[-103.46156,23.34848],[-103.4653,23.35115],[-103.4658,23.34808]]],[[[-103.43343,23.34788],[-103.43133,23.34882],[-103.43012,23.35118],[-103.43847,23.34875],[-103.43634,23.34392],[-103.43349,23.34491],[-103.43343,23.34788]]],[[[-103.4605,23.36557],[-103.46592,23.36459],[-103.46464,23.36298],[-103.4597,23.36372],[-103.4605,23.36557]]],[[[-103.27099,23.02644],[-103.27386,23.02848],[-103.27483,23.02626],[-103.27099,23.02644]]],[[[-102.98621,22.91193],[-102.98855,22.91869],[-102.98745,22.91185],[-102.98621,22.91193]]],[[[-103.80724,23.50764],[-103.81005,23.51082],[-103.8114,23.50664],[-103.81346,23.50878],[-103.81454,23.50428],[-103.81192,23.50398],[-103.80724,23.50764]]],[[[-103.86116,23.53109],[-103.86765,23.53116],[-103.87216,23.52529],[-103.86694,23.52789],[-103.86697,23.51937],[-103.86483,23.51906],[-103.86605,23.52252],[-103.8633,23.53082],[-103.86116,23.53109]]],[[[-103.90532,23.53769],[-103.90639,23.53654],[-103.90838,23.53584],[-103.90963,23.53582],[-103.90709,23.52799],[-103.90326,23.5349],[-103.90411,23.53692],[-103.90532,23.53769]]],[[[-103.84301,23.52446],[-103.84263,23.52456],[-103.84094,23.52826],[-103.84265,23.5305],[-103.84583,23.52888],[-103.84798,23.52727],[-103.85132,23.53048],[-103.8505,23.53261],[-103.84682,23.53204],[-103.84591,23.53258],[-103.84971,23.5351],[-103.84997,23.53929],[-103.85052,23.53579],[-103.85386,23.53579],[-103.85462,23.53477],[-103.85749,23.53033],[-103.8605,23.53096],[-103.85915,23.52391],[-103.85513,23.51672],[-103.85468,23.51111],[-103.85582,23.50229],[-103.85348,23.50517],[-103.85095,23.50469],[-103.85091,23.50872],[-103.84742,23.51321],[-103.84297,23.51374],[-103.84494,23.52377],[-103.84362,23.52425],[-103.84348,23.52432],[-103.84301,23.52446]]],[[[-103.84195,23.52497],[-103.84263,23.52456],[-103.8427,23.52433],[-103.84195,23.52497]]],[[[-103.82406,23.51089],[-103.82745,23.51178],[-103.82804,23.50843],[-103.82406,23.51089]]],[[[-103.81688,23.50778],[-103.8189,23.51176],[-103.81909,23.50723],[-103.81688,23.50778]]],[[[-103.84616,23.50381],[-103.84892,23.50657],[-103.84982,23.505],[-103.84616,23.50381]]],[[[-103.85332,23.49043],[-103.85444,23.4991],[-103.85613,23.502],[-103.85651,23.50688],[-103.85783,23.50482],[-103.85939,23.49572],[-103.85821,23.49234],[-103.85378,23.48829],[-103.85332,23.49043]]],[[[-103.90833,23.48436],[-103.90889,23.48418],[-103.90944,23.48401],[-103.90628,23.48084],[-103.91058,23.47974],[-103.89831,23.4778],[-103.8907,23.47596],[-103.89123,23.48038],[-103.88594,23.47878],[-103.88407,23.4802],[-103.88646,23.48238],[-103.88452,23.48495],[-103.88042,23.48486],[-103.88184,23.49238],[-103.88739,23.49428],[-103.887,23.49064],[-103.89354,23.48858],[-103.89381,23.48526],[-103.8885,23.48553],[-103.89191,23.48113],[-103.89801,23.48218],[-103.9019,23.48132],[-103.90686,23.48357],[-103.9073,23.48407],[-103.90833,23.48436]]],[[[-103.95653,23.43429],[-103.95524,23.43635],[-103.96144,23.43639],[-103.95653,23.43429]]],[[[-103.93521,23.42004],[-103.94095,23.43166],[-103.94339,23.43251],[-103.94701,23.42656],[-103.949,23.4268],[-103.95,23.42025],[-103.94493,23.42259],[-103.93953,23.41989],[-103.93899,23.41767],[-103.93521,23.42004]]],[[[-103.9164,23.3851],[-103.91453,23.38952],[-103.9173,23.38845],[-103.9164,23.3851]]],[[[-103.91115,23.37857],[-103.91078,23.37459],[-103.91063,23.37391],[-103.91025,23.37218],[-103.90638,23.36915],[-103.9012,23.36895],[-103.89932,23.3726],[-103.89492,23.3726],[-103.89334,23.37005],[-103.88842,23.37222],[-103.88639,23.36698],[-103.88458,23.366],[-103.88581,23.36018],[-103.88007,23.36104],[-103.87685,23.35685],[-103.87469,23.36284],[-103.87425,23.36844],[-103.87114,23.36817],[-103.86934,23.36555],[-103.87369,23.36462],[-103.87158,23.3573],[-103.86922,23.35561],[-103.86291,23.35579],[-103.86165,23.35766],[-103.85394,23.34986],[-103.855,23.34843],[-103.85065,23.34343],[-103.84573,23.34093],[-103.84217,23.34405],[-103.84749,23.34654],[-103.84574,23.34732],[-103.84188,23.34501],[-103.8396,23.34566],[-103.83935,23.34633],[-103.83849,23.34758],[-103.83725,23.34673],[-103.83663,23.34551],[-103.83554,23.34419],[-103.83282,23.34996],[-103.83164,23.34724],[-103.83059,23.34749],[-103.82996,23.34794],[-103.82971,23.34983],[-103.83168,23.35552],[-103.82914,23.35516],[-103.82811,23.36015],[-103.82431,23.3647],[-103.82614,23.35843],[-103.82566,23.35427],[-103.82464,23.3576],[-103.82283,23.35616],[-103.82205,23.3566],[-103.82255,23.36133],[-103.82059,23.36337],[-103.81787,23.3586],[-103.81611,23.35977],[-103.81911,23.36971],[-103.82124,23.36925],[-103.82364,23.37271],[-103.82823,23.36927],[-103.83452,23.36934],[-103.83939,23.36816],[-103.83781,23.37181],[-103.8278,23.37111],[-103.82085,23.37581],[-103.82012,23.3822],[-103.82266,23.38387],[-103.81914,23.38442],[-103.81871,23.39204],[-103.82542,23.39571],[-103.82904,23.38685],[-103.82706,23.39501],[-103.83127,23.39579],[-103.8352,23.38823],[-103.84244,23.39122],[-103.84594,23.3893],[-103.85065,23.38947],[-103.84191,23.39611],[-103.84388,23.39833],[-103.84262,23.40165],[-103.85096,23.407],[-103.84956,23.41029],[-103.85114,23.41313],[-103.86145,23.41115],[-103.86862,23.40616],[-103.86712,23.40858],[-103.86144,23.41194],[-103.85758,23.41271],[-103.85867,23.41535],[-103.85548,23.41878],[-103.85824,23.42384],[-103.86353,23.42023],[-103.86357,23.42228],[-103.87022,23.42576],[-103.8718,23.43132],[-103.8699,23.43332],[-103.87758,23.4301],[-103.87779,23.43346],[-103.88147,23.43486],[-103.88561,23.43305],[-103.88579,23.43567],[-103.88862,23.43595],[-103.89555,23.43313],[-103.89546,23.42986],[-103.89878,23.43091],[-103.89962,23.42875],[-103.8972,23.4225],[-103.9004,23.42141],[-103.90228,23.42384],[-103.90467,23.42273],[-103.90378,23.41909],[-103.90265,23.42219],[-103.90065,23.41984],[-103.89585,23.41945],[-103.90282,23.41724],[-103.89965,23.41259],[-103.89635,23.4034],[-103.89278,23.39623],[-103.88951,23.38385],[-103.88972,23.37845],[-103.88719,23.37534],[-103.88926,23.37469],[-103.89637,23.37924],[-103.90061,23.38415],[-103.90516,23.38506],[-103.90631,23.38001],[-103.90811,23.3821],[-103.91052,23.3793],[-103.91115,23.37857]],[[-103.85679,23.35936],[-103.85284,23.35958],[-103.8499,23.35436],[-103.85237,23.35106],[-103.86174,23.35968],[-103.85973,23.36103],[-103.85679,23.35936]]],[[[-103.91081,23.4735],[-103.90931,23.46626],[-103.90544,23.46503],[-103.90894,23.46338],[-103.90983,23.45908],[-103.90832,23.44838],[-103.90818,23.45128],[-103.90327,23.44762],[-103.89992,23.44691],[-103.89969,23.44475],[-103.9041,23.44444],[-103.90521,23.44276],[-103.90585,23.44234],[-103.90665,23.44046],[-103.90625,23.43876],[-103.90215,23.43905],[-103.90282,23.43529],[-103.8993,23.43533],[-103.88564,23.44038],[-103.88625,23.44173],[-103.88,23.4441],[-103.88067,23.44562],[-103.87401,23.44781],[-103.87118,23.44564],[-103.86763,23.45041],[-103.87411,23.45251],[-103.88302,23.45273],[-103.88349,23.45378],[-103.89628,23.45633],[-103.90604,23.45356],[-103.906,23.45492],[-103.89639,23.45699],[-103.88811,23.45775],[-103.88357,23.46023],[-103.8764,23.46729],[-103.88079,23.47247],[-103.88553,23.47247],[-103.88533,23.4696],[-103.88993,23.46609],[-103.88935,23.46874],[-103.89448,23.47139],[-103.90615,23.47514],[-103.91081,23.4735]]],[[[-103.96181,23.46322],[-103.96367,23.4609],[-103.96063,23.46167],[-103.9616,23.46312],[-103.96181,23.46322]]],[[[-103.97908,23.47282],[-103.97934,23.47122],[-103.97659,23.47],[-103.97627,23.47123],[-103.97908,23.47282]]],[[[-103.98656,23.47408],[-103.98765,23.47345],[-103.98643,23.47247],[-103.9855,23.47433],[-103.98656,23.47408]]],[[[-103.99258,23.50058],[-103.98929,23.50193],[-103.99206,23.50788],[-103.99258,23.50058]]],[[[-103.91064,23.47948],[-103.91121,23.47706],[-103.9031,23.47842],[-103.91064,23.47948]]],[[[-103.89149,23.47407],[-103.89866,23.47622],[-103.8968,23.47409],[-103.88892,23.4714],[-103.88654,23.47374],[-103.89149,23.47407]]],[[[-103.87657,23.46264],[-103.87574,23.46715],[-103.87993,23.46205],[-103.88433,23.45875],[-103.8752,23.46086],[-103.87543,23.45872],[-103.88039,23.45962],[-103.88739,23.45586],[-103.87984,23.45364],[-103.87129,23.45619],[-103.8708,23.45892],[-103.87351,23.4601],[-103.87159,23.46226],[-103.87657,23.46264]]],[[[-103.86573,23.44495],[-103.86908,23.44545],[-103.86637,23.4426],[-103.87087,23.44253],[-103.87705,23.43947],[-103.87349,23.438],[-103.88044,23.43603],[-103.87404,23.43631],[-103.87377,23.43517],[-103.8663,23.4376],[-103.86723,23.43938],[-103.86451,23.44188],[-103.86573,23.44495]]],[[[-103.77754,23.38198],[-103.77747,23.38438],[-103.7809,23.38112],[-103.77754,23.38198]]],[[[-103.7715,23.33576],[-103.77149,23.33575],[-103.76827,23.33561],[-103.76491,23.3324],[-103.76575,23.33538],[-103.76527,23.34466],[-103.7709,23.34296],[-103.77063,23.33977],[-103.77363,23.33814],[-103.7715,23.33576]]],[[[-103.86364,23.34072],[-103.86263,23.34413],[-103.86623,23.34271],[-103.86364,23.34072]]],[[[-103.78596,23.33953],[-103.78714,23.33274],[-103.78457,23.33492],[-103.78596,23.33953]]],[[[-103.91253,23.3555],[-103.91384,23.35397],[-103.91093,23.34693],[-103.90863,23.34646],[-103.91161,23.35104],[-103.91253,23.3555]]],[[[-103.8939,23.35489],[-103.89782,23.35597],[-103.89655,23.35087],[-103.89583,23.35461],[-103.8939,23.35489]]],[[[-103.89298,23.35838],[-103.89409,23.3626],[-103.89334,23.36737],[-103.89635,23.37003],[-103.89839,23.36806],[-103.89846,23.35923],[-103.89298,23.35838]]],[[[-103.90279,23.36475],[-103.9032,23.36718],[-103.90661,23.36667],[-103.90378,23.36226],[-103.90657,23.36218],[-103.90349,23.35975],[-103.90279,23.36475]]],[[[-103.91894,23.37563],[-103.92042,23.3697],[-103.91332,23.36805],[-103.91188,23.37055],[-103.91517,23.37238],[-103.91652,23.37609],[-103.91894,23.37563]]],[[[-103.74257,23.31901],[-103.74188,23.32666],[-103.74395,23.32314],[-103.74403,23.31687],[-103.74257,23.31901]]],[[[-103.74949,23.32202],[-103.75095,23.32491],[-103.75343,23.32307],[-103.75106,23.32184],[-103.75145,23.3184],[-103.74816,23.31878],[-103.74586,23.32131],[-103.74949,23.32202]]],[[[-103.90377,23.32099],[-103.9006,23.31887],[-103.89951,23.32045],[-103.90377,23.32099]]],[[[-102.43865,22.37643],[-102.43891,22.37753],[-102.44687,22.37746],[-102.44614,22.37065],[-102.4439,22.36773],[-102.453,22.36527],[-102.45077,22.36077],[-102.43291,22.36569],[-102.43284,22.37027],[-102.4371,22.36993],[-102.43855,22.36699],[-102.44232,22.3655],[-102.44365,22.36761],[-102.44081,22.36833],[-102.44241,22.37259],[-102.43838,22.37298],[-102.43865,22.37643]]],[[[-101.03978,24.49841],[-101.03786,24.49668],[-101.03698,24.50053],[-101.03978,24.49841]]],[[[-101.11963,24.49024],[-101.12106,24.48574],[-101.11815,24.48797],[-101.11963,24.49024]]],[[[-102.7949,22.95717],[-102.79429,22.95878],[-102.79403,22.95946],[-102.80032,22.96271],[-102.80535,22.9639],[-102.81193,22.96331],[-102.80759,22.96283],[-102.80747,22.95974],[-102.79828,22.95928],[-102.7949,22.95717]]],[[[-102.78679,22.95521],[-102.7875,22.95488],[-102.78766,22.95239],[-102.79242,22.95241],[-102.79581,22.95061],[-102.79807,22.94711],[-102.801,22.94671],[-102.79678,22.95432],[-102.79884,22.95642],[-102.79864,22.95147],[-102.80991,22.95072],[-102.81176,22.94609],[-102.8175,22.94535],[-102.82011,22.94631],[-102.81989,22.93738],[-102.82356,22.9355],[-102.82202,22.93863],[-102.82335,22.9432],[-102.82521,22.94314],[-102.82504,22.93947],[-102.82883,22.93884],[-102.82912,22.9414],[-102.83885,22.93981],[-102.8398,22.93742],[-102.84399,22.93622],[-102.84317,22.92809],[-102.84534,22.93101],[-102.84901,22.92403],[-102.84732,22.92025],[-102.85237,22.91963],[-102.85237,22.91592],[-102.85813,22.91624],[-102.85955,22.90923],[-102.86292,22.9077],[-102.86145,22.90184],[-102.85788,22.90302],[-102.85606,22.908],[-102.85118,22.90675],[-102.8498,22.90315],[-102.84587,22.90244],[-102.83826,22.89762],[-102.83645,22.89462],[-102.83301,22.89426],[-102.83444,22.89946],[-102.8291,22.89967],[-102.82678,22.90341],[-102.82309,22.90377],[-102.82325,22.90667],[-102.8307,22.90757],[-102.83877,22.90727],[-102.83885,22.90814],[-102.83094,22.9085],[-102.8269,22.90717],[-102.81929,22.90727],[-102.81948,22.91087],[-102.81702,22.91102],[-102.81845,22.91449],[-102.8136,22.91711],[-102.81332,22.91946],[-102.82081,22.91984],[-102.82612,22.91785],[-102.82168,22.92096],[-102.82679,22.92257],[-102.83543,22.91853],[-102.83541,22.91732],[-102.84472,22.91369],[-102.83559,22.91895],[-102.83586,22.92459],[-102.83185,22.92474],[-102.82836,22.92307],[-102.8281,22.92497],[-102.82426,22.92512],[-102.82148,22.92167],[-102.81321,22.92212],[-102.81146,22.92573],[-102.80859,22.92544],[-102.80872,22.92949],[-102.80471,22.92979],[-102.79711,22.93729],[-102.7902,22.93765],[-102.78832,22.94524],[-102.78322,22.94622],[-102.77876,22.95006],[-102.78073,22.95567],[-102.78679,22.95521]]],[[[-102.78144,22.962],[-102.78423,22.9579],[-102.7815,22.95881],[-102.78144,22.962]]],[[[-102.85593,22.93353],[-102.85967,22.93065],[-102.85944,22.92705],[-102.86624,22.92668],[-102.86416,22.92247],[-102.86589,22.91774],[-102.86325,22.91673],[-102.86308,22.92048],[-102.86043,22.92031],[-102.8616,22.9256],[-102.85768,22.92661],[-102.85358,22.92438],[-102.84858,22.93111],[-102.85582,22.93086],[-102.85593,22.93353]]],[[[-102.86798,22.92312],[-102.86873,22.92625],[-102.87172,22.92627],[-102.87202,22.91794],[-102.86789,22.91717],[-102.86798,22.92312]]],[[[-102.7953,22.91332],[-102.79712,22.91485],[-102.80008,22.90734],[-102.79529,22.90696],[-102.7953,22.91332]]],[[[-103.57653,21.4949],[-103.57809,21.49339],[-103.57906,21.49268],[-103.57898,21.48918],[-103.57619,21.48876],[-103.5726,21.49195],[-103.57139,21.49577],[-103.57653,21.4949]]],[[[-103.50835,21.51159],[-103.51114,21.51493],[-103.5166,21.51051],[-103.51603,21.50874],[-103.51223,21.51184],[-103.50835,21.51159]]],[[[-103.51909,21.53089],[-103.51721,21.53123],[-103.51555,21.53153],[-103.51291,21.53379],[-103.5081,21.5285],[-103.50539,21.5337],[-103.51602,21.53548],[-103.51526,21.53752],[-103.51743,21.5359],[-103.51943,21.53097],[-103.51909,21.53089]]],[[[-103.56952,21.48977],[-103.56947,21.48955],[-103.56932,21.48888],[-103.56863,21.48579],[-103.56453,21.48543],[-103.5636,21.4892],[-103.569,21.48986],[-103.56952,21.48977]]],[[[-103.48695,21.71106],[-103.48505,21.71664],[-103.48799,21.71797],[-103.48695,21.71106]]],[[[-103.46312,21.70797],[-103.46295,21.70774],[-103.46069,21.71002],[-103.46312,21.70797]]],[[[-103.46494,21.70441],[-103.46461,21.70441],[-103.46473,21.70525],[-103.46494,21.70441]]],[[[-103.49624,21.68364],[-103.49665,21.6822],[-103.49628,21.67729],[-103.49429,21.68224],[-103.49624,21.68364]]],[[[-103.5317,21.67181],[-103.53677,21.66828],[-103.53471,21.66544],[-103.53415,21.66932],[-103.5317,21.67181]]],[[[-103.50118,21.80268],[-103.50123,21.80274],[-103.50395,21.80185],[-103.50387,21.80172],[-103.50118,21.80268]]],[[[-103.50305,21.71877],[-103.50208,21.72023],[-103.50331,21.72251],[-103.50305,21.71877]]],[[[-103.53311,21.65453],[-103.53264,21.65664],[-103.53255,21.66017],[-103.53668,21.66347],[-103.53404,21.65696],[-103.53578,21.65722],[-103.53386,21.65108],[-103.53344,21.653],[-103.53311,21.65453]]],[[[-102.78746,22.53916],[-102.79129,22.53845],[-102.78851,22.53705],[-102.78746,22.53916]]],[[[-103.44953,22.94937],[-103.45339,22.95038],[-103.45579,22.94711],[-103.45129,22.94671],[-103.44953,22.94937]]],[[[-103.54802,22.68453],[-103.55214,22.68812],[-103.55324,22.68353],[-103.54871,22.68276],[-103.54802,22.68453]]],[[[-101.5883,22.01738],[-101.58959,22.02119],[-101.59655,22.01876],[-101.59293,22.01448],[-101.58951,22.01415],[-101.5883,22.01738]]],[[[-103.53872,24.1199],[-103.54438,24.12275],[-103.54388,24.12057],[-103.53872,24.1199]]],[[[-102.99413,22.87686],[-102.99739,22.87794],[-102.99867,22.87472],[-102.99584,22.87427],[-102.99413,22.87686]]],[[[-103.86376,23.59898],[-103.86458,23.60398],[-103.86626,23.59905],[-103.86376,23.59898]]],[[[-103.86476,23.55533],[-103.868,23.55388],[-103.86595,23.55204],[-103.86476,23.55533]]]]},"properties":{"POTENCIAL":"MEDIO"}},
{"type":"Feature","geometry":{"type":"MultiPolygon","coordinates":[[[[-103.25055,21.50217],[-103.24503,21.5011],[-103.24507,21.5],[-103.24352,21.49942],[-103.24318,21.49895],[-103.24203,21.4973],[-103.23844,21.4915],[-103.23891,21.48892],[-103.23223,21.4923],[-103.23078,21.49088],[-103.22655,21.48771],[-103.22485,21.49014],[-103.22403,21.4913],[-103.22378,21.49166],[-103.22403,21.49414],[-103.22403,21.49417],[-103.227,21.49729],[-103.23083,21.49846],[-103.23139,21.50385],[-103.23348,21.50619],[-103.23758,21.50471],[-103.23759,21.50189],[-103.24285,21.49999],[-103.24421,21.50144],[-103.24391,21.50259],[-103.24236,21.50208],[-103.24115,21.50642],[-103.24301,21.50648],[-103.2484,21.50955],[-103.25268,21.50256],[-103.25372,21.50135],[-103.25055,21.50217]]],[[[-103.23916,21.513],[-103.23935,21.51575],[-103.23946,21.51599],[-103.24073,21.51781],[-103.24005,21.52193],[-103.24404,21.51923],[-103.24347,21.51526],[-103.24138,21.51448],[-103.23916,21.513]]],[[[-103.23496,21.5232],[-103.23206,21.52478],[-103.23141,21.52857],[-103.23523,21.52835],[-103.23182,21.53172],[-103.23439,21.53299],[-103.2379,21.53302],[-103.24054,21.53622],[-103.23978,21.54026],[-103.23634,21.53981],[-103.23341,21.53852],[-103.23146,21.54075],[-103.23583,21.54237],[-103.23576,21.54279],[-103.23565,21.54344],[-103.23649,21.54403],[-103.24161,21.53818],[-103.24072,21.53448],[-103.24069,21.53437],[-103.24057,21.5339],[-103.24084,21.53051],[-103.24148,21.52911],[-103.24503,21.5242],[-103.24598,21.51885],[-103.24327,21.52251],[-103.24228,21.52658],[-103.23935,21.52536],[-103.23608,21.52664],[-103.23496,21.5232]]],[[[-103.23537,21.54515],[-103.23519,21.54745],[-103.23643,21.54429],[-103.23549,21.5444],[-103.23537,21.54515]]],[[[-103.23487,21.54803],[-103.23489,21.548],[-103.23505,21.5477],[-103.23492,21.54782],[-103.23487,21.54803]]],[[[-103.22943,21.55373],[-103.23138,21.55479],[-103.23428,21.54936],[-103.22943,21.55373]]],[[[-103.29695,21.47595],[-103.29649,21.47407],[-103.29545,21.47313],[-103.29421,21.47284],[-103.29288,21.47456],[-103.29695,21.47595]]],[[[-103.2426,21.49294],[-103.24269,21.49283],[-103.243,21.49243],[-103.2451,21.48972],[-103.24448,21.48598],[-103.24143,21.4878],[-103.24071,21.49183],[-103.2426,21.49294]]],[[[-103.27139,21.4745],[-103.26851,21.47198],[-103.26384,21.46756],[-103.26139,21.46958],[-103.26572,21.4701],[-103.26942,21.47605],[-103.27139,21.4745]]],[[[-103.27462,21.47555],[-103.27581,21.47718],[-103.27876,21.47294],[-103.27462,21.47555]]],[[[-103.25719,21.45561],[-103.25477,21.45753],[-103.25415,21.46137],[-103.25649,21.46426],[-103.25971,21.46258],[-103.26082,21.45787],[-103.25911,21.45595],[-103.25719,21.45561]]],[[[-103.22657,21.551],[-103.22699,21.5519],[-103.22935,21.54912],[-103.22869,21.54809],[-103.22657,21.551]]],[[[-104.27876,22.64228],[-104.27846,22.64192],[-104.27751,22.64135],[-104.27711,22.64116],[-104.27658,22.64104],[-104.27656,22.641],[-104.27578,22.64024],[-104.27456,22.6404],[-104.2744,22.6403],[-104.26648,22.6334],[-104.26723,22.63961],[-104.27238,22.64028],[-104.28001,22.64378],[-104.2789,22.64246],[-104.27878,22.64231],[-104.27876,22.64228]]],[[[-104.28203,22.61846],[-104.28174,22.61755],[-104.28167,22.61743],[-104.28162,22.61736],[-104.27948,22.62094],[-104.28249,22.61929],[-104.28243,22.61915],[-104.28203,22.61846]]],[[[-104.25206,22.63211],[-104.25343,22.63488],[-104.25178,22.6368],[-104.25357,22.64113],[-104.25431,22.63715],[-104.25623,22.63748],[-104.25652,22.63219],[-104.25396,22.63352],[-104.2515,22.63118],[-104.25206,22.63211]]],[[[-104.27166,22.64547],[-104.27519,22.64401],[-104.27168,22.64313],[-104.27166,22.64547]]],[[[-104.26609,22.64949],[-104.27155,22.64962],[-104.27196,22.65094],[-104.27425,22.65138],[-104.27531,22.64689],[-104.27186,22.64967],[-104.26888,22.6474],[-104.26519,22.64773],[-104.26609,22.64949]]],[[[-104.27183,22.65748],[-104.27023,22.65822],[-104.26824,22.66049],[-104.2701,22.66201],[-104.26412,22.66257],[-104.26471,22.66355],[-104.26552,22.66435],[-104.26572,22.66456],[-104.26678,22.66408],[-104.2743,22.6619],[-104.27428,22.66493],[-104.27753,22.66817],[-104.28028,22.66274],[-104.28016,22.66065],[-104.28035,22.65884],[-104.2768,22.66032],[-104.27036,22.66053],[-104.27342,22.65897],[-104.2721,22.65749],[-104.27183,22.65748]]],[[[-104.23871,22.61634],[-104.23972,22.61863],[-104.24266,22.61455],[-104.24274,22.61238],[-104.24041,22.61123],[-104.24207,22.60861],[-104.24194,22.60606],[-104.24183,22.60488],[-104.24135,22.60383],[-104.23947,22.60382],[-104.23771,22.60967],[-104.23776,22.61218],[-104.23836,22.6151],[-104.23871,22.61634]]],[[[-104.23313,22.6021],[-104.23596,22.60317],[-104.23839,22.60087],[-104.23829,22.60035],[-104.23426,22.59831],[-104.22945,22.60141],[-104.23045,22.6016],[-104.23313,22.6021]]],[[[-104.25839,22.62177],[-104.26082,22.62441],[-104.26091,22.62162],[-104.26545,22.62281],[-104.26419,22.62024],[-104.26832,22.61995],[-104.26936,22.61638],[-104.27247,22.62036],[-104.27122,22.61551],[-104.26719,22.61455],[-104.26337,22.61752],[-104.26398,22.61964],[-104.25839,22.62177]]],[[[-104.25776,22.61607],[-104.25602,22.616],[-104.25171,22.61178],[-104.2511,22.61297],[-104.25122,22.61501],[-104.25123,22.61521],[-104.25128,22.61628],[-104.25769,22.61753],[-104.25776,22.61607]]],[[[-104.30977,22.51717],[-104.30811,22.51159],[-104.30426,22.51397],[-104.30654,22.51508],[-104.30403,22.51698],[-104.30694,22.51883],[-104.30977,22.51717]]],[[[-104.24906,22.53436],[-104.24752,22.53569],[-104.25063,22.53909],[-104.25358,22.53924],[-104.24906,22.53436]]],[[[-104.26449,22.55239],[-104.27007,22.55162],[-104.27026,22.55059],[-104.26952,22.54796],[-104.26631,22.54801],[-104.26687,22.55065],[-104.26312,22.54878],[-104.26335,22.55213],[-104.26449,22.55239]]],[[[-104.28861,22.50114],[-104.29563,22.50066],[-104.28983,22.49483],[-104.28542,22.49206],[-104.28035,22.49058],[-104.28028,22.49531],[-104.28427,22.49321],[-104.28469,22.49517],[-104.28824,22.49526],[-104.29026,22.49845],[-104.28861,22.50114]]],[[[-103.34302,21.45295],[-103.34305,21.45296],[-103.34225,21.45246],[-103.34302,21.45295]]],[[[-103.34372,21.45314],[-103.34305,21.45296],[-103.34316,21.45337],[-103.34372,21.45314]]],[[[-103.35665,21.44875],[-103.3599,21.44869],[-103.35683,21.44592],[-103.35665,21.44875]]],[[[-103.4816,21.6836],[-103.48495,21.6836],[-103.48518,21.6836],[-103.4862,21.68193],[-103.48984,21.68347],[-103.49117,21.68399],[-103.49186,21.68426],[-103.49196,21.68423],[-103.49209,21.6842],[-103.49376,21.68355],[-103.49385,21.68333],[-103.49402,21.68291],[-103.49429,21.68224],[-103.49628,21.67729],[-103.49529,21.67669],[-103.49141,21.67756],[-103.48867,21.67484],[-103.48106,21.68204],[-103.4816,21.6836]]],[[[-103.4811,21.68431],[-103.48127,21.68443],[-103.48127,21.68408],[-103.4811,21.68431]]],[[[-103.47593,21.69462],[-103.46818,21.69481],[-103.46431,21.69276],[-103.46305,21.69662],[-103.46186,21.69838],[-103.46169,21.6982],[-103.46158,21.69881],[-103.46122,21.70154],[-103.46461,21.70441],[-103.46494,21.70441],[-103.46792,21.70441],[-103.47212,21.70752],[-103.47492,21.70242],[-103.47129,21.70025],[-103.47554,21.69657],[-103.47593,21.69462]]],[[[-103.49292,21.66735],[-103.49064,21.66676],[-103.49029,21.66697],[-103.49095,21.66991],[-103.48707,21.67088],[-103.48941,21.67221],[-103.49292,21.66735]]],[[[-103.49919,21.66128],[-103.49749,21.66196],[-103.49583,21.66306],[-103.49488,21.66396],[-103.49491,21.66447],[-103.49568,21.66436],[-103.49863,21.66375],[-103.49919,21.66128]]],[[[-102.88365,21.56371],[-102.88449,21.56074],[-102.88183,21.55972],[-102.88365,21.56371]]],[[[-102.82169,21.6073],[-102.82057,21.607],[-102.81972,21.60676],[-102.81513,21.6088],[-102.81474,21.60619],[-102.81491,21.60087],[-102.81389,21.60449],[-102.80977,21.60467],[-102.80938,21.60786],[-102.81629,21.61849],[-102.81438,21.62135],[-102.81232,21.62998],[-102.81524,21.62665],[-102.81515,21.62411],[-102.82037,21.61603],[-102.82687,21.61173],[-102.83046,21.60781],[-102.83289,21.60744],[-102.83927,21.59954],[-102.83667,21.59994],[-102.83313,21.60515],[-102.82932,21.60461],[-102.82705,21.60832],[-102.82193,21.60737],[-102.82169,21.6073]]],[[[-102.78007,21.6045],[-102.77935,21.6045],[-102.77967,21.60531],[-102.78007,21.6045]]],[[[-102.85584,21.60347],[-102.85836,21.60321],[-102.85642,21.60002],[-102.85388,21.60223],[-102.85584,21.60347]]],[[[-102.81239,21.57859],[-102.80815,21.57569],[-102.80399,21.57488],[-102.80266,21.57036],[-102.79816,21.56741],[-102.7966,21.5682],[-102.79627,21.56942],[-102.79611,21.56996],[-102.79276,21.57333],[-102.79056,21.57762],[-102.7922,21.58049],[-102.79692,21.58278],[-102.80052,21.58615],[-102.80744,21.58838],[-102.80794,21.58117],[-102.81083,21.58089],[-102.81236,21.58458],[-102.81595,21.58347],[-102.81492,21.58181],[-102.81239,21.57859]],[[-102.80484,21.57687],[-102.80917,21.57742],[-102.80555,21.57909],[-102.80484,21.57687]]],[[[-102.79784,21.55676],[-102.79774,21.55634],[-102.79769,21.5561],[-102.7995,21.5524],[-102.80319,21.54797],[-102.80329,21.54693],[-102.80314,21.54461],[-102.80061,21.54752],[-102.7989,21.54657],[-102.79645,21.54987],[-102.79638,21.54994],[-102.79494,21.55147],[-102.79397,21.55078],[-102.7906,21.55025],[-102.79018,21.55019],[-102.79011,21.55017],[-102.7887,21.54996],[-102.78603,21.54955],[-102.78369,21.55362],[-102.78476,21.55221],[-102.79169,21.5569],[-102.78799,21.55758],[-102.7901,21.55957],[-102.78885,21.5617],[-102.78322,21.55983],[-102.78429,21.56294],[-102.78646,21.56324],[-102.78896,21.56725],[-102.79231,21.56825],[-102.79382,21.5665],[-102.79465,21.56554],[-102.79805,21.56158],[-102.801,21.56037],[-102.79942,21.55928],[-102.79484,21.55939],[-102.79489,21.5564],[-102.79784,21.55676]],[[-102.7916,21.56556],[-102.78981,21.56199],[-102.79547,21.56058],[-102.7916,21.56556]]],[[[-102.8035,21.54193],[-102.8035,21.54205],[-102.80367,21.54198],[-102.8035,21.54193]]],[[[-102.80318,21.54276],[-102.8035,21.54288],[-102.8035,21.54205],[-102.80252,21.54243],[-102.80318,21.54276]]],[[[-102.81212,21.53518],[-102.81221,21.53511],[-102.81296,21.53107],[-102.81325,21.53088],[-102.8071,21.53153],[-102.81262,21.52846],[-102.80857,21.52866],[-102.80566,21.52667],[-102.8051,21.52747],[-102.80231,21.52868],[-102.80112,21.52946],[-102.80093,21.53205],[-102.80453,21.53266],[-102.80384,21.53375],[-102.80107,21.5368],[-102.80385,21.53797],[-102.80789,21.53645],[-102.80948,21.53349],[-102.81212,21.53518]]],[[[-102.77815,21.56443],[-102.77769,21.56536],[-102.77769,21.56636],[-102.77787,21.56697],[-102.78226,21.56426],[-102.77815,21.56443]]],[[[-102.82827,21.57825],[-102.82821,21.57838],[-102.82793,21.57924],[-102.82931,21.57952],[-102.82955,21.57833],[-102.82827,21.57825]]],[[[-102.82681,21.58239],[-102.82764,21.58368],[-102.82848,21.58118],[-102.82818,21.58118],[-102.82681,21.58239]]],[[[-102.82534,21.58842],[-102.82681,21.58535],[-102.82493,21.58285],[-102.82534,21.58842]]],[[[-102.85143,21.58798],[-102.85038,21.58955],[-102.85026,21.5941],[-102.85299,21.59264],[-102.85143,21.58798]]],[[[-102.79829,21.51941],[-102.79997,21.51811],[-102.80315,21.51417],[-102.80314,21.51413],[-102.80133,21.51274],[-102.80005,21.51258],[-102.79901,21.51245],[-102.79837,21.50814],[-102.79479,21.5065],[-102.79551,21.5082],[-102.79186,21.5154],[-102.79274,21.51676],[-102.7956,21.51629],[-102.79829,21.51941]]],[[[-102.82189,21.45629],[-102.82204,21.45629],[-102.82495,21.45719],[-102.83022,21.45446],[-102.83102,21.45544],[-102.83273,21.4559],[-102.83524,21.45365],[-102.83215,21.45346],[-102.83319,21.44971],[-102.82833,21.45147],[-102.82842,21.44698],[-102.82646,21.44778],[-102.82637,21.44782],[-102.8262,21.44789],[-102.82582,21.451],[-102.82828,21.45473],[-102.82203,21.45553],[-102.82183,21.45625],[-102.82189,21.45629]]],[[[-102.87418,21.43633],[-102.87407,21.43744],[-102.87401,21.43799],[-102.8737,21.44104],[-102.8781,21.43917],[-102.87843,21.43714],[-102.87816,21.43603],[-102.87418,21.43633]]],[[[-102.88194,21.44786],[-102.8818,21.44467],[-102.87919,21.44443],[-102.87471,21.45156],[-102.88019,21.45175],[-102.88194,21.44786]]],[[[-102.88331,21.44848],[-102.88325,21.44905],[-102.8845,21.45139],[-102.88172,21.45232],[-102.88239,21.45746],[-102.8854,21.4562],[-102.88666,21.45567],[-102.89279,21.45278],[-102.89321,21.45235],[-102.89326,21.45229],[-102.89365,21.45124],[-102.89392,21.45057],[-102.89242,21.4473],[-102.89101,21.44494],[-102.89061,21.4435],[-102.89045,21.44294],[-102.88644,21.44544],[-102.88366,21.44458],[-102.88342,21.44721],[-102.88339,21.44759],[-102.88332,21.44833],[-102.88331,21.44848]]],[[[-102.89578,21.45136],[-102.89425,21.45212],[-102.89428,21.45217],[-102.89578,21.45136]]],[[[-102.84536,21.43388],[-102.84149,21.4359],[-102.84146,21.43592],[-102.83662,21.43731],[-102.83644,21.43734],[-102.83543,21.43752],[-102.83396,21.43977],[-102.83836,21.44325],[-102.84038,21.44236],[-102.84034,21.44553],[-102.83932,21.44726],[-102.84329,21.44791],[-102.83671,21.44893],[-102.83792,21.45108],[-102.83566,21.45371],[-102.83811,21.4552],[-102.8459,21.454],[-102.85432,21.45009],[-102.86164,21.44875],[-102.86717,21.45133],[-102.86493,21.44594],[-102.86197,21.44355],[-102.85707,21.44505],[-102.85753,21.44201],[-102.85297,21.44051],[-102.85208,21.44345],[-102.84362,21.44251],[-102.84481,21.43883],[-102.84889,21.43705],[-102.84955,21.4337],[-102.84679,21.43297],[-102.84554,21.43377],[-102.84536,21.43388]]],[[[-102.86242,21.4517],[-102.8664,21.45513],[-102.86909,21.45495],[-102.87143,21.45378],[-102.86163,21.44905],[-102.86124,21.45011],[-102.86242,21.4517]]],[[[-102.86015,21.46197],[-102.85871,21.45992],[-102.85562,21.46147],[-102.85876,21.46237],[-102.86171,21.46876],[-102.86555,21.47137],[-102.86551,21.46959],[-102.86092,21.46306],[-102.86015,21.46197]]],[[[-102.93334,21.48164],[-102.93755,21.48127],[-102.93708,21.47924],[-102.93856,21.47644],[-102.93724,21.47427],[-102.93698,21.47412],[-102.93396,21.47272],[-102.93171,21.47046],[-102.93092,21.47125],[-102.93463,21.47529],[-102.93099,21.47954],[-102.93334,21.48164]]],[[[-102.92212,21.48046],[-102.92175,21.48245],[-102.92367,21.48391],[-102.92719,21.48296],[-102.92866,21.48247],[-102.92952,21.48259],[-102.93035,21.48314],[-102.93256,21.4846],[-102.93331,21.48167],[-102.92713,21.48028],[-102.92212,21.48046]]],[[[-102.85381,21.48006],[-102.85402,21.47949],[-102.85399,21.47783],[-102.85043,21.47763],[-102.84942,21.48318],[-102.8515,21.4791],[-102.85362,21.48026],[-102.85381,21.48006]]],[[[-102.84697,21.47946],[-102.8476,21.48311],[-102.84848,21.47522],[-102.84538,21.4785],[-102.84697,21.47946]]],[[[-102.83888,21.48247],[-102.83858,21.47486],[-102.83587,21.47597],[-102.8384,21.48246],[-102.83888,21.48247]]],[[[-102.92155,21.48306],[-102.92173,21.4846],[-102.92225,21.48452],[-102.92155,21.48306]]],[[[-102.85283,21.46958],[-102.85219,21.46652],[-102.84389,21.46653],[-102.84526,21.46189],[-102.84399,21.4565],[-102.84813,21.45565],[-102.85012,21.4585],[-102.85353,21.45894],[-102.85433,21.45537],[-102.85295,21.4529],[-102.85103,21.45632],[-102.85008,21.45253],[-102.8377,21.45811],[-102.84118,21.45991],[-102.84134,21.47163],[-102.84615,21.47009],[-102.85051,21.47252],[-102.85283,21.46958]]],[[[-102.82909,21.44606],[-102.8289,21.44679],[-102.83149,21.44807],[-102.8325,21.44538],[-102.83424,21.448],[-102.83882,21.44826],[-102.83997,21.4456],[-102.8362,21.44786],[-102.83132,21.44431],[-102.82909,21.44606]]],[[[-102.86875,21.59826],[-102.86702,21.60039],[-102.87035,21.60134],[-102.86875,21.59826]]],[[[-102.93752,21.53791],[-102.93755,21.53789],[-102.93721,21.53749],[-102.93752,21.53791]]],[[[-102.77506,21.71161],[-102.77472,21.71299],[-102.77692,21.71412],[-102.77748,21.71295],[-102.77506,21.71161]]],[[[-103.41309,21.78743],[-103.41419,21.78931],[-103.41345,21.80063],[-103.41098,21.80636],[-103.41445,21.80533],[-103.42479,21.79806],[-103.42502,21.79751],[-103.42546,21.79647],[-103.42564,21.79604],[-103.4262,21.79495],[-103.42645,21.79452],[-103.42552,21.78947],[-103.42992,21.79073],[-103.43344,21.79513],[-103.43795,21.79569],[-103.44088,21.7921],[-103.44852,21.79131],[-103.44983,21.78768],[-103.44832,21.77559],[-103.44978,21.77178],[-103.44389,21.7701],[-103.43842,21.76472],[-103.43676,21.76493],[-103.43161,21.76037],[-103.42508,21.76035],[-103.42297,21.76223],[-103.42331,21.76645],[-103.4218,21.77228],[-103.42237,21.78311],[-103.43009,21.78427],[-103.42967,21.78816],[-103.42745,21.78637],[-103.41945,21.78681],[-103.41475,21.7843],[-103.41309,21.78743]],[[-103.42039,21.79609],[-103.41916,21.7921],[-103.42113,21.78924],[-103.42371,21.79173],[-103.4228,21.79539],[-103.42039,21.79609]],[[-103.43847,21.78161],[-103.43938,21.77722],[-103.44372,21.77787],[-103.44224,21.78209],[-103.43847,21.78161]]],[[[-103.48799,21.71797],[-103.48505,21.71664],[-103.48695,21.71106],[-103.48312,21.71873],[-103.48897,21.71894],[-103.48799,21.71797]]],[[[-103.45411,21.72066],[-103.45308,21.72195],[-103.45054,21.72569],[-103.44569,21.72436],[-103.44379,21.72561],[-103.44546,21.72896],[-103.44802,21.72719],[-103.44637,21.73295],[-103.43954,21.73132],[-103.43832,21.73495],[-103.4358,21.73663],[-103.43289,21.73535],[-103.43168,21.73987],[-103.43224,21.74728],[-103.43828,21.74475],[-103.44112,21.73746],[-103.44391,21.74047],[-103.4496,21.74136],[-103.45096,21.74058],[-103.45928,21.73724],[-103.46536,21.72649],[-103.46696,21.73155],[-103.47023,21.73142],[-103.4734,21.72816],[-103.47338,21.73081],[-103.47608,21.73312],[-103.48091,21.73143],[-103.48333,21.72529],[-103.48076,21.72043],[-103.47755,21.7217],[-103.47591,21.72573],[-103.46807,21.72508],[-103.46994,21.72032],[-103.46878,21.71712],[-103.46377,21.71799],[-103.46175,21.72316],[-103.45708,21.72358],[-103.45411,21.72066]]],[[[-103.46318,21.70763],[-103.46295,21.70774],[-103.46312,21.70797],[-103.46318,21.70763]]],[[[-103.50483,21.80394],[-103.50481,21.80394],[-103.50373,21.80434],[-103.5066,21.80417],[-103.50483,21.80394]]],[[[-103.50079,21.72036],[-103.50006,21.72044],[-103.49657,21.72379],[-103.49825,21.72487],[-103.50093,21.7219],[-103.50331,21.72251],[-103.50208,21.72023],[-103.50176,21.72027],[-103.50079,21.72036]]],[[[-103.47625,21.7128],[-103.47695,21.70949],[-103.47253,21.70965],[-103.46807,21.70726],[-103.46724,21.70874],[-103.47216,21.71287],[-103.47625,21.7128]]],[[[-103.47236,21.71933],[-103.47574,21.71987],[-103.47473,21.71676],[-103.47236,21.71933]]],[[[-102.96539,21.42229],[-102.96928,21.42178],[-102.96619,21.41995],[-102.96539,21.42229]]]]},"properties":{"POTENCIAL":"ALTO"}}
]}