{"type":"FeatureCollection", "features": [
{"type":"Feature","geometry":{"type":"MultiPolygon","coordinates":[[[[-102.22665,22.81613],[-102.22396,22.81388],[-102.22367,22.81479],[-102.22665,22.81613]]],[[[-102.2305,22.79354],[-102.2286,22.79944],[-102.23336,22.80484],[-102.2318,22.80098],[-102.23235,22.79889],[-102.23018,22.79653],[-102.2305,22.79354]]],[[[-102.23764,22.7713],[-102.23947,22.76562],[-102.23451,22.76332],[-102.23234,22.77085],[-102.23702,22.77324],[-102.23764,22.7713]]],[[[-102.29869,22.69019],[-102.30008,22.69021],[-102.30618,22.69309],[-102.31136,22.69279],[-102.30983,22.69036],[-102.31192,22.6914],[-102.31384,22.69543],[-102.33073,22.71927],[-102.33512,22.71775],[-102.33839,22.71944],[-102.33547,22.72457],[-102.33882,22.73064],[-102.34187,22.73107],[-102.34106,22.73378],[-102.34462,22.73496],[-102.3449,22.73335],[-102.34867,22.73301],[-102.34657,22.72874],[-102.34412,22.72748],[-102.34386,22.7251],[-102.34916,22.7221],[-102.34604,22.71889],[-102.34716,22.71403],[-102.34458,22.71313],[-102.34746,22.71058],[-102.34807,22.70736],[-102.35242,22.70622],[-102.3538,22.7045],[-102.36293,22.7043],[-102.36134,22.7009],[-102.36405,22.69724],[-102.36215,22.69433],[-102.35856,22.69346],[-102.35476,22.69558],[-102.35179,22.69386],[-102.35307,22.68438],[-102.36044,22.67885],[-102.35358,22.67878],[-102.35202,22.67784],[-102.34475,22.6793],[-102.34498,22.68103],[-102.34484,22.68106],[-102.33277,22.68471],[-102.32331,22.67367],[-102.32621,22.67263],[-102.32416,22.6696],[-102.32649,22.66889],[-102.32747,22.67296],[-102.33069,22.67318],[-102.3327,22.67097],[-102.33244,22.66497],[-102.33112,22.66709],[-102.33043,22.66333],[-102.3214,22.65456],[-102.32165,22.65203],[-102.32756,22.65302],[-102.32769,22.65458],[-102.33155,22.65707],[-102.33325,22.66162],[-102.33726,22.66396],[-102.34426,22.66192],[-102.35096,22.66107],[-102.35237,22.66374],[-102.34417,22.66505],[-102.34809,22.66672],[-102.35068,22.66943],[-102.3566,22.67324],[-102.35703,22.6731],[-102.35659,22.67065],[-102.35903,22.67036],[-102.35708,22.66794],[-102.35479,22.6651],[-102.35455,22.66377],[-102.35444,22.66281],[-102.35392,22.65863],[-102.35389,22.65832],[-102.35379,22.65749],[-102.35091,22.65546],[-102.35019,22.65188],[-102.34687,22.65205],[-102.34615,22.64778],[-102.34906,22.64576],[-102.34632,22.64012],[-102.34866,22.6387],[-102.34984,22.64334],[-102.35219,22.64502],[-102.35171,22.63865],[-102.34334,22.63536],[-102.34527,22.63865],[-102.34483,22.64145],[-102.34056,22.64156],[-102.34095,22.63547],[-102.3378,22.63606],[-102.33467,22.63266],[-102.33237,22.63465],[-102.33444,22.63044],[-102.33377,22.63005],[-102.33348,22.62988],[-102.32679,22.62486],[-102.3252,22.63111],[-102.32937,22.6294],[-102.33131,22.63022],[-102.33091,22.63314],[-102.32428,22.6331],[-102.32462,22.63139],[-102.31918,22.62757],[-102.3248,22.62761],[-102.32499,22.62402],[-102.32658,22.624],[-102.32308,22.61773],[-102.32137,22.61426],[-102.32192,22.60962],[-102.32183,22.60893],[-102.32334,22.60595],[-102.32464,22.60342],[-102.32196,22.60108],[-102.31762,22.60185],[-102.30889,22.59843],[-102.31293,22.59874],[-102.31683,22.59615],[-102.31814,22.5977],[-102.32246,22.59663],[-102.32316,22.599],[-102.32554,22.59859],[-102.32437,22.59105],[-102.32687,22.58736],[-102.32759,22.57919],[-102.32934,22.57483],[-102.32961,22.57375],[-102.32983,22.57283],[-102.32654,22.5708],[-102.3216,22.56956],[-102.32172,22.56801],[-102.31534,22.56768],[-102.31548,22.57133],[-102.31379,22.57066],[-102.31385,22.56739],[-102.31892,22.56621],[-102.31871,22.56213],[-102.31511,22.5601],[-102.31113,22.55612],[-102.31276,22.55386],[-102.31317,22.55392],[-102.31379,22.55797],[-102.31764,22.55825],[-102.31769,22.55473],[-102.3195,22.55356],[-102.32106,22.54738],[-102.31876,22.55185],[-102.31435,22.54776],[-102.3142,22.54699],[-102.31201,22.53576],[-102.31599,22.53082],[-102.31681,22.52651],[-102.31409,22.52123],[-102.31093,22.52337],[-102.30682,22.52997],[-102.306,22.53581],[-102.30338,22.53996],[-102.29508,22.53748],[-102.29211,22.54057],[-102.28611,22.53748],[-102.27613,22.53505],[-102.27436,22.53402],[-102.27611,22.52892],[-102.27607,22.51957],[-102.27512,22.5191],[-102.27248,22.51782],[-102.27347,22.51204],[-102.27449,22.50606],[-102.26971,22.49508],[-102.26922,22.49376],[-102.26884,22.49273],[-102.268,22.49624],[-102.27011,22.49969],[-102.26495,22.4968],[-102.26776,22.49503],[-102.26841,22.48938],[-102.26831,22.48814],[-102.26825,22.48728],[-102.26763,22.47901],[-102.26398,22.4755],[-102.25676,22.48009],[-102.25686,22.48481],[-102.25911,22.48213],[-102.26012,22.4848],[-102.26323,22.48625],[-102.25674,22.48626],[-102.25698,22.49268],[-102.25697,22.49305],[-102.25682,22.50033],[-102.2568,22.50122],[-102.25675,22.50372],[-102.25671,22.50587],[-102.25663,22.50963],[-102.25855,22.51246],[-102.2576,22.51709],[-102.25263,22.53353],[-102.25101,22.53668],[-102.24847,22.53663],[-102.2425,22.53258],[-102.23643,22.5314],[-102.23433,22.5282],[-102.23068,22.52755],[-102.23156,22.52598],[-102.22946,22.52271],[-102.22687,22.52566],[-102.22341,22.51883],[-102.22179,22.52024],[-102.22186,22.52035],[-102.22528,22.52394],[-102.22541,22.52716],[-102.22909,22.53201],[-102.2244,22.53889],[-102.22782,22.53996],[-102.23063,22.53703],[-102.23799,22.53919],[-102.24085,22.55554],[-102.24365,22.55903],[-102.24455,22.5575],[-102.25036,22.55814],[-102.25137,22.554],[-102.25161,22.55966],[-102.25341,22.56122],[-102.25363,22.56459],[-102.25703,22.56236],[-102.26077,22.56829],[-102.26115,22.57262],[-102.26348,22.57095],[-102.26762,22.57102],[-102.26865,22.57475],[-102.27108,22.57314],[-102.27309,22.56251],[-102.27371,22.56874],[-102.27492,22.57147],[-102.26838,22.57545],[-102.27544,22.57455],[-102.27874,22.57618],[-102.2828,22.57531],[-102.28594,22.57769],[-102.28634,22.57373],[-102.29281,22.57198],[-102.29235,22.57748],[-102.28609,22.57789],[-102.28346,22.57891],[-102.28195,22.57692],[-102.27657,22.57616],[-102.27732,22.5795],[-102.29217,22.57967],[-102.29178,22.58383],[-102.2873,22.58161],[-102.28725,22.58366],[-102.28403,22.58567],[-102.28582,22.58692],[-102.2938,22.58794],[-102.29523,22.58813],[-102.3007,22.59084],[-102.30081,22.59092],[-102.30209,22.59378],[-102.30208,22.59398],[-102.30172,22.59844],[-102.30935,22.60584],[-102.31476,22.60541],[-102.32095,22.60931],[-102.31762,22.60904],[-102.31696,22.61913],[-102.3169,22.61995],[-102.31581,22.62323],[-102.31503,22.62508],[-102.31482,22.6255],[-102.31323,22.63025],[-102.30664,22.63031],[-102.30678,22.62695],[-102.30197,22.62683],[-102.30191,22.6285],[-102.29806,22.62867],[-102.29765,22.62576],[-102.29124,22.62322],[-102.2863,22.62284],[-102.28423,22.62499],[-102.28737,22.6251],[-102.28722,22.63183],[-102.28583,22.63065],[-102.28003,22.6306],[-102.28003,22.62508],[-102.27747,22.6251],[-102.27737,22.62185],[-102.27265,22.62123],[-102.2727,22.61479],[-102.27369,22.61481],[-102.2757,22.61101],[-102.27697,22.60878],[-102.27849,22.60282],[-102.2757,22.60042],[-102.27248,22.60019],[-102.27125,22.60201],[-102.26992,22.60295],[-102.26952,22.60766],[-102.26677,22.60721],[-102.26669,22.60951],[-102.25516,22.60897],[-102.25739,22.60739],[-102.25473,22.6043],[-102.25415,22.60734],[-102.25162,22.60524],[-102.25295,22.60222],[-102.25279,22.60152],[-102.25263,22.60048],[-102.25258,22.60012],[-102.2525,22.59962],[-102.25214,22.59725],[-102.24697,22.59711],[-102.24636,22.59499],[-102.24304,22.59353],[-102.24057,22.59494],[-102.23939,22.58975],[-102.23511,22.59229],[-102.23538,22.5964],[-102.23146,22.59446],[-102.22731,22.60073],[-102.23486,22.60122],[-102.23631,22.59929],[-102.23761,22.60138],[-102.23544,22.6032],[-102.23085,22.60126],[-102.22552,22.60315],[-102.22494,22.60493],[-102.22488,22.60512],[-102.22404,22.60772],[-102.22558,22.61374],[-102.22708,22.61421],[-102.22622,22.6091],[-102.23065,22.61072],[-102.23092,22.61526],[-102.22909,22.62103],[-102.23196,22.62242],[-102.23845,22.62778],[-102.24474,22.62621],[-102.2439,22.62757],[-102.23974,22.62788],[-102.2371,22.63174],[-102.23606,22.64156],[-102.23415,22.64527],[-102.22866,22.64951],[-102.23369,22.65091],[-102.23163,22.65229],[-102.22763,22.65215],[-102.2277,22.65026],[-102.22551,22.65195],[-102.22983,22.6561],[-102.23569,22.65736],[-102.23947,22.6548],[-102.2461,22.65493],[-102.24594,22.66273],[-102.24022,22.66742],[-102.24194,22.66907],[-102.25022,22.67068],[-102.25239,22.6718],[-102.25554,22.6771],[-102.26721,22.67998],[-102.26943,22.6858],[-102.26935,22.68975],[-102.29733,22.69017],[-102.29781,22.69018],[-102.29407,22.6918],[-102.28712,22.6926],[-102.28831,22.69807],[-102.28986,22.69793],[-102.29033,22.70722],[-102.28731,22.70794],[-102.28863,22.71301],[-102.32032,22.71867],[-102.32062,22.71766],[-102.32611,22.71871],[-102.32574,22.71317],[-102.31719,22.70101],[-102.31297,22.69919],[-102.31212,22.69554],[-102.29891,22.69078],[-102.29869,22.69019]],[[-102.33182,22.69257],[-102.33579,22.69397],[-102.33441,22.69551],[-102.33182,22.69257]],[[-102.27554,22.67624],[-102.27258,22.67364],[-102.27205,22.66709],[-102.27345,22.66721],[-102.27333,22.66135],[-102.27065,22.66105],[-102.27054,22.65706],[-102.26618,22.65343],[-102.26479,22.64408],[-102.2775,22.64396],[-102.27747,22.63996],[-102.2789,22.63944],[-102.28077,22.64386],[-102.29701,22.64398],[-102.29668,22.65359],[-102.28799,22.65896],[-102.27695,22.66031],[-102.27695,22.66537],[-102.28217,22.6632],[-102.28387,22.66669],[-102.28139,22.66695],[-102.28433,22.67291],[-102.2795,22.67336],[-102.2811,22.67605],[-102.27605,22.67487],[-102.27554,22.67624]],[[-102.3263,22.64722],[-102.32588,22.64499],[-102.32111,22.64412],[-102.32143,22.63957],[-102.32404,22.63779],[-102.33108,22.63951],[-102.32539,22.63942],[-102.3253,22.64259],[-102.32798,22.64283],[-102.32942,22.64672],[-102.3263,22.64722]],[[-102.31735,22.58203],[-102.31709,22.57928],[-102.32712,22.57895],[-102.32723,22.58132],[-102.32164,22.58146],[-102.32092,22.58548],[-102.31636,22.58506],[-102.31735,22.58203]],[[-102.27435,22.52774],[-102.27431,22.52818],[-102.26868,22.52878],[-102.27274,22.5267],[-102.27435,22.52774]],[[-102.26401,22.5111],[-102.26713,22.51154],[-102.26575,22.51242],[-102.26804,22.51507],[-102.26777,22.51902],[-102.26454,22.51746],[-102.26274,22.52029],[-102.26357,22.5129],[-102.26226,22.51071],[-102.26382,22.51106],[-102.26401,22.5111]]],[[[-102.38104,22.70162],[-102.38047,22.70044],[-102.37578,22.70186],[-102.37778,22.70921],[-102.38065,22.7083],[-102.37894,22.7043],[-102.38104,22.70162]]],[[[-102.39511,22.73395],[-102.39414,22.73024],[-102.39373,22.72871],[-102.39663,22.7307],[-102.39793,22.72482],[-102.3961,22.72296],[-102.39306,22.72329],[-102.39285,22.72536],[-102.3925,22.72404],[-102.39249,22.72402],[-102.39056,22.72063],[-102.38769,22.7178],[-102.38483,22.71015],[-102.3834,22.71353],[-102.38099,22.71408],[-102.37948,22.70971],[-102.37675,22.71085],[-102.37704,22.72133],[-102.37955,22.72129],[-102.38093,22.7275],[-102.38383,22.72808],[-102.38646,22.72311],[-102.39058,22.72855],[-102.38736,22.73025],[-102.38388,22.73036],[-102.38793,22.73287],[-102.39511,22.73395]]],[[[-102.39299,22.76934],[-102.39265,22.77035],[-102.39241,22.77102],[-102.39299,22.77463],[-102.39118,22.77445],[-102.38923,22.7727],[-102.39124,22.76829],[-102.38886,22.76488],[-102.39139,22.76203],[-102.38326,22.75987],[-102.38582,22.76577],[-102.38521,22.76816],[-102.37843,22.76769],[-102.37886,22.76335],[-102.37472,22.76149],[-102.37246,22.76201],[-102.37291,22.75922],[-102.36863,22.76416],[-102.37102,22.76459],[-102.37077,22.76843],[-102.37176,22.77232],[-102.37277,22.77279],[-102.3723,22.77579],[-102.3708,22.77551],[-102.37043,22.77925],[-102.36758,22.78061],[-102.35617,22.78137],[-102.35675,22.78437],[-102.35459,22.78378],[-102.35702,22.77775],[-102.35353,22.77671],[-102.35427,22.78046],[-102.35027,22.77884],[-102.34942,22.78715],[-102.35145,22.79002],[-102.34428,22.78976],[-102.34203,22.78677],[-102.3427,22.78143],[-102.34002,22.78166],[-102.33916,22.77875],[-102.34103,22.77491],[-102.34659,22.77603],[-102.34716,22.77312],[-102.33965,22.77263],[-102.34068,22.76567],[-102.3433,22.76497],[-102.33956,22.76282],[-102.34963,22.76655],[-102.34908,22.76956],[-102.35208,22.76747],[-102.35534,22.7682],[-102.3571,22.77306],[-102.35997,22.77418],[-102.36083,22.77643],[-102.35356,22.77291],[-102.34939,22.77316],[-102.34815,22.77726],[-102.35517,22.77623],[-102.35892,22.77849],[-102.36575,22.78036],[-102.36658,22.77737],[-102.36952,22.77964],[-102.37045,22.77413],[-102.3716,22.77225],[-102.3706,22.76853],[-102.36661,22.76862],[-102.36507,22.77463],[-102.36384,22.77161],[-102.36149,22.77102],[-102.36767,22.76654],[-102.36606,22.76286],[-102.36779,22.76145],[-102.35945,22.7607],[-102.35461,22.76117],[-102.35279,22.76013],[-102.35851,22.75697],[-102.35662,22.75481],[-102.35685,22.75026],[-102.35324,22.7485],[-102.35336,22.75116],[-102.34475,22.75286],[-102.34488,22.75557],[-102.34199,22.75575],[-102.34152,22.75188],[-102.3395,22.75177],[-102.33896,22.75543],[-102.33499,22.75608],[-102.33314,22.75876],[-102.3303,22.7592],[-102.33172,22.75158],[-102.33713,22.75367],[-102.33671,22.7506],[-102.33858,22.74989],[-102.34083,22.74567],[-102.34307,22.74838],[-102.34451,22.74765],[-102.34242,22.74486],[-102.34642,22.744],[-102.34791,22.74627],[-102.34903,22.74418],[-102.34666,22.74267],[-102.34207,22.74288],[-102.32959,22.74515],[-102.3273,22.74618],[-102.31559,22.74591],[-102.33527,22.74235],[-102.33435,22.74322],[-102.31768,22.74555],[-102.3264,22.74601],[-102.33379,22.7435],[-102.34571,22.7421],[-102.34239,22.73672],[-102.31416,22.72957],[-102.31271,22.72853],[-102.33102,22.73323],[-102.3312,22.73172],[-102.33611,22.73427],[-102.34083,22.73457],[-102.33573,22.72727],[-102.33082,22.72776],[-102.33326,22.72407],[-102.3308,22.72138],[-102.3037,22.71639],[-102.2994,22.71695],[-102.30063,22.71852],[-102.30021,22.72339],[-102.29758,22.71512],[-102.29313,22.71436],[-102.29255,22.71637],[-102.28963,22.71691],[-102.29095,22.71405],[-102.28387,22.71322],[-102.28832,22.71584],[-102.28734,22.72036],[-102.29189,22.72236],[-102.30219,22.72555],[-102.30088,22.72713],[-102.29185,22.72478],[-102.28867,22.72681],[-102.28533,22.72793],[-102.28651,22.73255],[-102.2851,22.73668],[-102.28509,22.73671],[-102.28521,22.74229],[-102.28095,22.74654],[-102.27753,22.76897],[-102.28065,22.77448],[-102.28495,22.77608],[-102.28541,22.78203],[-102.2823,22.78142],[-102.28274,22.79304],[-102.28398,22.793],[-102.28437,22.80538],[-102.28273,22.80545],[-102.27944,22.78477],[-102.28049,22.77939],[-102.2783,22.77877],[-102.27584,22.78472],[-102.27621,22.78878],[-102.27431,22.78853],[-102.27475,22.7848],[-102.27118,22.78514],[-102.27142,22.78323],[-102.26612,22.78395],[-102.26311,22.78611],[-102.26405,22.78856],[-102.26716,22.78756],[-102.26657,22.79382],[-102.26447,22.79111],[-102.26229,22.79274],[-102.26058,22.79906],[-102.26102,22.80351],[-102.25808,22.8017],[-102.25894,22.7932],[-102.25864,22.78484],[-102.25517,22.78534],[-102.25489,22.79125],[-102.25691,22.78928],[-102.25676,22.79269],[-102.25124,22.79077],[-102.25289,22.78569],[-102.23709,22.7877],[-102.23848,22.7918],[-102.24314,22.79736],[-102.24587,22.79636],[-102.24937,22.79833],[-102.24901,22.79997],[-102.25827,22.80737],[-102.26005,22.80545],[-102.25734,22.81272],[-102.25949,22.8125],[-102.25664,22.81614],[-102.25361,22.8169],[-102.25162,22.821],[-102.24652,22.8226],[-102.25078,22.82764],[-102.26114,22.83966],[-102.27064,22.84054],[-102.27292,22.83583],[-102.27642,22.83413],[-102.27912,22.84243],[-102.28416,22.84542],[-102.28837,22.84321],[-102.28682,22.84108],[-102.28723,22.83504],[-102.29486,22.83364],[-102.29341,22.83315],[-102.29405,22.82583],[-102.29457,22.82935],[-102.29699,22.82766],[-102.29943,22.83146],[-102.29989,22.83633],[-102.2953,22.83546],[-102.29518,22.83847],[-102.30069,22.84776],[-102.30194,22.85161],[-102.31114,22.84971],[-102.3141,22.84849],[-102.31442,22.85333],[-102.31602,22.85423],[-102.32848,22.85414],[-102.33118,22.86238],[-102.32168,22.86745],[-102.32354,22.87098],[-102.33164,22.86616],[-102.33177,22.8648],[-102.33759,22.8624],[-102.33508,22.85423],[-102.33386,22.854],[-102.32235,22.82422],[-102.32092,22.82314],[-102.3259,22.82015],[-102.32064,22.82086],[-102.32327,22.81552],[-102.32571,22.81957],[-102.32288,22.81259],[-102.31734,22.81368],[-102.31715,22.80947],[-102.31301,22.81048],[-102.31175,22.80589],[-102.31595,22.8053],[-102.3158,22.80385],[-102.31175,22.80456],[-102.31243,22.79616],[-102.3144,22.78998],[-102.31472,22.79237],[-102.3344,22.79101],[-102.33378,22.78633],[-102.33833,22.78596],[-102.33915,22.78904],[-102.34311,22.78862],[-102.34529,22.79208],[-102.34497,22.79435],[-102.34241,22.79417],[-102.34153,22.79986],[-102.35225,22.79973],[-102.35895,22.79433],[-102.35001,22.79453],[-102.35388,22.79214],[-102.35618,22.79282],[-102.35518,22.78912],[-102.35242,22.78972],[-102.35395,22.7871],[-102.35752,22.78795],[-102.35969,22.79524],[-102.3573,22.79797],[-102.36085,22.79629],[-102.36099,22.79267],[-102.36576,22.79256],[-102.36366,22.78871],[-102.36378,22.7859],[-102.36179,22.78374],[-102.36602,22.78431],[-102.36522,22.78927],[-102.37108,22.78947],[-102.3712,22.79127],[-102.37554,22.79135],[-102.37541,22.78184],[-102.3771,22.78204],[-102.37603,22.78799],[-102.37883,22.788],[-102.37971,22.79045],[-102.37601,22.78957],[-102.37672,22.79295],[-102.38125,22.79503],[-102.38081,22.79677],[-102.37602,22.79593],[-102.37593,22.7927],[-102.36946,22.79265],[-102.36948,22.79365],[-102.37597,22.79681],[-102.37593,22.80438],[-102.36794,22.80311],[-102.37088,22.80832],[-102.3718,22.80716],[-102.37582,22.80935],[-102.3716,22.8107],[-102.37175,22.81303],[-102.36848,22.81597],[-102.36643,22.80345],[-102.35792,22.80515],[-102.35885,22.79976],[-102.35519,22.80207],[-102.35661,22.80543],[-102.3488,22.80848],[-102.34526,22.80791],[-102.34717,22.81414],[-102.34721,22.81764],[-102.35733,22.81327],[-102.35753,22.81476],[-102.33337,22.8219],[-102.3366,22.81456],[-102.33801,22.81425],[-102.33934,22.80971],[-102.33244,22.81063],[-102.33296,22.81469],[-102.3312,22.81525],[-102.33104,22.81958],[-102.32749,22.82364],[-102.33504,22.84193],[-102.3403,22.84015],[-102.3436,22.84199],[-102.33638,22.84483],[-102.34287,22.86018],[-102.328,22.86943],[-102.32218,22.87355],[-102.32779,22.87392],[-102.3393,22.88197],[-102.33884,22.88435],[-102.33356,22.88849],[-102.327,22.89159],[-102.32493,22.89114],[-102.32035,22.89327],[-102.32172,22.89696],[-102.31815,22.89348],[-102.31611,22.89385],[-102.31346,22.89083],[-102.31098,22.89266],[-102.31638,22.89702],[-102.31935,22.90314],[-102.32289,22.90654],[-102.32648,22.90531],[-102.3358,22.90965],[-102.3417,22.90489],[-102.33929,22.90134],[-102.33515,22.89145],[-102.3412,22.88442],[-102.35493,22.88174],[-102.36326,22.87553],[-102.36705,22.88787],[-102.3752,22.89352],[-102.37609,22.88811],[-102.38548,22.88931],[-102.38737,22.87186],[-102.39381,22.87258],[-102.39302,22.87176],[-102.39445,22.85498],[-102.39256,22.85218],[-102.38618,22.85418],[-102.3849,22.86077],[-102.38277,22.86282],[-102.37813,22.86386],[-102.37678,22.85969],[-102.37254,22.85655],[-102.37445,22.84995],[-102.37593,22.83638],[-102.37698,22.83229],[-102.38057,22.83414],[-102.38284,22.83761],[-102.39106,22.83551],[-102.39822,22.83101],[-102.39726,22.82815],[-102.39126,22.83064],[-102.38997,22.827],[-102.39628,22.82665],[-102.39722,22.82274],[-102.39018,22.82277],[-102.38609,22.81687],[-102.38666,22.81357],[-102.39159,22.81187],[-102.38833,22.80809],[-102.38402,22.8067],[-102.38356,22.79778],[-102.38863,22.79756],[-102.38581,22.79918],[-102.38587,22.80305],[-102.38863,22.80192],[-102.38655,22.80605],[-102.38424,22.80677],[-102.39132,22.8088],[-102.39463,22.81185],[-102.39513,22.8099],[-102.39854,22.81087],[-102.3995,22.8078],[-102.39901,22.79705],[-102.39663,22.7967],[-102.39659,22.79859],[-102.39375,22.79838],[-102.39366,22.79641],[-102.39419,22.78859],[-102.39325,22.78845],[-102.39715,22.78174],[-102.3997,22.78238],[-102.40224,22.77975],[-102.40678,22.77027],[-102.40556,22.76605],[-102.3992,22.76542],[-102.39705,22.76825],[-102.39349,22.76789],[-102.39299,22.76934]],[[-102.26723,22.82418],[-102.26412,22.82484],[-102.26279,22.82191],[-102.26399,22.81885],[-102.26695,22.82126],[-102.2675,22.81763],[-102.26558,22.81745],[-102.26646,22.81346],[-102.26992,22.81601],[-102.2689,22.82276],[-102.26723,22.82418]],[[-102.30568,22.81613],[-102.29478,22.8185],[-102.29506,22.82228],[-102.29265,22.81886],[-102.29269,22.80886],[-102.29038,22.80515],[-102.29052,22.79774],[-102.29326,22.79645],[-102.29291,22.79331],[-102.28769,22.78759],[-102.29431,22.78578],[-102.29485,22.78239],[-102.29689,22.78156],[-102.29538,22.78881],[-102.29343,22.78914],[-102.29356,22.79653],[-102.29108,22.79823],[-102.29083,22.80517],[-102.29295,22.80642],[-102.29288,22.81195],[-102.29835,22.81229],[-102.29936,22.81134],[-102.29944,22.80554],[-102.301,22.80751],[-102.30547,22.80852],[-102.30568,22.81613]],[[-102.27429,22.80203],[-102.27245,22.79971],[-102.26857,22.79996],[-102.26671,22.79606],[-102.26946,22.79392],[-102.27403,22.79663],[-102.27429,22.80203]],[[-102.24692,22.79545],[-102.24207,22.78969],[-102.24531,22.78994],[-102.24692,22.79545]],[[-102.37237,22.77009],[-102.3733,22.76567],[-102.3753,22.76482],[-102.37579,22.76834],[-102.37237,22.77009]],[[-102.31471,22.76525],[-102.31508,22.76217],[-102.31741,22.76161],[-102.31748,22.7653],[-102.31471,22.76525]],[[-102.29859,22.75796],[-102.29731,22.75408],[-102.30004,22.75581],[-102.29859,22.75796]],[[-102.29324,22.75275],[-102.29597,22.75131],[-102.2965,22.75407],[-102.29324,22.75275]],[[-102.36038,22.87549],[-102.36257,22.87295],[-102.36309,22.86893],[-102.36695,22.86634],[-102.36863,22.8674],[-102.36464,22.87293],[-102.36038,22.87549]],[[-102.27017,22.83729],[-102.2705,22.83107],[-102.26931,22.82941],[-102.27284,22.82882],[-102.27248,22.83452],[-102.27017,22.83729]],[[-102.38754,22.83441],[-102.38639,22.83183],[-102.38208,22.82923],[-102.38575,22.82694],[-102.39038,22.83082],[-102.38754,22.83441]],[[-102.28812,22.82381],[-102.28988,22.82396],[-102.29047,22.82721],[-102.28873,22.82752],[-102.28812,22.82381]]],[[[-102.23721,22.82695],[-102.23689,22.82472],[-102.22903,22.81812],[-102.22804,22.81914],[-102.23494,22.82665],[-102.23721,22.82695]]],[[[-102.27436,22.71563],[-102.27486,22.71583],[-102.28021,22.71788],[-102.28176,22.71242],[-102.26356,22.70904],[-102.26713,22.71286],[-102.27436,22.71563]]],[[[-102.34718,22.74152],[-102.35099,22.74011],[-102.34603,22.74051],[-102.34718,22.74152]]],[[[-102.3501,22.74311],[-102.35503,22.74227],[-102.35158,22.74003],[-102.34875,22.74202],[-102.3501,22.74311]]],[[[-102.34713,22.74721],[-102.34572,22.75038],[-102.34843,22.7491],[-102.34713,22.74721]]],[[[-102.35858,22.70812],[-102.36019,22.70532],[-102.35677,22.70704],[-102.35858,22.70812]]],[[[-102.69397,22.62349],[-102.69458,22.62476],[-102.69466,22.62478],[-102.69505,22.62492],[-102.69907,22.6267],[-102.70026,22.62382],[-102.70025,22.62382],[-102.69646,22.62078],[-102.69225,22.62171],[-102.69084,22.62203],[-102.69397,22.62349]]],[[[-102.65119,22.76733],[-102.654,22.76402],[-102.65116,22.76442],[-102.65119,22.76733]]],[[[-102.65059,22.75977],[-102.65251,22.76255],[-102.65299,22.75974],[-102.65059,22.75977]]],[[[-102.65914,22.75702],[-102.65719,22.7542],[-102.65299,22.75221],[-102.65268,22.75509],[-102.65484,22.75436],[-102.65914,22.75702]]],[[[-102.63384,22.75225],[-102.62415,22.75215],[-102.62392,22.75066],[-102.62412,22.75216],[-102.62591,22.75326],[-102.63103,22.75268],[-102.636,22.75399],[-102.63384,22.75225]]],[[[-102.62153,22.73645],[-102.62098,22.73648],[-102.62199,22.73973],[-102.62401,22.73636],[-102.62304,22.73639],[-102.62153,22.73645]]],[[[-102.80997,22.55672],[-102.81145,22.55024],[-102.80885,22.55129],[-102.80397,22.5688],[-102.80389,22.56907],[-102.80225,22.57249],[-102.80476,22.57388],[-102.80131,22.57462],[-102.80205,22.57743],[-102.80479,22.57497],[-102.80504,22.57287],[-102.81039,22.57385],[-102.81244,22.56992],[-102.81633,22.57128],[-102.81809,22.57495],[-102.8194,22.57009],[-102.81905,22.57389],[-102.81914,22.57418],[-102.81932,22.57923],[-102.82092,22.57963],[-102.82184,22.57553],[-102.82773,22.5745],[-102.82807,22.5703],[-102.8296,22.56861],[-102.82677,22.56672],[-102.82505,22.56148],[-102.82626,22.56184],[-102.82697,22.55758],[-102.82192,22.55685],[-102.82105,22.56089],[-102.81817,22.56054],[-102.8168,22.56226],[-102.81513,22.56264],[-102.81044,22.56043],[-102.80997,22.55672]]],[[[-103.04899,22.04328],[-103.04054,22.04786],[-103.03775,22.05185],[-103.03833,22.05304],[-103.03375,22.05445],[-103.03551,22.05059],[-103.03851,22.04929],[-103.04351,22.04132],[-103.04137,22.04063],[-103.03892,22.04706],[-103.03767,22.04686],[-103.03816,22.04243],[-103.04117,22.03992],[-103.04178,22.03383],[-103.0401,22.03182],[-103.03649,22.03411],[-103.03492,22.03693],[-103.03263,22.04485],[-103.03025,22.04607],[-103.02662,22.05124],[-103.03133,22.0508],[-103.0333,22.05178],[-103.03139,22.05461],[-103.03021,22.05267],[-103.02901,22.05543],[-103.03326,22.05706],[-103.03122,22.06226],[-103.03865,22.0648],[-103.04188,22.06974],[-103.04441,22.06891],[-103.04682,22.07282],[-103.05013,22.07133],[-103.05119,22.07317],[-103.05271,22.07059],[-103.05336,22.06429],[-103.05336,22.06428],[-103.05355,22.0625],[-103.05105,22.06231],[-103.05066,22.06461],[-103.04499,22.06573],[-103.0397,22.06445],[-103.04448,22.06104],[-103.04497,22.05946],[-103.04945,22.05788],[-103.05029,22.05401],[-103.04802,22.04892],[-103.05135,22.04707],[-103.05432,22.04662],[-103.05377,22.04241],[-103.05039,22.04186],[-103.04958,22.04285],[-103.04899,22.04328]]],[[[-102.95534,22.11928],[-102.95443,22.121],[-102.95626,22.12148],[-102.95612,22.12172],[-102.9559,22.12196],[-102.96116,22.12285],[-102.95928,22.11898],[-102.96052,22.11686],[-102.95817,22.11627],[-102.95781,22.11919],[-102.95534,22.11928]]],[[[-103.00484,22.13613],[-103.00845,22.13245],[-103.01018,22.13395],[-103.01113,22.13325],[-103.01098,22.12871],[-103.01381,22.12796],[-103.01647,22.12923],[-103.01838,22.12664],[-103.02019,22.12754],[-103.0197,22.12394],[-103.01998,22.12284],[-103.01997,22.12262],[-103.01726,22.11889],[-103.01895,22.11833],[-103.01593,22.11393],[-103.01295,22.11409],[-103.01628,22.11706],[-103.01531,22.11937],[-103.01383,22.11686],[-103.00878,22.11375],[-103.00977,22.12083],[-103.01218,22.12314],[-103.01173,22.12677],[-103.00735,22.13187],[-103.00418,22.1292],[-103.00114,22.13001],[-103.00312,22.13128],[-103.00321,22.13457],[-103.00029,22.13416],[-103.00196,22.13707],[-103.00484,22.13613]]],[[[-103.05577,22.05314],[-103.05461,22.05288],[-103.05064,22.05922],[-103.05378,22.05998],[-103.0536,22.06201],[-103.05641,22.0627],[-103.055,22.05959],[-103.05729,22.05918],[-103.05452,22.05683],[-103.05882,22.05718],[-103.05934,22.05436],[-103.05577,22.05314]]],[[[-103.06463,22.04334],[-103.0723,22.03527],[-103.07151,22.03372],[-103.06623,22.03735],[-103.06243,22.04209],[-103.06055,22.04019],[-103.06379,22.03428],[-103.06891,22.03457],[-103.07009,22.03285],[-103.066,22.03321],[-103.06441,22.03163],[-103.0679,22.02473],[-103.06518,22.02775],[-103.0606,22.02698],[-103.06317,22.02615],[-103.06126,22.02382],[-103.05304,22.0268],[-103.05156,22.02965],[-103.05174,22.034],[-103.04827,22.0352],[-103.04552,22.03374],[-103.04615,22.03665],[-103.04947,22.03724],[-103.04755,22.04129],[-103.05868,22.04267],[-103.06463,22.04334]]],[[[-103.09883,22.04676],[-103.09865,22.0465],[-103.08664,22.04567],[-103.08591,22.04825],[-103.08859,22.05104],[-103.09111,22.05159],[-103.08348,22.05249],[-103.08502,22.05557],[-103.08518,22.05952],[-103.08692,22.06005],[-103.09806,22.05447],[-103.10143,22.05453],[-103.0999,22.04858],[-103.09883,22.04676]]],[[[-103.05972,22.2263],[-103.06107,22.22603],[-103.06106,22.22602],[-103.06042,22.22597],[-103.05972,22.2263]]],[[[-102.82795,22.54632],[-102.82479,22.54492],[-102.81986,22.5462],[-102.81514,22.54486],[-102.8144,22.54483],[-102.81428,22.54483],[-102.81109,22.5465],[-102.81004,22.54786],[-102.81209,22.5491],[-102.82319,22.55148],[-102.82311,22.5498],[-102.82716,22.54971],[-102.82633,22.55492],[-102.8302,22.55407],[-102.82902,22.54897],[-102.82895,22.54715],[-102.83298,22.54704],[-102.8356,22.54383],[-102.83481,22.53974],[-102.82817,22.54159],[-102.82795,22.54632]]],[[[-102.78103,22.53222],[-102.78095,22.53412],[-102.78614,22.53308],[-102.78905,22.53174],[-102.79052,22.53107],[-102.79111,22.53079],[-102.79206,22.53036],[-102.79428,22.52739],[-102.79666,22.52835],[-102.79902,22.52833],[-102.79947,22.52557],[-102.80176,22.52604],[-102.80095,22.52841],[-102.80269,22.52646],[-102.79512,22.5147],[-102.79352,22.51812],[-102.78577,22.5169],[-102.78322,22.51999],[-102.78103,22.53222]]],[[[-102.79617,22.51009],[-102.79334,22.51142],[-102.79624,22.51176],[-102.79547,22.51472],[-102.80299,22.52599],[-102.80489,22.52304],[-102.80504,22.51619],[-102.80087,22.51353],[-102.80126,22.51094],[-102.79617,22.51009]]],[[[-102.84184,22.51963],[-102.8416,22.51889],[-102.83915,22.5183],[-102.83976,22.52253],[-102.83529,22.52584],[-102.83585,22.5283],[-102.84053,22.52815],[-102.84139,22.52686],[-102.84246,22.52149],[-102.84184,22.51963]]],[[[-102.82655,22.52779],[-102.82696,22.52845],[-102.83318,22.53021],[-102.83119,22.52666],[-102.82663,22.5257],[-102.82655,22.52779]]],[[[-102.83313,22.52718],[-102.8349,22.52693],[-102.8308,22.52254],[-102.82783,22.52359],[-102.83313,22.52718]]],[[[-102.83993,22.50201],[-102.84049,22.5008],[-102.83612,22.49978],[-102.83589,22.50199],[-102.83867,22.50353],[-102.83993,22.50201]]],[[[-102.8272,22.51331],[-102.82804,22.51329],[-102.8255,22.51072],[-102.82496,22.50655],[-102.82748,22.50656],[-102.82862,22.50341],[-102.83264,22.50414],[-102.83235,22.50786],[-102.83055,22.51162],[-102.83149,22.51294],[-102.83788,22.51372],[-102.83728,22.51257],[-102.8373,22.51247],[-102.83835,22.50534],[-102.83516,22.50182],[-102.83597,22.51045],[-102.83434,22.50301],[-102.83515,22.49839],[-102.83019,22.49586],[-102.82641,22.49582],[-102.82582,22.49381],[-102.82139,22.50377],[-102.8207,22.50086],[-102.81538,22.5104],[-102.81998,22.51183],[-102.82497,22.51164],[-102.8272,22.51331]]],[[[-102.84065,22.50046],[-102.84204,22.49778],[-102.84061,22.49743],[-102.84274,22.49314],[-102.83872,22.49369],[-102.8376,22.499],[-102.84065,22.50046]]],[[[-102.84308,22.48079],[-102.84266,22.48257],[-102.84358,22.48543],[-102.85062,22.4862],[-102.85353,22.48802],[-102.84936,22.48222],[-102.84461,22.48215],[-102.84405,22.47723],[-102.84399,22.47732],[-102.84308,22.48079]]],[[[-102.86037,22.4803],[-102.85949,22.47879],[-102.85781,22.47938],[-102.85121,22.47785],[-102.85057,22.47921],[-102.85366,22.48225],[-102.8577,22.48262],[-102.86037,22.4803]]],[[[-102.85519,22.48908],[-102.85717,22.48605],[-102.86166,22.48545],[-102.86358,22.4828],[-102.85623,22.48423],[-102.85462,22.48648],[-102.85519,22.48908]]],[[[-102.84333,22.49327],[-102.84609,22.49181],[-102.84427,22.49011],[-102.84333,22.49327]]],[[[-102.83041,22.49019],[-102.83162,22.49204],[-102.83267,22.48815],[-102.82831,22.48903],[-102.83041,22.49019]]],[[[-102.82284,22.48918],[-102.82629,22.48993],[-102.83065,22.48115],[-102.82754,22.47993],[-102.82727,22.48351],[-102.8242,22.48256],[-102.82284,22.48918]]],[[[-102.81518,22.48948],[-102.81917,22.49037],[-102.82191,22.48888],[-102.81319,22.48634],[-102.81233,22.48839],[-102.81518,22.48948]]],[[[-102.8216,22.49122],[-102.8212,22.49882],[-102.82525,22.49129],[-102.8216,22.49122]]],[[[-102.81574,22.49396],[-102.81829,22.49694],[-102.81886,22.49259],[-102.81547,22.49234],[-102.81574,22.49396]]],[[[-102.80579,22.5107],[-102.80845,22.51808],[-102.81033,22.51831],[-102.82049,22.5001],[-102.81386,22.49883],[-102.81361,22.50006],[-102.8087,22.50009],[-102.80845,22.50138],[-102.81288,22.50241],[-102.81247,22.50433],[-102.8081,22.50339],[-102.80759,22.50919],[-102.80579,22.5107]]],[[[-102.82343,22.51639],[-102.82507,22.51505],[-102.82067,22.51366],[-102.82143,22.51229],[-102.81569,22.51242],[-102.81247,22.51801],[-102.82082,22.51691],[-102.82343,22.51639]]],[[[-102.80122,22.47689],[-102.79888,22.47907],[-102.80063,22.48001],[-102.80122,22.47689]]],[[[-102.7651,22.47154],[-102.76397,22.46492],[-102.76074,22.468],[-102.7651,22.47154]]],[[[-102.83731,22.42806],[-102.83615,22.42489],[-102.83286,22.42209],[-102.83341,22.42639],[-102.83731,22.42806]]],[[[-102.82528,22.43738],[-102.82688,22.43654],[-102.82723,22.4346],[-102.83156,22.43064],[-102.83428,22.43336],[-102.8361,22.43343],[-102.83673,22.43345],[-102.83715,22.43233],[-102.83701,22.42983],[-102.83486,22.43107],[-102.83054,22.42761],[-102.82833,22.43122],[-102.82639,22.42982],[-102.82505,22.43198],[-102.82528,22.43738]]],[[[-102.8311,22.4343],[-102.83388,22.43337],[-102.82996,22.43263],[-102.82735,22.43629],[-102.83036,22.43469],[-102.8311,22.4343]]],[[[-102.81817,22.44412],[-102.82337,22.43839],[-102.81728,22.44339],[-102.81817,22.44412]]],[[[-102.84024,22.41415],[-102.84485,22.40983],[-102.84507,22.40937],[-102.851,22.40454],[-102.84943,22.40303],[-102.84674,22.40516],[-102.83694,22.40263],[-102.82977,22.40185],[-102.82716,22.39976],[-102.82572,22.4022],[-102.82921,22.40591],[-102.83466,22.41006],[-102.83742,22.41384],[-102.84024,22.41415]],[[-102.84116,22.4114],[-102.83886,22.41072],[-102.8415,22.40834],[-102.84116,22.4114]]],[[[-102.8417,22.40342],[-102.84768,22.40128],[-102.83941,22.40279],[-102.8417,22.40342]]],[[[-102.83922,22.40254],[-102.84713,22.4002],[-102.84362,22.3962],[-102.839,22.39494],[-102.83549,22.39196],[-102.8319,22.39095],[-102.82923,22.39298],[-102.82539,22.39195],[-102.8309,22.39627],[-102.82876,22.39786],[-102.83148,22.40109],[-102.83273,22.39778],[-102.83831,22.4008],[-102.83531,22.40121],[-102.83922,22.40254]]],[[[-102.83868,22.39026],[-102.83849,22.38635],[-102.8361,22.38631],[-102.83418,22.38944],[-102.83662,22.39141],[-102.83868,22.39026]]],[[[-102.85692,22.38916],[-102.85661,22.38649],[-102.85214,22.38565],[-102.85021,22.39148],[-102.84846,22.39038],[-102.84425,22.39431],[-102.85282,22.39561],[-102.85516,22.39236],[-102.85442,22.38867],[-102.85692,22.38916]]],[[[-102.8305,22.38445],[-102.83267,22.38537],[-102.83372,22.38314],[-102.8305,22.38445]]],[[[-102.76967,22.37768],[-102.77166,22.37598],[-102.77436,22.36939],[-102.7722,22.36821],[-102.76967,22.37768]]],[[[-102.76618,22.37055],[-102.76223,22.37426],[-102.76532,22.37316],[-102.76618,22.37055]]],[[[-102.7341,22.37204],[-102.72823,22.36851],[-102.72702,22.37059],[-102.7341,22.37204]]],[[[-102.75196,22.368],[-102.7511,22.37143],[-102.75307,22.37171],[-102.75196,22.368]]],[[[-102.77838,22.36804],[-102.78303,22.36757],[-102.78342,22.36542],[-102.78125,22.36364],[-102.77809,22.36616],[-102.77838,22.36804]]],[[[-102.87151,22.36322],[-102.87305,22.36133],[-102.86865,22.3609],[-102.86903,22.3576],[-102.86603,22.3545],[-102.86204,22.35593],[-102.8606,22.36339],[-102.863,22.36353],[-102.86263,22.36578],[-102.85992,22.36741],[-102.85933,22.37144],[-102.86262,22.37094],[-102.86701,22.37198],[-102.86978,22.36837],[-102.87113,22.36411],[-102.87151,22.36322]]],[[[-102.79575,22.36055],[-102.79684,22.35766],[-102.79361,22.35608],[-102.79282,22.3583],[-102.79575,22.36055]]],[[[-102.78197,22.36026],[-102.78138,22.3581],[-102.77919,22.35922],[-102.78197,22.36026]]],[[[-102.73969,22.35327],[-102.74204,22.35416],[-102.74289,22.35139],[-102.73749,22.35186],[-102.73969,22.35327]]],[[[-102.74941,22.34712],[-102.75416,22.34202],[-102.75445,22.34162],[-102.75149,22.33689],[-102.74943,22.33773],[-102.75215,22.33943],[-102.74844,22.34022],[-102.74521,22.34468],[-102.74327,22.3446],[-102.74246,22.34869],[-102.74452,22.34772],[-102.75223,22.35092],[-102.74894,22.34854],[-102.74941,22.34712]]],[[[-102.79449,22.33662],[-102.79292,22.33718],[-102.78661,22.33402],[-102.77851,22.33681],[-102.78093,22.33721],[-102.78406,22.33495],[-102.78762,22.33491],[-102.78878,22.33894],[-102.79008,22.33707],[-102.79165,22.33759],[-102.79362,22.33724],[-102.79449,22.33662]]],[[[-102.75275,22.33053],[-102.75325,22.33132],[-102.76406,22.32876],[-102.76599,22.32647],[-102.76238,22.32694],[-102.75275,22.33053]]],[[[-102.75099,22.32828],[-102.75549,22.32807],[-102.75183,22.32665],[-102.75099,22.32828]]],[[[-102.81584,22.32781],[-102.81195,22.32599],[-102.80955,22.32859],[-102.81584,22.32781]]],[[[-102.7583,22.32261],[-102.75931,22.32074],[-102.75476,22.32133],[-102.7583,22.32261]]],[[[-102.782,22.31828],[-102.78153,22.31797],[-102.78045,22.31789],[-102.77545,22.31964],[-102.782,22.31828]]],[[[-102.90588,22.29606],[-102.90252,22.29736],[-102.90189,22.29951],[-102.8969,22.30037],[-102.89284,22.30349],[-102.89458,22.30346],[-102.89459,22.30953],[-102.89588,22.30952],[-102.90327,22.29842],[-102.90588,22.29606]]],[[[-102.89149,22.30395],[-102.89207,22.30351],[-102.88953,22.30123],[-102.89413,22.29671],[-102.89628,22.2969],[-102.89655,22.2965],[-102.89712,22.29568],[-102.8981,22.29426],[-102.89644,22.29308],[-102.88659,22.29246],[-102.88285,22.29048],[-102.88122,22.29084],[-102.88128,22.29458],[-102.88552,22.29499],[-102.88152,22.29742],[-102.88112,22.30106],[-102.88128,22.316],[-102.88615,22.30951],[-102.88254,22.30792],[-102.88249,22.3056],[-102.8855,22.30618],[-102.89149,22.30395]]],[[[-102.87117,22.31584],[-102.87808,22.31598],[-102.87969,22.31413],[-102.88002,22.30923],[-102.87358,22.30681],[-102.86954,22.31022],[-102.87076,22.306],[-102.86906,22.30569],[-102.86696,22.31093],[-102.86323,22.31271],[-102.86501,22.31571],[-102.8687,22.31579],[-102.87117,22.31584]]],[[[-102.87678,22.29829],[-102.8726,22.29707],[-102.87413,22.29961],[-102.87678,22.29829]]],[[[-102.87191,22.29648],[-102.86637,22.28988],[-102.86659,22.28884],[-102.86474,22.28698],[-102.86523,22.29079],[-102.87102,22.29964],[-102.8736,22.29976],[-102.87191,22.29648]]],[[[-102.88675,22.27394],[-102.88846,22.27206],[-102.88457,22.2687],[-102.88914,22.26874],[-102.89372,22.273],[-102.89529,22.26918],[-102.88943,22.26693],[-102.88741,22.26454],[-102.88303,22.26409],[-102.88195,22.26556],[-102.88375,22.27309],[-102.88675,22.27394]]],[[[-102.82191,22.25302],[-102.82402,22.25472],[-102.82671,22.25179],[-102.82191,22.25302]]],[[[-102.89492,22.2857],[-102.89466,22.28587],[-102.89381,22.29015],[-102.90306,22.28661],[-102.90493,22.28261],[-102.90849,22.27929],[-102.89966,22.28267],[-102.89641,22.28475],[-102.89492,22.2857]]],[[[-102.89498,22.26346],[-102.89712,22.26542],[-102.89898,22.26288],[-102.90189,22.26248],[-102.90814,22.25854],[-102.90951,22.25663],[-102.9045,22.25821],[-102.90195,22.26067],[-102.89607,22.26016],[-102.89312,22.26089],[-102.89106,22.2573],[-102.88819,22.25589],[-102.8867,22.25711],[-102.89498,22.26346]]],[[[-102.97869,22.20853],[-102.98303,22.20905],[-102.98099,22.20744],[-102.97869,22.20853]]],[[[-102.96206,22.21352],[-102.96545,22.21445],[-102.9734,22.21184],[-102.97561,22.20927],[-102.97383,22.21012],[-102.96789,22.2081],[-102.9642,22.21249],[-102.96206,22.21352]]],[[[-102.98276,22.20365],[-102.98462,22.2032],[-102.9816,22.20051],[-102.98276,22.20365]]],[[[-103.0097,22.20284],[-103.01412,22.20102],[-103.01284,22.20002],[-103.0097,22.20284]]],[[[-103.00535,22.20001],[-103.00672,22.20308],[-103.00954,22.20285],[-103.01055,22.20051],[-103.01475,22.19748],[-103.01499,22.19482],[-103.01753,22.19042],[-103.02129,22.19283],[-103.02275,22.18667],[-103.02073,22.19059],[-103.01617,22.18858],[-103.00818,22.19707],[-103.00613,22.19735],[-103.00445,22.19298],[-103.00231,22.195],[-103.00441,22.19555],[-103.00535,22.20001]]],[[[-103.02444,22.19965],[-103.02504,22.20187],[-103.02794,22.20141],[-103.02741,22.20682],[-103.03009,22.20421],[-103.02893,22.20238],[-103.03095,22.19971],[-103.0282,22.19594],[-103.02444,22.19965]]],[[[-102.98509,22.19789],[-102.98764,22.1959],[-102.98654,22.19435],[-102.98509,22.19789]]],[[[-102.96924,22.18827],[-102.97109,22.19075],[-102.97358,22.18762],[-102.97226,22.18549],[-102.96924,22.18827]]],[[[-102.98188,22.18705],[-102.98399,22.18591],[-102.98088,22.18333],[-102.97761,22.18479],[-102.98188,22.18705]]],[[[-102.97371,22.19346],[-102.97512,22.19455],[-102.98036,22.19231],[-102.98089,22.19073],[-102.97686,22.18666],[-102.97828,22.19021],[-102.97371,22.19346]]],[[[-102.96593,22.18063],[-102.9671,22.18474],[-102.96837,22.18268],[-102.96593,22.18063]]],[[[-103.01966,22.1848],[-103.02261,22.18414],[-103.02219,22.18004],[-103.02512,22.17812],[-103.02203,22.1762],[-103.01695,22.18012],[-103.01792,22.18399],[-103.01966,22.1848]]],[[[-102.96086,22.17852],[-102.9641,22.18088],[-102.966,22.17914],[-102.96227,22.17347],[-102.95827,22.17767],[-102.96086,22.17852]]],[[[-102.96583,22.17283],[-102.96852,22.17739],[-102.96816,22.17307],[-102.96583,22.17283]]],[[[-102.95593,22.16887],[-102.954,22.16903],[-102.95207,22.17211],[-102.95475,22.17303],[-102.9568,22.1717],[-102.95593,22.16887]]],[[[-102.88212,22.16255],[-102.88188,22.17168],[-102.88415,22.1716],[-102.88438,22.15848],[-102.87761,22.15361],[-102.8775,22.16204],[-102.88109,22.16591],[-102.88212,22.16255]]],[[[-102.85371,22.15197],[-102.85572,22.15322],[-102.85602,22.15535],[-102.85617,22.15641],[-102.86023,22.15825],[-102.86182,22.16086],[-102.86473,22.16487],[-102.86847,22.15922],[-102.86755,22.15558],[-102.86537,22.15314],[-102.86156,22.15372],[-102.86157,22.15207],[-102.85515,22.15028],[-102.85371,22.15197]]],[[[-102.75548,22.14729],[-102.7532,22.14885],[-102.75468,22.15104],[-102.75748,22.14898],[-102.75548,22.14729]]],[[[-102.9842,22.1422],[-102.98644,22.14161],[-102.98315,22.14002],[-102.9842,22.1422]]],[[[-102.89142,22.16343],[-102.89185,22.16297],[-102.88732,22.15986],[-102.88525,22.15578],[-102.88848,22.15361],[-102.88776,22.15161],[-102.88462,22.15287],[-102.88029,22.15119],[-102.87448,22.15096],[-102.87087,22.15243],[-102.8693,22.15475],[-102.87227,22.15382],[-102.87179,22.15993],[-102.87473,22.16154],[-102.87451,22.15241],[-102.87769,22.153],[-102.88316,22.15592],[-102.88753,22.16272],[-102.89142,22.16343]]],[[[-102.96986,22.17503],[-102.97233,22.17759],[-102.97506,22.17392],[-102.97294,22.17276],[-102.96986,22.17503]]],[[[-102.9955,22.27889],[-102.99582,22.27814],[-102.99577,22.27811],[-102.99509,22.27904],[-102.9955,22.27889]]],[[[-102.94282,22.33754],[-102.93755,22.33555],[-102.93299,22.34066],[-102.94146,22.33872],[-102.94282,22.33754]]],[[[-102.90431,22.38203],[-102.90092,22.38052],[-102.89794,22.38255],[-102.90431,22.38203]]],[[[-102.89442,22.38981],[-102.89389,22.39583],[-102.89535,22.39779],[-102.89589,22.39211],[-102.89442,22.38981]]],[[[-102.9415,22.41255],[-102.94164,22.41256],[-102.94753,22.41165],[-102.95229,22.41297],[-102.94748,22.40889],[-102.94158,22.41021],[-102.9415,22.41255]]],[[[-102.83285,22.47744],[-102.82965,22.47755],[-102.83166,22.47922],[-102.83285,22.47744]]],[[[-102.83912,22.48206],[-102.83466,22.48164],[-102.83167,22.48501],[-102.83614,22.4858],[-102.8365,22.48244],[-102.83912,22.48206]]],[[[-102.83278,22.48171],[-102.8322,22.48002],[-102.8298,22.48428],[-102.83278,22.48171]]],[[[-102.80878,22.48147],[-102.81283,22.48124],[-102.80839,22.47833],[-102.80878,22.48147]]],[[[-102.86881,22.34944],[-102.86319,22.34937],[-102.8565,22.34793],[-102.85914,22.35071],[-102.86272,22.35181],[-102.86941,22.35232],[-102.86881,22.34944]]],[[[-102.75825,22.34918],[-102.75781,22.34948],[-102.76159,22.34862],[-102.75935,22.34853],[-102.75825,22.34918]]],[[[-102.89419,22.31422],[-102.89356,22.32159],[-102.89898,22.32208],[-102.89827,22.32507],[-102.89397,22.32517],[-102.89356,22.32672],[-102.89718,22.32599],[-102.90394,22.32178],[-102.90769,22.31404],[-102.89625,22.31341],[-102.89419,22.31422]]],[[[-102.92998,22.37668],[-102.93061,22.37908],[-102.93268,22.37712],[-102.92998,22.37668]]],[[[-102.93549,22.37536],[-102.93438,22.37272],[-102.93221,22.37413],[-102.93549,22.37536]]],[[[-102.90977,22.3053],[-102.90943,22.30204],[-102.90716,22.29822],[-102.90977,22.3053]]],[[[-102.9121,22.27893],[-102.91232,22.27893],[-102.91257,22.27825],[-102.91257,22.27824],[-102.9121,22.27893]]],[[[-102.90487,22.2892],[-102.90611,22.28828],[-102.90726,22.28667],[-102.91142,22.27994],[-102.90757,22.28557],[-102.90252,22.28878],[-102.90079,22.29181],[-102.90487,22.2892]]],[[[-102.89363,22.28653],[-102.88984,22.28895],[-102.88407,22.29022],[-102.88952,22.29079],[-102.89363,22.28653]]],[[[-102.89076,22.2783],[-102.89338,22.27758],[-102.89005,22.27475],[-102.89076,22.2783]]],[[[-102.89693,22.27621],[-102.89782,22.27575],[-102.89981,22.27203],[-102.89662,22.27068],[-102.89436,22.27376],[-102.89693,22.27621]]],[[[-102.88073,22.29095],[-102.8777,22.29785],[-102.88004,22.29812],[-102.88073,22.29095]]],[[[-102.70749,22.41531],[-102.7078,22.41307],[-102.70449,22.41316],[-102.70749,22.41531]]],[[[-102.81305,22.44489],[-102.81541,22.44538],[-102.81739,22.44096],[-102.81574,22.43955],[-102.81336,22.44153],[-102.81305,22.44489]]],[[[-102.83832,22.48924],[-102.83834,22.49188],[-102.8404,22.49085],[-102.83832,22.48924]]],[[[-102.83379,22.49417],[-102.83298,22.4968],[-102.83563,22.49807],[-102.83704,22.49361],[-102.83379,22.49417]]],[[[-102.87349,22.5031],[-102.87407,22.50382],[-102.88276,22.50297],[-102.88324,22.50469],[-102.87567,22.5058],[-102.87633,22.50835],[-102.87421,22.50831],[-102.87621,22.5114],[-102.88017,22.51075],[-102.87666,22.50881],[-102.87656,22.5062],[-102.88287,22.50717],[-102.8833,22.50949],[-102.88967,22.50899],[-102.88755,22.5068],[-102.89181,22.50282],[-102.88992,22.50163],[-102.88601,22.49913],[-102.88316,22.5004],[-102.87991,22.49894],[-102.8793,22.49547],[-102.87345,22.49427],[-102.87062,22.49954],[-102.87131,22.50039],[-102.87349,22.5031]]],[[[-102.99738,22.44318],[-102.99552,22.44758],[-102.9997,22.44557],[-102.99738,22.44318]]],[[[-103.06464,22.06259],[-103.06467,22.0623],[-103.05849,22.06043],[-103.05839,22.06449],[-103.06136,22.06684],[-103.06457,22.06333],[-103.06464,22.06259]]],[[[-103.05669,22.07019],[-103.05992,22.06834],[-103.05678,22.06789],[-103.05669,22.07019]]],[[[-103.06141,22.05774],[-103.06035,22.06023],[-103.06348,22.06019],[-103.06404,22.05772],[-103.0621,22.05647],[-103.06265,22.05386],[-103.06008,22.05533],[-103.06141,22.05774]]],[[[-103.08034,22.04933],[-103.08045,22.05042],[-103.08361,22.04894],[-103.08272,22.04598],[-103.07965,22.04537],[-103.0788,22.04812],[-103.08027,22.04876],[-103.08034,22.04933]]],[[[-103.07226,22.04947],[-103.07623,22.04855],[-103.07629,22.04531],[-103.07226,22.0448],[-103.06855,22.04786],[-103.07357,22.0476],[-103.07226,22.04947]]],[[[-103.06237,22.04934],[-103.06257,22.04784],[-103.06135,22.04363],[-103.05453,22.04304],[-103.05803,22.0482],[-103.05849,22.04639],[-103.06141,22.04721],[-103.06237,22.04934]]],[[[-102.88621,22.11429],[-102.88592,22.11339],[-102.88262,22.11592],[-102.88436,22.11744],[-102.88614,22.11449],[-102.88621,22.11429]]],[[[-102.80416,22.13089],[-102.80719,22.12888],[-102.80355,22.12866],[-102.80416,22.13089]]],[[[-102.80935,22.12723],[-102.80963,22.1303],[-102.81146,22.12501],[-102.80935,22.12723]]],[[[-102.81749,22.1176],[-102.81509,22.11501],[-102.81424,22.12124],[-102.8171,22.11993],[-102.81749,22.1176]]],[[[-102.81947,22.08564],[-102.82182,22.0841],[-102.82073,22.08379],[-102.81947,22.08564]]],[[[-102.82727,22.07102],[-102.82598,22.07244],[-102.8261,22.0728],[-102.82858,22.07214],[-102.82879,22.07171],[-102.82907,22.07097],[-102.82848,22.07077],[-102.82821,22.07083],[-102.82727,22.07102]]],[[[-102.81977,22.08186],[-102.82114,22.07997],[-102.81861,22.0806],[-102.81575,22.08461],[-102.81751,22.0855],[-102.81977,22.08186]]],[[[-102.86921,22.11256],[-102.87146,22.11352],[-102.87363,22.10784],[-102.87441,22.11185],[-102.87647,22.10876],[-102.87454,22.10702],[-102.87569,22.10415],[-102.86755,22.10719],[-102.86714,22.1123],[-102.86921,22.11256]]],[[[-102.86033,22.10491],[-102.86012,22.10658],[-102.86064,22.10678],[-102.86033,22.10491]]],[[[-102.87493,22.12032],[-102.88079,22.11922],[-102.87861,22.11625],[-102.87493,22.12032]]],[[[-102.82947,22.03302],[-102.82593,22.03121],[-102.82906,22.03435],[-102.82947,22.03302]]],[[[-102.82873,22.03037],[-102.82811,22.02875],[-102.82457,22.03028],[-102.82916,22.03177],[-102.82873,22.03037]]],[[[-101.65663,22.49675],[-101.65662,22.49674],[-101.65637,22.49657],[-101.65343,22.49816],[-101.64846,22.49843],[-101.64926,22.50023],[-101.65656,22.49908],[-101.65662,22.49678],[-101.65663,22.49675]]],[[[-101.61136,22.47991],[-101.61244,22.47943],[-101.61815,22.47938],[-101.61611,22.47666],[-101.61368,22.47617],[-101.60325,22.47779],[-101.60368,22.48079],[-101.60666,22.48163],[-101.61132,22.47993],[-101.61136,22.47991]]],[[[-101.61869,22.47478],[-101.61936,22.47424],[-101.61937,22.47423],[-101.62485,22.46803],[-101.62654,22.47091],[-101.61978,22.47506],[-101.63454,22.47808],[-101.63832,22.47618],[-101.64337,22.47207],[-101.63825,22.46595],[-101.63198,22.46528],[-101.63038,22.46225],[-101.62516,22.46576],[-101.61302,22.46359],[-101.60172,22.46107],[-101.60255,22.47151],[-101.61141,22.47381],[-101.61853,22.4749],[-101.61869,22.47478]]],[[[-101.58807,22.42782],[-101.5899,22.4296],[-101.59359,22.43286],[-101.59576,22.43673],[-101.59623,22.4368],[-101.59677,22.43277],[-101.58807,22.42782]]],[[[-101.59342,22.42315],[-101.59219,22.42103],[-101.5961,22.41946],[-101.59682,22.41675],[-101.59439,22.41404],[-101.59372,22.4164],[-101.58958,22.41864],[-101.58873,22.41881],[-101.58856,22.41884],[-101.5867,22.42161],[-101.59238,22.42387],[-101.59342,22.42315]]],[[[-101.63531,22.34708],[-101.63248,22.34945],[-101.62934,22.34943],[-101.62947,22.35117],[-101.62516,22.35176],[-101.62051,22.35472],[-101.6199,22.35653],[-101.62386,22.3597],[-101.62477,22.36588],[-101.62016,22.36672],[-101.61724,22.36428],[-101.61785,22.36098],[-101.61429,22.35715],[-101.6116,22.36337],[-101.61656,22.36971],[-101.61645,22.37091],[-101.61966,22.37344],[-101.61812,22.37442],[-101.61981,22.37898],[-101.62361,22.37635],[-101.62593,22.37996],[-101.62836,22.37892],[-101.62906,22.38188],[-101.62575,22.38456],[-101.62275,22.37842],[-101.61945,22.3794],[-101.61943,22.3815],[-101.61332,22.38464],[-101.60448,22.38686],[-101.60249,22.38874],[-101.60324,22.39143],[-101.60544,22.39425],[-101.60705,22.3979],[-101.60589,22.39986],[-101.60488,22.39414],[-101.60453,22.39792],[-101.60195,22.39558],[-101.6036,22.39385],[-101.59944,22.39035],[-101.59599,22.39856],[-101.5918,22.39285],[-101.58578,22.39512],[-101.5895,22.40453],[-101.59139,22.40364],[-101.59216,22.40804],[-101.59397,22.40863],[-101.59447,22.40879],[-101.59514,22.41136],[-101.59697,22.41342],[-101.59878,22.41151],[-101.59784,22.40966],[-101.60197,22.41179],[-101.60526,22.41242],[-101.60822,22.40459],[-101.61084,22.40543],[-101.61215,22.40162],[-101.61431,22.40145],[-101.61453,22.39736],[-101.61873,22.39796],[-101.6214,22.3961],[-101.62199,22.3929],[-101.62699,22.39167],[-101.62633,22.39395],[-101.62339,22.39324],[-101.6237,22.39631],[-101.62404,22.39691],[-101.62428,22.39734],[-101.62509,22.39836],[-101.62871,22.39526],[-101.6333,22.39472],[-101.63192,22.39619],[-101.63552,22.39855],[-101.63883,22.39704],[-101.6396,22.3944],[-101.6415,22.39528],[-101.64552,22.39274],[-101.64781,22.38308],[-101.65133,22.38287],[-101.65377,22.37994],[-101.65693,22.38334],[-101.65799,22.38885],[-101.66257,22.38708],[-101.6626,22.39011],[-101.66526,22.39018],[-101.66564,22.37622],[-101.66047,22.37558],[-101.6607,22.37379],[-101.65759,22.37328],[-101.65786,22.3713],[-101.66081,22.37294],[-101.66217,22.36089],[-101.66507,22.36013],[-101.66967,22.35588],[-101.66721,22.35292],[-101.66901,22.35167],[-101.67006,22.34498],[-101.66739,22.34625],[-101.66465,22.34277],[-101.66119,22.3432],[-101.65963,22.34515],[-101.65462,22.34499],[-101.64364,22.34718],[-101.63531,22.34708]],[[-101.64644,22.37491],[-101.64681,22.37098],[-101.64464,22.37013],[-101.64794,22.36834],[-101.64914,22.37259],[-101.64644,22.37491]],[[-101.63996,22.36001],[-101.63978,22.35978],[-101.63978,22.35958],[-101.63786,22.36176],[-101.64165,22.36277],[-101.6415,22.36417],[-101.63514,22.3634],[-101.63914,22.35857],[-101.6414,22.35847],[-101.64152,22.35231],[-101.64359,22.35246],[-101.64684,22.36194],[-101.64862,22.36076],[-101.65084,22.36536],[-101.65032,22.3606],[-101.6547,22.35925],[-101.65481,22.36293],[-101.65336,22.36606],[-101.66094,22.36336],[-101.65831,22.36831],[-101.65797,22.36656],[-101.65329,22.36724],[-101.65343,22.37032],[-101.65131,22.37158],[-101.65117,22.36553],[-101.64462,22.36503],[-101.64477,22.36309],[-101.64102,22.36132],[-101.6407,22.36093],[-101.63996,22.36001]],[[-101.61228,22.39658],[-101.60837,22.39587],[-101.6109,22.39332],[-101.61228,22.39658]],[[-101.62034,22.39137],[-101.619,22.38645],[-101.62319,22.38537],[-101.62293,22.39043],[-101.62034,22.39137]],[[-101.61572,22.38673],[-101.61512,22.38397],[-101.61817,22.38409],[-101.61572,22.38673]]],[[[-101.63485,22.34412],[-101.63488,22.34407],[-101.63503,22.34376],[-101.63438,22.34343],[-101.63359,22.3433],[-101.63307,22.34316],[-101.63305,22.34315],[-101.63294,22.3431],[-101.6327,22.34298],[-101.63477,22.34425],[-101.63485,22.34412]]],[[[-101.63713,22.32766],[-101.63774,22.32771],[-101.63896,22.32782],[-101.64155,22.32792],[-101.64173,22.32767],[-101.64197,22.32734],[-101.64884,22.32841],[-101.64629,22.32603],[-101.65071,22.32391],[-101.64857,22.3225],[-101.6443,22.32525],[-101.64015,22.32512],[-101.64045,22.32691],[-101.6359,22.32591],[-101.63713,22.32766]]],[[[-101.65994,22.33013],[-101.66018,22.33019],[-101.66101,22.33038],[-101.66233,22.3262],[-101.65988,22.32573],[-101.65689,22.32901],[-101.65785,22.33065],[-101.65581,22.33474],[-101.65169,22.33571],[-101.64899,22.3382],[-101.65298,22.33926],[-101.65439,22.33777],[-101.6599,22.33752],[-101.66174,22.33505],[-101.6609,22.34075],[-101.65378,22.3418],[-101.65597,22.34255],[-101.66269,22.34243],[-101.66487,22.34131],[-101.66371,22.33635],[-101.66555,22.33631],[-101.66605,22.33246],[-101.65994,22.33013]]],[[[-101.67302,22.33406],[-101.67293,22.33403],[-101.67159,22.3337],[-101.67122,22.33361],[-101.67087,22.33843],[-101.66825,22.33972],[-101.66898,22.34207],[-101.67493,22.3431],[-101.67823,22.34542],[-101.6793,22.34268],[-101.68182,22.34372],[-101.67904,22.34631],[-101.6794,22.34818],[-101.68216,22.34465],[-101.68725,22.34151],[-101.68918,22.3358],[-101.68835,22.33254],[-101.68661,22.33629],[-101.68533,22.33543],[-101.68412,22.33913],[-101.68435,22.33255],[-101.67992,22.33197],[-101.68144,22.33473],[-101.68059,22.34018],[-101.67573,22.3408],[-101.67604,22.33581],[-101.67302,22.33406]]],[[[-101.6821,22.32596],[-101.68051,22.32722],[-101.67807,22.32377],[-101.68024,22.32317],[-101.67773,22.31848],[-101.67221,22.31849],[-101.6703,22.32573],[-101.67997,22.33007],[-101.68053,22.32854],[-101.68068,22.32993],[-101.68516,22.3285],[-101.6821,22.32596]]],[[[-101.68918,22.31626],[-101.69006,22.3165],[-101.69163,22.32011],[-101.68728,22.32161],[-101.68841,22.3235],[-101.69269,22.3246],[-101.69249,22.32646],[-101.68888,22.3278],[-101.68349,22.32412],[-101.68265,22.32573],[-101.69028,22.32962],[-101.69115,22.33417],[-101.68933,22.33863],[-101.69351,22.33283],[-101.69391,22.3285],[-101.69765,22.32596],[-101.69776,22.3221],[-101.69206,22.31746],[-101.69007,22.30815],[-101.69097,22.30544],[-101.69442,22.30255],[-101.69351,22.29944],[-101.69776,22.299],[-101.69969,22.29586],[-101.69949,22.29178],[-101.69571,22.2925],[-101.69352,22.29649],[-101.69323,22.29347],[-101.69055,22.29455],[-101.68771,22.29959],[-101.68934,22.29401],[-101.69717,22.29087],[-101.70085,22.28629],[-101.70254,22.28862],[-101.7009,22.29103],[-101.70471,22.29445],[-101.71077,22.28828],[-101.70717,22.28444],[-101.70568,22.27954],[-101.70843,22.27308],[-101.71382,22.26734],[-101.71669,22.26173],[-101.71453,22.26101],[-101.71876,22.25485],[-101.72674,22.25694],[-101.72873,22.25836],[-101.73702,22.26062],[-101.74308,22.25609],[-101.74346,22.25319],[-101.74822,22.25456],[-101.74682,22.25846],[-101.74839,22.26314],[-101.75133,22.2632],[-101.7524,22.25896],[-101.75049,22.25799],[-101.75202,22.25477],[-101.75142,22.25027],[-101.75388,22.2503],[-101.7542,22.24674],[-101.7566,22.24569],[-101.75948,22.24834],[-101.75937,22.2519],[-101.7609,22.25215],[-101.76312,22.24398],[-101.76164,22.24268],[-101.76448,22.23679],[-101.76944,22.23513],[-101.76993,22.2311],[-101.77195,22.2311],[-101.77551,22.22793],[-101.7734,22.22412],[-101.77277,22.22608],[-101.77037,22.22322],[-101.76377,22.22317],[-101.75708,22.21958],[-101.75752,22.22252],[-101.75227,22.22201],[-101.75871,22.21287],[-101.76209,22.2112],[-101.76412,22.20817],[-101.76567,22.20157],[-101.76273,22.20055],[-101.7587,22.20352],[-101.75702,22.20129],[-101.74823,22.19979],[-101.75407,22.18609],[-101.73887,22.19337],[-101.73684,22.19563],[-101.74004,22.19657],[-101.73946,22.20071],[-101.73621,22.20119],[-101.7362,22.19863],[-101.73401,22.19839],[-101.73541,22.20357],[-101.73401,22.20577],[-101.72638,22.19759],[-101.72699,22.19637],[-101.71937,22.19561],[-101.71839,22.18903],[-101.71803,22.18833],[-101.7149,22.18783],[-101.7171,22.18459],[-101.71228,22.17342],[-101.71448,22.17318],[-101.71362,22.16817],[-101.71632,22.16449],[-101.71634,22.16171],[-101.70681,22.15943],[-101.70154,22.15884],[-101.6958,22.16224],[-101.69409,22.16283],[-101.69542,22.16671],[-101.69749,22.16633],[-101.70079,22.16469],[-101.70311,22.17243],[-101.70179,22.17646],[-101.69834,22.17803],[-101.704,22.17879],[-101.69869,22.17984],[-101.70024,22.1856],[-101.69808,22.18475],[-101.69875,22.18145],[-101.68497,22.18116],[-101.68322,22.18242],[-101.67928,22.17976],[-101.68384,22.18144],[-101.68594,22.17825],[-101.6806,22.17281],[-101.6775,22.17483],[-101.67879,22.17212],[-101.67762,22.16931],[-101.67374,22.17032],[-101.6732,22.16503],[-101.67162,22.16685],[-101.66785,22.16597],[-101.66958,22.16485],[-101.67123,22.15984],[-101.67423,22.15556],[-101.67422,22.15355],[-101.65595,22.15485],[-101.65607,22.15742],[-101.6532,22.15685],[-101.65307,22.1489],[-101.67944,22.14702],[-101.68083,22.14218],[-101.6794,22.1399],[-101.6842,22.13943],[-101.68059,22.13489],[-101.67729,22.13534],[-101.67448,22.138],[-101.67188,22.12317],[-101.67784,22.12245],[-101.67772,22.12046],[-101.6861,22.11994],[-101.68793,22.12445],[-101.68651,22.12963],[-101.68746,22.13231],[-101.69002,22.1323],[-101.69022,22.1346],[-101.69713,22.1429],[-101.69456,22.14324],[-101.69109,22.14018],[-101.69192,22.14356],[-101.68682,22.14142],[-101.69168,22.15078],[-101.70008,22.15362],[-101.70412,22.15063],[-101.70286,22.14894],[-101.70035,22.15051],[-101.70031,22.14827],[-101.69657,22.14593],[-101.70599,22.14901],[-101.70565,22.13338],[-101.70752,22.13338],[-101.70782,22.13047],[-101.70256,22.13002],[-101.70288,22.1273],[-101.70854,22.12757],[-101.70886,22.13052],[-101.72058,22.13143],[-101.72132,22.12767],[-101.7195,22.12484],[-101.71659,22.12889],[-101.71488,22.12897],[-101.71582,22.12375],[-101.71948,22.12215],[-101.72223,22.12301],[-101.72099,22.11883],[-101.71653,22.11545],[-101.71643,22.11033],[-101.71988,22.11124],[-101.71954,22.10956],[-101.71691,22.10995],[-101.71612,22.11057],[-101.71577,22.11147],[-101.71117,22.10917],[-101.71982,22.10926],[-101.72074,22.1077],[-101.7182,22.10567],[-101.71802,22.09973],[-101.72144,22.09973],[-101.72183,22.0976],[-101.7179,22.09756],[-101.7157,22.09369],[-101.71039,22.09364],[-101.70973,22.08977],[-101.70651,22.0894],[-101.70384,22.08261],[-101.70397,22.0799],[-101.7081,22.07898],[-101.71104,22.07328],[-101.70919,22.07134],[-101.70376,22.07274],[-101.70425,22.06871],[-101.70191,22.06655],[-101.70423,22.06449],[-101.70429,22.06715],[-101.71052,22.06681],[-101.716,22.06962],[-101.72406,22.06763],[-101.74248,22.06377],[-101.74241,22.06138],[-101.73585,22.05858],[-101.72602,22.05626],[-101.72981,22.05088],[-101.73449,22.04943],[-101.73775,22.05088],[-101.73485,22.04399],[-101.732,22.04551],[-101.72935,22.04497],[-101.7232,22.05403],[-101.72149,22.05549],[-101.72153,22.06022],[-101.71737,22.0628],[-101.7139,22.05905],[-101.71693,22.05591],[-101.71771,22.05243],[-101.72203,22.05411],[-101.72569,22.0494],[-101.72431,22.04588],[-101.72914,22.04476],[-101.7277,22.04037],[-101.72259,22.04354],[-101.7189,22.04424],[-101.72109,22.03997],[-101.72107,22.03747],[-101.7244,22.03781],[-101.72689,22.03743],[-101.71969,22.03258],[-101.72218,22.02864],[-101.72442,22.03068],[-101.72939,22.02778],[-101.72851,22.02607],[-101.73319,22.0237],[-101.74646,22.03608],[-101.75628,22.03138],[-101.75515,22.02825],[-101.7445,22.0188],[-101.74341,22.01886],[-101.73904,22.01405],[-101.74039,22.01307],[-101.74436,22.01843],[-101.74617,22.01745],[-101.74773,22.02],[-101.75232,22.02404],[-101.75495,22.02321],[-101.76187,22.03459],[-101.76583,22.03514],[-101.76501,22.02731],[-101.76619,22.02831],[-101.77265,22.02542],[-101.77288,22.03243],[-101.77418,22.0322],[-101.77856,22.02947],[-101.77847,22.02611],[-101.77531,22.025],[-101.78105,22.02448],[-101.78473,22.02285],[-101.78325,22.02137],[-101.78313,22.02124],[-101.77986,22.01799],[-101.77866,22.01769],[-101.77859,22.01542],[-101.77791,22.01548],[-101.77773,22.01533],[-101.77725,22.01489],[-101.77746,22.00716],[-101.75945,22.00902],[-101.7509,22.01461],[-101.74945,22.01374],[-101.74663,22.01206],[-101.74535,22.01127],[-101.73336,22.0041],[-101.73335,22.0041],[-101.73126,22.0059],[-101.73174,22.00804],[-101.7323,22.00966],[-101.72951,22.01218],[-101.72485,22.00867],[-101.72488,22.00676],[-101.72115,22.00608],[-101.72085,22.00377],[-101.71511,22.00401],[-101.71433,22.00065],[-101.7222,22.00007],[-101.72491,21.99761],[-101.72715,22.00042],[-101.72516,22.00196],[-101.7301,22.00177],[-101.73219,21.99497],[-101.72514,21.99069],[-101.72128,21.98838],[-101.71707,21.98584],[-101.7145,21.98427],[-101.71529,21.98289],[-101.71125,21.98088],[-101.70929,21.97992],[-101.71053,21.97741],[-101.7094,21.97694],[-101.71086,21.97407],[-101.70817,21.97287],[-101.70821,21.97721],[-101.69845,21.97701],[-101.69228,21.98294],[-101.69197,21.98323],[-101.69142,21.99364],[-101.69649,21.99863],[-101.69321,21.99808],[-101.70613,22.00419],[-101.70642,22.01003],[-101.70504,22.01396],[-101.70614,22.01415],[-101.70669,22.01995],[-101.70987,22.01957],[-101.70992,22.02293],[-101.70407,22.02275],[-101.70248,22.02959],[-101.70016,22.02916],[-101.69937,22.04058],[-101.70175,22.04198],[-101.70149,22.04471],[-101.70722,22.04691],[-101.7108,22.04945],[-101.71057,22.05227],[-101.70347,22.04845],[-101.69878,22.04708],[-101.69717,22.05236],[-101.69638,22.05938],[-101.69301,22.06142],[-101.68147,22.05905],[-101.68164,22.06281],[-101.67874,22.0623],[-101.67875,22.06463],[-101.68167,22.0652],[-101.68246,22.08934],[-101.679,22.09001],[-101.67909,22.0784],[-101.66638,22.07998],[-101.6665,22.0826],[-101.65771,22.08358],[-101.65741,22.08102],[-101.65259,22.07961],[-101.65039,22.08077],[-101.63281,22.07522],[-101.63263,22.07137],[-101.64679,22.07021],[-101.64801,22.0638],[-101.65104,22.04264],[-101.61669,22.03833],[-101.61744,22.03991],[-101.60828,22.04378],[-101.60438,22.03693],[-101.61377,22.032],[-101.62628,22.02242],[-101.6297,22.02138],[-101.6319,22.0234],[-101.62982,22.02938],[-101.64178,22.03377],[-101.643,22.02999],[-101.65285,22.03363],[-101.65122,22.04243],[-101.66491,22.04505],[-101.67309,22.04757],[-101.67338,22.0455],[-101.67708,22.04637],[-101.67659,22.04838],[-101.69253,22.0522],[-101.69434,22.05072],[-101.69536,22.04315],[-101.69224,22.04155],[-101.69134,22.03401],[-101.693,22.03041],[-101.6933,22.03542],[-101.69513,22.03561],[-101.69523,22.0307],[-101.69768,22.02353],[-101.70341,22.00936],[-101.7063,22.00988],[-101.70624,22.00696],[-101.70339,22.00451],[-101.70029,22.00539],[-101.69809,22.00301],[-101.68998,22.00028],[-101.67922,21.99829],[-101.67961,21.99427],[-101.67646,21.99376],[-101.67656,21.98911],[-101.67156,21.99168],[-101.6716,21.98377],[-101.67068,21.98375],[-101.66392,21.98958],[-101.65987,21.98856],[-101.66485,21.98607],[-101.66149,21.98123],[-101.66159,21.97633],[-101.65903,21.97122],[-101.65571,21.96803],[-101.65488,21.96294],[-101.65238,21.95925],[-101.6557,21.95128],[-101.66148,21.94713],[-101.66653,21.9448],[-101.66459,21.94369],[-101.6624,21.94283],[-101.66058,21.94189],[-101.66001,21.94148],[-101.65993,21.94132],[-101.65919,21.93998],[-101.65775,21.93781],[-101.65752,21.93762],[-101.65684,21.93661],[-101.65216,21.92929],[-101.65406,21.92595],[-101.65259,21.92313],[-101.65042,21.92118],[-101.64956,21.92025],[-101.65071,21.90766],[-101.65028,21.90739],[-101.64951,21.90722],[-101.6495,21.90722],[-101.64944,21.90722],[-101.64935,21.90717],[-101.64901,21.90706],[-101.64762,21.90761],[-101.64762,21.90762],[-101.64691,21.915],[-101.64471,21.91518],[-101.6441,21.92037],[-101.63922,21.9186],[-101.63739,21.92019],[-101.63458,21.92757],[-101.63452,21.93203],[-101.63098,21.93697],[-101.63769,21.93941],[-101.6347,21.95162],[-101.6366,21.95217],[-101.6347,21.95699],[-101.63126,21.9572],[-101.63232,21.96021],[-101.6333,21.96041],[-101.6236,21.98281],[-101.61871,21.98202],[-101.6189,21.97842],[-101.6167,21.97958],[-101.6109,21.97622],[-101.61212,21.97982],[-101.61157,21.98263],[-101.60712,21.98537],[-101.60919,21.9872],[-101.60608,21.98983],[-101.60327,21.98897],[-101.59851,21.99538],[-101.59839,21.99898],[-101.59167,22.00259],[-101.58868,22.00698],[-101.58447,22.00838],[-101.5816,22.01119],[-101.5758,22.0126],[-101.57323,22.01201],[-101.57098,22.0154],[-101.56378,22.0212],[-101.56082,22.02598],[-101.56452,22.03021],[-101.56181,22.03127],[-101.56005,22.02677],[-101.55593,22.03207],[-101.55607,22.03404],[-101.55882,22.03346],[-101.56225,22.03587],[-101.56023,22.03958],[-101.55627,22.03824],[-101.55341,22.03923],[-101.55385,22.04326],[-101.55555,22.04534],[-101.55899,22.04557],[-101.55749,22.04879],[-101.5542,22.04958],[-101.55572,22.0516],[-101.55267,22.0566],[-101.54857,22.058],[-101.54613,22.05628],[-101.53704,22.0571],[-101.52681,22.05586],[-101.51538,22.05739],[-101.50964,22.05695],[-101.51427,22.05908],[-101.51963,22.05867],[-101.5258,22.05984],[-101.52871,22.05861],[-101.53872,22.0605],[-101.54231,22.05966],[-101.54356,22.05778],[-101.54843,22.0602],[-101.55193,22.05837],[-101.5556,22.061],[-101.5545,22.06698],[-101.55145,22.06766],[-101.54963,22.06559],[-101.55191,22.06341],[-101.54986,22.06283],[-101.54757,22.06626],[-101.54506,22.06724],[-101.54622,22.06946],[-101.54216,22.06982],[-101.54355,22.06798],[-101.54239,22.06237],[-101.54189,22.06647],[-101.53966,22.06794],[-101.54039,22.07113],[-101.54576,22.07164],[-101.55591,22.06795],[-101.56074,22.07073],[-101.5545,22.0696],[-101.55469,22.0718],[-101.55719,22.07259],[-101.55671,22.07616],[-101.56613,22.07713],[-101.56744,22.07956],[-101.56664,22.08364],[-101.5601,22.08297],[-101.56319,22.07966],[-101.5613,22.07669],[-101.5553,22.07619],[-101.55481,22.0848],[-101.5534,22.087],[-101.54968,22.08681],[-101.54712,22.08962],[-101.54651,22.09377],[-101.54309,22.09798],[-101.54303,22.10158],[-101.53558,22.10079],[-101.52991,22.0992],[-101.53131,22.09518],[-101.52948,22.09603],[-101.52899,22.10097],[-101.53448,22.10097],[-101.5387,22.10238],[-101.534,22.10421],[-101.53558,22.10781],[-101.54059,22.1072],[-101.54028,22.11617],[-101.53741,22.11617],[-101.53778,22.1202],[-101.5365,22.12978],[-101.53357,22.12783],[-101.52771,22.13039],[-101.52759,22.1354],[-101.52942,22.13821],[-101.52682,22.1405],[-101.5316,22.14075],[-101.52655,22.14265],[-101.5252,22.14582],[-101.52291,22.14251],[-101.51614,22.13934],[-101.5093,22.13732],[-101.50772,22.13567],[-101.49984,22.13646],[-101.49905,22.14211],[-101.49331,22.14334],[-101.49129,22.14253],[-101.49264,22.1477],[-101.4916,22.15227],[-101.48715,22.14586],[-101.48452,22.14391],[-101.48953,22.14068],[-101.48691,22.13684],[-101.4837,22.13613],[-101.48513,22.13337],[-101.48175,22.13165],[-101.4819,22.12908],[-101.47952,22.12661],[-101.47399,22.12408],[-101.47453,22.12198],[-101.4774,22.12232],[-101.48099,22.11685],[-101.47837,22.11345],[-101.47466,22.11728],[-101.47474,22.11912],[-101.47172,22.11661],[-101.47178,22.11422],[-101.47689,22.11106],[-101.47928,22.11078],[-101.48261,22.10756],[-101.48126,22.10539],[-101.4883,22.10052],[-101.48777,22.09806],[-101.48933,22.09456],[-101.48826,22.09014],[-101.49282,22.0889],[-101.50035,22.08094],[-101.49877,22.08069],[-101.49404,22.08617],[-101.48865,22.08767],[-101.48765,22.08256],[-101.48373,22.07828],[-101.4877,22.07371],[-101.49141,22.07236],[-101.49105,22.07099],[-101.48646,22.07208],[-101.48855,22.06846],[-101.48873,22.06528],[-101.49075,22.06307],[-101.49011,22.06075],[-101.48806,22.06203],[-101.47885,22.06232],[-101.47593,22.06468],[-101.47354,22.06388],[-101.47214,22.06635],[-101.46768,22.05998],[-101.46387,22.06065],[-101.46234,22.06456],[-101.45938,22.06432],[-101.4604,22.06659],[-101.45714,22.07097],[-101.46054,22.07426],[-101.4515,22.07725],[-101.44381,22.07548],[-101.43862,22.0861],[-101.43533,22.08787],[-101.43474,22.08133],[-101.42672,22.08109],[-101.42282,22.08207],[-101.42662,22.09129],[-101.43235,22.0919],[-101.43063,22.09356],[-101.43579,22.09281],[-101.43616,22.09614],[-101.44636,22.09608],[-101.44703,22.09316],[-101.44832,22.09555],[-101.45192,22.09144],[-101.45057,22.09102],[-101.45432,22.08515],[-101.45691,22.0832],[-101.45395,22.09041],[-101.45574,22.09149],[-101.4495,22.1007],[-101.45086,22.10496],[-101.44851,22.10594],[-101.44762,22.09616],[-101.4454,22.1035],[-101.44659,22.10614],[-101.45105,22.10734],[-101.45205,22.10359],[-101.45121,22.10061],[-101.45533,22.09343],[-101.46181,22.09172],[-101.46542,22.09355],[-101.46208,22.0962],[-101.46481,22.09746],[-101.4656,22.10149],[-101.47012,22.1007],[-101.4692,22.10698],[-101.47199,22.10625],[-101.47561,22.10766],[-101.48364,22.10128],[-101.48412,22.09112],[-101.47898,22.08829],[-101.47934,22.08252],[-101.48082,22.08066],[-101.47985,22.07715],[-101.47948,22.07685],[-101.47991,22.07599],[-101.48176,22.07735],[-101.48196,22.08048],[-101.48679,22.08908],[-101.4874,22.0953],[-101.48585,22.09707],[-101.48477,22.10178],[-101.48184,22.10306],[-101.4769,22.10881],[-101.47233,22.11122],[-101.46664,22.10891],[-101.46505,22.1063],[-101.4657,22.10346],[-101.46292,22.10575],[-101.45883,22.10605],[-101.4574,22.10504],[-101.4562,22.1063],[-101.45192,22.10694],[-101.45132,22.10775],[-101.44833,22.10685],[-101.44596,22.1075],[-101.45553,22.11045],[-101.46163,22.11009],[-101.46345,22.11246],[-101.46915,22.11425],[-101.46955,22.12586],[-101.47232,22.12719],[-101.47098,22.13052],[-101.47307,22.13077],[-101.47058,22.13371],[-101.46639,22.13129],[-101.46307,22.13404],[-101.45963,22.13268],[-101.46232,22.13055],[-101.46529,22.12235],[-101.46076,22.12118],[-101.45921,22.12235],[-101.45481,22.1201],[-101.45368,22.12142],[-101.44918,22.11432],[-101.44595,22.11529],[-101.44681,22.11773],[-101.45134,22.12189],[-101.45175,22.12443],[-101.44761,22.12204],[-101.44432,22.12194],[-101.44405,22.12488],[-101.44583,22.12787],[-101.44525,22.13142],[-101.44233,22.13247],[-101.44347,22.13789],[-101.4454,22.13832],[-101.44441,22.14111],[-101.44993,22.14139],[-101.44834,22.14377],[-101.4491,22.14646],[-101.45205,22.14867],[-101.44894,22.15087],[-101.44393,22.15027],[-101.44377,22.15454],[-101.4403,22.15892],[-101.44453,22.16606],[-101.45101,22.16509],[-101.44861,22.16712],[-101.44412,22.16786],[-101.43923,22.16335],[-101.43812,22.16412],[-101.44289,22.16865],[-101.44522,22.16914],[-101.45498,22.16711],[-101.45963,22.16828],[-101.46386,22.16503],[-101.46428,22.16482],[-101.46453,22.1647],[-101.46703,22.16349],[-101.46872,22.16267],[-101.47029,22.16158],[-101.47077,22.16095],[-101.4729,22.15787],[-101.47382,22.15597],[-101.48359,22.15201],[-101.49583,22.15548],[-101.49474,22.15888],[-101.49675,22.15963],[-101.50074,22.15772],[-101.50236,22.15555],[-101.49889,22.16453],[-101.5005,22.16613],[-101.4952,22.16967],[-101.49435,22.17467],[-101.49811,22.17803],[-101.49923,22.17562],[-101.49899,22.1741],[-101.49989,22.1726],[-101.50504,22.17145],[-101.5056,22.16831],[-101.50914,22.16901],[-101.50517,22.16608],[-101.51254,22.1679],[-101.52151,22.16747],[-101.52034,22.16496],[-101.52292,22.16483],[-101.52138,22.1622],[-101.51942,22.16522],[-101.51492,22.1643],[-101.51754,22.16308],[-101.51474,22.16192],[-101.51382,22.16411],[-101.50833,22.16332],[-101.51004,22.1585],[-101.51206,22.15612],[-101.51724,22.15612],[-101.52175,22.1549],[-101.52273,22.1527],[-101.52011,22.15148],[-101.52623,22.14899],[-101.52906,22.15009],[-101.52909,22.15329],[-101.52714,22.15223],[-101.52729,22.15624],[-101.52934,22.15795],[-101.53029,22.164],[-101.5271,22.16439],[-101.52642,22.16958],[-101.52161,22.17062],[-101.5271,22.17116],[-101.52833,22.1676],[-101.53547,22.16527],[-101.53626,22.16704],[-101.54013,22.1654],[-101.53981,22.16358],[-101.54585,22.16283],[-101.54897,22.16151],[-101.54482,22.16612],[-101.5425,22.16661],[-101.53998,22.17156],[-101.5343,22.17169],[-101.52963,22.17044],[-101.52977,22.1728],[-101.52722,22.17622],[-101.52789,22.19002],[-101.53022,22.18943],[-101.53381,22.18424],[-101.53642,22.17656],[-101.54025,22.17472],[-101.5416,22.177],[-101.54025,22.18296],[-101.53833,22.18254],[-101.5317,22.18838],[-101.52987,22.19314],[-101.52592,22.19799],[-101.52654,22.20232],[-101.52059,22.20793],[-101.52565,22.20786],[-101.52692,22.21069],[-101.5237,22.21132],[-101.52296,22.21407],[-101.52746,22.21496],[-101.52733,22.21649],[-101.53086,22.21668],[-101.53336,22.21473],[-101.53598,22.21491],[-101.53555,22.21131],[-101.53775,22.20392],[-101.54215,22.20252],[-101.54239,22.21033],[-101.54556,22.2107],[-101.54605,22.20868],[-101.54947,22.20948],[-101.54117,22.21552],[-101.5427,22.21808],[-101.54727,22.21412],[-101.55307,22.22113],[-101.55515,22.22052],[-101.55639,22.22458],[-101.55767,22.22418],[-101.55301,22.21527],[-101.55416,22.21463],[-101.55001,22.20936],[-101.55197,22.21051],[-101.55716,22.20832],[-101.55539,22.2027],[-101.55606,22.19928],[-101.54935,22.20069],[-101.54935,22.19251],[-101.53238,22.19349],[-101.5316,22.19766],[-101.52956,22.19827],[-101.53058,22.19372],[-101.53463,22.18867],[-101.54181,22.18441],[-101.54339,22.1807],[-101.54605,22.17885],[-101.54651,22.17623],[-101.54449,22.17458],[-101.54747,22.1726],[-101.54919,22.17379],[-101.5473,22.16939],[-101.55483,22.17065],[-101.5564,22.17562],[-101.5597,22.17574],[-101.5639,22.18899],[-101.5614,22.18917],[-101.56219,22.19161],[-101.56645,22.19144],[-101.56549,22.19741],[-101.55682,22.19918],[-101.55713,22.20357],[-101.55984,22.21153],[-101.55979,22.21606],[-101.56115,22.21582],[-101.5608,22.22115],[-101.56219,22.22148],[-101.56464,22.21775],[-101.56616,22.21772],[-101.56827,22.22181],[-101.56528,22.22677],[-101.56512,22.22923],[-101.56513,22.22925],[-101.56787,22.22878],[-101.57068,22.23043],[-101.57001,22.23202],[-101.57484,22.23289],[-101.57392,22.23671],[-101.57167,22.23913],[-101.57346,22.24],[-101.5755,22.23903],[-101.57595,22.23608],[-101.58102,22.23663],[-101.58195,22.23574],[-101.58288,22.23432],[-101.58499,22.23277],[-101.58798,22.23112],[-101.58675,22.23506],[-101.58753,22.23809],[-101.58975,22.24053],[-101.58772,22.24202],[-101.58713,22.24348],[-101.59079,22.2471],[-101.59062,22.2518],[-101.5916,22.26058],[-101.59416,22.25686],[-101.59274,22.25407],[-101.59282,22.25013],[-101.59616,22.25012],[-101.60151,22.25377],[-101.59882,22.26451],[-101.60345,22.26548],[-101.60338,22.27206],[-101.60072,22.27258],[-101.6,22.27648],[-101.6035,22.27815],[-101.60248,22.28518],[-101.59737,22.28666],[-101.60158,22.29082],[-101.60183,22.29346],[-101.5998,22.29419],[-101.60757,22.29563],[-101.60998,22.29809],[-101.61052,22.301],[-101.60787,22.30022],[-101.60912,22.29814],[-101.60213,22.29567],[-101.5996,22.30043],[-101.6015,22.29983],[-101.60529,22.30521],[-101.61277,22.30602],[-101.61436,22.30465],[-101.61423,22.30906],[-101.62019,22.29453],[-101.62546,22.29295],[-101.62369,22.29029],[-101.62413,22.2858],[-101.62106,22.29071],[-101.61868,22.29001],[-101.61455,22.28325],[-101.61837,22.28089],[-101.62068,22.28148],[-101.62226,22.28497],[-101.62705,22.28349],[-101.62388,22.27928],[-101.627,22.27929],[-101.62745,22.2831],[-101.6297,22.28291],[-101.63206,22.27748],[-101.63085,22.28447],[-101.63372,22.28809],[-101.63726,22.28677],[-101.63913,22.28451],[-101.63785,22.28228],[-101.63968,22.28085],[-101.63922,22.27806],[-101.64208,22.27903],[-101.6399,22.27469],[-101.64326,22.27437],[-101.64653,22.27236],[-101.64704,22.26912],[-101.63571,22.26653],[-101.63277,22.26929],[-101.63278,22.27032],[-101.63235,22.27402],[-101.62895,22.27246],[-101.62951,22.27069],[-101.62984,22.26997],[-101.62986,22.26687],[-101.62764,22.26463],[-101.62619,22.26593],[-101.62746,22.26928],[-101.62478,22.26906],[-101.62523,22.26417],[-101.62475,22.25441],[-101.62115,22.25276],[-101.62244,22.25031],[-101.62415,22.25319],[-101.62675,22.25183],[-101.62677,22.24918],[-101.63161,22.25039],[-101.63277,22.24955],[-101.63417,22.25403],[-101.63895,22.25428],[-101.63854,22.25004],[-101.64062,22.24642],[-101.64231,22.24783],[-101.64737,22.24574],[-101.65338,22.24524],[-101.65429,22.24862],[-101.65107,22.25056],[-101.65128,22.25292],[-101.66205,22.25316],[-101.66253,22.25588],[-101.65982,22.25429],[-101.65996,22.25649],[-101.66302,22.25741],[-101.66272,22.261],[-101.66035,22.26211],[-101.65716,22.26104],[-101.65786,22.26571],[-101.65282,22.26564],[-101.6521,22.26827],[-101.65447,22.26843],[-101.65644,22.27186],[-101.6562,22.27439],[-101.66088,22.27571],[-101.66202,22.27999],[-101.66558,22.27965],[-101.66544,22.28344],[-101.66298,22.2831],[-101.66409,22.29087],[-101.65962,22.30013],[-101.66027,22.30428],[-101.65661,22.3028],[-101.65805,22.2991],[-101.65367,22.29829],[-101.6533,22.29581],[-101.65055,22.29691],[-101.65088,22.29351],[-101.64875,22.29282],[-101.64752,22.29773],[-101.64509,22.29498],[-101.64297,22.30043],[-101.64036,22.3017],[-101.64255,22.30582],[-101.64617,22.30367],[-101.64699,22.30065],[-101.65003,22.30144],[-101.65046,22.30435],[-101.65312,22.30192],[-101.6531,22.30679],[-101.6453,22.30608],[-101.64543,22.3093],[-101.6478,22.31036],[-101.65636,22.31071],[-101.65657,22.30542],[-101.65798,22.3091],[-101.65945,22.30899],[-101.65989,22.30512],[-101.66068,22.31165],[-101.66274,22.31159],[-101.66373,22.30651],[-101.66675,22.31153],[-101.6649,22.31313],[-101.66858,22.31301],[-101.66914,22.30651],[-101.67088,22.30819],[-101.67325,22.31645],[-101.67981,22.31533],[-101.68031,22.31752],[-101.68512,22.31881],[-101.68608,22.31584],[-101.68814,22.31614],[-101.68666,22.31795],[-101.68924,22.31846],[-101.68918,22.31626]],[[-101.66694,22.30077],[-101.6704,22.29657],[-101.67048,22.29868],[-101.67307,22.29689],[-101.67359,22.29336],[-101.67824,22.29144],[-101.68222,22.29139],[-101.67831,22.2958],[-101.67402,22.29684],[-101.67411,22.29976],[-101.66694,22.30077]],[[-101.6077,22.27467],[-101.60779,22.27306],[-101.61155,22.27329],[-101.6104,22.27794],[-101.60782,22.27754],[-101.6077,22.27467]],[[-101.61211,22.27671],[-101.61304,22.27292],[-101.61459,22.27599],[-101.61211,22.27671]],[[-101.69901,22.22074],[-101.69858,22.21732],[-101.70138,22.2189],[-101.70171,22.22149],[-101.70311,22.22474],[-101.70511,22.22243],[-101.71465,22.22477],[-101.71992,22.22707],[-101.72509,22.22646],[-101.72443,22.22803],[-101.71847,22.22777],[-101.71685,22.23256],[-101.71033,22.22845],[-101.7087,22.23244],[-101.70553,22.23116],[-101.70148,22.23769],[-101.69708,22.24203],[-101.7038,22.2444],[-101.69666,22.25176],[-101.69229,22.25323],[-101.69136,22.25693],[-101.68897,22.25589],[-101.68198,22.26097],[-101.6803,22.24922],[-101.68289,22.24871],[-101.68137,22.23991],[-101.68231,22.22683],[-101.67999,22.22698],[-101.67784,22.2088],[-101.67989,22.20862],[-101.68332,22.21499],[-101.68484,22.2203],[-101.69256,22.21949],[-101.69283,22.22231],[-101.69901,22.22074]],[[-101.60723,22.24405],[-101.61124,22.24539],[-101.61091,22.25001],[-101.60696,22.24904],[-101.60723,22.24405]],[[-101.59097,22.23971],[-101.59062,22.23348],[-101.58895,22.23216],[-101.59018,22.22742],[-101.58899,22.22513],[-101.59215,22.22531],[-101.59265,22.23065],[-101.59353,22.22794],[-101.59679,22.2272],[-101.59506,22.22422],[-101.59778,22.22526],[-101.5994,22.22293],[-101.60237,22.22307],[-101.60527,22.22633],[-101.60489,22.22867],[-101.60161,22.23101],[-101.59753,22.22996],[-101.59349,22.23054],[-101.59367,22.23393],[-101.5919,22.23556],[-101.59474,22.23642],[-101.59345,22.24019],[-101.59097,22.23971]],[[-101.61932,22.23173],[-101.61883,22.23051],[-101.6187,22.23],[-101.62232,22.23075],[-101.62152,22.23217],[-101.62187,22.23448],[-101.6177,22.23478],[-101.61932,22.23173]],[[-101.62814,22.21374],[-101.62948,22.21232],[-101.63219,22.21427],[-101.63479,22.21503],[-101.63475,22.21801],[-101.63451,22.21854],[-101.63496,22.22478],[-101.63734,22.22233],[-101.63968,22.22478],[-101.64195,22.22259],[-101.64186,22.22714],[-101.63821,22.2286],[-101.63749,22.22661],[-101.63442,22.22849],[-101.63162,22.22826],[-101.63324,22.22446],[-101.62883,22.22601],[-101.62797,22.23008],[-101.61498,22.22853],[-101.61079,22.22359],[-101.61341,22.22168],[-101.62184,22.22025],[-101.62783,22.21398],[-101.62814,22.21374]],[[-101.73719,22.23055],[-101.73419,22.22875],[-101.73529,22.22539],[-101.73792,22.22298],[-101.74188,22.22499],[-101.74102,22.22917],[-101.73719,22.23055]],[[-101.64641,22.22693],[-101.6437,22.22387],[-101.64846,22.22568],[-101.64641,22.22693]],[[-101.74647,22.21516],[-101.75175,22.21512],[-101.74851,22.21731],[-101.74647,22.21516]],[[-101.64221,22.20856],[-101.64035,22.19453],[-101.63634,22.19547],[-101.63654,22.19688],[-101.63134,22.19741],[-101.63064,22.19357],[-101.63311,22.19521],[-101.63544,22.19317],[-101.64207,22.19398],[-101.64157,22.17929],[-101.65709,22.18613],[-101.66102,22.18408],[-101.66046,22.18714],[-101.66377,22.18945],[-101.66213,22.19356],[-101.67001,22.19491],[-101.67409,22.19688],[-101.67745,22.1962],[-101.67507,22.19871],[-101.67291,22.2057],[-101.64948,22.20872],[-101.64221,22.20856]],[[-101.63709,22.20076],[-101.6399,22.2005],[-101.64029,22.20346],[-101.63729,22.20379],[-101.63709,22.20076]],[[-101.62317,22.2007],[-101.62271,22.19589],[-101.62463,22.19567],[-101.62535,22.1999],[-101.62317,22.2007]],[[-101.58855,22.195],[-101.58967,22.19312],[-101.59175,22.19478],[-101.59155,22.19847],[-101.58869,22.19837],[-101.58855,22.195]],[[-101.70684,22.19819],[-101.70806,22.19294],[-101.71061,22.19394],[-101.70949,22.19805],[-101.70684,22.19819]],[[-101.57956,22.17056],[-101.57868,22.16819],[-101.58306,22.16893],[-101.58341,22.17357],[-101.5805,22.17363],[-101.58386,22.17948],[-101.58713,22.17849],[-101.58674,22.17372],[-101.592,22.17189],[-101.59684,22.17481],[-101.59508,22.17831],[-101.59663,22.18201],[-101.59257,22.1871],[-101.59009,22.18528],[-101.58475,22.18577],[-101.58528,22.18253],[-101.58352,22.17962],[-101.57659,22.17869],[-101.57812,22.17097],[-101.57956,22.17056]],[[-101.60271,22.18292],[-101.60233,22.18004],[-101.5999,22.18025],[-101.6059,22.17609],[-101.60763,22.17334],[-101.60526,22.17254],[-101.60631,22.17017],[-101.60951,22.17017],[-101.61164,22.16682],[-101.62142,22.16695],[-101.62442,22.15881],[-101.62773,22.15894],[-101.62924,22.1544],[-101.6319,22.15491],[-101.63463,22.15257],[-101.63858,22.18227],[-101.61187,22.18062],[-101.61135,22.18324],[-101.60851,22.18388],[-101.60271,22.18292]],[[-101.45562,22.15054],[-101.45576,22.15033],[-101.45652,22.14914],[-101.46016,22.14903],[-101.46137,22.14897],[-101.46034,22.1576],[-101.45534,22.15707],[-101.45444,22.15261],[-101.45482,22.15179],[-101.45562,22.15054]],[[-101.54949,22.15856],[-101.55024,22.15509],[-101.55329,22.15724],[-101.55146,22.15946],[-101.54949,22.15856]],[[-101.56932,22.15587],[-101.56181,22.15481],[-101.55814,22.15551],[-101.55489,22.15373],[-101.55701,22.15109],[-101.55526,22.14579],[-101.55316,22.14471],[-101.5592,22.1438],[-101.55735,22.14625],[-101.55748,22.14915],[-101.55999,22.14853],[-101.56322,22.15053],[-101.56212,22.15357],[-101.56966,22.15467],[-101.56932,22.15587]],[[-101.62066,22.14002],[-101.62218,22.13476],[-101.62524,22.13441],[-101.62692,22.13984],[-101.62066,22.14002]],[[-101.56636,22.13319],[-101.5658,22.12952],[-101.56334,22.1298],[-101.56546,22.12483],[-101.56699,22.12732],[-101.56651,22.12114],[-101.5617,22.1199],[-101.56438,22.11664],[-101.5652,22.1203],[-101.56878,22.12125],[-101.57046,22.12462],[-101.568,22.12531],[-101.56636,22.13319]],[[-101.62037,22.13388],[-101.62077,22.13095],[-101.62833,22.13062],[-101.62775,22.13224],[-101.62037,22.13388]],[[-101.57677,22.12192],[-101.57491,22.12002],[-101.57821,22.11629],[-101.58027,22.12003],[-101.579,22.12436],[-101.57677,22.12192]],[[-101.59452,22.12248],[-101.59532,22.1144],[-101.59624,22.1168],[-101.60413,22.11749],[-101.6038,22.12066],[-101.60561,22.12222],[-101.59452,22.12248]],[[-101.54601,22.11697],[-101.54272,22.11646],[-101.54295,22.11437],[-101.54545,22.11659],[-101.54793,22.1065],[-101.54506,22.10607],[-101.54429,22.1038],[-101.54912,22.10427],[-101.55244,22.10655],[-101.55922,22.10748],[-101.55876,22.11181],[-101.55718,22.11273],[-101.5508,22.11177],[-101.54601,22.11697]],[[-101.68951,22.1188],[-101.68542,22.11599],[-101.68469,22.11098],[-101.68643,22.11055],[-101.68792,22.10573],[-101.69293,22.10682],[-101.69029,22.11715],[-101.69379,22.11744],[-101.68951,22.1188]],[[-101.60016,22.11252],[-101.59618,22.10996],[-101.59319,22.1118],[-101.5919,22.10956],[-101.59364,22.10629],[-101.60009,22.10684],[-101.6021,22.10402],[-101.5968,22.10338],[-101.59678,22.09896],[-101.59923,22.10143],[-101.60275,22.10182],[-101.59893,22.097],[-101.59407,22.09597],[-101.59331,22.09325],[-101.59532,22.09252],[-101.6069,22.0938],[-101.60562,22.10417],[-101.60905,22.10469],[-101.60888,22.10639],[-101.60384,22.10412],[-101.60418,22.1106],[-101.60131,22.1103],[-101.60016,22.11252]],[[-101.62887,22.1112],[-101.62569,22.08797],[-101.62939,22.08883],[-101.6288,22.08313],[-101.63678,22.08558],[-101.6388,22.09922],[-101.64231,22.09954],[-101.6427,22.10735],[-101.62887,22.1112]],[[-101.6627,22.1039],[-101.65973,22.10258],[-101.65885,22.09222],[-101.66463,22.09157],[-101.66607,22.10377],[-101.6627,22.1039]],[[-101.70679,22.10293],[-101.70679,22.09784],[-101.71064,22.10151],[-101.70679,22.10293]],[[-101.59919,22.08619],[-101.59584,22.08686],[-101.597,22.0841],[-101.59976,22.08453],[-101.60222,22.08219],[-101.6008,22.08645],[-101.6025,22.08679],[-101.60394,22.08254],[-101.60735,22.08319],[-101.60705,22.09159],[-101.60261,22.0913],[-101.6023,22.08902],[-101.59984,22.08869],[-101.59919,22.08619]],[[-101.68984,22.09065],[-101.68647,22.09053],[-101.68678,22.08802],[-101.69628,22.08985],[-101.69712,22.09213],[-101.68984,22.09065]],[[-101.46615,22.0839],[-101.46383,22.08127],[-101.46376,22.07664],[-101.46886,22.07343],[-101.47323,22.07645],[-101.47073,22.08146],[-101.47195,22.08286],[-101.475,22.08189],[-101.47732,22.0861],[-101.47164,22.08689],[-101.46615,22.0839]],[[-101.69279,22.08635],[-101.69251,22.08401],[-101.69709,22.08492],[-101.69698,22.08661],[-101.69279,22.08635]],[[-101.68856,22.08055],[-101.68824,22.07821],[-101.69164,22.07899],[-101.69198,22.08133],[-101.68856,22.08055]],[[-101.68533,22.07984],[-101.68506,22.07753],[-101.68783,22.07657],[-101.68726,22.08022],[-101.68533,22.07984]],[[-101.47017,22.07176],[-101.46949,22.07094],[-101.4752,22.06638],[-101.47815,22.06839],[-101.47365,22.0737],[-101.47017,22.07176]],[[-101.57519,22.07497],[-101.57501,22.06838],[-101.57837,22.06881],[-101.57837,22.06362],[-101.58337,22.06441],[-101.58368,22.06222],[-101.58893,22.0624],[-101.58893,22.0602],[-101.5852,22.05959],[-101.59747,22.05487],[-101.60052,22.05318],[-101.60058,22.05617],[-101.59723,22.05642],[-101.59729,22.06319],[-101.5957,22.06301],[-101.59491,22.05862],[-101.59149,22.05862],[-101.59149,22.06301],[-101.59509,22.06301],[-101.5935,22.06698],[-101.59729,22.06722],[-101.59729,22.07058],[-101.59149,22.07021],[-101.59131,22.07302],[-101.58819,22.07259],[-101.58771,22.07601],[-101.57519,22.07497]],[[-101.69086,22.07199],[-101.69362,22.06952],[-101.69848,22.07066],[-101.69768,22.07224],[-101.69086,22.07199]],[[-101.4644,22.06681],[-101.4638,22.0625],[-101.46833,22.06259],[-101.46689,22.06396],[-101.46906,22.06686],[-101.4644,22.06681]],[[-101.58838,22.05221],[-101.58838,22.05001],[-101.58527,22.04632],[-101.58789,22.04427],[-101.59687,22.04387],[-101.59625,22.04938],[-101.59117,22.04901],[-101.58838,22.05221]],[[-101.58007,22.03659],[-101.57914,22.03252],[-101.58288,22.03279],[-101.58314,22.03755],[-101.58007,22.03659]],[[-101.71622,22.03213],[-101.71375,22.03658],[-101.71302,22.03387],[-101.71622,22.03213]],[[-101.58306,22.03128],[-101.58264,22.02757],[-101.5753,22.02841],[-101.5754,22.0267],[-101.57855,22.02674],[-101.5791,22.02462],[-101.58223,22.02697],[-101.58384,22.02574],[-101.59683,22.02707],[-101.59652,22.02517],[-101.60006,22.02718],[-101.59404,22.02923],[-101.5924,22.03094],[-101.58824,22.03047],[-101.58542,22.03188],[-101.5855,22.02881],[-101.58306,22.03128]],[[-101.75872,22.02308],[-101.76209,22.02613],[-101.75823,22.02559],[-101.75872,22.02308]],[[-101.71211,22.01193],[-101.71441,22.00842],[-101.71487,22.01159],[-101.71211,22.01193]],[[-101.64816,21.94063],[-101.64842,21.93755],[-101.65096,21.93941],[-101.64816,21.94063]],[[-101.68814,22.20904],[-101.68776,22.20566],[-101.6931,22.20924],[-101.69063,22.211],[-101.68814,22.20904]],[[-101.6425,22.17444],[-101.64197,22.17236],[-101.64583,22.1727],[-101.648,22.17603],[-101.6425,22.17444]],[[-101.65657,22.12618],[-101.65695,22.1249],[-101.6665,22.12587],[-101.66041,22.13444],[-101.65578,22.13202],[-101.65454,22.12981],[-101.65657,22.12618]],[[-101.71064,22.03028],[-101.71024,22.02748],[-101.7135,22.0293],[-101.71064,22.03028]]],[[[-101.70738,22.44681],[-101.71099,22.45213],[-101.71159,22.45302],[-101.71204,22.45368],[-101.71339,22.45683],[-101.71382,22.45851],[-101.71422,22.46007],[-101.71546,22.46284],[-101.71507,22.46928],[-101.72019,22.47129],[-101.71619,22.47304],[-101.71769,22.47513],[-101.72155,22.47123],[-101.72775,22.47067],[-101.73011,22.47333],[-101.73493,22.47418],[-101.73652,22.48048],[-101.7342,22.48332],[-101.74054,22.48333],[-101.73656,22.48498],[-101.73466,22.48811],[-101.73284,22.48709],[-101.731,22.49303],[-101.73209,22.49575],[-101.72983,22.49532],[-101.72721,22.50309],[-101.73065,22.50291],[-101.73422,22.50068],[-101.72948,22.49884],[-101.73013,22.49717],[-101.73495,22.49681],[-101.7336,22.49485],[-101.73494,22.49203],[-101.7369,22.49342],[-101.73641,22.497],[-101.73983,22.49781],[-101.73879,22.49986],[-101.74257,22.50225],[-101.74259,22.50188],[-101.7426,22.50163],[-101.74268,22.4995],[-101.74025,22.49309],[-101.74288,22.49254],[-101.7429,22.49151],[-101.73801,22.49142],[-101.74293,22.48978],[-101.74299,22.48204],[-101.75882,22.485],[-101.76067,22.48546],[-101.76331,22.48612],[-101.765,22.48127],[-101.76581,22.47954],[-101.76597,22.4792],[-101.76617,22.4788],[-101.76842,22.47402],[-101.77425,22.46858],[-101.77204,22.46928],[-101.77266,22.46566],[-101.76605,22.46467],[-101.76355,22.46676],[-101.76373,22.4689],[-101.76823,22.46707],[-101.7695,22.47259],[-101.76695,22.46981],[-101.76014,22.46914],[-101.75985,22.47217],[-101.74638,22.46676],[-101.74664,22.46242],[-101.74547,22.46084],[-101.74813,22.45918],[-101.76467,22.46241],[-101.76468,22.46407],[-101.77095,22.46433],[-101.77633,22.46616],[-101.77699,22.4617],[-101.77279,22.46141],[-101.77372,22.4556],[-101.76886,22.4546],[-101.76219,22.45189],[-101.76375,22.44705],[-101.76204,22.44531],[-101.75582,22.44499],[-101.75622,22.44133],[-101.75774,22.44494],[-101.76143,22.44399],[-101.76502,22.44718],[-101.76412,22.45238],[-101.77634,22.45642],[-101.77734,22.45331],[-101.78099,22.45431],[-101.78311,22.45338],[-101.78405,22.44686],[-101.78575,22.44705],[-101.78589,22.44374],[-101.78259,22.44259],[-101.78298,22.44066],[-101.78648,22.44084],[-101.78786,22.42851],[-101.7831,22.41535],[-101.77936,22.41318],[-101.77758,22.41468],[-101.77253,22.41577],[-101.77357,22.41164],[-101.76799,22.40801],[-101.76645,22.4124],[-101.75734,22.41161],[-101.75304,22.40755],[-101.75429,22.40487],[-101.7532,22.40203],[-101.75465,22.39784],[-101.7514,22.39821],[-101.75495,22.39545],[-101.75368,22.39281],[-101.75608,22.39239],[-101.7565,22.38724],[-101.75844,22.38595],[-101.75658,22.38187],[-101.761,22.38384],[-101.76471,22.38181],[-101.76694,22.37744],[-101.76651,22.37583],[-101.76929,22.37326],[-101.76823,22.37132],[-101.7773,22.3672],[-101.78068,22.37188],[-101.77952,22.38109],[-101.78317,22.38093],[-101.78356,22.37124],[-101.78168,22.36851],[-101.78078,22.36157],[-101.78308,22.36227],[-101.78218,22.35903],[-101.78281,22.35473],[-101.78159,22.3531],[-101.77702,22.35337],[-101.77655,22.35116],[-101.78073,22.34856],[-101.78109,22.35118],[-101.7815,22.35121],[-101.78477,22.3514],[-101.78673,22.35144],[-101.78878,22.3515],[-101.78549,22.35344],[-101.78315,22.36249],[-101.78516,22.36453],[-101.78502,22.37919],[-101.78705,22.38098],[-101.7846,22.3856],[-101.78011,22.38383],[-101.77786,22.38512],[-101.77649,22.39214],[-101.77789,22.39502],[-101.77928,22.39787],[-101.78499,22.40204],[-101.78225,22.40239],[-101.78193,22.40764],[-101.78409,22.40783],[-101.78265,22.41048],[-101.78549,22.42154],[-101.7881,22.42863],[-101.7902,22.42899],[-101.78874,22.43722],[-101.78684,22.44135],[-101.78873,22.44217],[-101.7888,22.44584],[-101.78636,22.44523],[-101.78572,22.4507],[-101.78984,22.45215],[-101.78993,22.4546],[-101.78674,22.45246],[-101.78494,22.45472],[-101.78991,22.45542],[-101.79109,22.46272],[-101.79938,22.46529],[-101.8082,22.47068],[-101.8167,22.4747],[-101.81754,22.47509],[-101.82914,22.48102],[-101.83062,22.48261],[-101.83185,22.4838],[-101.83392,22.48505],[-101.83372,22.47569],[-101.83249,22.47342],[-101.8338,22.47145],[-101.82948,22.4695],[-101.8274,22.46248],[-101.81472,22.4517],[-101.80932,22.45204],[-101.80346,22.45447],[-101.80567,22.44856],[-101.80778,22.44642],[-101.81457,22.42822],[-101.81391,22.42453],[-101.81593,22.42356],[-101.81575,22.42098],[-101.81351,22.42039],[-101.81446,22.41601],[-101.80885,22.41449],[-101.80758,22.41639],[-101.79951,22.41216],[-101.79869,22.41098],[-101.8044,22.41114],[-101.8065,22.4016],[-101.81394,22.40548],[-101.81509,22.40756],[-101.8157,22.40403],[-101.81834,22.4056],[-101.81825,22.40566],[-101.81706,22.40673],[-101.81641,22.40837],[-101.81834,22.40936],[-101.81694,22.41361],[-101.82218,22.41416],[-101.82114,22.42004],[-101.82504,22.42069],[-101.82463,22.4236],[-101.82791,22.42398],[-101.83155,22.42137],[-101.83042,22.42541],[-101.83526,22.42927],[-101.83053,22.43266],[-101.82567,22.43464],[-101.82137,22.4325],[-101.82103,22.44223],[-101.82519,22.44358],[-101.83147,22.44379],[-101.83265,22.44522],[-101.83722,22.44505],[-101.8396,22.44268],[-101.84202,22.44406],[-101.84714,22.43997],[-101.85141,22.44525],[-101.85436,22.44125],[-101.8521,22.4405],[-101.85322,22.43716],[-101.8544,22.43972],[-101.85849,22.4378],[-101.86579,22.43751],[-101.86164,22.43863],[-101.86227,22.44212],[-101.86003,22.44057],[-101.85966,22.44468],[-101.85643,22.44244],[-101.85315,22.44305],[-101.85324,22.4474],[-101.85051,22.44703],[-101.85049,22.45222],[-101.85344,22.45581],[-101.85048,22.45733],[-101.8479,22.45347],[-101.84826,22.44879],[-101.84624,22.44349],[-101.84333,22.44499],[-101.84331,22.45132],[-101.84494,22.45132],[-101.84435,22.4561],[-101.847,22.45864],[-101.84422,22.45824],[-101.84318,22.46158],[-101.84446,22.46335],[-101.84804,22.46297],[-101.84798,22.46089],[-101.85133,22.46096],[-101.85363,22.46659],[-101.85189,22.46729],[-101.84824,22.46305],[-101.84574,22.46386],[-101.84519,22.46626],[-101.84311,22.46308],[-101.84377,22.46808],[-101.84593,22.46774],[-101.84381,22.47271],[-101.84326,22.48119],[-101.84407,22.48325],[-101.85214,22.48419],[-101.85209,22.48216],[-101.85476,22.482],[-101.85574,22.48779],[-101.8551,22.49001],[-101.85709,22.49257],[-101.86152,22.49308],[-101.86142,22.49523],[-101.85698,22.49286],[-101.85778,22.49575],[-101.85483,22.49962],[-101.86098,22.50382],[-101.87412,22.50433],[-101.87398,22.50932],[-101.87671,22.51157],[-101.88161,22.50916],[-101.88352,22.51119],[-101.88335,22.51623],[-101.88089,22.51622],[-101.8871,22.51945],[-101.88635,22.51538],[-101.88897,22.51588],[-101.88909,22.5183],[-101.89284,22.51803],[-101.8916,22.51494],[-101.88784,22.51173],[-101.8846,22.51137],[-101.88415,22.50833],[-101.88155,22.50703],[-101.87723,22.5072],[-101.87861,22.50158],[-101.88154,22.50172],[-101.88515,22.50448],[-101.88686,22.50343],[-101.88688,22.50283],[-101.88788,22.49925],[-101.89024,22.50213],[-101.88837,22.50524],[-101.88841,22.50926],[-101.89315,22.51323],[-101.89613,22.5136],[-101.89749,22.50855],[-101.8996,22.50622],[-101.90369,22.5092],[-101.90487,22.50699],[-101.90809,22.50852],[-101.91123,22.50649],[-101.91005,22.50355],[-101.91235,22.50246],[-101.90882,22.50008],[-101.90982,22.49778],[-101.91154,22.5007],[-101.92524,22.50306],[-101.92324,22.5077],[-101.92026,22.50991],[-101.92404,22.51169],[-101.92451,22.51213],[-101.93284,22.51986],[-101.93724,22.52231],[-101.94911,22.52331],[-101.95306,22.52563],[-101.95326,22.52575],[-101.95816,22.52814],[-101.95988,22.52851],[-101.96292,22.52917],[-101.97446,22.52333],[-101.97559,22.52613],[-101.98053,22.5237],[-101.98161,22.52341],[-101.98399,22.52381],[-101.98436,22.52447],[-101.98494,22.5269],[-101.98488,22.52697],[-101.98419,22.52785],[-101.9854,22.53052],[-101.98489,22.53665],[-101.98796,22.53721],[-101.99089,22.53774],[-101.99433,22.53837],[-101.99719,22.54083],[-102.00022,22.54492],[-102.00936,22.5464],[-102.01054,22.54317],[-102.00965,22.53866],[-102.01147,22.53215],[-102.01361,22.51854],[-102.01531,22.51248],[-102.04417,22.51232],[-102.04417,22.51124],[-102.04669,22.5107],[-102.04797,22.51917],[-102.05146,22.51847],[-102.05133,22.52291],[-102.05289,22.52396],[-102.05124,22.52954],[-102.05475,22.53082],[-102.05725,22.52383],[-102.05575,22.50561],[-102.0557,22.50541],[-102.05552,22.50464],[-102.05545,22.50437],[-102.05432,22.502],[-102.0536,22.5006],[-102.05016,22.49977],[-102.05209,22.49768],[-102.05207,22.49561],[-102.05229,22.4934],[-102.05239,22.49234],[-102.05255,22.49069],[-102.05334,22.48692],[-102.05417,22.48588],[-102.05456,22.4854],[-102.05653,22.46729],[-102.05584,22.46398],[-102.0571,22.46187],[-102.05804,22.45348],[-102.0667,22.45309],[-102.06787,22.45064],[-102.06851,22.44927],[-102.06487,22.44678],[-102.06584,22.44465],[-102.0712,22.44359],[-102.07149,22.44297],[-102.06746,22.44207],[-102.06901,22.43683],[-102.07329,22.43744],[-102.07368,22.43505],[-102.07729,22.42735],[-102.07749,22.42691],[-102.07761,22.42666],[-102.07875,22.42225],[-102.07692,22.42183],[-102.08046,22.41873],[-102.08077,22.41749],[-102.08042,22.41519],[-102.08451,22.41099],[-102.08456,22.41074],[-102.0857,22.40487],[-102.0881,22.40077],[-102.08931,22.39876],[-102.09068,22.39631],[-102.09051,22.39485],[-102.08718,22.3938],[-102.086,22.39047],[-102.086,22.38339],[-102.08767,22.37938],[-102.08877,22.3726],[-102.0889,22.37137],[-102.0858,22.37013],[-102.08545,22.36619],[-102.0886,22.36747],[-102.08694,22.3643],[-102.08407,22.36088],[-102.08664,22.36062],[-102.08647,22.35861],[-102.08631,22.35666],[-102.08454,22.34914],[-102.0845,22.34753],[-102.08451,22.34411],[-102.08203,22.34651],[-102.08157,22.34219],[-102.08262,22.33776],[-102.08115,22.33463],[-102.08318,22.33344],[-102.082,22.33059],[-102.08016,22.33227],[-102.08013,22.32808],[-102.07852,22.32938],[-102.07856,22.32598],[-102.08023,22.32655],[-102.07978,22.32336],[-102.07628,22.32092],[-102.0801,22.32032],[-102.08036,22.32306],[-102.08526,22.3243],[-102.08703,22.32275],[-102.08724,22.32195],[-102.08202,22.31848],[-102.07792,22.31856],[-102.0758,22.31544],[-102.08108,22.31037],[-102.08084,22.30916],[-102.08071,22.30852],[-102.08044,22.30724],[-102.0804,22.30703],[-102.08039,22.30697],[-102.08001,22.3051],[-102.07972,22.30371],[-102.07969,22.30354],[-102.07965,22.30114],[-102.07562,22.30607],[-102.07221,22.30491],[-102.07028,22.30775],[-102.07047,22.31666],[-102.0602,22.3243],[-102.05668,22.3234],[-102.05441,22.31993],[-102.05387,22.31917],[-102.04976,22.31639],[-102.04324,22.31382],[-102.03963,22.31035],[-102.03714,22.30522],[-102.03381,22.30351],[-102.02701,22.30459],[-102.02289,22.30765],[-102.02195,22.31435],[-102.01623,22.31931],[-102.01421,22.32648],[-102.01122,22.3285],[-102.00713,22.32842],[-102.00268,22.3318],[-101.99981,22.32211],[-101.99746,22.32695],[-101.99055,22.32458],[-101.9773,22.33032],[-101.96828,22.3235],[-101.96726,22.32762],[-101.97318,22.32782],[-101.97287,22.33973],[-101.97935,22.33941],[-101.978,22.34396],[-101.97776,22.34921],[-101.96287,22.34898],[-101.96332,22.32746],[-101.96571,22.32754],[-101.96731,22.32482],[-101.96551,22.32425],[-101.95733,22.33013],[-101.9531,22.32815],[-101.9533,22.33173],[-101.95666,22.33225],[-101.95712,22.3386],[-101.95367,22.34803],[-101.94996,22.35232],[-101.95581,22.35263],[-101.96298,22.35305],[-101.96684,22.3602],[-101.96791,22.36839],[-101.96978,22.37238],[-101.97284,22.37556],[-101.97614,22.37773],[-101.97513,22.38566],[-101.97331,22.39194],[-101.97497,22.39327],[-101.97309,22.39751],[-101.97299,22.40144],[-101.96889,22.40429],[-101.96817,22.40722],[-101.97118,22.40785],[-101.96678,22.41207],[-101.96725,22.4143],[-101.9711,22.41431],[-101.96958,22.41882],[-101.98093,22.41867],[-101.97888,22.42204],[-101.97495,22.42143],[-101.97557,22.42434],[-101.9697,22.42454],[-101.97447,22.42167],[-101.97493,22.41969],[-101.96864,22.42089],[-101.96772,22.42347],[-101.96374,22.42357],[-101.96366,22.42548],[-101.96705,22.4252],[-101.96534,22.43012],[-101.9667,22.43261],[-101.96993,22.43218],[-101.96855,22.43448],[-101.97716,22.43764],[-101.97412,22.43748],[-101.97321,22.44515],[-101.96895,22.44474],[-101.96882,22.44746],[-101.96478,22.44741],[-101.96499,22.44411],[-101.9618,22.44426],[-101.96251,22.44105],[-101.97238,22.44205],[-101.97197,22.43789],[-101.96703,22.43795],[-101.9673,22.43497],[-101.96349,22.43492],[-101.9632,22.43783],[-101.95729,22.44158],[-101.95637,22.44044],[-101.95106,22.44397],[-101.95698,22.44618],[-101.95817,22.45015],[-101.95336,22.44911],[-101.95285,22.45241],[-101.95782,22.45242],[-101.95678,22.45498],[-101.96473,22.4556],[-101.96689,22.45866],[-101.97184,22.45832],[-101.9706,22.45458],[-101.9751,22.45508],[-101.97511,22.45672],[-101.9801,22.4548],[-101.98865,22.45298],[-101.99659,22.45351],[-102.00864,22.45345],[-102.01003,22.45606],[-102.00985,22.4564],[-102.00763,22.46079],[-102.00674,22.46324],[-102.01009,22.46542],[-102.00591,22.46537],[-102.00627,22.4633],[-102.00375,22.46248],[-102.00268,22.46778],[-101.99682,22.47313],[-101.99353,22.47864],[-101.99576,22.47835],[-102.00182,22.4724],[-102.00642,22.47362],[-102.00909,22.47162],[-102.01407,22.47589],[-102.0149,22.47226],[-102.0185,22.47382],[-102.01744,22.47846],[-102.02451,22.48561],[-102.02972,22.48754],[-102.03142,22.48535],[-102.03444,22.48537],[-102.03577,22.48948],[-102.03934,22.49162],[-102.03821,22.49352],[-102.03964,22.49919],[-102.03911,22.50454],[-102.02592,22.50425],[-102.02526,22.50721],[-102.01528,22.50823],[-101.99812,22.50832],[-101.99543,22.49509],[-101.98945,22.49389],[-101.98926,22.49108],[-101.98508,22.49221],[-101.98889,22.49414],[-101.9823,22.49718],[-101.98205,22.50158],[-101.98514,22.50257],[-101.9846,22.5063],[-101.97705,22.50643],[-101.97758,22.50423],[-101.97531,22.50349],[-101.97737,22.49874],[-101.9784,22.49335],[-101.97564,22.49106],[-101.97313,22.4926],[-101.97274,22.49735],[-101.96864,22.49743],[-101.96564,22.50355],[-101.96451,22.50141],[-101.96731,22.49906],[-101.96487,22.49863],[-101.96545,22.4926],[-101.95842,22.49201],[-101.95605,22.48925],[-101.95357,22.49109],[-101.94955,22.48892],[-101.95034,22.48244],[-101.94657,22.47891],[-101.94887,22.47904],[-101.95232,22.48422],[-101.95654,22.48614],[-101.95683,22.48886],[-101.96336,22.49048],[-101.96707,22.48957],[-101.96778,22.48605],[-101.96396,22.48507],[-101.96378,22.48745],[-101.96012,22.48625],[-101.96124,22.48283],[-101.96405,22.48306],[-101.9643,22.48096],[-101.97283,22.48166],[-101.97302,22.47965],[-101.96455,22.47897],[-101.96426,22.48076],[-101.95956,22.47993],[-101.95454,22.47731],[-101.9487,22.47626],[-101.94804,22.47807],[-101.94398,22.47647],[-101.94465,22.48266],[-101.94658,22.48667],[-101.94493,22.49237],[-101.94019,22.49157],[-101.93535,22.49399],[-101.93148,22.49214],[-101.93007,22.49494],[-101.92696,22.4949],[-101.93039,22.49167],[-101.93004,22.48734],[-101.92546,22.48695],[-101.92356,22.48505],[-101.92201,22.49174],[-101.92247,22.49475],[-101.91805,22.49468],[-101.91583,22.48732],[-101.91893,22.48871],[-101.92116,22.46998],[-101.91773,22.46969],[-101.91392,22.47126],[-101.91399,22.46937],[-101.91085,22.4691],[-101.9094,22.47359],[-101.90845,22.48349],[-101.90411,22.48505],[-101.90502,22.48953],[-101.90262,22.49439],[-101.89361,22.49411],[-101.89363,22.48986],[-101.89736,22.48906],[-101.90109,22.48989],[-101.89848,22.48455],[-101.89441,22.48586],[-101.89202,22.48233],[-101.89212,22.48486],[-101.88721,22.48411],[-101.88414,22.48825],[-101.8839,22.49201],[-101.87876,22.48784],[-101.87636,22.49074],[-101.88234,22.49482],[-101.88225,22.49632],[-101.87439,22.49617],[-101.87441,22.48642],[-101.87798,22.4848],[-101.87812,22.48712],[-101.88088,22.4876],[-101.88619,22.48495],[-101.88606,22.48293],[-101.88235,22.48218],[-101.88275,22.47982],[-101.87625,22.47355],[-101.87525,22.4756],[-101.87322,22.472],[-101.87114,22.47147],[-101.87272,22.46883],[-101.87572,22.46724],[-101.87605,22.46519],[-101.88146,22.46398],[-101.8764,22.46806],[-101.87995,22.46802],[-101.88273,22.46989],[-101.88536,22.46419],[-101.88548,22.46186],[-101.88546,22.46166],[-101.88539,22.46114],[-101.88357,22.45161],[-101.88856,22.45031],[-101.88767,22.44602],[-101.8894,22.4427],[-101.89606,22.44624],[-101.89734,22.4422],[-101.89273,22.44099],[-101.89346,22.43617],[-101.89665,22.43654],[-101.89623,22.43277],[-101.89221,22.42544],[-101.88999,22.42534],[-101.89077,22.42257],[-101.88041,22.42238],[-101.87923,22.41951],[-101.88086,22.41523],[-101.87925,22.41496],[-101.87462,22.41049],[-101.87551,22.40906],[-101.8715,22.40897],[-101.87147,22.41302],[-101.86966,22.41113],[-101.86997,22.41492],[-101.86594,22.41414],[-101.86634,22.4166],[-101.8698,22.41959],[-101.86748,22.42197],[-101.85946,22.42218],[-101.85455,22.41569],[-101.85571,22.42161],[-101.85457,22.42533],[-101.8584,22.42514],[-101.86202,22.42281],[-101.8621,22.42553],[-101.85981,22.42599],[-101.86039,22.42836],[-101.86335,22.4283],[-101.85966,22.43034],[-101.85639,22.43479],[-101.85615,22.4319],[-101.85257,22.43387],[-101.85215,22.43799],[-101.84575,22.44008],[-101.84341,22.43746],[-101.84757,22.43802],[-101.84751,22.43328],[-101.8504,22.43251],[-101.85183,22.42844],[-101.84711,22.42539],[-101.84365,22.42467],[-101.84513,22.41507],[-101.85351,22.4115],[-101.85362,22.41343],[-101.85687,22.41349],[-101.85758,22.41717],[-101.86178,22.41857],[-101.86143,22.41643],[-101.8641,22.4156],[-101.86209,22.41286],[-101.85456,22.41144],[-101.8558,22.40974],[-101.85912,22.40999],[-101.86067,22.40753],[-101.85667,22.40723],[-101.85938,22.40562],[-101.85661,22.40346],[-101.85316,22.40433],[-101.84952,22.40369],[-101.85284,22.39942],[-101.85904,22.39774],[-101.85829,22.39983],[-101.86311,22.39991],[-101.86384,22.40315],[-101.86176,22.40369],[-101.86079,22.40959],[-101.86242,22.41265],[-101.86606,22.4136],[-101.86741,22.40899],[-101.87063,22.40693],[-101.87066,22.40402],[-101.86728,22.40351],[-101.86417,22.40003],[-101.86594,22.39615],[-101.86359,22.39163],[-101.85886,22.39226],[-101.85707,22.38956],[-101.85775,22.38579],[-101.85561,22.38466],[-101.8579,22.37759],[-101.85612,22.38001],[-101.85263,22.38049],[-101.86314,22.37137],[-101.86922,22.36755],[-101.86968,22.36245],[-101.87568,22.36084],[-101.87538,22.36469],[-101.88406,22.3604],[-101.88483,22.36205],[-101.88936,22.36186],[-101.88828,22.35814],[-101.89162,22.35783],[-101.8936,22.36209],[-101.88827,22.36476],[-101.88613,22.36728],[-101.88864,22.36834],[-101.88022,22.36939],[-101.88127,22.37297],[-101.88338,22.37331],[-101.88323,22.37048],[-101.8896,22.37015],[-101.88922,22.36781],[-101.89361,22.36834],[-101.89478,22.36627],[-101.89738,22.36808],[-101.90238,22.36621],[-101.90161,22.36919],[-101.90147,22.3826],[-101.9021,22.3839],[-101.90401,22.3852],[-101.90419,22.36864],[-101.90321,22.36764],[-101.90684,22.36561],[-101.90518,22.36385],[-101.9076,22.36302],[-101.90604,22.35562],[-101.90644,22.35181],[-101.9033,22.34947],[-101.91051,22.348],[-101.90918,22.35141],[-101.91128,22.35168],[-101.91108,22.35625],[-101.91566,22.35151],[-101.91674,22.3459],[-101.91175,22.34325],[-101.90881,22.34331],[-101.9113,22.33915],[-101.91042,22.33836],[-101.90989,22.33765],[-101.90953,22.33648],[-101.90934,22.33587],[-101.90768,22.33499],[-101.90749,22.33483],[-101.90668,22.33189],[-101.90427,22.33214],[-101.89863,22.33203],[-101.89806,22.3336],[-101.89156,22.33353],[-101.88838,22.33503],[-101.88638,22.3337],[-101.88635,22.33654],[-101.8812,22.33701],[-101.87685,22.34021],[-101.87678,22.34353],[-101.87504,22.33867],[-101.87331,22.33761],[-101.86385,22.33766],[-101.8666,22.33636],[-101.86365,22.33508],[-101.86728,22.32891],[-101.87317,22.33109],[-101.87564,22.32593],[-101.87453,22.3256],[-101.87392,22.32547],[-101.87328,22.32535],[-101.86865,22.32327],[-101.8681,22.32431],[-101.86722,22.3243],[-101.865,22.32392],[-101.85805,22.3242],[-101.85319,22.3264],[-101.85279,22.3293],[-101.85877,22.33221],[-101.85589,22.33624],[-101.86444,22.34129],[-101.86202,22.34239],[-101.85778,22.34081],[-101.85806,22.34376],[-101.8526,22.34254],[-101.84939,22.33951],[-101.85182,22.33899],[-101.85276,22.33501],[-101.85082,22.3364],[-101.84695,22.33621],[-101.84494,22.33806],[-101.83901,22.33971],[-101.83722,22.34152],[-101.83528,22.34007],[-101.8377,22.3447],[-101.83402,22.34094],[-101.83212,22.34138],[-101.83198,22.34452],[-101.82965,22.34311],[-101.82658,22.34525],[-101.82808,22.34906],[-101.82919,22.34702],[-101.83078,22.34983],[-101.82701,22.34896],[-101.82661,22.3476],[-101.82295,22.34842],[-101.82174,22.35165],[-101.82122,22.35166],[-101.81947,22.35273],[-101.8219,22.35549],[-101.81927,22.3589],[-101.82042,22.36676],[-101.819,22.3706],[-101.81901,22.375],[-101.82118,22.37509],[-101.82028,22.37837],[-101.82353,22.38115],[-101.82075,22.3842],[-101.82196,22.38679],[-101.81913,22.38632],[-101.82192,22.38995],[-101.82563,22.3911],[-101.82661,22.38819],[-101.82439,22.38784],[-101.82753,22.38248],[-101.82648,22.38043],[-101.82356,22.37989],[-101.82365,22.37681],[-101.82873,22.37762],[-101.82819,22.38617],[-101.83229,22.38682],[-101.8302,22.39044],[-101.83215,22.39269],[-101.83386,22.39074],[-101.83639,22.3919],[-101.83717,22.38798],[-101.84094,22.3947],[-101.8398,22.39739],[-101.83667,22.39483],[-101.83201,22.39495],[-101.83601,22.39871],[-101.84398,22.40267],[-101.8483,22.40336],[-101.8466,22.40623],[-101.84126,22.4016],[-101.84501,22.40883],[-101.83852,22.40423],[-101.83696,22.40638],[-101.83265,22.40328],[-101.83181,22.40502],[-101.82824,22.4024],[-101.82426,22.40185],[-101.82264,22.40095],[-101.81742,22.39877],[-101.81339,22.39711],[-101.81303,22.39696],[-101.80812,22.39503],[-101.79777,22.39077],[-101.78967,22.38741],[-101.79029,22.38448],[-101.79891,22.38668],[-101.79985,22.38386],[-101.79986,22.38386],[-101.80787,22.38829],[-101.8097,22.38147],[-101.80694,22.38029],[-101.80785,22.3786],[-101.81265,22.38102],[-101.81207,22.37575],[-101.81323,22.37179],[-101.81464,22.36552],[-101.81101,22.36235],[-101.8143,22.35592],[-101.81756,22.35265],[-101.81663,22.34816],[-101.82035,22.35145],[-101.81928,22.34101],[-101.81726,22.33804],[-101.8209,22.3351],[-101.81935,22.33085],[-101.82502,22.3281],[-101.82793,22.33067],[-101.83023,22.32875],[-101.83703,22.31872],[-101.84183,22.3102],[-101.84299,22.30974],[-101.84647,22.30287],[-101.84414,22.30271],[-101.84913,22.29776],[-101.85287,22.29287],[-101.85763,22.2919],[-101.86002,22.28797],[-101.86487,22.28815],[-101.86612,22.28939],[-101.8726,22.28773],[-101.87535,22.28493],[-101.87461,22.2823],[-101.86979,22.28052],[-101.87182,22.27608],[-101.86862,22.2731],[-101.87028,22.26726],[-101.87322,22.26601],[-101.87158,22.26277],[-101.87528,22.2591],[-101.87392,22.25426],[-101.87253,22.25461],[-101.87471,22.2591],[-101.87159,22.26059],[-101.87137,22.26278],[-101.86897,22.26099],[-101.86607,22.26364],[-101.866,22.26757],[-101.86117,22.27183],[-101.86123,22.27323],[-101.85468,22.27774],[-101.85619,22.28003],[-101.85326,22.27917],[-101.85157,22.27449],[-101.84776,22.27495],[-101.8445,22.28272],[-101.8492,22.2956],[-101.84392,22.29529],[-101.8389,22.29645],[-101.84135,22.27733],[-101.83503,22.27509],[-101.83273,22.26791],[-101.83329,22.26563],[-101.83696,22.26645],[-101.83975,22.27279],[-101.85272,22.27277],[-101.85197,22.26509],[-101.84769,22.26312],[-101.85105,22.25987],[-101.85175,22.25379],[-101.85104,22.25066],[-101.85493,22.24784],[-101.86312,22.24569],[-101.86269,22.24215],[-101.86018,22.24061],[-101.86244,22.23986],[-101.85651,22.23761],[-101.85774,22.23977],[-101.8543,22.24027],[-101.8503,22.23706],[-101.85288,22.23724],[-101.85295,22.23446],[-101.84609,22.23345],[-101.84895,22.23862],[-101.84465,22.23912],[-101.84401,22.23611],[-101.83966,22.23677],[-101.84046,22.23142],[-101.83965,22.22608],[-101.83831,22.2257],[-101.83715,22.23019],[-101.83376,22.23086],[-101.83285,22.23481],[-101.82956,22.23896],[-101.82849,22.23775],[-101.82857,22.2318],[-101.82548,22.23168],[-101.82708,22.24217],[-101.82287,22.2452],[-101.81822,22.24147],[-101.81687,22.23653],[-101.81557,22.23577],[-101.8155,22.23731],[-101.81538,22.23765],[-101.81538,22.23775],[-101.81955,22.24504],[-101.82319,22.2482],[-101.81955,22.25038],[-101.81897,22.25328],[-101.81206,22.25081],[-101.80921,22.24498],[-101.81197,22.2468],[-101.81324,22.24426],[-101.80972,22.24491],[-101.81045,22.24161],[-101.8105,22.2358],[-101.80747,22.23592],[-101.80691,22.23939],[-101.80895,22.24068],[-101.80592,22.24264],[-101.80532,22.24321],[-101.80513,22.24325],[-101.80472,22.24333],[-101.80131,22.24281],[-101.80397,22.23978],[-101.80254,22.23674],[-101.79985,22.23826],[-101.79726,22.24185],[-101.79582,22.24054],[-101.79287,22.24325],[-101.79871,22.24241],[-101.79839,22.24515],[-101.8007,22.24554],[-101.7968,22.24993],[-101.7916,22.24917],[-101.79093,22.25215],[-101.78436,22.25135],[-101.78365,22.25598],[-101.78693,22.25642],[-101.78839,22.25973],[-101.78413,22.26129],[-101.78312,22.26164],[-101.78311,22.26164],[-101.78608,22.26178],[-101.79603,22.26396],[-101.79787,22.26451],[-101.79736,22.26775],[-101.79727,22.26831],[-101.79725,22.26841],[-101.80017,22.26939],[-101.80137,22.26963],[-101.80344,22.26993],[-101.80285,22.27195],[-101.80636,22.27216],[-101.80669,22.27479],[-101.81236,22.27695],[-101.81006,22.27863],[-101.80404,22.27845],[-101.80063,22.27648],[-101.80095,22.27487],[-101.79744,22.27455],[-101.79709,22.27534],[-101.7962,22.27522],[-101.79596,22.27667],[-101.79572,22.27836],[-101.7953,22.28055],[-101.79508,22.28182],[-101.79423,22.2871],[-101.79418,22.28741],[-101.7936,22.29107],[-101.79345,22.29207],[-101.79325,22.29374],[-101.79225,22.29938],[-101.79137,22.29952],[-101.78591,22.29979],[-101.7859,22.29979],[-101.77799,22.30032],[-101.78589,22.29979],[-101.78591,22.29979],[-101.79137,22.29952],[-101.79225,22.29938],[-101.79245,22.29809],[-101.79508,22.28182],[-101.7953,22.28055],[-101.79572,22.27836],[-101.79595,22.27668],[-101.79619,22.27522],[-101.79636,22.27433],[-101.79725,22.26841],[-101.79787,22.26451],[-101.79722,22.26432],[-101.79402,22.26553],[-101.79307,22.26355],[-101.78911,22.26293],[-101.78574,22.27089],[-101.78299,22.27291],[-101.78605,22.27476],[-101.78415,22.27769],[-101.78021,22.27373],[-101.78317,22.26679],[-101.77947,22.26523],[-101.78004,22.26397],[-101.78465,22.26449],[-101.76648,22.25702],[-101.76494,22.2585],[-101.7588,22.25927],[-101.75819,22.25584],[-101.75664,22.25621],[-101.75841,22.26374],[-101.75787,22.26701],[-101.75338,22.27265],[-101.75206,22.2761],[-101.75259,22.28392],[-101.7492,22.28238],[-101.74894,22.27962],[-101.74577,22.28083],[-101.74025,22.27699],[-101.74041,22.27054],[-101.7377,22.271],[-101.73787,22.27679],[-101.73633,22.27227],[-101.73583,22.26697],[-101.73438,22.26513],[-101.72835,22.26677],[-101.72689,22.27278],[-101.72349,22.27766],[-101.72213,22.28198],[-101.72201,22.28692],[-101.71276,22.29028],[-101.71213,22.29619],[-101.71447,22.30042],[-101.71533,22.30286],[-101.71926,22.30118],[-101.71579,22.30912],[-101.71694,22.31202],[-101.71522,22.3172],[-101.71889,22.31751],[-101.72037,22.32127],[-101.71788,22.32096],[-101.71793,22.3237],[-101.72166,22.32469],[-101.72241,22.32198],[-101.72514,22.32514],[-101.72703,22.31857],[-101.72889,22.31886],[-101.72619,22.32926],[-101.72301,22.32871],[-101.72068,22.33039],[-101.71973,22.33401],[-101.71553,22.33585],[-101.72089,22.33745],[-101.72397,22.34001],[-101.71631,22.33677],[-101.7178,22.34376],[-101.71972,22.34412],[-101.71687,22.35012],[-101.71932,22.35077],[-101.71813,22.35494],[-101.71586,22.35524],[-101.71625,22.35856],[-101.72017,22.35955],[-101.71896,22.36236],[-101.71688,22.36017],[-101.71502,22.36091],[-101.71668,22.36473],[-101.71377,22.36801],[-101.71689,22.3751],[-101.71311,22.37415],[-101.71352,22.37762],[-101.71744,22.37697],[-101.71767,22.37892],[-101.7234,22.37779],[-101.72492,22.38191],[-101.72774,22.38087],[-101.72719,22.3844],[-101.72541,22.38346],[-101.72429,22.38618],[-101.72793,22.38491],[-101.73108,22.38608],[-101.73084,22.38972],[-101.7327,22.39171],[-101.7277,22.39186],[-101.72536,22.39543],[-101.7212,22.39497],[-101.72477,22.39338],[-101.72626,22.38854],[-101.72169,22.38577],[-101.72109,22.39009],[-101.71759,22.39489],[-101.71552,22.38988],[-101.71608,22.38643],[-101.71303,22.38745],[-101.70707,22.38769],[-101.70511,22.38917],[-101.71255,22.38861],[-101.713,22.39141],[-101.71015,22.39392],[-101.71172,22.3984],[-101.70949,22.39697],[-101.7003,22.39649],[-101.70106,22.39839],[-101.70405,22.39838],[-101.70468,22.40051],[-101.70158,22.40388],[-101.70338,22.40448],[-101.70557,22.40009],[-101.71096,22.39977],[-101.71045,22.40286],[-101.70593,22.40503],[-101.70984,22.40488],[-101.70994,22.41034],[-101.70849,22.41228],[-101.69925,22.41724],[-101.69869,22.41581],[-101.7059,22.41091],[-101.70557,22.40665],[-101.70203,22.40792],[-101.69809,22.40719],[-101.70004,22.40912],[-101.69235,22.41154],[-101.69286,22.40694],[-101.68657,22.41235],[-101.68687,22.41422],[-101.69214,22.41351],[-101.6958,22.41421],[-101.69636,22.42095],[-101.69921,22.41877],[-101.70097,22.4204],[-101.70155,22.41726],[-101.70601,22.4161],[-101.70638,22.41429],[-101.70942,22.41667],[-101.7132,22.41249],[-101.71566,22.41398],[-101.71361,22.41684],[-101.71712,22.42289],[-101.71845,22.42146],[-101.72087,22.42632],[-101.71463,22.42613],[-101.71621,22.42939],[-101.71576,22.43353],[-101.71209,22.43748],[-101.716,22.44082],[-101.71612,22.43831],[-101.72029,22.43919],[-101.72039,22.44145],[-101.71766,22.43928],[-101.71697,22.44519],[-101.713,22.44286],[-101.71053,22.44805],[-101.70738,22.44681]],[[-101.75598,22.47955],[-101.7564,22.47715],[-101.75941,22.47672],[-101.764,22.47827],[-101.75856,22.47911],[-101.75805,22.48144],[-101.75598,22.47955]],[[-101.7472,22.45591],[-101.74359,22.45286],[-101.74233,22.44653],[-101.73791,22.44693],[-101.73701,22.44252],[-101.73343,22.44247],[-101.73414,22.44037],[-101.73158,22.43992],[-101.73089,22.44247],[-101.72623,22.44246],[-101.73297,22.43708],[-101.73462,22.43972],[-101.73542,22.43747],[-101.73863,22.43752],[-101.73718,22.43574],[-101.73878,22.43264],[-101.74184,22.43278],[-101.74061,22.43002],[-101.74557,22.4222],[-101.74392,22.44075],[-101.7529,22.44117],[-101.75192,22.4451],[-101.75397,22.44704],[-101.75775,22.44742],[-101.75695,22.45014],[-101.74597,22.44693],[-101.74736,22.44433],[-101.74428,22.44291],[-101.74265,22.44564],[-101.7497,22.44969],[-101.74429,22.44889],[-101.74838,22.45474],[-101.7472,22.45591]],[[-101.72398,22.44713],[-101.72246,22.44601],[-101.72497,22.44346],[-101.72626,22.44529],[-101.72398,22.44713]],[[-101.77837,22.44711],[-101.77454,22.44597],[-101.77695,22.44398],[-101.77837,22.44711]],[[-101.80303,22.42185],[-101.80112,22.41981],[-101.80146,22.41685],[-101.8069,22.41834],[-101.80606,22.42273],[-101.80303,22.42185]],[[-101.84486,22.35809],[-101.84699,22.36337],[-101.85019,22.3647],[-101.84932,22.3668],[-101.85516,22.36632],[-101.85754,22.36825],[-101.86044,22.36675],[-101.86366,22.36718],[-101.86318,22.37053],[-101.85958,22.37218],[-101.85557,22.37101],[-101.8487,22.37249],[-101.84401,22.37192],[-101.84273,22.37477],[-101.84195,22.37051],[-101.84618,22.36553],[-101.84446,22.36513],[-101.84598,22.36202],[-101.84406,22.35946],[-101.83822,22.36952],[-101.84055,22.36977],[-101.83986,22.37323],[-101.84207,22.37477],[-101.83697,22.37367],[-101.83466,22.37558],[-101.83163,22.37272],[-101.82972,22.36061],[-101.8286,22.36068],[-101.82739,22.3531],[-101.83349,22.35353],[-101.84486,22.35809]],[[-101.76431,22.37354],[-101.76159,22.36956],[-101.75717,22.37148],[-101.75626,22.3667],[-101.76182,22.36755],[-101.76431,22.37354]],[[-101.7914,22.37117],[-101.79019,22.37111],[-101.79135,22.36532],[-101.79373,22.36714],[-101.79558,22.36491],[-101.79764,22.36533],[-101.79615,22.37096],[-101.79399,22.36975],[-101.7914,22.37117]],[[-101.75726,22.35625],[-101.75762,22.35288],[-101.7593,22.35297],[-101.75905,22.35742],[-101.75726,22.35625]],[[-101.74948,22.32233],[-101.74421,22.32053],[-101.74531,22.31876],[-101.74948,22.32233]],[[-101.73181,22.31923],[-101.72855,22.31719],[-101.73232,22.3113],[-101.7365,22.31184],[-101.7372,22.31753],[-101.73181,22.31923]],[[-101.73221,22.29311],[-101.72905,22.28435],[-101.73665,22.28373],[-101.73758,22.28952],[-101.74042,22.2916],[-101.73807,22.29351],[-101.73905,22.29561],[-101.74183,22.29545],[-101.74116,22.29981],[-101.73717,22.30483],[-101.73614,22.30469],[-101.7381,22.29965],[-101.73504,22.29927],[-101.73485,22.29445],[-101.73315,22.29504],[-101.73273,22.29418],[-101.73221,22.29311]],[[-101.72073,22.29916],[-101.72413,22.29735],[-101.72411,22.29762],[-101.7241,22.29802],[-101.72421,22.29863],[-101.72441,22.29959],[-101.72211,22.30383],[-101.71936,22.30348],[-101.71979,22.30008],[-101.72022,22.29909],[-101.72073,22.29916]],[[-101.74077,22.30259],[-101.74392,22.29543],[-101.74565,22.29752],[-101.74342,22.3003],[-101.74342,22.30289],[-101.74077,22.30259]],[[-101.75404,22.29556],[-101.75742,22.29602],[-101.75652,22.29799],[-101.75404,22.29556]],[[-101.96495,22.51699],[-101.96288,22.51622],[-101.96558,22.51085],[-101.96579,22.51542],[-101.97024,22.51609],[-101.97062,22.51843],[-101.96495,22.51699]],[[-101.98549,22.51785],[-101.98571,22.51488],[-101.99056,22.51524],[-101.99027,22.51827],[-101.98549,22.51785]],[[-101.97097,22.51374],[-101.97107,22.51263],[-101.97712,22.51302],[-101.9786,22.51038],[-101.9811,22.51143],[-101.98082,22.51452],[-101.97097,22.51374]],[[-101.96829,22.50919],[-101.9716,22.50679],[-101.96793,22.50481],[-101.97217,22.50075],[-101.97128,22.51125],[-101.96637,22.51028],[-101.96829,22.50919]],[[-101.8625,22.49964],[-101.86372,22.496],[-101.86979,22.49789],[-101.86991,22.49604],[-101.87349,22.49609],[-101.87232,22.49862],[-101.87015,22.49819],[-101.86768,22.50072],[-101.8625,22.49964]],[[-101.89739,22.50117],[-101.89394,22.50023],[-101.89357,22.49812],[-101.89073,22.49644],[-101.89682,22.49694],[-101.89739,22.50117]],[[-101.86828,22.4855],[-101.86882,22.48092],[-101.87016,22.48109],[-101.8696,22.48569],[-101.86828,22.4855]],[[-101.87853,22.483],[-101.87673,22.48064],[-101.87895,22.47917],[-101.87853,22.483]],[[-101.78215,22.2945],[-101.7833,22.29092],[-101.78048,22.28598],[-101.78723,22.28722],[-101.78466,22.28847],[-101.78838,22.29077],[-101.78344,22.29268],[-101.78215,22.2945]],[[-101.72126,22.28893],[-101.72355,22.28665],[-101.72611,22.28656],[-101.72482,22.28946],[-101.72126,22.28893]],[[-101.76445,22.27583],[-101.76523,22.27399],[-101.7705,22.27776],[-101.76911,22.27932],[-101.76445,22.27583]],[[-101.77112,22.27435],[-101.77218,22.27213],[-101.77564,22.27351],[-101.77408,22.27717],[-101.77112,22.27435]],[[-101.79442,22.2724],[-101.78782,22.26984],[-101.7885,22.26822],[-101.7915,22.27075],[-101.79551,22.26747],[-101.79442,22.2724]],[[-101.85911,22.47539],[-101.86186,22.47307],[-101.86313,22.47422],[-101.85974,22.47674],[-101.85911,22.47539]],[[-101.86683,22.4684],[-101.86286,22.46817],[-101.86098,22.46448],[-101.86328,22.46326],[-101.86211,22.46024],[-101.86047,22.46377],[-101.85752,22.46268],[-101.8597,22.45928],[-101.85646,22.4575],[-101.85845,22.45472],[-101.86333,22.45788],[-101.86468,22.45735],[-101.85701,22.45259],[-101.85814,22.4487],[-101.86336,22.45126],[-101.86994,22.44647],[-101.87147,22.44368],[-101.87052,22.4413],[-101.87493,22.43992],[-101.875,22.4437],[-101.87254,22.44556],[-101.87369,22.45061],[-101.87641,22.45386],[-101.87396,22.45504],[-101.87502,22.45753],[-101.87186,22.46198],[-101.86936,22.46188],[-101.87125,22.4526],[-101.86725,22.4525],[-101.86709,22.45785],[-101.86523,22.45769],[-101.86809,22.46135],[-101.86635,22.46429],[-101.86683,22.4684]],[[-101.88036,22.44573],[-101.87982,22.44228],[-101.88205,22.44347],[-101.8832,22.43967],[-101.88538,22.44353],[-101.88036,22.44573]],[[-102.00683,22.43181],[-102.00534,22.44701],[-102.00322,22.44694],[-102.00441,22.43629],[-102.00683,22.43181]],[[-101.83364,22.44331],[-101.83215,22.44048],[-101.82939,22.43934],[-101.83359,22.43891],[-101.83302,22.43693],[-101.83785,22.4392],[-101.84063,22.43901],[-101.8383,22.44207],[-101.83364,22.44331]],[[-101.88332,22.43684],[-101.88281,22.43358],[-101.87792,22.43117],[-101.87978,22.42232],[-101.88084,22.42535],[-101.88308,22.42394],[-101.89062,22.42659],[-101.88517,22.43388],[-101.88707,22.43621],[-101.88332,22.43684]],[[-101.85504,22.43667],[-101.85845,22.43389],[-101.86283,22.43386],[-101.86203,22.43534],[-101.85504,22.43667]],[[-101.83198,22.43489],[-101.83008,22.43472],[-101.83246,22.43169],[-101.83285,22.43364],[-101.83673,22.43412],[-101.83558,22.43564],[-101.83198,22.43489]],[[-102.00565,22.42782],[-102.00617,22.41702],[-102.00888,22.41732],[-102.00752,22.42869],[-102.00565,22.42782]],[[-101.98784,22.4264],[-101.98788,22.42348],[-101.99314,22.4233],[-101.99296,22.42621],[-101.98784,22.4264]],[[-102.0089,22.38381],[-102.00904,22.3814],[-102.02069,22.38151],[-102.02078,22.38315],[-102.03867,22.38318],[-102.03088,22.39185],[-102.00927,22.41375],[-102.0089,22.38381]],[[-101.82294,22.40767],[-101.82655,22.4044],[-101.8278,22.40741],[-101.82294,22.40767]],[[-101.84584,22.39967],[-101.84403,22.39621],[-101.84548,22.39345],[-101.85277,22.39361],[-101.85117,22.39841],[-101.84584,22.39967]],[[-102.0541,22.39225],[-102.04267,22.37964],[-102.04609,22.37929],[-102.04604,22.38118],[-102.0557,22.38112],[-102.05645,22.37759],[-102.05502,22.37566],[-102.05851,22.37559],[-102.06113,22.37903],[-102.06388,22.37873],[-102.07005,22.38137],[-102.07226,22.38814],[-102.07546,22.39178],[-102.07482,22.39932],[-102.07544,22.40085],[-102.06194,22.40077],[-102.0541,22.39225]],[[-101.98902,22.36611],[-101.98653,22.36608],[-101.98492,22.36369],[-101.98184,22.36322],[-101.98048,22.36068],[-101.9841,22.36084],[-101.98628,22.35919],[-101.98998,22.35926],[-101.99382,22.36299],[-101.99275,22.36802],[-101.98902,22.36611]],[[-101.85259,22.36429],[-101.85339,22.35881],[-101.85706,22.35925],[-101.8565,22.36076],[-101.86034,22.36083],[-101.86007,22.36382],[-101.85384,22.36254],[-101.85259,22.36429]],[[-101.89692,22.35614],[-101.90281,22.35403],[-101.90548,22.35866],[-101.89906,22.36031],[-101.89692,22.35614]],[[-101.91082,22.34584],[-101.90583,22.34567],[-101.90445,22.34001],[-101.90671,22.34096],[-101.90624,22.34366],[-101.91082,22.34584]],[[-101.78404,22.34209],[-101.77757,22.34051],[-101.78232,22.33898],[-101.78702,22.33907],[-101.78999,22.34138],[-101.78404,22.34209]],[[-101.78895,22.32814],[-101.78865,22.32549],[-101.79148,22.32506],[-101.78895,22.32814]],[[-101.81742,22.30598],[-101.81855,22.303],[-101.82435,22.3029],[-101.82437,22.30533],[-101.82063,22.30417],[-101.81742,22.30598]],[[-102.05881,22.34743],[-102.05918,22.34372],[-102.06117,22.34038],[-102.06347,22.34487],[-102.06991,22.34481],[-102.07011,22.35042],[-102.06847,22.35439],[-102.0662,22.35289],[-102.06206,22.35257],[-102.05881,22.34743]],[[-101.98804,22.34561],[-101.9859,22.33898],[-101.98371,22.33912],[-101.98393,22.3328],[-101.99814,22.33325],[-101.99882,22.33536],[-101.99027,22.33579],[-101.98804,22.34561]],[[-102.04959,22.33684],[-102.04315,22.33543],[-102.03751,22.33161],[-102.03216,22.33169],[-102.03328,22.32263],[-102.03461,22.32186],[-102.04013,22.33083],[-102.04312,22.33074],[-102.04594,22.33281],[-102.04716,22.33159],[-102.05132,22.33583],[-102.04959,22.33684]],[[-101.8611,22.28573],[-101.86093,22.28396],[-101.86436,22.27951],[-101.8657,22.28153],[-101.87042,22.28439],[-101.86462,22.28645],[-101.8611,22.28573]],[[-101.82041,22.27764],[-101.81624,22.27509],[-101.8203,22.27088],[-101.81929,22.26925],[-101.82397,22.27051],[-101.82583,22.26962],[-101.82647,22.27653],[-101.82237,22.27908],[-101.82041,22.27764]],[[-101.81389,22.26636],[-101.81046,22.26656],[-101.8121,22.26281],[-101.81105,22.26132],[-101.8148,22.26154],[-101.81366,22.26301],[-101.8193,22.2647],[-101.81917,22.2677],[-101.81389,22.26636]],[[-101.80066,22.25835],[-101.79906,22.25629],[-101.79434,22.25787],[-101.79467,22.2552],[-101.7996,22.25457],[-101.79934,22.2488],[-101.80412,22.25146],[-101.80578,22.24829],[-101.80491,22.25636],[-101.80085,22.25627],[-101.80066,22.25835]],[[-101.92865,22.50585],[-101.92923,22.50375],[-101.93177,22.50444],[-101.93047,22.50771],[-101.92689,22.50993],[-101.92562,22.50852],[-101.92865,22.50585]]],[[[-101.66816,22.44279],[-101.66809,22.43938],[-101.66184,22.43653],[-101.65992,22.43273],[-101.65627,22.43388],[-101.65523,22.43135],[-101.65244,22.43214],[-101.6491,22.43914],[-101.64747,22.44004],[-101.64825,22.44656],[-101.65173,22.44768],[-101.65206,22.44795],[-101.65665,22.45165],[-101.65684,22.45181],[-101.65746,22.45231],[-101.66047,22.45151],[-101.6654,22.44432],[-101.6623,22.443],[-101.65948,22.44361],[-101.66242,22.43891],[-101.66738,22.44112],[-101.66667,22.44483],[-101.66821,22.44561],[-101.6682,22.44504],[-101.66816,22.44279]]],[[[-101.69534,22.43731],[-101.69601,22.43777],[-101.70175,22.43755],[-101.70057,22.43584],[-101.69534,22.43731]]],[[[-101.60448,22.42549],[-101.60792,22.42107],[-101.60561,22.41854],[-101.60257,22.41901],[-101.60309,22.42378],[-101.60448,22.42549]]],[[[-101.6534,22.40922],[-101.65941,22.41062],[-101.65993,22.40906],[-101.65548,22.40903],[-101.65462,22.39985],[-101.6587,22.4005],[-101.65849,22.40472],[-101.66489,22.4052],[-101.66594,22.40207],[-101.6654,22.39645],[-101.64531,22.39445],[-101.64399,22.39664],[-101.64176,22.40865],[-101.64374,22.40884],[-101.64486,22.40265],[-101.64826,22.40578],[-101.64944,22.40078],[-101.65153,22.40105],[-101.64935,22.40563],[-101.6521,22.40649],[-101.6534,22.40922]]],[[[-101.68867,22.39798],[-101.69165,22.39829],[-101.69621,22.39645],[-101.69699,22.39409],[-101.6897,22.39647],[-101.68867,22.39798]]],[[[-101.6805,22.39024],[-101.68045,22.39297],[-101.68748,22.38494],[-101.68386,22.38626],[-101.68143,22.38874],[-101.68102,22.3864],[-101.68373,22.38478],[-101.68378,22.37814],[-101.68772,22.36351],[-101.69025,22.36156],[-101.689,22.35962],[-101.68353,22.35941],[-101.68701,22.35697],[-101.69376,22.35699],[-101.69365,22.35391],[-101.68901,22.35441],[-101.68482,22.35278],[-101.68244,22.36032],[-101.68562,22.36175],[-101.68214,22.36201],[-101.67918,22.37232],[-101.67629,22.37314],[-101.67863,22.37435],[-101.67787,22.37714],[-101.68152,22.37769],[-101.68057,22.38222],[-101.68166,22.38442],[-101.67845,22.38609],[-101.67822,22.39047],[-101.6805,22.39024]]],[[[-101.699,22.36858],[-101.70051,22.36698],[-101.69899,22.35913],[-101.69993,22.35618],[-101.70412,22.35092],[-101.70263,22.34988],[-101.70256,22.34619],[-101.70016,22.34449],[-101.7006,22.34175],[-101.69867,22.3394],[-101.69912,22.35026],[-101.69747,22.35008],[-101.69842,22.35588],[-101.6978,22.3592],[-101.69778,22.36845],[-101.699,22.36858]]],[[[-101.71182,22.34859],[-101.71641,22.349],[-101.71778,22.3463],[-101.71632,22.33902],[-101.71182,22.34859]]],[[[-101.69111,22.37626],[-101.69288,22.37082],[-101.68943,22.37077],[-101.69111,22.37626]]],[[[-101.69575,22.37457],[-101.69816,22.37042],[-101.69638,22.3703],[-101.69575,22.37457]]],[[[-101.71972,22.39033],[-101.71765,22.38415],[-101.71344,22.37788],[-101.71208,22.37898],[-101.71507,22.38138],[-101.71972,22.39033]]],[[[-101.69725,22.3903],[-101.69896,22.39278],[-101.70195,22.39221],[-101.70058,22.38943],[-101.69681,22.38795],[-101.69454,22.38923],[-101.69725,22.3903]]],[[[-101.70322,22.33618],[-101.70594,22.33476],[-101.70091,22.33188],[-101.70322,22.33618]]],[[[-101.71296,22.3357],[-101.71134,22.33313],[-101.70218,22.3249],[-101.6989,22.32493],[-101.70241,22.33011],[-101.71296,22.3357]]],[[[-101.77979,22.46578],[-101.78196,22.46463],[-101.79058,22.46282],[-101.78956,22.46015],[-101.78568,22.45969],[-101.78424,22.45605],[-101.7826,22.45753],[-101.77814,22.45762],[-101.77735,22.45975],[-101.77979,22.46578]]],[[[-101.78305,22.35171],[-101.78462,22.35376],[-101.78637,22.35167],[-101.78305,22.35171]]],[[[-101.76028,22.38977],[-101.76124,22.38796],[-101.76134,22.38778],[-101.7618,22.38691],[-101.7624,22.38578],[-101.76293,22.38517],[-101.76089,22.38475],[-101.76059,22.38431],[-101.75898,22.38454],[-101.75887,22.38709],[-101.76046,22.38452],[-101.76071,22.38485],[-101.75953,22.3873],[-101.75934,22.39017],[-101.75998,22.39094],[-101.75989,22.39051],[-101.76028,22.38977]]],[[[-101.7604,22.46465],[-101.75576,22.46275],[-101.75497,22.46371],[-101.7604,22.46465]]],[[[-101.75761,22.46791],[-101.76029,22.46658],[-101.75599,22.4663],[-101.75761,22.46791]]],[[[-101.8895,22.5207],[-101.89131,22.52164],[-101.89363,22.5267],[-101.89748,22.5229],[-101.89722,22.52128],[-101.90085,22.52019],[-101.90082,22.52234],[-101.91058,22.51658],[-101.90863,22.51404],[-101.90182,22.51023],[-101.89786,22.51203],[-101.89717,22.51573],[-101.89387,22.51773],[-101.89603,22.51831],[-101.8895,22.5207]]],[[[-102.05597,22.54548],[-102.05909,22.54493],[-102.05825,22.54471],[-102.05754,22.54452],[-102.05597,22.54548]]],[[[-102.04171,22.55248],[-102.04205,22.55075],[-102.04782,22.55075],[-102.05018,22.55197],[-102.05254,22.54724],[-102.05452,22.54622],[-102.05318,22.54435],[-102.04291,22.54287],[-102.04171,22.53869],[-102.03529,22.53678],[-102.03517,22.53468],[-102.03107,22.535],[-102.0294,22.53854],[-102.02913,22.54333],[-102.03702,22.54635],[-102.03966,22.54666],[-102.03764,22.55062],[-102.03954,22.55362],[-102.04171,22.55248]]],[[[-101.90567,22.52863],[-101.91298,22.52894],[-101.9151,22.52836],[-101.91614,22.52275],[-101.91387,22.51878],[-101.907,22.51905],[-101.90359,22.52233],[-101.90487,22.52551],[-101.90727,22.52476],[-101.90567,22.52863]]],[[[-101.97705,22.5358],[-101.9809,22.53684],[-101.98068,22.53416],[-101.97705,22.5358]]],[[[-101.94652,22.54081],[-101.94864,22.5427],[-101.95255,22.54316],[-101.95474,22.53881],[-101.95026,22.53768],[-101.94664,22.53826],[-101.94652,22.54081]]],[[[-101.97418,22.54718],[-101.97576,22.54505],[-101.972,22.54431],[-101.97171,22.54696],[-101.97418,22.54718]]],[[[-102.01339,22.55921],[-102.02397,22.55988],[-102.02039,22.55876],[-102.02734,22.54286],[-102.02324,22.54135],[-102.02107,22.54587],[-102.02284,22.54847],[-102.01942,22.54801],[-102.01794,22.55298],[-102.01656,22.55283],[-102.01325,22.55752],[-102.01339,22.55921]]],[[[-101.99313,22.55355],[-101.99277,22.55182],[-101.9892,22.55505],[-101.98836,22.54967],[-101.98505,22.54976],[-101.98452,22.55183],[-101.97767,22.55028],[-101.97556,22.55345],[-101.98344,22.55497],[-101.98442,22.55238],[-101.98739,22.5525],[-101.98717,22.55569],[-101.99226,22.55667],[-101.99313,22.55355]]],[[[-101.99859,22.56525],[-101.99584,22.56453],[-101.99605,22.56536],[-101.99859,22.56525]]],[[[-102.00026,22.55652],[-102.00499,22.55517],[-102.00523,22.54903],[-102.00251,22.5487],[-102.00243,22.55248],[-102.00026,22.55652]]],[[[-101.92545,22.52584],[-101.92453,22.5218],[-101.9228,22.52594],[-101.92545,22.52584]]],[[[-102.06415,22.54685],[-102.06378,22.54673],[-102.06117,22.54579],[-102.06103,22.54575],[-102.06105,22.54578],[-102.06589,22.55162],[-102.0727,22.55],[-102.06415,22.54685]]],[[[-101.94359,22.47188],[-101.947,22.46564],[-101.94576,22.46538],[-101.94581,22.45699],[-101.93878,22.45643],[-101.93865,22.46026],[-101.93577,22.4563],[-101.92859,22.45558],[-101.9288,22.45893],[-101.93232,22.45664],[-101.93661,22.46253],[-101.93489,22.46479],[-101.93831,22.46706],[-101.93865,22.47146],[-101.94359,22.47188]]],[[[-101.94871,22.47243],[-101.95234,22.46951],[-101.95301,22.47283],[-101.96389,22.47378],[-101.96489,22.47634],[-101.96679,22.47645],[-101.96703,22.47402],[-101.97464,22.47461],[-101.9747,22.4713],[-101.98215,22.47478],[-101.98225,22.4727],[-101.97847,22.47253],[-101.97432,22.46917],[-101.97731,22.46755],[-101.97715,22.46511],[-101.97065,22.46718],[-101.9706,22.46962],[-101.96763,22.46811],[-101.96757,22.47226],[-101.96006,22.47162],[-101.9603,22.46147],[-101.9578,22.46101],[-101.95756,22.4633],[-101.95315,22.46117],[-101.95202,22.46819],[-101.94821,22.46928],[-101.94803,22.47235],[-101.94871,22.47243]]],[[[-101.94093,22.4771],[-101.94376,22.48056],[-101.94353,22.47514],[-101.94093,22.4771]]],[[[-101.93106,22.48102],[-101.93465,22.48098],[-101.93249,22.47858],[-101.93106,22.48102]]],[[[-101.92515,22.48017],[-101.92459,22.48154],[-101.92859,22.48178],[-101.9287,22.47895],[-101.92435,22.47666],[-101.92515,22.48017]]],[[[-101.9271,22.48502],[-101.93148,22.48318],[-101.92716,22.48215],[-101.9271,22.48502]]],[[[-101.97033,22.48932],[-101.97667,22.48855],[-101.97552,22.4831],[-101.979,22.48622],[-101.98147,22.48642],[-101.98174,22.48274],[-101.97554,22.48168],[-101.97395,22.48399],[-101.96956,22.48363],[-101.96872,22.48689],[-101.97033,22.48932]]],[[[-102.07677,22.48645],[-102.07903,22.48602],[-102.07992,22.48007],[-102.07495,22.48125],[-102.07487,22.48447],[-102.07677,22.48645]]],[[[-102.0711,22.48601],[-102.06886,22.49029],[-102.06882,22.49036],[-102.0696,22.49033],[-102.07135,22.49008],[-102.07409,22.48999],[-102.07193,22.49297],[-102.07388,22.49447],[-102.07925,22.49502],[-102.07595,22.49331],[-102.07646,22.48687],[-102.07427,22.48761],[-102.0711,22.48601]]],[[[-101.89535,22.22349],[-101.89895,22.22092],[-101.8992,22.22066],[-101.90149,22.21903],[-101.90192,22.21648],[-101.89768,22.21313],[-101.8974,22.2132],[-101.8973,22.21407],[-101.89711,22.21538],[-101.89692,22.21641],[-101.89663,22.21631],[-101.89503,22.21957],[-101.89545,22.22069],[-101.89534,22.22129],[-101.89419,22.22129],[-101.89384,22.22142],[-101.89505,22.22206],[-101.89535,22.22349]]],[[[-101.8978,22.20997],[-101.89775,22.20997],[-101.89773,22.21013],[-101.89752,22.21214],[-101.90023,22.20887],[-101.89997,22.20834],[-101.8978,22.20997]]],[[[-101.81532,22.16038],[-101.814,22.1563],[-101.81114,22.15332],[-101.80557,22.15196],[-101.80051,22.14863],[-101.79556,22.15113],[-101.79368,22.15309],[-101.79443,22.1533],[-101.7878,22.16338],[-101.79072,22.16542],[-101.78938,22.16748],[-101.78294,22.16651],[-101.78237,22.16877],[-101.78238,22.16879],[-101.78207,22.17038],[-101.78239,22.17095],[-101.7827,22.17207],[-101.78252,22.17144],[-101.78155,22.17248],[-101.78231,22.17102],[-101.78192,22.17039],[-101.78202,22.17016],[-101.78199,22.16983],[-101.78224,22.16909],[-101.78227,22.16903],[-101.78148,22.16601],[-101.77933,22.16796],[-101.77994,22.17242],[-101.78286,22.17386],[-101.78276,22.17228],[-101.78313,22.17382],[-101.79297,22.17257],[-101.79404,22.17465],[-101.79268,22.17597],[-101.79229,22.17608],[-101.79604,22.1788],[-101.80308,22.18227],[-101.8039,22.18093],[-101.80602,22.18533],[-101.80542,22.1857],[-101.80557,22.19005],[-101.81117,22.19069],[-101.81348,22.18745],[-101.81374,22.1875],[-101.81814,22.18347],[-101.81988,22.18325],[-101.82052,22.18113],[-101.81938,22.17648],[-101.81927,22.17639],[-101.8137,22.17663],[-101.80861,22.17393],[-101.80877,22.17252],[-101.80083,22.17045],[-101.80498,22.15594],[-101.80334,22.15367],[-101.80738,22.15477],[-101.80695,22.15837],[-101.81532,22.16038]]],[[[-101.8313,22.14488],[-101.83264,22.14488],[-101.83191,22.14405],[-101.8313,22.14488]]],[[[-101.82994,22.14321],[-101.82764,22.14405],[-101.83009,22.14405],[-101.82994,22.14321]]],[[[-101.82409,22.14469],[-101.82515,22.14488],[-101.82446,22.14394],[-101.82409,22.14469]]],[[[-101.80248,22.14149],[-101.81066,22.14703],[-101.81733,22.14862],[-101.82051,22.14503],[-101.82074,22.14053],[-101.81858,22.1384],[-101.81362,22.137],[-101.81249,22.13439],[-101.81125,22.13657],[-101.81322,22.13811],[-101.80563,22.14217],[-101.80248,22.14149]]],[[[-101.78417,22.16528],[-101.78439,22.16518],[-101.78457,22.1651],[-101.78464,22.16494],[-101.78477,22.1626],[-101.78413,22.16345],[-101.78424,22.16364],[-101.78426,22.16414],[-101.78403,22.1657],[-101.78417,22.16528]]],[[[-101.78582,22.15808],[-101.78762,22.15537],[-101.78724,22.15544],[-101.78504,22.15587],[-101.78069,22.16005],[-101.77951,22.16351],[-101.78316,22.16519],[-101.78392,22.16342],[-101.78381,22.16328],[-101.78582,22.15808]]],[[[-101.78793,22.13456],[-101.78611,22.13599],[-101.78338,22.13304],[-101.78584,22.13168],[-101.78526,22.12823],[-101.78251,22.13072],[-101.78231,22.13428],[-101.77779,22.13444],[-101.77332,22.13836],[-101.77498,22.14198],[-101.77672,22.14201],[-101.77812,22.1377],[-101.78066,22.13526],[-101.78353,22.13532],[-101.78069,22.14639],[-101.78128,22.14753],[-101.78298,22.15028],[-101.78796,22.15098],[-101.78949,22.15119],[-101.788,22.14525],[-101.78949,22.13569],[-101.78793,22.13456]]],[[[-101.79481,22.03011],[-101.79481,22.02933],[-101.79409,22.02951],[-101.79399,22.03013],[-101.79481,22.03011]]],[[[-101.8011,22.02989],[-101.80078,22.02989],[-101.8011,22.02915],[-101.80117,22.02874],[-101.80069,22.02875],[-101.80043,22.02859],[-101.79958,22.02892],[-101.79945,22.02761],[-101.79885,22.02792],[-101.7986,22.02804],[-101.798,22.02835],[-101.79834,22.02962],[-101.79773,22.03031],[-101.79731,22.03038],[-101.79453,22.03072],[-101.7902,22.03288],[-101.78873,22.03439],[-101.78563,22.03277],[-101.78888,22.03747],[-101.78976,22.03348],[-101.79414,22.03338],[-101.79566,22.0349],[-101.80144,22.031],[-101.8011,22.02989]]],[[[-101.82923,22.04741],[-101.83061,22.04686],[-101.8311,22.04667],[-101.83394,22.04275],[-101.83005,22.04137],[-101.82852,22.04224],[-101.8331,22.04378],[-101.8286,22.0459],[-101.82923,22.04741]]],[[[-101.85459,22.05942],[-101.85644,22.06215],[-101.85665,22.06247],[-101.85825,22.06483],[-101.85839,22.06503],[-101.85895,22.06586],[-101.85961,22.06683],[-101.85929,22.06741],[-101.86107,22.06751],[-101.86176,22.07279],[-101.86601,22.0734],[-101.8685,22.07061],[-101.86389,22.07139],[-101.86607,22.06745],[-101.87067,22.06373],[-101.8703,22.06079],[-101.86753,22.06103],[-101.86752,22.05776],[-101.87083,22.05572],[-101.8737,22.05638],[-101.87494,22.05981],[-101.87877,22.05602],[-101.88226,22.05487],[-101.88114,22.0541],[-101.87773,22.05167],[-101.87742,22.05146],[-101.87497,22.05476],[-101.86996,22.05361],[-101.86676,22.05556],[-101.86899,22.05197],[-101.86483,22.0508],[-101.85943,22.05461],[-101.86136,22.04928],[-101.85592,22.05169],[-101.85425,22.04935],[-101.8515,22.05065],[-101.85224,22.05295],[-101.85443,22.05234],[-101.85459,22.05942]]],[[[-101.92524,22.08303],[-101.92524,22.08302],[-101.92461,22.08261],[-101.92446,22.08251],[-101.92229,22.08107],[-101.92016,22.07966],[-101.92011,22.07963],[-101.91889,22.07881],[-101.9167,22.07736],[-101.91677,22.07741],[-101.91609,22.07696],[-101.91608,22.07696],[-101.91447,22.07842],[-101.9041,22.08001],[-101.90735,22.07812],[-101.90333,22.07517],[-101.90652,22.07318],[-101.90915,22.07469],[-101.91265,22.07468],[-101.91409,22.07564],[-101.91411,22.07565],[-101.9142,22.0757],[-101.90775,22.07142],[-101.90723,22.07108],[-101.90399,22.069],[-101.89535,22.06342],[-101.89781,22.06561],[-101.89295,22.06746],[-101.89998,22.0702],[-101.90115,22.07286],[-101.89738,22.07524],[-101.89242,22.07431],[-101.89911,22.08659],[-101.9015,22.08586],[-101.90234,22.09107],[-101.90305,22.08702],[-101.90556,22.08709],[-101.90656,22.08397],[-101.90924,22.08362],[-101.91001,22.08047],[-101.91464,22.0796],[-101.91882,22.08035],[-101.92264,22.08375],[-101.92524,22.08303]],[[-101.91512,22.07632],[-101.91526,22.07642],[-101.91554,22.07661],[-101.91526,22.07642],[-101.91424,22.07573],[-101.91424,22.07572],[-101.91512,22.07632]]],[[[-101.87859,22.14976],[-101.88834,22.14282],[-101.89764,22.13755],[-101.90328,22.1387],[-101.90792,22.14496],[-101.90957,22.14095],[-101.91133,22.1436],[-101.90882,22.14618],[-101.91209,22.14862],[-101.91652,22.14655],[-101.91859,22.14259],[-101.92392,22.13884],[-101.93198,22.13838],[-101.93551,22.14272],[-101.93524,22.14843],[-101.93947,22.14983],[-101.93654,22.14552],[-101.93709,22.138],[-101.93456,22.13514],[-101.93647,22.13104],[-101.9385,22.13251],[-101.94035,22.13109],[-101.93758,22.12655],[-101.93511,22.12775],[-101.93584,22.1247],[-101.93797,22.12369],[-101.94251,22.11803],[-101.9371,22.11729],[-101.93356,22.12053],[-101.9332,22.12236],[-101.93005,22.11991],[-101.92939,22.12214],[-101.92364,22.12098],[-101.92165,22.11556],[-101.9231,22.11228],[-101.91808,22.11251],[-101.91812,22.1097],[-101.9218,22.10583],[-101.92406,22.10537],[-101.92805,22.10036],[-101.93382,22.09861],[-101.93523,22.09511],[-101.93882,22.0934],[-101.93527,22.08966],[-101.93519,22.08961],[-101.9347,22.08928],[-101.92557,22.08918],[-101.92708,22.0947],[-101.93309,22.09326],[-101.91761,22.09843],[-101.9163,22.10058],[-101.90954,22.10163],[-101.90673,22.10011],[-101.90291,22.10128],[-101.90286,22.09932],[-101.89896,22.09838],[-101.89789,22.09995],[-101.8869,22.10171],[-101.89448,22.10157],[-101.90046,22.10304],[-101.89125,22.10265],[-101.88758,22.10632],[-101.88992,22.10905],[-101.88834,22.11794],[-101.8865,22.11959],[-101.89042,22.12259],[-101.89541,22.12432],[-101.89294,22.12524],[-101.89618,22.12781],[-101.89402,22.1303],[-101.8935,22.13407],[-101.8916,22.13677],[-101.89347,22.13716],[-101.89158,22.14022],[-101.88987,22.13998],[-101.88726,22.14315],[-101.88568,22.14071],[-101.8778,22.1408],[-101.87887,22.144],[-101.88302,22.14589],[-101.87503,22.1465],[-101.872,22.14451],[-101.87053,22.15008],[-101.87398,22.14893],[-101.87859,22.14976]],[[-101.91507,22.13992],[-101.91546,22.13665],[-101.91906,22.13617],[-101.91507,22.13992]],[[-101.91248,22.13592],[-101.90799,22.13412],[-101.91016,22.13301],[-101.91248,22.13592]],[[-101.90401,22.12569],[-101.90601,22.12183],[-101.90954,22.1188],[-101.91081,22.12315],[-101.90649,22.12335],[-101.90685,22.1252],[-101.90401,22.12569]],[[-101.92063,22.12324],[-101.91628,22.11919],[-101.91201,22.12236],[-101.91193,22.11905],[-101.91443,22.11907],[-101.91314,22.11691],[-101.91727,22.11502],[-101.91963,22.11748],[-101.92063,22.12324]],[[-101.9019,22.11861],[-101.90105,22.11589],[-101.90777,22.11499],[-101.9074,22.11222],[-101.91182,22.11135],[-101.91005,22.11557],[-101.9019,22.11861]],[[-101.90263,22.10801],[-101.90095,22.1092],[-101.89801,22.10765],[-101.89867,22.1056],[-101.9023,22.10482],[-101.90897,22.10771],[-101.90289,22.11154],[-101.90263,22.10801]],[[-101.91613,22.10559],[-101.91628,22.10383],[-101.92186,22.10163],[-101.92238,22.10396],[-101.91777,22.10635],[-101.91613,22.10559]]],[[[-101.87011,22.16263],[-101.87094,22.1632],[-101.87074,22.16236],[-101.87011,22.16263]]],[[[-101.8469,22.16819],[-101.84203,22.16819],[-101.84186,22.16903],[-101.8424,22.16903],[-101.8432,22.16903],[-101.8469,22.16903],[-101.8469,22.16819]]],[[[-101.86385,22.08699],[-101.86389,22.08894],[-101.86948,22.09387],[-101.86664,22.09698],[-101.86686,22.10097],[-101.86512,22.10359],[-101.86752,22.10689],[-101.86991,22.10661],[-101.86769,22.11183],[-101.87111,22.11051],[-101.87028,22.1137],[-101.87054,22.1145],[-101.87332,22.11236],[-101.8754,22.11274],[-101.87924,22.10885],[-101.87766,22.11436],[-101.88205,22.11254],[-101.88403,22.10675],[-101.88634,22.10542],[-101.88657,22.10238],[-101.88267,22.09929],[-101.87964,22.09971],[-101.87821,22.09406],[-101.88112,22.09483],[-101.8805,22.09695],[-101.88331,22.09784],[-101.88179,22.09411],[-101.87858,22.09201],[-101.87508,22.09182],[-101.86981,22.08832],[-101.86385,22.08699]]],[[[-101.86338,22.08633],[-101.8638,22.08639],[-101.86617,22.08483],[-101.8643,22.07977],[-101.86525,22.07837],[-101.86271,22.07646],[-101.8565,22.07532],[-101.85661,22.07669],[-101.85668,22.07711],[-101.85673,22.07742],[-101.85645,22.07849],[-101.86004,22.08235],[-101.85763,22.08553],[-101.86041,22.08592],[-101.86238,22.08146],[-101.86427,22.08432],[-101.86338,22.08633]]],[[[-101.83358,22.05348],[-101.82972,22.05093],[-101.83048,22.05718],[-101.83103,22.05657],[-101.83151,22.05611],[-101.83356,22.05413],[-101.83358,22.05348]]],[[[-101.81427,22.04914],[-101.81392,22.04926],[-101.81033,22.05244],[-101.8147,22.05237],[-101.81427,22.04914]]],[[[-101.80931,22.04681],[-101.81069,22.04614],[-101.81086,22.04606],[-101.81472,22.04419],[-101.81475,22.0426],[-101.81107,22.04536],[-101.80818,22.04365],[-101.80931,22.04681]]],[[[-101.82038,22.04285],[-101.81639,22.04792],[-101.81664,22.05155],[-101.82074,22.04425],[-101.82441,22.04718],[-101.82448,22.04408],[-101.82038,22.04285]]],[[[-101.86754,22.0723],[-101.86552,22.07899],[-101.86621,22.08384],[-101.86749,22.07678],[-101.87019,22.07227],[-101.8742,22.07132],[-101.87642,22.07261],[-101.87872,22.07925],[-101.87728,22.07146],[-101.88001,22.07037],[-101.8772,22.06837],[-101.88094,22.06603],[-101.88012,22.06431],[-101.87692,22.06581],[-101.87389,22.06905],[-101.87157,22.06933],[-101.86754,22.0723]]],[[[-101.91329,22.09609],[-101.91467,22.0992],[-101.92068,22.09326],[-101.92247,22.09513],[-101.92301,22.09199],[-101.92016,22.09075],[-101.91654,22.092],[-101.91329,22.09609]]],[[[-102.03789,22.15975],[-102.03808,22.15956],[-102.03814,22.1598],[-102.03819,22.16],[-102.03836,22.16013],[-102.04071,22.15439],[-102.04432,22.15344],[-102.04394,22.15345],[-102.03685,22.15359],[-102.03686,22.15359],[-102.03682,22.15766],[-102.03269,22.15613],[-102.03386,22.15364],[-102.03287,22.15366],[-102.03249,22.15367],[-102.028,22.15375],[-102.01905,22.15392],[-102.01921,22.15776],[-102.02096,22.16144],[-102.0252,22.1649],[-102.02103,22.16316],[-102.01963,22.15866],[-102.01827,22.16512],[-102.01696,22.16312],[-102.01562,22.16524],[-102.01427,22.16738],[-102.01371,22.16827],[-102.01399,22.16836],[-102.02497,22.16858],[-102.02764,22.16692],[-102.03106,22.16708],[-102.03178,22.16637],[-102.03221,22.16316],[-102.03689,22.16082],[-102.03774,22.15978],[-102.03789,22.15975]],[[-102.03667,22.15359],[-102.01905,22.15392],[-102.03345,22.15365],[-102.03667,22.15359]]],[[[-102.03689,22.16082],[-102.03701,22.16077],[-102.03789,22.15975],[-102.03689,22.16082]]],[[[-101.83829,22.15404],[-101.83764,22.15404],[-101.83847,22.15487],[-101.83847,22.15473],[-101.83829,22.15404]]],[[[-101.99493,22.13632],[-101.99502,22.1371],[-101.99511,22.13786],[-101.99552,22.14129],[-101.99896,22.14198],[-102.00482,22.13878],[-102.00655,22.13594],[-102.009,22.1414],[-102.00792,22.14444],[-102.01242,22.14586],[-102.01474,22.14644],[-102.01563,22.14727],[-102.01639,22.14797],[-102.01824,22.15083],[-102.02,22.1461],[-102.02359,22.13637],[-102.02591,22.12979],[-102.02589,22.12976],[-102.02592,22.12977],[-102.02473,22.12938],[-102.01734,22.12693],[-102.01077,22.12463],[-102.00817,22.12375],[-102.0063,22.12352],[-101.98603,22.12083],[-101.9816,22.11854],[-101.97552,22.12215],[-101.97452,22.11892],[-101.97129,22.12313],[-101.97209,22.13032],[-101.97685,22.13548],[-101.98291,22.13277],[-101.98412,22.13361],[-101.99356,22.13265],[-101.9949,22.13613],[-101.99493,22.13632]]],[[[-101.87037,22.04646],[-101.86949,22.04586],[-101.86759,22.04461],[-101.86634,22.04349],[-101.86584,22.04895],[-101.87011,22.04724],[-101.87037,22.04646]]],[[[-101.86116,22.04757],[-101.86042,22.04664],[-101.85975,22.04617],[-101.85967,22.0458],[-101.85568,22.04553],[-101.85495,22.0418],[-101.85063,22.04343],[-101.8512,22.04818],[-101.85573,22.04804],[-101.85772,22.04973],[-101.86116,22.04757]]],[[[-101.87113,22.16325],[-101.87094,22.1632],[-101.87098,22.16333],[-101.87113,22.16325]]],[[[-101.95301,22.10115],[-101.95291,22.10108],[-101.951,22.09982],[-101.94845,22.09819],[-101.94231,22.10146],[-101.94429,22.10589],[-101.94691,22.10163],[-101.95009,22.10375],[-101.95301,22.10115]]],[[[-101.95872,22.11538],[-101.96238,22.11166],[-101.96175,22.11042],[-101.95851,22.11153],[-101.95872,22.11538]]],[[[-101.94982,22.14753],[-101.95213,22.14697],[-101.95267,22.14313],[-101.94929,22.14609],[-101.94982,22.14753]]],[[[-101.94795,22.1528],[-101.94787,22.15232],[-101.94489,22.14833],[-101.94268,22.15167],[-101.94511,22.15291],[-101.94336,22.15502],[-101.94695,22.15768],[-101.95028,22.15694],[-101.94838,22.15344],[-101.94795,22.1528]]],[[[-101.95108,22.18088],[-101.95251,22.18109],[-101.95732,22.16983],[-101.95629,22.16673],[-101.95281,22.16725],[-101.95554,22.172],[-101.95274,22.17479],[-101.95108,22.18088]]],[[[-101.94521,22.17344],[-101.9462,22.17463],[-101.94866,22.17215],[-101.94521,22.17344]]],[[[-101.94378,22.1666],[-101.94898,22.16487],[-101.94718,22.16378],[-101.94378,22.1666]]],[[[-101.95192,22.16451],[-101.94922,22.16257],[-101.95026,22.16681],[-101.95192,22.16451]]],[[[-101.94044,22.15796],[-101.9415,22.15606],[-101.93706,22.15582],[-101.94044,22.15796]]],[[[-101.97842,22.14155],[-101.97857,22.14251],[-101.98449,22.14446],[-101.98331,22.14243],[-101.98306,22.142],[-101.98145,22.13922],[-101.97842,22.14155]]],[[[-101.94133,22.11529],[-101.94333,22.11368],[-101.93435,22.11141],[-101.93139,22.1133],[-101.93461,22.11332],[-101.94133,22.11529]]],[[[-101.92751,22.10952],[-101.93163,22.10948],[-101.93697,22.10574],[-101.93269,22.10661],[-101.92751,22.10952]]],[[[-101.96247,23.83307],[-101.96351,23.8321],[-101.961,23.833],[-101.96201,23.83319],[-101.96247,23.83307]]],[[[-102.10436,23.4672],[-102.10468,23.4673],[-102.10927,23.46727],[-102.10846,23.47059],[-102.11613,23.47921],[-102.11947,23.48074],[-102.12137,23.48334],[-102.1235,23.48067],[-102.11598,23.46801],[-102.11343,23.46889],[-102.1124,23.46669],[-102.11418,23.46498],[-102.11212,23.46167],[-102.10818,23.46232],[-102.10508,23.45966],[-102.11001,23.45818],[-102.10707,23.45323],[-102.10183,23.45344],[-102.10034,23.45061],[-102.09634,23.44932],[-102.10241,23.44547],[-102.08935,23.42381],[-102.08927,23.42646],[-102.08586,23.43247],[-102.08399,23.43737],[-102.09019,23.45163],[-102.08673,23.45191],[-102.08745,23.45422],[-102.09159,23.45629],[-102.09326,23.45342],[-102.09531,23.4533],[-102.09527,23.45991],[-102.09689,23.46155],[-102.09793,23.46259],[-102.09998,23.46423],[-102.10409,23.46517],[-102.10436,23.4672]],[[-102.09805,23.45999],[-102.0987,23.45734],[-102.10172,23.45756],[-102.1013,23.46015],[-102.09805,23.45999]]],[[[-102.12699,23.46303],[-102.13079,23.46728],[-102.132,23.46505],[-102.13278,23.45834],[-102.13389,23.45631],[-102.13334,23.44717],[-102.13807,23.43424],[-102.14777,23.42754],[-102.15323,23.42585],[-102.15693,23.42171],[-102.16184,23.41814],[-102.16371,23.41013],[-102.16717,23.40518],[-102.16853,23.40278],[-102.16613,23.39375],[-102.16866,23.38974],[-102.16866,23.38919],[-102.16867,23.38799],[-102.16872,23.37643],[-102.1679,23.37646],[-102.16696,23.3768],[-102.16626,23.37943],[-102.16351,23.37928],[-102.16428,23.38485],[-102.16151,23.3826],[-102.15546,23.3842],[-102.15523,23.38209],[-102.15801,23.38095],[-102.16284,23.3811],[-102.16243,23.37841],[-102.16027,23.37801],[-102.1588,23.37774],[-102.15807,23.37761],[-102.15743,23.37749],[-102.15538,23.37712],[-102.15489,23.37703],[-102.15184,23.37453],[-102.14985,23.3756],[-102.14608,23.37431],[-102.14629,23.37263],[-102.14296,23.37156],[-102.14163,23.37301],[-102.13947,23.37469],[-102.13263,23.37968],[-102.12366,23.38428],[-102.11696,23.3868],[-102.10119,23.39117],[-102.10263,23.39594],[-102.09945,23.39991],[-102.09762,23.39676],[-102.09381,23.39472],[-102.09453,23.39322],[-102.09791,23.39375],[-102.09703,23.39177],[-102.09345,23.39176],[-102.09196,23.39174],[-102.0728,23.39341],[-102.06166,23.39187],[-102.05379,23.3896],[-102.05054,23.38846],[-102.0375,23.38575],[-102.03758,23.38905],[-102.04448,23.39005],[-102.04451,23.39342],[-102.04221,23.39511],[-102.04097,23.40308],[-102.03875,23.40437],[-102.0394,23.3986],[-102.03586,23.39573],[-102.03446,23.39256],[-102.0253,23.392],[-102.02155,23.39314],[-102.0226,23.39972],[-102.02429,23.40099],[-102.02962,23.39698],[-102.03076,23.39463],[-102.03441,23.39469],[-102.03233,23.40078],[-102.02615,23.40721],[-102.02301,23.40943],[-102.01749,23.41552],[-102.01934,23.42175],[-102.01835,23.42229],[-102.01862,23.42757],[-102.02991,23.42418],[-102.03746,23.42475],[-102.03844,23.42502],[-102.04295,23.42608],[-102.04916,23.43041],[-102.05269,23.43407],[-102.05212,23.43082],[-102.05467,23.43137],[-102.0542,23.42897],[-102.06081,23.42902],[-102.0605,23.42162],[-102.05706,23.42162],[-102.05692,23.4197],[-102.06152,23.41703],[-102.06084,23.41291],[-102.06303,23.41273],[-102.06325,23.41601],[-102.06864,23.41303],[-102.06917,23.41568],[-102.06497,23.41515],[-102.06273,23.42037],[-102.06924,23.42128],[-102.06945,23.42327],[-102.06341,23.42253],[-102.06378,23.42541],[-102.06945,23.42608],[-102.06784,23.42762],[-102.06772,23.43433],[-102.07159,23.43449],[-102.07197,23.43176],[-102.06991,23.43163],[-102.06982,23.42777],[-102.07197,23.42901],[-102.07174,23.42637],[-102.07476,23.42656],[-102.07391,23.43003],[-102.0771,23.43104],[-102.08138,23.43002],[-102.08078,23.42774],[-102.07809,23.42719],[-102.07721,23.42454],[-102.08023,23.42387],[-102.07929,23.41907],[-102.07733,23.41714],[-102.0745,23.42089],[-102.0726,23.4138],[-102.07335,23.41238],[-102.07095,23.40702],[-102.08115,23.40239],[-102.09267,23.40053],[-102.09521,23.40167],[-102.09145,23.40437],[-102.09131,23.40638],[-102.09466,23.40659],[-102.09472,23.41072],[-102.09139,23.41077],[-102.08959,23.41478],[-102.09072,23.42243],[-102.08987,23.42394],[-102.10257,23.44494],[-102.10747,23.44082],[-102.1076,23.44609],[-102.10365,23.44655],[-102.10688,23.4521],[-102.1124,23.45129],[-102.11281,23.45294],[-102.10788,23.45374],[-102.11007,23.45733],[-102.11419,23.45984],[-102.11281,23.46186],[-102.1185,23.46103],[-102.11645,23.46479],[-102.11486,23.46502],[-102.12185,23.47698],[-102.11967,23.47199],[-102.12197,23.46775],[-102.12309,23.46176],[-102.12582,23.46172],[-102.12649,23.45083],[-102.12413,23.4494],[-102.12888,23.44955],[-102.12712,23.45659],[-102.12818,23.45731],[-102.12699,23.46303]],[[-102.1221,23.44781],[-102.11896,23.44699],[-102.11753,23.44371],[-102.11157,23.44414],[-102.10949,23.44066],[-102.11534,23.44113],[-102.11716,23.43768],[-102.11479,23.42888],[-102.11638,23.43016],[-102.1173,23.43453],[-102.12039,23.43792],[-102.12449,23.43969],[-102.12407,23.44758],[-102.1221,23.44781]],[[-102.09979,23.43282],[-102.09795,23.43202],[-102.09684,23.42669],[-102.10048,23.42674],[-102.10152,23.42996],[-102.10539,23.42966],[-102.10581,23.42787],[-102.10192,23.42797],[-102.10476,23.42574],[-102.10264,23.42522],[-102.10246,23.42046],[-102.10443,23.41713],[-102.10926,23.41797],[-102.11115,23.42428],[-102.10798,23.42918],[-102.10144,23.43574],[-102.09979,23.43282]],[[-102.13141,23.43234],[-102.13117,23.42955],[-102.1285,23.4256],[-102.13001,23.42143],[-102.13491,23.41886],[-102.13338,23.4149],[-102.13524,23.4143],[-102.13951,23.41627],[-102.13857,23.41315],[-102.14707,23.41443],[-102.14993,23.41594],[-102.1485,23.41795],[-102.13977,23.41787],[-102.1361,23.4227],[-102.1368,23.42531],[-102.13926,23.42493],[-102.13396,23.43128],[-102.13141,23.43234]],[[-102.14979,23.40862],[-102.15127,23.40733],[-102.1521,23.40218],[-102.14693,23.40399],[-102.14393,23.40325],[-102.14489,23.40097],[-102.14144,23.40114],[-102.14268,23.40265],[-102.13864,23.40248],[-102.14543,23.39677],[-102.1472,23.39741],[-102.14598,23.40032],[-102.14973,23.40137],[-102.15243,23.39985],[-102.15556,23.40199],[-102.15123,23.40888],[-102.14979,23.40862]],[[-102.11036,23.40671],[-102.10928,23.40448],[-102.11199,23.40461],[-102.11246,23.40139],[-102.11577,23.39978],[-102.1157,23.40697],[-102.11036,23.40671]],[[-102.09858,23.40592],[-102.10076,23.40258],[-102.10177,23.40571],[-102.09858,23.40592]],[[-102.10924,23.39765],[-102.11015,23.39513],[-102.11395,23.39546],[-102.11288,23.39738],[-102.10924,23.39765]],[[-102.11488,23.39373],[-102.11465,23.38948],[-102.11727,23.38744],[-102.1166,23.39042],[-102.11694,23.39772],[-102.11488,23.39373]],[[-102.15909,23.39404],[-102.1633,23.38857],[-102.16288,23.39339],[-102.15909,23.39404]],[[-102.15159,23.39179],[-102.15366,23.39123],[-102.15307,23.38695],[-102.14949,23.38283],[-102.14744,23.38564],[-102.14419,23.38611],[-102.14317,23.38295],[-102.14488,23.37959],[-102.14032,23.37888],[-102.1411,23.37693],[-102.14575,23.37632],[-102.14781,23.37845],[-102.1458,23.38291],[-102.14728,23.38302],[-102.14948,23.3793],[-102.157,23.39185],[-102.15159,23.39179]],[[-102.13887,23.38029],[-102.1393,23.38716],[-102.13672,23.38705],[-102.13887,23.38029]]],[[[-102.13167,23.42595],[-102.13588,23.42638],[-102.13202,23.42368],[-102.13167,23.42595]]],[[[-102.27131,23.3974],[-102.26994,23.39665],[-102.26821,23.40106],[-102.27301,23.40306],[-102.27528,23.39639],[-102.27226,23.39791],[-102.27131,23.3974]]],[[[-102.32228,23.38639],[-102.3254,23.38495],[-102.33852,23.38597],[-102.34041,23.38809],[-102.34827,23.36519],[-102.34553,23.37156],[-102.34397,23.37145],[-102.34518,23.36405],[-102.34361,23.36554],[-102.33287,23.3642],[-102.33245,23.36997],[-102.3078,23.36657],[-102.30581,23.37862],[-102.30992,23.37971],[-102.30968,23.38193],[-102.31553,23.38353],[-102.31328,23.38989],[-102.32095,23.387],[-102.32228,23.38639]]],[[[-102.54314,23.32956],[-102.54482,23.3289],[-102.55954,23.32205],[-102.56898,23.3202],[-102.58291,23.31643],[-102.58076,23.31437],[-102.57967,23.30215],[-102.58244,23.29851],[-102.58373,23.29452],[-102.58931,23.29361],[-102.58626,23.27832],[-102.57238,23.27894],[-102.57306,23.29153],[-102.56849,23.2925],[-102.5531,23.29381],[-102.54568,23.2956],[-102.5454,23.28928],[-102.54322,23.28972],[-102.54343,23.28525],[-102.54108,23.28288],[-102.54119,23.2898],[-102.53744,23.28815],[-102.53694,23.28088],[-102.52665,23.28141],[-102.52793,23.29035],[-102.53448,23.29004],[-102.53597,23.2914],[-102.53538,23.29933],[-102.54501,23.29903],[-102.54571,23.31795],[-102.54636,23.32391],[-102.54021,23.32239],[-102.53975,23.32128],[-102.53407,23.32097],[-102.53008,23.31755],[-102.53465,23.31609],[-102.53538,23.31811],[-102.54173,23.31775],[-102.53979,23.31454],[-102.54118,23.3104],[-102.53729,23.31416],[-102.53225,23.31437],[-102.52969,23.31651],[-102.52757,23.31448],[-102.52189,23.31292],[-102.51501,23.30977],[-102.51521,23.30727],[-102.52597,23.30613],[-102.53173,23.30265],[-102.53896,23.30099],[-102.535,23.30058],[-102.52623,23.3043],[-102.52113,23.30514],[-102.51879,23.30423],[-102.51088,23.30672],[-102.50831,23.30708],[-102.50668,23.30843],[-102.50498,23.30638],[-102.504,23.30691],[-102.5014,23.30842],[-102.4981,23.30745],[-102.49589,23.30761],[-102.50262,23.30976],[-102.50656,23.30975],[-102.51642,23.31356],[-102.52284,23.31507],[-102.52901,23.31855],[-102.53026,23.32068],[-102.52687,23.32217],[-102.53082,23.3249],[-102.53437,23.32382],[-102.53197,23.32198],[-102.53673,23.32563],[-102.53523,23.33095],[-102.53707,23.33195],[-102.54274,23.32972],[-102.54314,23.32956]]],[[[-102.43975,23.32499],[-102.44324,23.32932],[-102.44343,23.33141],[-102.44721,23.33169],[-102.4454,23.3295],[-102.44154,23.31991],[-102.44312,23.32151],[-102.44511,23.31991],[-102.44833,23.32161],[-102.44988,23.32507],[-102.44518,23.32131],[-102.44401,23.32191],[-102.44611,23.32833],[-102.44775,23.32777],[-102.44855,23.33179],[-102.45872,23.33255],[-102.46283,23.33122],[-102.46614,23.33503],[-102.46626,23.34004],[-102.46839,23.34225],[-102.4785,23.34315],[-102.47689,23.33691],[-102.47157,23.33645],[-102.47159,23.3346],[-102.46497,23.33149],[-102.4797,23.31702],[-102.47186,23.30894],[-102.46651,23.29834],[-102.45825,23.29799],[-102.45453,23.29856],[-102.44518,23.29783],[-102.44545,23.2992],[-102.44138,23.30105],[-102.44048,23.30786],[-102.4429,23.30516],[-102.44518,23.30909],[-102.44043,23.30872],[-102.44163,23.3118],[-102.44581,23.31046],[-102.44283,23.31408],[-102.43872,23.31121],[-102.43835,23.31413],[-102.43997,23.31711],[-102.43832,23.32014],[-102.43815,23.31608],[-102.43641,23.31217],[-102.43352,23.31485],[-102.43667,23.31888],[-102.43878,23.32301],[-102.43975,23.32499]]],[[[-102.28836,23.24285],[-102.28797,23.24781],[-102.29184,23.24876],[-102.29233,23.24051],[-102.28862,23.24032],[-102.28848,23.24173],[-102.28836,23.24285]]],[[[-102.32778,23.18885],[-102.32865,23.19235],[-102.33017,23.19362],[-102.33061,23.18893],[-102.33853,23.18945],[-102.34072,23.18425],[-102.34135,23.17971],[-102.34293,23.17957],[-102.34211,23.18435],[-102.34618,23.18421],[-102.34841,23.18629],[-102.3501,23.185],[-102.34813,23.18288],[-102.35204,23.18235],[-102.3499,23.17679],[-102.34128,23.17518],[-102.34055,23.17874],[-102.33641,23.17747],[-102.33498,23.1805],[-102.33269,23.178],[-102.32802,23.17718],[-102.33047,23.17955],[-102.3292,23.18266],[-102.32786,23.17812],[-102.32001,23.1779],[-102.31985,23.1794],[-102.31618,23.17929],[-102.31693,23.18542],[-102.31895,23.18735],[-102.32632,23.18584],[-102.32737,23.188],[-102.32778,23.18885]]],[[[-102.22917,23.12628],[-102.22855,23.12769],[-102.22948,23.14204],[-102.23425,23.13805],[-102.2348,23.13479],[-102.23707,23.13352],[-102.23624,23.13004],[-102.23871,23.12451],[-102.24291,23.12557],[-102.24237,23.12304],[-102.2391,23.12207],[-102.24007,23.11878],[-102.24467,23.12327],[-102.24486,23.12762],[-102.25002,23.12519],[-102.24995,23.1234],[-102.25393,23.12273],[-102.25522,23.1192],[-102.25188,23.11969],[-102.25399,23.11578],[-102.25685,23.11543],[-102.25612,23.11829],[-102.25784,23.12041],[-102.26176,23.11975],[-102.26245,23.11266],[-102.26511,23.10847],[-102.2666,23.11753],[-102.26954,23.1196],[-102.26838,23.1213],[-102.26988,23.12396],[-102.26807,23.13273],[-102.27184,23.13583],[-102.26778,23.13654],[-102.26627,23.12719],[-102.26386,23.12823],[-102.26544,23.13398],[-102.26495,23.13944],[-102.26344,23.14508],[-102.26045,23.14747],[-102.26421,23.14807],[-102.26696,23.14706],[-102.2707,23.14954],[-102.26666,23.15538],[-102.27342,23.15665],[-102.2786,23.15614],[-102.27807,23.15763],[-102.28172,23.1584],[-102.28403,23.15526],[-102.27956,23.16606],[-102.2828,23.16949],[-102.28377,23.16789],[-102.28789,23.16925],[-102.29029,23.17415],[-102.2877,23.17502],[-102.28739,23.17666],[-102.29233,23.17892],[-102.28797,23.18567],[-102.28603,23.18499],[-102.28366,23.18885],[-102.29257,23.19008],[-102.29368,23.18475],[-102.29602,23.1849],[-102.29747,23.18208],[-102.29701,23.18737],[-102.29424,23.1872],[-102.29366,23.19028],[-102.30389,23.19199],[-102.30026,23.20098],[-102.30554,23.20116],[-102.30673,23.19885],[-102.3045,23.19819],[-102.30492,23.19426],[-102.30758,23.19721],[-102.31025,23.19781],[-102.31019,23.19469],[-102.31015,23.19287],[-102.30844,23.18769],[-102.29846,23.18106],[-102.29858,23.17525],[-102.30077,23.17529],[-102.29636,23.17381],[-102.29804,23.17013],[-102.29744,23.16509],[-102.29207,23.16157],[-102.28675,23.15262],[-102.28686,23.14753],[-102.29665,23.1505],[-102.30003,23.14698],[-102.30084,23.14215],[-102.29126,23.13654],[-102.2921,23.13358],[-102.29103,23.13028],[-102.28383,23.13483],[-102.27807,23.14295],[-102.2752,23.14261],[-102.27691,23.13425],[-102.27671,23.12454],[-102.28181,23.11463],[-102.28285,23.11144],[-102.28264,23.10134],[-102.28627,23.09864],[-102.28319,23.09383],[-102.27777,23.09534],[-102.27735,23.09086],[-102.2736,23.09272],[-102.27374,23.09783],[-102.27012,23.09998],[-102.27154,23.09206],[-102.27313,23.0919],[-102.27392,23.08572],[-102.26872,23.08401],[-102.27034,23.08178],[-102.26997,23.07815],[-102.26751,23.07701],[-102.26861,23.07276],[-102.26344,23.07626],[-102.2635,23.07933],[-102.26513,23.07926],[-102.26526,23.08283],[-102.26354,23.08137],[-102.26369,23.08861],[-102.25853,23.092],[-102.25661,23.09431],[-102.26233,23.09348],[-102.25837,23.09587],[-102.25522,23.096],[-102.25433,23.09707],[-102.25446,23.10362],[-102.25013,23.10779],[-102.25025,23.1137],[-102.25028,23.11499],[-102.25031,23.11676],[-102.24614,23.11781],[-102.24534,23.11126],[-102.23946,23.11075],[-102.23968,23.11339],[-102.23772,23.11431],[-102.23886,23.10976],[-102.23884,23.1038],[-102.24348,23.10462],[-102.24364,23.10642],[-102.2484,23.08849],[-102.24544,23.08864],[-102.24362,23.09096],[-102.24551,23.08272],[-102.24149,23.09056],[-102.23965,23.09049],[-102.23747,23.09527],[-102.23557,23.09844],[-102.23329,23.10687],[-102.23728,23.10766],[-102.23431,23.11455],[-102.233,23.11754],[-102.23182,23.12023],[-102.23151,23.12094],[-102.23147,23.12103],[-102.23123,23.12157],[-102.23198,23.12444],[-102.22917,23.12628]],[[-102.25798,23.11063],[-102.25345,23.10859],[-102.25609,23.10507],[-102.25824,23.10688],[-102.26438,23.0993],[-102.26221,23.10731],[-102.25798,23.11063]],[[-102.27374,23.10777],[-102.2739,23.10025],[-102.27604,23.09904],[-102.27701,23.10662],[-102.27374,23.10777]],[[-102.26581,23.09151],[-102.26784,23.08946],[-102.2692,23.09124],[-102.26607,23.09502],[-102.26581,23.09151]]],[[[-102.32797,23.0866],[-102.32432,23.0915],[-102.32769,23.09705],[-102.33331,23.09887],[-102.3343,23.10247],[-102.33124,23.10698],[-102.32978,23.11148],[-102.32344,23.11302],[-102.32347,23.11783],[-102.32597,23.12079],[-102.32347,23.12447],[-102.3204,23.1317],[-102.32266,23.1328],[-102.32597,23.14015],[-102.32055,23.14121],[-102.31746,23.14691],[-102.32018,23.15152],[-102.32334,23.1468],[-102.32609,23.14691],[-102.32456,23.14955],[-102.32604,23.15173],[-102.32902,23.14584],[-102.32933,23.14032],[-102.33375,23.14027],[-102.34278,23.13741],[-102.34196,23.14019],[-102.34502,23.14043],[-102.34297,23.13742],[-102.34287,23.1326],[-102.34083,23.12928],[-102.3356,23.12585],[-102.33491,23.12661],[-102.33968,23.13127],[-102.33779,23.13465],[-102.33303,23.13411],[-102.33298,23.1281],[-102.32985,23.12795],[-102.33079,23.12336],[-102.33056,23.11823],[-102.33234,23.11936],[-102.33278,23.11808],[-102.34258,23.11947],[-102.34309,23.11758],[-102.35188,23.11875],[-102.35244,23.11686],[-102.35819,23.11633],[-102.35788,23.1201],[-102.35169,23.11981],[-102.35138,23.12079],[-102.35741,23.12257],[-102.35923,23.1204],[-102.35872,23.12619],[-102.36613,23.12613],[-102.36494,23.13276],[-102.36564,23.13684],[-102.36279,23.13616],[-102.36231,23.14583],[-102.37135,23.14349],[-102.3716,23.14865],[-102.36865,23.15058],[-102.36276,23.15261],[-102.36405,23.15693],[-102.37146,23.15814],[-102.3748,23.16113],[-102.37768,23.16007],[-102.37918,23.15674],[-102.38442,23.15745],[-102.38586,23.16005],[-102.38474,23.16275],[-102.38041,23.16276],[-102.38031,23.16544],[-102.38608,23.16775],[-102.38462,23.17227],[-102.38721,23.17385],[-102.38641,23.17549],[-102.38212,23.17465],[-102.38171,23.17246],[-102.3733,23.17129],[-102.37241,23.17317],[-102.37649,23.17619],[-102.37581,23.18183],[-102.38307,23.1828],[-102.38481,23.17805],[-102.38928,23.17804],[-102.38922,23.17573],[-102.39156,23.17568],[-102.39167,23.18423],[-102.40849,23.1609],[-102.40883,23.15404],[-102.41217,23.15572],[-102.42206,23.14217],[-102.42255,23.13608],[-102.42075,23.13435],[-102.41262,23.13451],[-102.40509,23.14114],[-102.40086,23.14196],[-102.39843,23.13683],[-102.40113,23.13159],[-102.40509,23.12865],[-102.40674,23.12447],[-102.41007,23.11955],[-102.41173,23.10865],[-102.41758,23.09951],[-102.4181,23.09471],[-102.41983,23.09035],[-102.42422,23.09368],[-102.42698,23.0945],[-102.42866,23.08761],[-102.42939,23.08463],[-102.43458,23.07806],[-102.43671,23.06619],[-102.43931,23.05933],[-102.43916,23.0519],[-102.43666,23.0495],[-102.43413,23.04955],[-102.42952,23.05193],[-102.42366,23.06086],[-102.42001,23.06202],[-102.41727,23.05917],[-102.42122,23.05265],[-102.42256,23.04894],[-102.41838,23.04281],[-102.41849,23.03717],[-102.41624,23.03385],[-102.4075,23.03954],[-102.40759,23.03491],[-102.41282,23.02844],[-102.42726,23.01897],[-102.4365,23.01694],[-102.44177,23.01874],[-102.44409,23.02115],[-102.44246,23.02913],[-102.43836,23.03624],[-102.44027,23.03954],[-102.44965,23.02978],[-102.4553,23.02642],[-102.45669,23.02396],[-102.45273,23.01874],[-102.45088,23.01278],[-102.45269,23.0075],[-102.4379,23.0046],[-102.4306,23.00946],[-102.42757,23.0079],[-102.42103,23.00699],[-102.41105,23.00036],[-102.4063,23.00198],[-102.39736,23.0074],[-102.39509,23.00623],[-102.39172,23.0079],[-102.38999,23.00434],[-102.3901,22.99874],[-102.38789,22.9923],[-102.38205,22.98668],[-102.37172,22.99312],[-102.36991,22.9942],[-102.36359,22.99587],[-102.36561,22.99738],[-102.36559,23.00037],[-102.37099,23.00157],[-102.36498,23.0087],[-102.36938,23.00715],[-102.37133,23.00452],[-102.37421,23.00709],[-102.37128,23.00664],[-102.37353,23.00914],[-102.37435,23.00731],[-102.37759,23.01115],[-102.38092,23.01279],[-102.38549,23.00922],[-102.39074,23.01227],[-102.392,23.01849],[-102.38861,23.03203],[-102.38763,23.03975],[-102.3838,23.04549],[-102.38091,23.04469],[-102.38023,23.04693],[-102.37824,23.0454],[-102.37428,23.04711],[-102.37221,23.05128],[-102.37506,23.05218],[-102.37554,23.05549],[-102.37374,23.05946],[-102.36323,23.05549],[-102.36267,23.05528],[-102.36247,23.05403],[-102.36162,23.05487],[-102.3586,23.05492],[-102.35755,23.05119],[-102.35707,23.04155],[-102.35477,23.04145],[-102.35537,23.03827],[-102.36011,23.0382],[-102.36139,23.03459],[-102.35842,23.0345],[-102.36,23.02821],[-102.35434,23.02742],[-102.35199,23.03442],[-102.34842,23.03434],[-102.34953,23.02375],[-102.35991,23.02361],[-102.3599,23.02301],[-102.35983,23.02129],[-102.35681,23.01994],[-102.35657,23.01993],[-102.35642,23.01992],[-102.3555,23.01841],[-102.35437,23.01654],[-102.355,23.01302],[-102.35252,23.01295],[-102.35267,23.0084],[-102.35462,23.0084],[-102.35506,23.00766],[-102.35592,23.00587],[-102.35666,23.00484],[-102.35672,23.00467],[-102.35694,23.0033],[-102.35808,23.00036],[-102.35828,22.9998],[-102.35825,22.99983],[-102.35308,23.00583],[-102.34376,23.01137],[-102.34613,23.01829],[-102.34481,23.02213],[-102.33572,23.02887],[-102.33196,23.03278],[-102.33033,23.03704],[-102.33988,23.03377],[-102.34115,23.04159],[-102.34582,23.03918],[-102.34845,23.0513],[-102.34339,23.05633],[-102.33601,23.05618],[-102.33259,23.05735],[-102.33273,23.06443],[-102.33022,23.06774],[-102.33019,23.06815],[-102.33151,23.07459],[-102.32836,23.07922],[-102.32998,23.08395],[-102.32805,23.0865],[-102.33554,23.0802],[-102.34324,23.0898],[-102.34536,23.08818],[-102.34371,23.08511],[-102.34625,23.08364],[-102.3474,23.08023],[-102.35211,23.07819],[-102.35042,23.06843],[-102.34917,23.06744],[-102.35278,23.06467],[-102.35221,23.06245],[-102.35473,23.06288],[-102.35552,23.06301],[-102.35547,23.06496],[-102.35523,23.0729],[-102.35592,23.07855],[-102.35531,23.09097],[-102.35393,23.10348],[-102.36845,23.10605],[-102.36789,23.10835],[-102.36438,23.10813],[-102.36388,23.11039],[-102.36721,23.11059],[-102.37032,23.10905],[-102.37062,23.11161],[-102.36756,23.11139],[-102.36794,23.12041],[-102.36625,23.12273],[-102.36372,23.12013],[-102.36684,23.12008],[-102.36584,23.11585],[-102.36258,23.11546],[-102.3638,23.11045],[-102.35293,23.10954],[-102.35486,23.10639],[-102.3532,23.10362],[-102.35093,23.1069],[-102.34943,23.10443],[-102.35058,23.10822],[-102.34407,23.10804],[-102.34509,23.10305],[-102.34298,23.10295],[-102.34312,23.09936],[-102.34052,23.09783],[-102.34142,23.0954],[-102.32797,23.0866]],[[-102.41282,23.14812],[-102.4032,23.14643],[-102.40615,23.1451],[-102.40764,23.1411],[-102.40868,23.14278],[-102.40749,23.14639],[-102.41593,23.14637],[-102.41461,23.14904],[-102.41282,23.14812]],[[-102.39055,23.10858],[-102.39047,23.09661],[-102.39574,23.09676],[-102.39239,23.10263],[-102.39425,23.10279],[-102.39055,23.10858]],[[-102.39457,23.10268],[-102.39508,23.10026],[-102.39824,23.09929],[-102.3972,23.10227],[-102.3992,23.10248],[-102.39886,23.1054],[-102.3962,23.10515],[-102.39457,23.10268]],[[-102.36846,23.09822],[-102.37241,23.09422],[-102.37678,23.0937],[-102.37421,23.09805],[-102.37191,23.10414],[-102.36841,23.10343],[-102.36846,23.09822]],[[-102.39179,23.05675],[-102.39093,23.05321],[-102.38674,23.056],[-102.38459,23.05542],[-102.38691,23.05171],[-102.39061,23.05096],[-102.39531,23.05375],[-102.39267,23.05427],[-102.39179,23.05675]],[[-102.36904,22.99875],[-102.36645,22.99878],[-102.36776,22.99634],[-102.37189,22.99666],[-102.36904,22.99875]]],[[[-102.24529,23.11091],[-102.24421,23.10781],[-102.24342,23.111],[-102.24529,23.11091]]],[[[-102.2312,23.10521],[-102.23045,23.10623],[-102.23147,23.10662],[-102.2312,23.10521]]],[[[-102.49245,23.08071],[-102.48908,23.08728],[-102.4837,23.08611],[-102.47867,23.08621],[-102.47447,23.08907],[-102.4632,23.10052],[-102.46206,23.10226],[-102.45929,23.10648],[-102.45864,23.11516],[-102.45975,23.11363],[-102.46367,23.11554],[-102.46762,23.10358],[-102.46798,23.10242],[-102.46966,23.09709],[-102.47001,23.09597],[-102.47026,23.09488],[-102.47794,23.09438],[-102.48306,23.09445],[-102.48166,23.09719],[-102.47902,23.09605],[-102.47752,23.10229],[-102.47587,23.10379],[-102.47781,23.10636],[-102.48643,23.10678],[-102.4885,23.1055],[-102.48714,23.10964],[-102.48514,23.11083],[-102.48006,23.10902],[-102.47917,23.11261],[-102.48104,23.11127],[-102.48495,23.11505],[-102.4892,23.11211],[-102.48781,23.11581],[-102.49034,23.1193],[-102.49318,23.11385],[-102.49437,23.11423],[-102.49509,23.10741],[-102.4977,23.10405],[-102.4923,23.10295],[-102.4956,23.10071],[-102.49466,23.1033],[-102.49775,23.10358],[-102.49894,23.09976],[-102.49579,23.09671],[-102.49849,23.09426],[-102.49838,23.0856],[-102.5018,23.08879],[-102.50002,23.08404],[-102.50415,23.08209],[-102.50695,23.07932],[-102.5073,23.07906],[-102.50787,23.07862],[-102.51399,23.07516],[-102.49848,23.05042],[-102.49768,23.05675],[-102.49408,23.0586],[-102.49959,23.05738],[-102.50292,23.06192],[-102.5029,23.06465],[-102.4983,23.06925],[-102.49749,23.07395],[-102.49734,23.07406],[-102.49281,23.0747],[-102.49295,23.07628],[-102.4898,23.07749],[-102.49292,23.07826],[-102.49474,23.07698],[-102.49387,23.08104],[-102.49245,23.08071]],[[-102.48801,23.09979],[-102.48796,23.09431],[-102.49125,23.09433],[-102.48966,23.09708],[-102.49056,23.09952],[-102.48801,23.09979]],[[-102.48097,23.08659],[-102.48345,23.08622],[-102.485,23.08892],[-102.47795,23.0925],[-102.47995,23.08711],[-102.48046,23.08685],[-102.48097,23.08659]]],[[[-102.48618,23.07818],[-102.48109,23.07927],[-102.4753,23.07487],[-102.4809,23.06903],[-102.4857,23.06042],[-102.48133,23.06096],[-102.48251,23.06523],[-102.47251,23.07618],[-102.47153,23.07922],[-102.47279,23.08167],[-102.47741,23.08284],[-102.48495,23.07939],[-102.48844,23.07782],[-102.48618,23.07818]]],[[[-102.36736,23.02819],[-102.37059,23.02962],[-102.36956,23.03246],[-102.37514,23.03463],[-102.37636,23.03192],[-102.37896,23.03313],[-102.38053,23.02981],[-102.38287,23.01759],[-102.38029,23.01504],[-102.38071,23.01318],[-102.37705,23.01364],[-102.37309,23.01209],[-102.36795,23.02703],[-102.36739,23.02662],[-102.36722,23.02648],[-102.367,23.02632],[-102.36411,23.03158],[-102.36643,23.03094],[-102.36736,23.02819]]],[[[-101.95634,23.82114],[-101.95762,23.83238],[-101.96085,23.83297],[-101.96097,23.82635],[-101.95753,23.82434],[-101.95634,23.82114]]],[[[-101.94669,23.82807],[-101.9463,23.82704],[-101.95206,23.82151],[-101.94903,23.82226],[-101.94555,23.82734],[-101.94669,23.82807]]],[[[-101.97023,23.37222],[-101.97028,23.37216],[-101.9687,23.3721],[-101.9687,23.37211],[-101.97023,23.37222]]],[[[-102.06051,23.43974],[-102.06914,23.44497],[-102.0693,23.44002],[-102.06712,23.43973],[-102.06736,23.43714],[-102.05951,23.43469],[-102.06051,23.43974]]],[[[-102.26548,23.28824],[-102.26458,23.29009],[-102.26458,23.2901],[-102.27222,23.29744],[-102.28167,23.28062],[-102.27726,23.28041],[-102.27005,23.29535],[-102.26631,23.29175],[-102.26743,23.28965],[-102.26548,23.28824]]],[[[-102.27078,23.27737],[-102.27088,23.27716],[-102.27026,23.27842],[-102.27023,23.27849],[-102.27023,23.27848],[-102.27078,23.27737]]],[[[-102.275,23.27258],[-102.27315,23.27248],[-102.27232,23.2742],[-102.27122,23.27648],[-102.27088,23.27716],[-102.27469,23.27742],[-102.27708,23.27273],[-102.275,23.27258]]],[[[-102.2858,23.27292],[-102.27811,23.27275],[-102.28081,23.27298],[-102.27957,23.27571],[-102.27762,23.27508],[-102.27582,23.27976],[-102.28201,23.28001],[-102.28526,23.2742],[-102.28551,23.2733],[-102.28583,23.27332],[-102.2858,23.27292]]],[[[-102.24,23.20973],[-102.24423,23.21158],[-102.24814,23.21075],[-102.24955,23.20737],[-102.25008,23.21103],[-102.24793,23.2132],[-102.25853,23.21784],[-102.26018,23.21691],[-102.26423,23.2022],[-102.25895,23.19978],[-102.25561,23.19452],[-102.25439,23.18958],[-102.25828,23.18402],[-102.25911,23.18282],[-102.25937,23.17997],[-102.25458,23.18226],[-102.25521,23.17565],[-102.24979,23.17734],[-102.251,23.17986],[-102.24581,23.18344],[-102.24859,23.18561],[-102.24036,23.18576],[-102.23946,23.20949],[-102.24,23.20973]],[[-102.24493,23.20582],[-102.24525,23.20132],[-102.24727,23.20218],[-102.24493,23.20582]]],[[[-102.24095,23.16935],[-102.24084,23.17316],[-102.24677,23.17451],[-102.249,23.17161],[-102.24779,23.16854],[-102.24896,23.16542],[-102.25075,23.16662],[-102.25753,23.16631],[-102.25913,23.16435],[-102.25919,23.16059],[-102.25714,23.15819],[-102.25395,23.16121],[-102.25518,23.15614],[-102.25331,23.15409],[-102.25594,23.15082],[-102.25377,23.14582],[-102.2555,23.13806],[-102.25743,23.13307],[-102.25298,23.13161],[-102.25222,23.13564],[-102.24889,23.13584],[-102.25076,23.13051],[-102.24573,23.13282],[-102.24237,23.13214],[-102.23858,23.14148],[-102.23458,23.1421],[-102.23378,23.14801],[-102.23045,23.14586],[-102.23294,23.15105],[-102.23519,23.14916],[-102.23494,23.14675],[-102.24574,23.14611],[-102.24239,23.14798],[-102.24244,23.15332],[-102.2396,23.15521],[-102.24031,23.15847],[-102.24381,23.15881],[-102.24511,23.15589],[-102.24682,23.157],[-102.2513,23.15657],[-102.2433,23.16661],[-102.24186,23.16508],[-102.24095,23.16935]],[[-102.24563,23.15528],[-102.24747,23.14862],[-102.25055,23.14719],[-102.2506,23.15439],[-102.24563,23.15528]]],[[[-102.32642,23.21995],[-102.31914,23.21808],[-102.3173,23.21933],[-102.32642,23.21995]]],[[[-102.33,23.2175],[-102.32766,23.22004],[-102.3299,23.22019],[-102.33,23.2175]]],[[[-102.30227,23.16903],[-102.29879,23.16636],[-102.2997,23.17151],[-102.30227,23.16903]]],[[[-102.3148,23.16789],[-102.31438,23.16678],[-102.31761,23.16242],[-102.31656,23.16218],[-102.32006,23.15237],[-102.31729,23.14721],[-102.31468,23.15202],[-102.31262,23.16048],[-102.31019,23.16726],[-102.31279,23.16701],[-102.31432,23.16295],[-102.31407,23.16806],[-102.3148,23.16789]]],[[[-102.28652,23.09846],[-102.29333,23.09341],[-102.29444,23.08999],[-102.29431,23.08373],[-102.29514,23.07741],[-102.29008,23.07617],[-102.28457,23.07043],[-102.27852,23.07453],[-102.26939,23.07223],[-102.27143,23.07653],[-102.2737,23.07556],[-102.27436,23.07836],[-102.2766,23.0759],[-102.28057,23.07672],[-102.28144,23.07891],[-102.2861,23.07847],[-102.28394,23.08119],[-102.28763,23.08105],[-102.287,23.0848],[-102.28343,23.08681],[-102.28261,23.09229],[-102.28652,23.09846]]],[[[-102.30091,23.14178],[-102.29307,23.13657],[-102.29223,23.13397],[-102.29185,23.1368],[-102.30091,23.14178]]],[[[-102.33224,23.12022],[-102.33079,23.12339],[-102.33131,23.12551],[-102.33652,23.12302],[-102.33224,23.12022]]],[[[-102.41876,23.15418],[-102.42176,23.14328],[-102.41673,23.15024],[-102.41568,23.15279],[-102.41876,23.15418]]],[[[-102.42942,23.15901],[-102.4284,23.15278],[-102.42107,23.15523],[-102.42942,23.15901]]],[[[-102.45606,23.12211],[-102.45376,23.12626],[-102.45239,23.13885],[-102.45303,23.13921],[-102.45687,23.1323],[-102.45443,23.12879],[-102.45566,23.12643],[-102.45822,23.12983],[-102.46024,23.12461],[-102.45745,23.12368],[-102.45508,23.12527],[-102.45606,23.12211]]],[[[-102.52471,23.07594],[-102.52494,23.06591],[-102.53411,23.06649],[-102.53712,23.068],[-102.54672,23.06968],[-102.55322,23.07238],[-102.55443,23.07079],[-102.56758,23.07447],[-102.56854,23.07736],[-102.56741,23.07364],[-102.56295,23.07147],[-102.56542,23.06124],[-102.56212,23.06235],[-102.55747,23.06019],[-102.52779,23.05633],[-102.52496,23.05672],[-102.52515,23.0367],[-102.52639,23.04645],[-102.52896,23.04665],[-102.52924,23.04415],[-102.53211,23.0393],[-102.53766,23.04134],[-102.53824,23.0372],[-102.53432,23.03748],[-102.53406,23.036],[-102.52514,23.03489],[-102.52508,23.00886],[-102.55812,23.0106],[-102.58236,23.01211],[-102.58409,23.00732],[-102.57944,23.00427],[-102.57282,23.00597],[-102.56351,23.0018],[-102.55683,23.00351],[-102.55401,23.00634],[-102.54141,23.00608],[-102.53742,23.0071],[-102.53201,23.00699],[-102.52386,23.00866],[-102.5204,23.00687],[-102.50167,23.03283],[-102.50165,23.03562],[-102.49924,23.03621],[-102.49567,23.04116],[-102.49962,23.04019],[-102.4975,23.04394],[-102.49961,23.04473],[-102.5015,23.0425],[-102.50319,23.04465],[-102.49731,23.04605],[-102.49688,23.04743],[-102.49984,23.05197],[-102.49976,23.04848],[-102.5021,23.0497],[-102.50023,23.0525],[-102.51422,23.07521],[-102.51727,23.07585],[-102.52471,23.07658],[-102.52471,23.07594]],[[-102.56181,23.06821],[-102.55582,23.06585],[-102.55933,23.06257],[-102.56392,23.06631],[-102.56181,23.06821]],[[-102.54986,23.06591],[-102.55226,23.06448],[-102.55229,23.06795],[-102.54986,23.06591]],[[-102.51464,23.02856],[-102.51843,23.02386],[-102.52067,23.02782],[-102.51464,23.02856]]],[[[-102.56239,23.09383],[-102.56103,23.09371],[-102.5505,23.09282],[-102.54967,23.09275],[-102.5499,23.10452],[-102.55656,23.1004],[-102.56169,23.0961],[-102.56742,23.09621],[-102.57002,23.09399],[-102.57472,23.08651],[-102.5705,23.08519],[-102.5704,23.08514],[-102.56239,23.09383]]],[[[-102.5442,23.12683],[-102.54713,23.12641],[-102.54629,23.12418],[-102.54569,23.12404],[-102.54261,23.12231],[-102.5422,23.1256],[-102.5442,23.12683]]],[[[-102.49612,23.1758],[-102.49341,23.1767],[-102.49251,23.17436],[-102.4924,23.17432],[-102.49127,23.17662],[-102.50386,23.18167],[-102.50377,23.17956],[-102.50303,23.17643],[-102.50055,23.17626],[-102.50216,23.17251],[-102.49861,23.17536],[-102.49612,23.1758]]],[[[-102.49282,23.17446],[-102.49559,23.17525],[-102.49669,23.17184],[-102.49233,23.17328],[-102.49282,23.17446]]],[[[-102.54175,23.21604],[-102.5376,23.21303],[-102.53801,23.21694],[-102.53446,23.22207],[-102.53929,23.22426],[-102.54047,23.21799],[-102.54175,23.21604]]],[[[-102.54488,23.21837],[-102.54438,23.2189],[-102.54206,23.22135],[-102.54503,23.22338],[-102.54525,23.24437],[-102.54669,23.2459],[-102.54519,23.24972],[-102.54507,23.25794],[-102.54826,23.25893],[-102.54507,23.26045],[-102.54773,23.26214],[-102.54549,23.26472],[-102.53801,23.26686],[-102.53803,23.27032],[-102.54216,23.27087],[-102.54266,23.27294],[-102.54693,23.27283],[-102.545,23.27445],[-102.54503,23.27933],[-102.55746,23.27775],[-102.55612,23.27055],[-102.55841,23.26996],[-102.55811,23.2739],[-102.55947,23.27409],[-102.56258,23.27715],[-102.57663,23.27547],[-102.57774,23.27366],[-102.5755,23.26953],[-102.57676,23.26753],[-102.5799,23.26795],[-102.58023,23.26779],[-102.57113,23.25382],[-102.57208,23.2451],[-102.56915,23.24553],[-102.57056,23.24884],[-102.56865,23.24938],[-102.56693,23.24444],[-102.57099,23.24222],[-102.5742,23.23443],[-102.57294,23.22868],[-102.57122,23.22532],[-102.56841,23.22647],[-102.56873,23.22325],[-102.5625,23.21831],[-102.56157,23.20971],[-102.55681,23.20269],[-102.55899,23.19999],[-102.54729,23.20048],[-102.54404,23.20118],[-102.54488,23.21833],[-102.54488,23.21837]],[[-102.55947,23.27409],[-102.56003,23.26639],[-102.5615,23.27207],[-102.55947,23.27409]],[[-102.54308,23.26954],[-102.54849,23.26794],[-102.55034,23.26983],[-102.54308,23.26954]],[[-102.55593,23.2342],[-102.55678,23.23157],[-102.55909,23.23373],[-102.55593,23.2342]],[[-102.56213,23.22444],[-102.5623,23.22026],[-102.56582,23.2214],[-102.56501,23.22554],[-102.56213,23.22444]],[[-102.55562,23.2093],[-102.55901,23.20911],[-102.55901,23.21311],[-102.557,23.21315],[-102.55562,23.2093]]],[[[-102.5182,23.26536],[-102.51711,23.26656],[-102.51582,23.27088],[-102.5174,23.26835],[-102.52067,23.26709],[-102.51974,23.26388],[-102.5182,23.26536]]],[[[-102.50214,23.29973],[-102.50214,23.29974],[-102.50656,23.29957],[-102.50631,23.2961],[-102.50205,23.29588],[-102.50214,23.29973]]],[[[-102.52221,23.33769],[-102.5302,23.33469],[-102.52782,23.3328],[-102.52323,23.33323],[-102.52096,23.33629],[-102.52221,23.33769]]],[[[-102.49833,23.34246],[-102.515,23.33931],[-102.51903,23.33821],[-102.51698,23.33458],[-102.52034,23.33435],[-102.52033,23.33132],[-102.52468,23.33157],[-102.52302,23.32818],[-102.52586,23.32508],[-102.52928,23.32516],[-102.52614,23.32253],[-102.52669,23.32047],[-102.51984,23.31992],[-102.51835,23.32222],[-102.51441,23.321],[-102.51378,23.3194],[-102.50192,23.31846],[-102.50145,23.3153],[-102.49808,23.3155],[-102.49812,23.32207],[-102.49391,23.32131],[-102.49586,23.32356],[-102.49655,23.32804],[-102.49911,23.32739],[-102.49659,23.33321],[-102.49451,23.32645],[-102.49077,23.32824],[-102.49687,23.34114],[-102.49833,23.34246]]],[[[-102.08832,23.83614],[-102.08949,23.83283],[-102.08603,23.83489],[-102.08832,23.83614]]],[[[-102.0965,23.81988],[-102.09864,23.81803],[-102.0973,23.81541],[-102.09445,23.81686],[-102.0965,23.81988]]],[[[-102.05117,23.82102],[-102.05273,23.82024],[-102.05018,23.81353],[-102.0525,23.81275],[-102.0479,23.80832],[-102.04171,23.80988],[-102.04307,23.81242],[-102.04527,23.81028],[-102.04952,23.81375],[-102.04627,23.81489],[-102.04489,23.81821],[-102.04966,23.81869],[-102.05117,23.82102]]],[[[-101.96895,23.81092],[-101.97203,23.80826],[-101.96976,23.80585],[-101.96624,23.80708],[-101.96895,23.81092]]],[[[-102.04909,23.64],[-102.0462,23.64071],[-102.03618,23.64762],[-102.0362,23.66316],[-102.03971,23.67062],[-102.03992,23.66302],[-102.05034,23.66413],[-102.05294,23.65951],[-102.05094,23.65357],[-102.05204,23.64956],[-102.05158,23.64464],[-102.0501,23.64409],[-102.05157,23.64028],[-102.04909,23.64]]],[[[-102.06024,23.67908],[-102.0637,23.68225],[-102.06803,23.67825],[-102.06632,23.67378],[-102.06311,23.6691],[-102.05934,23.67109],[-102.06316,23.67636],[-102.06024,23.67908]]],[[[-102.11127,23.69515],[-102.11042,23.69026],[-102.10406,23.6916],[-102.10353,23.69416],[-102.10516,23.7079],[-102.1074,23.70794],[-102.10661,23.70142],[-102.10708,23.69667],[-102.11127,23.69515]]],[[[-102.10867,23.72639],[-102.1095,23.72548],[-102.1043,23.72096],[-102.10336,23.72257],[-102.10867,23.72639]]],[[[-102.09839,23.71896],[-102.09803,23.71848],[-102.09594,23.7168],[-102.09406,23.72034],[-102.09743,23.72228],[-102.09839,23.71896]]],[[[-102.0995,23.64657],[-102.09701,23.63988],[-102.09364,23.63713],[-102.09415,23.64152],[-102.0927,23.64151],[-102.09318,23.637],[-102.08874,23.63569],[-102.0875,23.63287],[-102.08618,23.63116],[-102.0823,23.63104],[-102.08241,23.63573],[-102.0796,23.63565],[-102.07982,23.6456],[-102.07808,23.64786],[-102.08071,23.64942],[-102.07691,23.65053],[-102.0754,23.65351],[-102.08199,23.65546],[-102.08264,23.65242],[-102.09104,23.65357],[-102.09037,23.64981],[-102.08671,23.64886],[-102.09075,23.64808],[-102.09311,23.6456],[-102.09476,23.64845],[-102.10008,23.64944],[-102.09967,23.64743],[-102.0995,23.64657]],[[-102.08773,23.63911],[-102.08527,23.63921],[-102.08493,23.6353],[-102.08733,23.63741],[-102.08773,23.63911]]],[[[-102.05494,23.65889],[-102.05416,23.66089],[-102.0555,23.66727],[-102.05836,23.66742],[-102.0593,23.66213],[-102.05937,23.64411],[-102.05743,23.64889],[-102.0575,23.65819],[-102.05494,23.65889]]],[[[-102.07087,23.66188],[-102.06857,23.66354],[-102.07023,23.67106],[-102.06982,23.68519],[-102.06508,23.68534],[-102.06289,23.69389],[-102.07312,23.69706],[-102.07292,23.66353],[-102.07087,23.66188]]],[[[-102.07847,23.66444],[-102.08138,23.66349],[-102.07891,23.66196],[-102.07847,23.66444]]],[[[-102.0687,23.63073],[-102.06369,23.63155],[-102.05989,23.63418],[-102.06079,23.63566],[-102.06774,23.63567],[-102.0687,23.63073]]],[[[-102.07104,23.44584],[-102.07704,23.44873],[-102.07706,23.44627],[-102.07104,23.44584]]],[[[-102.32296,23.4118],[-102.32558,23.41164],[-102.32422,23.40913],[-102.32167,23.40854],[-102.32296,23.4118]]],[[[-102.36112,23.39873],[-102.36246,23.39843],[-102.36214,23.39113],[-102.36413,23.39145],[-102.36325,23.38856],[-102.3589,23.38695],[-102.36047,23.38239],[-102.35845,23.38303],[-102.35971,23.3793],[-102.3524,23.37732],[-102.35618,23.36713],[-102.3545,23.36667],[-102.34771,23.38597],[-102.34667,23.39162],[-102.3536,23.39305],[-102.35298,23.3961],[-102.35606,23.39705],[-102.35702,23.39968],[-102.36027,23.39893],[-102.36112,23.39873]]],[[[-102.36807,23.39766],[-102.36986,23.39742],[-102.37058,23.39354],[-102.36573,23.39194],[-102.36577,23.39446],[-102.36807,23.39766]]],[[[-102.38743,23.38482],[-102.38703,23.38575],[-102.38483,23.39372],[-102.39089,23.39147],[-102.39274,23.38982],[-102.39439,23.38461],[-102.39186,23.38735],[-102.38743,23.38482]]],[[[-102.36258,23.38383],[-102.36446,23.38891],[-102.36707,23.38828],[-102.36611,23.3834],[-102.36258,23.38383]]],[[[-102.37429,23.36037],[-102.37426,23.36031],[-102.37288,23.36238],[-102.36967,23.36155],[-102.36682,23.36499],[-102.36376,23.36274],[-102.35971,23.36589],[-102.36085,23.37035],[-102.36326,23.37366],[-102.3614,23.37938],[-102.36461,23.3805],[-102.36607,23.37655],[-102.36844,23.37716],[-102.37095,23.3746],[-102.37163,23.3663],[-102.3745,23.36332],[-102.37429,23.36037]]],[[[-102.35418,23.36253],[-102.35732,23.36273],[-102.35456,23.35996],[-102.35418,23.36253]]],[[[-102.35692,23.36021],[-102.35851,23.36072],[-102.35965,23.35611],[-102.35788,23.35611],[-102.35692,23.36021]]],[[[-102.44989,23.36023],[-102.45197,23.36031],[-102.45189,23.33642],[-102.44857,23.33645],[-102.4487,23.35858],[-102.44989,23.36023]]],[[[-102.36217,23.34997],[-102.35922,23.35056],[-102.36016,23.35313],[-102.36217,23.34997]]],[[[-102.36385,23.31832],[-102.36557,23.32857],[-102.36281,23.33313],[-102.39091,23.33313],[-102.39102,23.33857],[-102.39277,23.33538],[-102.39022,23.33163],[-102.39376,23.32866],[-102.39234,23.32825],[-102.39187,23.32384],[-102.39281,23.31748],[-102.38848,23.31671],[-102.38753,23.31942],[-102.38514,23.31833],[-102.38359,23.32489],[-102.37964,23.32339],[-102.37913,23.32878],[-102.37311,23.32846],[-102.37382,23.326],[-102.37021,23.32465],[-102.3698,23.31942],[-102.36385,23.31832]]],[[[-102.38648,23.31102],[-102.38727,23.30701],[-102.38497,23.30815],[-102.38648,23.31102]]],[[[-102.31895,23.30366],[-102.31876,23.30669],[-102.32614,23.30562],[-102.32638,23.3039],[-102.33253,23.30224],[-102.33726,23.29757],[-102.33849,23.29521],[-102.33459,23.29345],[-102.33661,23.28889],[-102.33444,23.28705],[-102.32667,23.28717],[-102.3267,23.27958],[-102.32416,23.28189],[-102.32207,23.28105],[-102.31864,23.28589],[-102.32318,23.28608],[-102.32156,23.29296],[-102.32356,23.2937],[-102.32045,23.29713],[-102.32259,23.29933],[-102.32664,23.30087],[-102.32637,23.30305],[-102.32389,23.30101],[-102.31895,23.30366]]],[[[-102.28769,23.29492],[-102.2868,23.29868],[-102.28915,23.29911],[-102.29095,23.29262],[-102.28769,23.29492]]],[[[-102.30189,23.2976],[-102.30334,23.29625],[-102.3076,23.29643],[-102.30717,23.29057],[-102.30041,23.28996],[-102.30041,23.28862],[-102.29599,23.28877],[-102.29589,23.29122],[-102.29939,23.29741],[-102.30189,23.2976]]],[[[-102.31454,23.28655],[-102.317,23.28709],[-102.31985,23.2831],[-102.31626,23.28397],[-102.31273,23.28304],[-102.31341,23.28109],[-102.31844,23.28118],[-102.31857,23.27636],[-102.31286,23.27528],[-102.30885,23.27226],[-102.30552,23.27198],[-102.30381,23.2741],[-102.30667,23.27443],[-102.30674,23.27821],[-102.30539,23.28375],[-102.31408,23.28402],[-102.31454,23.28655]]],[[[-102.36078,23.283],[-102.36169,23.284],[-102.36855,23.27829],[-102.36958,23.27234],[-102.36509,23.27302],[-102.36546,23.27613],[-102.36268,23.27546],[-102.36405,23.2717],[-102.36132,23.27208],[-102.36014,23.27637],[-102.36187,23.27694],[-102.36231,23.28092],[-102.36078,23.283]]],[[[-102.34818,23.27685],[-102.34852,23.27909],[-102.35204,23.27974],[-102.35161,23.2747],[-102.34949,23.27345],[-102.34818,23.27685]]],[[[-102.33853,23.2735],[-102.33577,23.2727],[-102.33646,23.27628],[-102.33864,23.27633],[-102.33853,23.2735]]],[[[-102.3596,23.2697],[-102.36345,23.27151],[-102.36759,23.26502],[-102.37053,23.26432],[-102.37102,23.26859],[-102.3731,23.26315],[-102.36661,23.26298],[-102.36396,23.26012],[-102.36359,23.2563],[-102.35729,23.25591],[-102.35674,23.258],[-102.36115,23.25878],[-102.3531,23.25877],[-102.35165,23.26235],[-102.36238,23.26193],[-102.36074,23.26397],[-102.35525,23.26437],[-102.35188,23.26597],[-102.35189,23.26848],[-102.35666,23.26805],[-102.35789,23.26527],[-102.36136,23.26665],[-102.3596,23.2697]]],[[[-102.34072,23.26571],[-102.34154,23.26801],[-102.34416,23.26737],[-102.34334,23.2649],[-102.34072,23.26571]]],[[[-102.29738,23.26143],[-102.304,23.26148],[-102.30419,23.25935],[-102.30814,23.25877],[-102.30855,23.25468],[-102.30708,23.25296],[-102.31145,23.25189],[-102.31112,23.25033],[-102.30376,23.25196],[-102.3035,23.25407],[-102.29792,23.25452],[-102.29738,23.26143]]],[[[-102.32075,23.25363],[-102.32467,23.25441],[-102.32309,23.25022],[-102.32075,23.25363]]],[[[-102.3261,23.24728],[-102.32262,23.24705],[-102.32439,23.25222],[-102.32553,23.25014],[-102.32886,23.25172],[-102.33158,23.25499],[-102.33151,23.25245],[-102.32793,23.24888],[-102.33397,23.24882],[-102.33356,23.24584],[-102.32968,23.24287],[-102.32949,23.24634],[-102.3261,23.24728]]],[[[-102.32321,23.24496],[-102.32476,23.24523],[-102.32672,23.24097],[-102.32321,23.24496]]],[[[-102.36398,23.21725],[-102.36407,23.21719],[-102.36566,23.21128],[-102.36691,23.21143],[-102.36775,23.2072],[-102.36614,23.2022],[-102.36624,23.20112],[-102.36803,23.19817],[-102.37506,23.1997],[-102.37539,23.20342],[-102.37702,23.20415],[-102.38102,23.19814],[-102.37752,23.19751],[-102.3769,23.19551],[-102.37062,23.19373],[-102.36899,23.18815],[-102.36327,23.18546],[-102.36033,23.18214],[-102.36299,23.18237],[-102.36929,23.18527],[-102.36943,23.1837],[-102.37288,23.18482],[-102.37298,23.18321],[-102.36512,23.17774],[-102.3626,23.17444],[-102.35817,23.17299],[-102.35816,23.17106],[-102.35502,23.16848],[-102.34529,23.16702],[-102.34575,23.16916],[-102.35038,23.17057],[-102.35005,23.17606],[-102.35469,23.17698],[-102.35436,23.18294],[-102.35332,23.18335],[-102.35403,23.1907],[-102.35256,23.19206],[-102.35569,23.19527],[-102.35696,23.20064],[-102.35867,23.20096],[-102.35804,23.20834],[-102.35517,23.20817],[-102.35252,23.21507],[-102.34467,23.21427],[-102.34144,23.21542],[-102.34649,23.21549],[-102.34796,23.21972],[-102.34899,23.21779],[-102.35249,23.21821],[-102.3531,23.21574],[-102.35591,23.21412],[-102.35579,23.21812],[-102.35287,23.22799],[-102.35156,23.22771],[-102.34464,23.23915],[-102.33772,23.24104],[-102.33836,23.24326],[-102.33607,23.24393],[-102.33773,23.25035],[-102.33509,23.25243],[-102.33594,23.25455],[-102.34032,23.25057],[-102.34085,23.2527],[-102.34394,23.25004],[-102.34279,23.24407],[-102.34376,23.24247],[-102.34409,23.24909],[-102.34971,23.24218],[-102.36167,23.22562],[-102.35921,23.22398],[-102.36035,23.2207],[-102.35929,23.22003],[-102.36346,23.21756],[-102.36398,23.21725]],[[-102.36263,23.19921],[-102.35855,23.19961],[-102.35849,23.19778],[-102.36276,23.19754],[-102.36263,23.19921]]],[[[-102.36254,23.22531],[-102.36235,23.22732],[-102.36644,23.2281],[-102.36783,23.22532],[-102.36254,23.22531]]],[[[-102.43633,23.16257],[-102.43329,23.16277],[-102.42949,23.15948],[-102.41551,23.15295],[-102.41259,23.15608],[-102.41504,23.16281],[-102.42586,23.1744],[-102.42198,23.18017],[-102.41447,23.18435],[-102.41336,23.19524],[-102.40588,23.19939],[-102.40282,23.20293],[-102.39603,23.20284],[-102.39546,23.19573],[-102.4003,23.19007],[-102.40249,23.18517],[-102.40448,23.18346],[-102.4028,23.17732],[-102.40879,23.16457],[-102.40855,23.16159],[-102.3971,23.1774],[-102.40112,23.17994],[-102.39756,23.18854],[-102.39816,23.19131],[-102.39178,23.19216],[-102.39179,23.19418],[-102.3886,23.19554],[-102.38788,23.19148],[-102.38666,23.19501],[-102.38386,23.19576],[-102.37571,23.20695],[-102.37732,23.21097],[-102.38235,23.21077],[-102.38225,23.21418],[-102.38792,23.21619],[-102.38824,23.21611],[-102.39055,23.21497],[-102.39186,23.21418],[-102.39182,23.21181],[-102.39491,23.21233],[-102.39677,23.21131],[-102.3967,23.20517],[-102.40149,23.20513],[-102.40159,23.21421],[-102.39853,23.21424],[-102.39819,23.21481],[-102.39662,23.22212],[-102.39757,23.227],[-102.39311,23.22691],[-102.39534,23.22717],[-102.39477,23.2301],[-102.39176,23.22958],[-102.38687,23.23451],[-102.38501,23.24074],[-102.39184,23.24121],[-102.39191,23.24702],[-102.39052,23.25097],[-102.39194,23.25097],[-102.39204,23.26615],[-102.3936,23.26955],[-102.39205,23.27391],[-102.38495,23.2771],[-102.38144,23.27568],[-102.38281,23.27253],[-102.38192,23.26905],[-102.37926,23.27063],[-102.37956,23.27285],[-102.37605,23.2787],[-102.3697,23.28013],[-102.3715,23.2843],[-102.37365,23.28453],[-102.37732,23.28229],[-102.37891,23.28435],[-102.3818,23.28076],[-102.38376,23.28388],[-102.39054,23.28167],[-102.38976,23.28594],[-102.38794,23.28803],[-102.38316,23.28975],[-102.39231,23.29579],[-102.41056,23.29637],[-102.41272,23.29541],[-102.4172,23.29658],[-102.41594,23.29411],[-102.41601,23.28993],[-102.41903,23.29049],[-102.42148,23.29284],[-102.42298,23.29166],[-102.4203,23.28955],[-102.41786,23.28435],[-102.42513,23.28892],[-102.42359,23.29497],[-102.42183,23.29672],[-102.42799,23.29664],[-102.4264,23.29492],[-102.42965,23.29448],[-102.43611,23.2983],[-102.43935,23.29899],[-102.44083,23.2957],[-102.44466,23.29205],[-102.44892,23.29248],[-102.44678,23.29579],[-102.44685,23.29314],[-102.44475,23.29451],[-102.44441,23.29735],[-102.45245,23.2975],[-102.45077,23.29602],[-102.45026,23.29123],[-102.45179,23.28933],[-102.45489,23.2899],[-102.45148,23.29163],[-102.45329,23.29765],[-102.46763,23.29813],[-102.46867,23.29719],[-102.46365,23.29151],[-102.46323,23.28838],[-102.46601,23.29214],[-102.46885,23.29256],[-102.46793,23.28923],[-102.46597,23.29002],[-102.46582,23.28522],[-102.46819,23.28575],[-102.47011,23.29146],[-102.47273,23.29109],[-102.47269,23.29432],[-102.47439,23.29601],[-102.47723,23.29558],[-102.47416,23.29271],[-102.47381,23.28854],[-102.46643,23.26463],[-102.46453,23.26276],[-102.46302,23.26379],[-102.46085,23.2627],[-102.45951,23.26677],[-102.45826,23.26207],[-102.45694,23.26389],[-102.45293,23.26514],[-102.45324,23.26717],[-102.44877,23.26714],[-102.44684,23.2685],[-102.44573,23.26305],[-102.44993,23.2618],[-102.44886,23.25651],[-102.44677,23.25691],[-102.44375,23.25118],[-102.4459,23.25298],[-102.45142,23.25439],[-102.45074,23.25054],[-102.4525,23.25068],[-102.45292,23.24453],[-102.45015,23.24297],[-102.44522,23.24313],[-102.44686,23.24669],[-102.44395,23.24945],[-102.44182,23.2434],[-102.44203,23.23704],[-102.44835,23.23686],[-102.44197,23.23593],[-102.44045,23.23224],[-102.44029,23.22754],[-102.4373,23.22451],[-102.43893,23.22281],[-102.43744,23.21148],[-102.43203,23.19437],[-102.43205,23.18538],[-102.4355,23.18602],[-102.43359,23.17566],[-102.43595,23.17215],[-102.4353,23.16927],[-102.43767,23.17039],[-102.43959,23.16405],[-102.43633,23.16257]],[[-102.41339,23.28691],[-102.4112,23.28419],[-102.41304,23.28066],[-102.41475,23.28149],[-102.41575,23.28683],[-102.41339,23.28691]],[[-102.4078,23.28127],[-102.40661,23.28002],[-102.41063,23.27837],[-102.41078,23.28073],[-102.4078,23.28127]],[[-102.4373,23.26848],[-102.43501,23.26791],[-102.43296,23.25792],[-102.43498,23.25771],[-102.43669,23.26508],[-102.44007,23.26401],[-102.44234,23.26655],[-102.4373,23.26848]],[[-102.39435,23.25614],[-102.3933,23.25131],[-102.39701,23.25173],[-102.3957,23.25637],[-102.39435,23.25614]]],[[[-102.37751,23.19299],[-102.38157,23.19258],[-102.38403,23.1942],[-102.38781,23.18936],[-102.38378,23.18834],[-102.38317,23.19103],[-102.38105,23.19],[-102.37671,23.19091],[-102.37751,23.19299]]],[[[-102.36874,23.18777],[-102.37251,23.19057],[-102.37342,23.19291],[-102.37586,23.19234],[-102.37487,23.1884],[-102.37281,23.18659],[-102.36874,23.18777]]],[[[-102.49357,23.17145],[-102.49759,23.17097],[-102.50147,23.1682],[-102.49928,23.15549],[-102.49439,23.15975],[-102.49517,23.16109],[-102.49181,23.16351],[-102.49369,23.16041],[-102.49381,23.15669],[-102.49591,23.15262],[-102.49431,23.15206],[-102.48508,23.16396],[-102.48686,23.16543],[-102.48507,23.16779],[-102.48772,23.17126],[-102.49357,23.17145]],[[-102.49649,23.16646],[-102.49605,23.16444],[-102.49905,23.16338],[-102.49977,23.16577],[-102.49649,23.16646]]],[[[-102.50484,23.17164],[-102.5111,23.16916],[-102.5083,23.16792],[-102.50366,23.16945],[-102.50484,23.17164]]],[[[-102.46803,23.18123],[-102.46809,23.17777],[-102.46649,23.17958],[-102.46185,23.17883],[-102.46168,23.18052],[-102.46803,23.18123]]],[[[-102.47227,23.22858],[-102.46956,23.22612],[-102.46819,23.22551],[-102.46655,23.23033],[-102.46808,23.23094],[-102.4684,23.23459],[-102.47041,23.23409],[-102.47227,23.22858]]],[[[-102.46565,23.26209],[-102.46645,23.25995],[-102.46113,23.26227],[-102.46308,23.26339],[-102.46565,23.26209]]],[[[-102.50125,23.26614],[-102.4991,23.26664],[-102.49633,23.26951],[-102.49734,23.27212],[-102.50145,23.26945],[-102.50882,23.27199],[-102.51015,23.2676],[-102.50125,23.26614]]],[[[-102.38718,23.30017],[-102.3888,23.30444],[-102.39051,23.30431],[-102.39322,23.30046],[-102.39638,23.30039],[-102.39827,23.29711],[-102.39358,23.29691],[-102.38889,23.29382],[-102.38704,23.29663],[-102.38718,23.30017]]],[[[-102.36443,23.29807],[-102.36729,23.29581],[-102.36733,23.29172],[-102.36305,23.29382],[-102.36112,23.29674],[-102.36443,23.29807]]],[[[-102.37087,23.2908],[-102.3745,23.29091],[-102.37612,23.28914],[-102.3793,23.29043],[-102.37882,23.28473],[-102.36987,23.28727],[-102.37087,23.2908]]],[[[-102.43488,23.30382],[-102.43528,23.30643],[-102.43811,23.30663],[-102.43938,23.30379],[-102.43843,23.30057],[-102.43492,23.30049],[-102.43488,23.30382]]],[[[-102.40097,23.30701],[-102.40405,23.30799],[-102.40529,23.30642],[-102.40097,23.30701]]],[[[-102.37686,23.26095],[-102.3791,23.26413],[-102.38123,23.26097],[-102.37746,23.25936],[-102.37686,23.26095]]],[[[-102.38352,23.26069],[-102.38566,23.26361],[-102.38764,23.26102],[-102.38328,23.25736],[-102.38479,23.25517],[-102.38283,23.25433],[-102.3817,23.24792],[-102.37957,23.25073],[-102.37985,23.25497],[-102.38352,23.26069]]],[[[-102.36899,23.25643],[-102.37146,23.25828],[-102.3721,23.25653],[-102.36895,23.25349],[-102.366,23.2537],[-102.36899,23.25643]]],[[[-102.34737,23.25595],[-102.34873,23.25619],[-102.35059,23.25611],[-102.35111,23.25268],[-102.35403,23.25317],[-102.35618,23.24946],[-102.35966,23.24959],[-102.35958,23.24777],[-102.36634,23.24635],[-102.36935,23.24323],[-102.36907,23.23996],[-102.37179,23.24006],[-102.37027,23.24273],[-102.37363,23.24304],[-102.37405,23.24018],[-102.38254,23.24062],[-102.3827,23.2372],[-102.3783,23.23703],[-102.38281,23.23555],[-102.38319,23.23344],[-102.37384,23.23501],[-102.37185,23.23062],[-102.35915,23.22958],[-102.34238,23.25308],[-102.34388,23.25389],[-102.34723,23.24937],[-102.34856,23.25297],[-102.34737,23.25595]]],[[[-102.32454,23.26043],[-102.32699,23.25877],[-102.32477,23.25614],[-102.31972,23.25418],[-102.3185,23.25563],[-102.31956,23.25997],[-102.32454,23.26043]]],[[[-102.34944,23.25871],[-102.34967,23.26099],[-102.34657,23.25912],[-102.346,23.25716],[-102.34616,23.25897],[-102.34832,23.26185],[-102.34949,23.26196],[-102.35058,23.25999],[-102.34944,23.25871]]],[[[-102.33112,23.26055],[-102.33341,23.25992],[-102.33073,23.25736],[-102.33112,23.26055]]],[[[-102.38423,23.25273],[-102.38702,23.25388],[-102.38552,23.25116],[-102.38423,23.25273]]],[[[-102.29436,23.23522],[-102.28978,23.23232],[-102.29149,23.23386],[-102.28991,23.23898],[-102.2943,23.23908],[-102.29434,23.23721],[-102.29436,23.23522]]],[[[-102.30212,23.22805],[-102.30439,23.23023],[-102.30304,23.23465],[-102.30182,23.23753],[-102.30418,23.2385],[-102.30498,23.23652],[-102.30784,23.23739],[-102.30867,23.23446],[-102.30502,23.23417],[-102.30739,23.22619],[-102.30305,23.22561],[-102.30212,23.22805]]],[[[-102.34512,23.21337],[-102.34972,23.2137],[-102.35053,23.20926],[-102.34246,23.20918],[-102.34526,23.21015],[-102.34512,23.21337]]],[[[-102.34676,23.20795],[-102.34983,23.20872],[-102.35125,23.20557],[-102.34622,23.20604],[-102.34676,23.20795]]],[[[-102.35193,23.19803],[-102.35433,23.20018],[-102.35447,23.19799],[-102.35193,23.19803]]],[[[-102.34755,23.19801],[-102.34877,23.195],[-102.35164,23.19694],[-102.35287,23.19557],[-102.35034,23.19338],[-102.34756,23.19476],[-102.34755,23.19801]]],[[[-102.3415,23.16336],[-102.34152,23.16573],[-102.35399,23.16771],[-102.35188,23.1651],[-102.35222,23.15987],[-102.34363,23.15886],[-102.34762,23.15616],[-102.34787,23.15251],[-102.34258,23.15353],[-102.34203,23.1574],[-102.33923,23.15519],[-102.33388,23.15526],[-102.33384,23.15871],[-102.33688,23.15882],[-102.33684,23.15556],[-102.33859,23.15806],[-102.33776,23.16073],[-102.34177,23.16199],[-102.3415,23.16336]]],[[[-102.32668,23.15203],[-102.32733,23.15411],[-102.3308,23.15402],[-102.33199,23.15064],[-102.33003,23.14587],[-102.32668,23.15203]]],[[[-102.37437,23.16776],[-102.37661,23.1686],[-102.37738,23.16595],[-102.37515,23.165],[-102.37437,23.16776]]],[[[-102.37159,23.17776],[-102.37143,23.18143],[-102.37313,23.18283],[-102.3754,23.17961],[-102.37263,23.17685],[-102.36571,23.17221],[-102.36591,23.1699],[-102.36055,23.16633],[-102.35419,23.16642],[-102.35551,23.16798],[-102.3701,23.1803],[-102.37159,23.17776]]],[[[-102.48862,23.30944],[-102.49436,23.31163],[-102.49863,23.31032],[-102.49611,23.30839],[-102.49193,23.30899],[-102.48546,23.30795],[-102.48268,23.30463],[-102.48335,23.30343],[-102.47897,23.30226],[-102.47822,23.30336],[-102.481,23.3066],[-102.48709,23.31002],[-102.48862,23.30944]]],[[[-102.47929,23.31293],[-102.48105,23.3158],[-102.48446,23.31625],[-102.48403,23.31429],[-102.47929,23.31293]]],[[[-102.48717,23.32055],[-102.49043,23.32231],[-102.48913,23.31706],[-102.48601,23.31741],[-102.48717,23.32055]]],[[[-102.4912,23.32131],[-102.49694,23.31786],[-102.4915,23.3172],[-102.4912,23.32131]]],[[[-102.48477,23.33614],[-102.48084,23.3389],[-102.48842,23.33896],[-102.48839,23.33712],[-102.48477,23.33614]]],[[[-102.4728,23.35298],[-102.4741,23.35185],[-102.47146,23.35178],[-102.47165,23.34907],[-102.46209,23.34967],[-102.46009,23.35325],[-102.46326,23.35365],[-102.46354,23.35165],[-102.4728,23.35298]]],[[[-102.46277,23.35671],[-102.46833,23.35683],[-102.46995,23.35543],[-102.46838,23.35451],[-102.46293,23.355],[-102.46277,23.35671]]],[[[-102.29258,23.40742],[-102.29846,23.40898],[-102.30015,23.40695],[-102.29867,23.40492],[-102.29448,23.405],[-102.29258,23.40742]]],[[[-102.28891,23.39239],[-102.28527,23.3927],[-102.27683,23.39531],[-102.2878,23.39577],[-102.28891,23.39239]]],[[[-102.26897,23.39612],[-102.26626,23.39465],[-102.25839,23.39512],[-102.25746,23.3964],[-102.25618,23.40305],[-102.26515,23.40648],[-102.26518,23.39766],[-102.26897,23.39612]]],[[[-101.95696,23.79492],[-101.95871,23.79824],[-101.95983,23.79701],[-101.95696,23.79492]]],[[[-101.94073,23.77498],[-101.9424,23.7762],[-101.9431,23.77285],[-101.94073,23.77498]]],[[[-101.94795,23.79972],[-101.94808,23.7933],[-101.94691,23.79103],[-101.942,23.78943],[-101.94084,23.79365],[-101.94495,23.79652],[-101.94427,23.79986],[-101.94795,23.79972]]],[[[-101.94867,23.80453],[-101.94794,23.80046],[-101.94463,23.80064],[-101.94354,23.8029],[-101.94009,23.804],[-101.94095,23.80766],[-101.94755,23.80793],[-101.94867,23.80453]]],[[[-102.10512,23.7985],[-102.10559,23.79836],[-102.10549,23.79296],[-102.10118,23.79689],[-102.09403,23.79119],[-102.09539,23.79484],[-102.09529,23.79972],[-102.09762,23.80091],[-102.10082,23.79906],[-102.10512,23.7985]]],[[[-102.06384,23.78955],[-102.06778,23.79436],[-102.07126,23.78889],[-102.07048,23.78656],[-102.06244,23.78329],[-102.06003,23.78451],[-102.05678,23.78098],[-102.05201,23.76955],[-102.04868,23.7683],[-102.05112,23.77264],[-102.05243,23.78126],[-102.04958,23.78506],[-102.05259,23.78772],[-102.05882,23.78895],[-102.06101,23.78792],[-102.06384,23.78955]]],[[[-101.95701,23.78566],[-101.96074,23.79032],[-101.96161,23.78871],[-101.95701,23.78566]]],[[[-102.04043,23.77283],[-102.03884,23.77413],[-102.04172,23.77527],[-102.04039,23.77798],[-102.04563,23.7814],[-102.0472,23.77863],[-102.0454,23.77671],[-102.04663,23.77415],[-102.04164,23.77165],[-102.04043,23.77283]]],[[[-102.10324,23.75448],[-102.10699,23.75912],[-102.10612,23.76159],[-102.09862,23.76063],[-102.09715,23.76287],[-102.09955,23.76465],[-102.10441,23.76477],[-102.10835,23.76123],[-102.10878,23.757],[-102.11306,23.75753],[-102.119,23.75445],[-102.11407,23.75398],[-102.10373,23.75051],[-102.10324,23.75098],[-102.10324,23.75448]]],[[[-102.13943,23.74116],[-102.14826,23.74064],[-102.14749,23.73796],[-102.14284,23.73794],[-102.13943,23.74116]]],[[[-102.10082,23.77157],[-102.10199,23.77385],[-102.09969,23.77575],[-102.1031,23.77643],[-102.10831,23.77056],[-102.11139,23.76936],[-102.11092,23.76672],[-102.10485,23.77045],[-102.10082,23.77157]]],[[[-102.12485,23.75074],[-102.12017,23.75268],[-102.11998,23.75514],[-102.12261,23.75394],[-102.12484,23.75086],[-102.12485,23.75074]]],[[[-102.11575,23.75205],[-102.12113,23.75003],[-102.11973,23.74886],[-102.11575,23.75205]]],[[[-102.24621,23.42565],[-102.244,23.42694],[-102.24264,23.42758],[-102.24218,23.42797],[-102.24177,23.42993],[-102.24578,23.43373],[-102.24704,23.43218],[-102.25074,23.43544],[-102.25324,23.43393],[-102.25216,23.43254],[-102.25283,23.42585],[-102.25056,23.42423],[-102.24621,23.42565]]],[[[-102.07087,23.44295],[-102.077,23.44351],[-102.0751,23.4397],[-102.07685,23.4378],[-102.07695,23.434],[-102.07473,23.43765],[-102.07133,23.43728],[-102.07087,23.44295]]],[[[-102.08286,23.43302],[-102.08577,23.43215],[-102.08565,23.42771],[-102.08424,23.42781],[-102.08771,23.42331],[-102.08659,23.41903],[-102.08326,23.41849],[-102.0824,23.42372],[-102.08341,23.43036],[-102.08286,23.43302]]],[[[-102.49725,23.14325],[-102.49759,23.13996],[-102.49297,23.14064],[-102.48771,23.13844],[-102.48856,23.13534],[-102.49753,23.13495],[-102.49809,23.13751],[-102.50067,23.13754],[-102.50079,23.1352],[-102.50516,23.13763],[-102.50739,23.13335],[-102.51102,23.13009],[-102.50834,23.12945],[-102.50843,23.12682],[-102.50596,23.1289],[-102.5051,23.13209],[-102.50166,23.13358],[-102.49662,23.13195],[-102.49825,23.12938],[-102.49203,23.12705],[-102.48453,23.13041],[-102.48255,23.13399],[-102.4862,23.13206],[-102.48924,23.13207],[-102.48345,23.13442],[-102.48227,23.13693],[-102.48785,23.13856],[-102.48747,23.141],[-102.49725,23.14325]]],[[[-102.49725,23.12734],[-102.50049,23.12866],[-102.50048,23.1268],[-102.49552,23.12551],[-102.49725,23.12734]]],[[[-102.48657,23.12479],[-102.49218,23.12432],[-102.49157,23.12224],[-102.48657,23.12479]]],[[[-102.50196,23.13101],[-102.50455,23.13178],[-102.50534,23.12732],[-102.50281,23.12781],[-102.50196,23.13101]]],[[[-102.48033,23.1205],[-102.48408,23.12098],[-102.48322,23.119],[-102.47934,23.1179],[-102.48033,23.1205]]],[[[-102.34992,23.13017],[-102.35818,23.1322],[-102.35549,23.12448],[-102.35088,23.12334],[-102.34704,23.12048],[-102.34666,23.12351],[-102.33994,23.12129],[-102.33861,23.12448],[-102.34099,23.12562],[-102.34818,23.12546],[-102.34762,23.13027],[-102.34992,23.13017]]],[[[-102.26106,23.15244],[-102.26624,23.15517],[-102.26679,23.15191],[-102.26203,23.15107],[-102.26106,23.15244]]],[[[-102.25822,23.13853],[-102.26018,23.13615],[-102.25794,23.13589],[-102.25822,23.13853]]],[[[-102.25633,23.12941],[-102.25789,23.13278],[-102.26014,23.12815],[-102.25712,23.12732],[-102.25633,23.12941]]],[[[-102.25919,23.12501],[-102.26059,23.12654],[-102.26185,23.12254],[-102.25933,23.12258],[-102.25919,23.12501]]],[[[-102.23444,23.15199],[-102.23289,23.15618],[-102.23754,23.15679],[-102.23444,23.15199]]],[[[-102.07955,23.4158],[-102.08041,23.41274],[-102.07596,23.41061],[-102.07602,23.40783],[-102.07327,23.40702],[-102.07419,23.40931],[-102.07762,23.41252],[-102.07593,23.41509],[-102.07955,23.4158]]],[[[-102.05714,23.4328],[-102.06031,23.43108],[-102.05677,23.43099],[-102.05714,23.4328]]],[[[-101.99842,23.42444],[-101.99998,23.42708],[-102.00119,23.42423],[-101.99842,23.42444]]],[[[-101.99841,23.42127],[-102.00211,23.42103],[-101.99831,23.41848],[-101.99841,23.42127]]],[[[-102.01872,23.40281],[-102.02064,23.4016],[-102.01767,23.40025],[-102.01872,23.40281]]],[[[-102.00905,23.41244],[-102.01289,23.41243],[-102.00976,23.41075],[-102.01309,23.40508],[-102.01278,23.401],[-102.00988,23.40093],[-102.00685,23.40502],[-102.00919,23.40508],[-102.00905,23.41244]]],[[[-102.01009,23.39229],[-102.00841,23.3934],[-102.00455,23.39201],[-102.00271,23.39896],[-102.00816,23.39901],[-102.01181,23.39298],[-102.01009,23.39229]]],[[[-102.02473,23.38193],[-102.0195,23.37949],[-102.01872,23.38293],[-102.02121,23.38481],[-102.02473,23.38193]]],[[[-102.01226,23.38112],[-102.01493,23.37893],[-102.01212,23.37777],[-102.01226,23.38112]]],[[[-102.03123,23.39117],[-102.0362,23.39171],[-102.03405,23.38623],[-102.03156,23.3851],[-102.02719,23.38615],[-102.02765,23.38897],[-102.02472,23.39059],[-102.03123,23.39117]]],[[[-101.95706,23.8119],[-101.95674,23.81606],[-101.95859,23.81562],[-101.95706,23.8119]]],[[[-101.92776,23.81413],[-101.93153,23.81384],[-101.92927,23.81248],[-101.92776,23.81413]]],[[[-101.938,23.82482],[-101.94147,23.82692],[-101.94013,23.82312],[-101.938,23.82482]]],[[[-102.05498,23.85263],[-102.05759,23.85518],[-102.05691,23.85018],[-102.05498,23.85263]]],[[[-101.97057,23.82551],[-101.96856,23.82373],[-101.96685,23.82767],[-101.97057,23.82551]]],[[[-102.24592,23.0762],[-102.24612,23.07628],[-102.24843,23.07344],[-102.25072,23.07327],[-102.25313,23.06444],[-102.2435,23.06466],[-102.24273,23.06591],[-102.24578,23.06847],[-102.24495,23.07139],[-102.24592,23.0762]]],[[[-102.23164,23.04718],[-102.23164,23.04717],[-102.23102,23.04947],[-102.23164,23.04718]]],[[[-102.25477,23.05151],[-102.25033,23.04676],[-102.24779,23.04694],[-102.25006,23.04905],[-102.24054,23.05057],[-102.24394,23.0631],[-102.24595,23.06352],[-102.24946,23.05597],[-102.25452,23.06035],[-102.25627,23.05906],[-102.25327,23.05278],[-102.25477,23.05151]]],[[[-102.25971,23.0597],[-102.25683,23.05348],[-102.25495,23.05168],[-102.25805,23.05947],[-102.25971,23.0597]]],[[[-102.23443,23.06554],[-102.23233,23.06723],[-102.23306,23.06962],[-102.23543,23.06893],[-102.23443,23.06554]]],[[[-102.23903,23.06919],[-102.23907,23.0725],[-102.24103,23.07024],[-102.23903,23.06919]]],[[[-102.38771,22.8969],[-102.39486,22.89814],[-102.40269,22.89545],[-102.40424,22.89205],[-102.40257,22.88719],[-102.40171,22.87664],[-102.39468,22.87537],[-102.39463,22.87667],[-102.39424,22.88713],[-102.39389,22.89664],[-102.38771,22.8969]]],[[[-104.05939,22.84989],[-104.0658,22.84864],[-104.06692,22.84611],[-104.06522,22.84358],[-104.06932,22.84528],[-104.07007,22.8431],[-104.06917,22.8406],[-104.06246,22.83968],[-104.05496,22.84663],[-104.04726,22.85167],[-104.05055,22.85135],[-104.0492,22.85405],[-104.04948,22.85418],[-104.05451,22.85471],[-104.05753,22.85231],[-104.05189,22.85323],[-104.05292,22.84893],[-104.05682,22.84653],[-104.05631,22.84827],[-104.05939,22.84989]]],[[[-103.81788,22.59616],[-103.81808,22.59598],[-103.81667,22.59657],[-103.81788,22.59616]]],[[[-103.75986,22.55542],[-103.7594,22.55494],[-103.75828,22.55711],[-103.75764,22.56059],[-103.76165,22.56278],[-103.76181,22.57133],[-103.76242,22.56625],[-103.76431,22.56187],[-103.76312,22.56108],[-103.76694,22.55576],[-103.76013,22.5556],[-103.75986,22.55542]]],[[[-103.78168,22.51473],[-103.78026,22.51818],[-103.77991,22.52061],[-103.78462,22.5215],[-103.7881,22.51561],[-103.78434,22.51522],[-103.78825,22.51198],[-103.78801,22.50946],[-103.78302,22.51142],[-103.78297,22.51161],[-103.78168,22.51473]]],[[[-103.88707,22.44163],[-103.89025,22.4418],[-103.8945,22.4397],[-103.89493,22.43816],[-103.88842,22.43331],[-103.88727,22.4321],[-103.88403,22.43045],[-103.88372,22.43009],[-103.8839,22.43297],[-103.88627,22.43653],[-103.88444,22.43671],[-103.88323,22.44049],[-103.87945,22.43722],[-103.87985,22.44001],[-103.8866,22.44146],[-103.88707,22.44163]]],[[[-103.88313,22.40133],[-103.88402,22.40032],[-103.88475,22.4001],[-103.8864,22.39881],[-103.88633,22.39869],[-103.88577,22.39812],[-103.88505,22.39767],[-103.88478,22.39747],[-103.88493,22.39584],[-103.8843,22.39558],[-103.88397,22.39515],[-103.88352,22.39464],[-103.88345,22.39002],[-103.88141,22.39126],[-103.88149,22.39317],[-103.88168,22.39645],[-103.87974,22.39951],[-103.87979,22.40061],[-103.88128,22.40161],[-103.8823,22.40163],[-103.88313,22.40133]]],[[[-103.8029,22.52263],[-103.79443,22.5253],[-103.80254,22.52782],[-103.80394,22.52473],[-103.8029,22.52263]]],[[[-103.79291,22.51409],[-103.79813,22.51372],[-103.79421,22.51161],[-103.79291,22.51409]]],[[[-103.79228,22.46925],[-103.79112,22.47084],[-103.78891,22.47391],[-103.79127,22.47301],[-103.79333,22.47543],[-103.7942,22.47041],[-103.79228,22.46925]]],[[[-103.80726,22.44337],[-103.80887,22.44393],[-103.81152,22.44595],[-103.81338,22.4448],[-103.80996,22.43255],[-103.80805,22.43134],[-103.80646,22.43993],[-103.80621,22.44051],[-103.80489,22.44309],[-103.80726,22.44337]]],[[[-103.86468,22.53945],[-103.86516,22.53894],[-103.86542,22.53785],[-103.86468,22.53945]]],[[[-103.86018,22.56758],[-103.86027,22.56768],[-103.8608,22.56762],[-103.86018,22.56758]]],[[[-103.85708,22.57182],[-103.85717,22.57085],[-103.85712,22.57095],[-103.85708,22.57182]]],[[[-103.84554,22.57664],[-103.84637,22.57406],[-103.83738,22.57412],[-103.83538,22.57408],[-103.83168,22.574],[-103.81824,22.57696],[-103.82,22.57904],[-103.81751,22.57955],[-103.81483,22.58233],[-103.81848,22.58402],[-103.81957,22.58107],[-103.82175,22.58075],[-103.82261,22.5777],[-103.82912,22.57645],[-103.83106,22.57489],[-103.83485,22.57808],[-103.83102,22.58435],[-103.83423,22.57914],[-103.84522,22.57766],[-103.84554,22.57664]]],[[[-103.81181,22.59775],[-103.81162,22.59825],[-103.81244,22.59796],[-103.81181,22.59775]]],[[[-103.79436,22.60422],[-103.80129,22.59611],[-103.80451,22.59489],[-103.80237,22.59436],[-103.80366,22.59062],[-103.79895,22.59047],[-103.7923,22.59619],[-103.79054,22.59957],[-103.7914,22.60137],[-103.78896,22.60253],[-103.79237,22.60496],[-103.79238,22.60496],[-103.79436,22.60422]]],[[[-103.71547,22.59081],[-103.7194,22.58993],[-103.71816,22.58769],[-103.71547,22.59081]]],[[[-103.79365,22.58592],[-103.79195,22.5894],[-103.7937,22.5899],[-103.79836,22.58549],[-103.79426,22.58325],[-103.79365,22.58592]]],[[[-103.79599,22.57571],[-103.79915,22.57481],[-103.79585,22.57362],[-103.79599,22.57571]]],[[[-103.79079,22.57716],[-103.79436,22.5769],[-103.79142,22.57498],[-103.79079,22.57716]]],[[[-103.79064,22.58186],[-103.79466,22.57981],[-103.79233,22.57802],[-103.78963,22.5793],[-103.79064,22.58186]]],[[[-103.8064,22.58431],[-103.80409,22.58738],[-103.80583,22.59038],[-103.80963,22.58864],[-103.8092,22.58386],[-103.8064,22.58431]]],[[[-103.8208,22.58294],[-103.81901,22.58573],[-103.82129,22.58695],[-103.82393,22.58498],[-103.8208,22.58294]]],[[[-103.79045,22.59146],[-103.78904,22.59497],[-103.78981,22.59819],[-103.79348,22.59346],[-103.79045,22.59146]]],[[[-103.88527,22.74745],[-103.88705,22.74414],[-103.88478,22.74374],[-103.88354,22.74791],[-103.88527,22.74745]]],[[[-103.9412,22.75787],[-103.9441,22.75815],[-103.94794,22.75105],[-103.94529,22.75038],[-103.94215,22.75336],[-103.9412,22.75787]]],[[[-103.95372,22.7587],[-103.95652,22.75521],[-103.95132,22.756],[-103.95372,22.7587]]],[[[-103.95534,22.77424],[-103.95518,22.77741],[-103.95193,22.78205],[-103.95632,22.78076],[-103.96461,22.77396],[-103.96642,22.77549],[-103.96861,22.77421],[-103.96812,22.7705],[-103.96954,22.76991],[-103.97061,22.77404],[-103.97376,22.77514],[-103.97422,22.77756],[-103.97869,22.77561],[-103.97549,22.77364],[-103.97578,22.77139],[-103.97987,22.77148],[-103.97909,22.76828],[-103.97383,22.76942],[-103.97462,22.77132],[-103.97077,22.77039],[-103.97057,22.76752],[-103.973,22.76603],[-103.96992,22.76505],[-103.96983,22.7618],[-103.96683,22.75968],[-103.9659,22.76142],[-103.9631,22.76082],[-103.96564,22.7582],[-103.96325,22.75738],[-103.95987,22.75939],[-103.95913,22.7621],[-103.9634,22.76222],[-103.96722,22.76432],[-103.96587,22.76588],[-103.96819,22.7673],[-103.96186,22.77005],[-103.96188,22.76667],[-103.95898,22.76627],[-103.95249,22.75853],[-103.95097,22.76394],[-103.94734,22.76616],[-103.94925,22.76929],[-103.94638,22.77068],[-103.94974,22.77365],[-103.95265,22.77094],[-103.95534,22.77424]]],[[[-103.94038,22.77528],[-103.94126,22.78208],[-103.94307,22.78266],[-103.94743,22.77975],[-103.95046,22.77935],[-103.95171,22.77703],[-103.94636,22.7725],[-103.94413,22.77484],[-103.94305,22.77248],[-103.94038,22.77528]]],[[[-103.93789,22.78351],[-103.93813,22.78517],[-103.93972,22.78561],[-103.9406,22.78164],[-103.93789,22.78351]]],[[[-103.98105,22.77071],[-103.98419,22.77066],[-103.98687,22.76633],[-103.98479,22.76583],[-103.98328,22.77012],[-103.98105,22.77071]]],[[[-103.96786,22.78894],[-103.97122,22.7918],[-103.97192,22.78862],[-103.96928,22.78683],[-103.96553,22.78763],[-103.96786,22.78894]]],[[[-103.96353,22.79272],[-103.96618,22.7939],[-103.96534,22.79004],[-103.96353,22.79272]]],[[[-103.98054,22.78985],[-103.97933,22.78817],[-103.97642,22.79035],[-103.98026,22.79192],[-103.98054,22.78985]]],[[[-104.07288,22.82272],[-104.07338,22.82433],[-104.07504,22.82637],[-104.07553,22.83061],[-104.07919,22.83186],[-104.08072,22.8296],[-104.08094,22.82815],[-104.07661,22.82765],[-104.07705,22.82448],[-104.08066,22.82298],[-104.08077,22.82265],[-104.07964,22.82001],[-104.07785,22.82064],[-104.07381,22.82054],[-104.07288,22.82272]]],[[[-103.90243,22.80702],[-103.90245,22.80706],[-103.90369,22.80901],[-103.90596,22.80767],[-103.90502,22.80545],[-103.90243,22.80702]]],[[[-104.06469,22.81167],[-104.0646,22.81188],[-104.06553,22.81436],[-104.06864,22.81539],[-104.06779,22.81133],[-104.06497,22.81098],[-104.06469,22.81167]]],[[[-104.05519,22.83205],[-104.0559,22.83304],[-104.05709,22.83473],[-104.05867,22.83774],[-104.05593,22.83896],[-104.05866,22.83972],[-104.06819,22.83507],[-104.06829,22.83763],[-104.07031,22.83572],[-104.07038,22.83553],[-104.07225,22.83378],[-104.0736,22.82956],[-104.07187,22.82617],[-104.07,22.82571],[-104.0712,22.82959],[-104.06805,22.82901],[-104.06506,22.83188],[-104.06184,22.83296],[-104.06594,22.8279],[-104.06597,22.82276],[-104.06589,22.82226],[-104.06831,22.81877],[-104.0652,22.82001],[-104.06488,22.82218],[-104.0608,22.82503],[-104.06134,22.8279],[-104.05723,22.82525],[-104.05668,22.82954],[-104.05787,22.83183],[-104.05519,22.83205]]],[[[-104.08983,22.85169],[-104.09483,22.8537],[-104.09395,22.84995],[-104.09204,22.84928],[-104.08983,22.85169]]],[[[-104.0608,22.82098],[-104.06078,22.82096],[-104.06038,22.81932],[-104.05995,22.81932],[-104.05793,22.82157],[-104.05742,22.82187],[-104.05695,22.82261],[-104.0608,22.82098]]],[[[-103.99688,22.91307],[-104.00121,22.91295],[-104.00285,22.91051],[-104.00168,22.9081],[-103.99383,22.90907],[-103.99688,22.91307]]],[[[-103.97973,22.91048],[-103.98018,22.9127],[-103.98247,22.91079],[-103.97973,22.91048]]],[[[-103.98629,22.91858],[-103.99048,22.91678],[-103.99045,22.91545],[-103.98565,22.917],[-103.98541,22.91527],[-103.98198,22.91499],[-103.98325,22.91716],[-103.97808,22.91679],[-103.98161,22.91959],[-103.98629,22.91858]]],[[[-104.0149,22.90369],[-104.01416,22.90422],[-104.01418,22.90424],[-104.01475,22.90408],[-104.0149,22.90369]]],[[[-104.03314,22.94004],[-104.03643,22.93971],[-104.03488,22.93728],[-104.03314,22.94004]]],[[[-104.03165,22.94955],[-104.03553,22.94818],[-104.03104,22.94605],[-104.03165,22.94955]]],[[[-104.00381,23.00001],[-104.00629,23.00018],[-104.00655,22.9923],[-104.00444,22.98955],[-104.00517,22.98474],[-104.00735,22.98588],[-104.01182,22.98523],[-104.0138,22.98157],[-104.01658,22.98143],[-104.01913,22.97217],[-104.02228,22.96611],[-104.0202,22.96022],[-104.02134,22.9565],[-104.01854,22.95827],[-104.01328,22.95445],[-104.01118,22.95613],[-104.00966,22.96084],[-104.00497,22.95822],[-104.00066,22.96064],[-103.99881,22.95786],[-103.99944,22.95497],[-103.99773,22.95373],[-103.99438,22.95522],[-103.99482,22.95729],[-103.99197,22.95723],[-103.99051,22.96089],[-103.98802,22.96129],[-103.98594,22.96386],[-103.98178,22.96519],[-103.98203,22.96851],[-103.97336,22.9787],[-103.97453,22.98072],[-103.98462,22.9829],[-103.99437,22.98605],[-103.99956,22.98874],[-103.99854,22.99258],[-104.00268,22.99168],[-104.00295,22.99685],[-104.00556,22.99762],[-104.00381,23.00001]],[[-104.00144,22.97351],[-104.00302,22.97405],[-104.00353,22.97894],[-104.00153,22.97846],[-104.00144,22.97351]],[[-103.99954,22.96754],[-104.00187,22.96813],[-104.00199,22.97145],[-103.9989,22.97208],[-103.99808,22.96948],[-103.99954,22.96754]]],[[[-104.008,23.02825],[-104.00954,23.03026],[-104.01159,23.02862],[-104.01095,23.02469],[-104.01805,23.02321],[-104.01281,23.02109],[-104.01027,23.02212],[-104.00514,23.0273],[-104.008,23.02825]]],[[[-104.02297,22.96368],[-104.02577,22.96489],[-104.02847,22.96008],[-104.02564,22.9582],[-104.02297,22.96368]]],[[[-104.16082,22.54907],[-104.16071,22.54333],[-104.15825,22.54673],[-104.15972,22.54866],[-104.16082,22.54907]]],[[[-104.13222,22.53781],[-104.13172,22.5345],[-104.12934,22.53323],[-104.12771,22.53642],[-104.13122,22.5361],[-104.13222,22.53781]]],[[[-104.134,22.50962],[-104.13382,22.51218],[-104.13758,22.51137],[-104.13809,22.51369],[-104.1405,22.51237],[-104.14051,22.50992],[-104.1398,22.50824],[-104.134,22.50962]]],[[[-103.95415,22.4902],[-103.95351,22.49057],[-103.95428,22.49491],[-103.95707,22.49375],[-103.95415,22.4902]]],[[[-103.95288,22.47198],[-103.95337,22.47127],[-103.95321,22.47127],[-103.95288,22.47198]]],[[[-103.81148,22.59491],[-103.81263,22.59559],[-103.81353,22.59128],[-103.81148,22.59491]]],[[[-103.80942,22.53095],[-103.80445,22.53741],[-103.80227,22.53754],[-103.80322,22.53238],[-103.80583,22.52939],[-103.80375,22.53009],[-103.78598,22.54049],[-103.78579,22.5439],[-103.78735,22.54239],[-103.79275,22.5425],[-103.79855,22.5475],[-103.80537,22.54245],[-103.80751,22.53964],[-103.81387,22.54291],[-103.82011,22.54131],[-103.82265,22.54303],[-103.82441,22.54285],[-103.83429,22.54212],[-103.83794,22.54113],[-103.8375,22.53736],[-103.83903,22.53558],[-103.83594,22.53409],[-103.83451,22.53967],[-103.83292,22.53885],[-103.83249,22.53476],[-103.82567,22.53633],[-103.82681,22.53341],[-103.82436,22.53129],[-103.817,22.53578],[-103.8136,22.54004],[-103.81165,22.53775],[-103.81266,22.53574],[-103.80942,22.53095]]],[[[-103.8449,22.54753],[-103.85062,22.55043],[-103.85389,22.54697],[-103.84993,22.54229],[-103.84352,22.54289],[-103.84092,22.54458],[-103.84571,22.54664],[-103.84453,22.54732],[-103.84488,22.54752],[-103.8449,22.54753]]],[[[-103.77865,22.54584],[-103.78156,22.54739],[-103.7829,22.54284],[-103.77865,22.54584]]],[[[-103.82321,22.51539],[-103.81657,22.52695],[-103.81296,22.52897],[-103.81382,22.53024],[-103.8182,22.52873],[-103.82067,22.52372],[-103.82391,22.52123],[-103.82321,22.51539]]],[[[-103.83662,22.51292],[-103.83642,22.51222],[-103.83344,22.51073],[-103.83433,22.51543],[-103.83662,22.51292]]],[[[-103.82797,22.51453],[-103.82879,22.51779],[-103.83015,22.51465],[-103.83203,22.51626],[-103.83204,22.51313],[-103.82797,22.51453]]],[[[-103.83133,22.52573],[-103.83127,22.52163],[-103.82923,22.52223],[-103.83133,22.52573]]],[[[-103.82058,22.52603],[-103.82345,22.527],[-103.82539,22.52395],[-103.82058,22.52603]]],[[[-103.83915,22.49428],[-103.84315,22.49374],[-103.84286,22.49175],[-103.83931,22.4916],[-103.83915,22.49428]]],[[[-103.81589,22.49201],[-103.81725,22.49321],[-103.81907,22.49227],[-103.82263,22.4972],[-103.8242,22.49478],[-103.82608,22.49572],[-103.83437,22.49564],[-103.83109,22.49185],[-103.82146,22.49024],[-103.81899,22.48596],[-103.81727,22.48791],[-103.81991,22.49073],[-103.81589,22.49201]]],[[[-103.78639,22.48801],[-103.78477,22.49457],[-103.7879,22.49698],[-103.79034,22.48818],[-103.78639,22.48801]]],[[[-103.82826,22.47162],[-103.83016,22.47441],[-103.83222,22.47745],[-103.83341,22.47921],[-103.83578,22.47948],[-103.83494,22.48274],[-103.83653,22.48678],[-103.84342,22.49052],[-103.84605,22.48618],[-103.84828,22.48564],[-103.84936,22.48276],[-103.84692,22.4817],[-103.84513,22.48446],[-103.84163,22.4846],[-103.84306,22.481],[-103.84652,22.47762],[-103.84132,22.47378],[-103.84355,22.47202],[-103.84162,22.47032],[-103.8424,22.46685],[-103.84087,22.46538],[-103.83528,22.46746],[-103.83287,22.46777],[-103.83254,22.47046],[-103.82949,22.46664],[-103.83003,22.47026],[-103.82826,22.47162]]],[[[-103.87411,22.4661],[-103.8744,22.4667],[-103.87663,22.46439],[-103.87469,22.46353],[-103.87411,22.4661]]],[[[-103.86685,22.45824],[-103.87026,22.46194],[-103.87332,22.4629],[-103.86693,22.45492],[-103.8656,22.45688],[-103.86646,22.45782],[-103.86685,22.45824]]],[[[-103.87138,22.4309],[-103.87236,22.43586],[-103.87297,22.43759],[-103.87312,22.43803],[-103.87616,22.43743],[-103.87138,22.4309]]],[[[-103.83206,22.42928],[-103.83288,22.43096],[-103.83619,22.4283],[-103.83206,22.42928]]],[[[-103.82119,22.43203],[-103.82694,22.42607],[-103.83381,22.42304],[-103.82853,22.42271],[-103.82297,22.42779],[-103.81897,22.43007],[-103.82119,22.43203]]],[[[-103.81281,22.42071],[-103.8186,22.42079],[-103.82092,22.41871],[-103.8228,22.42165],[-103.82607,22.41945],[-103.82752,22.41165],[-103.83106,22.40603],[-103.82867,22.40423],[-103.8221,22.40883],[-103.82061,22.41303],[-103.8192,22.41175],[-103.81261,22.40971],[-103.81097,22.41458],[-103.81281,22.42071]]],[[[-103.87976,22.4709],[-103.88229,22.46932],[-103.8786,22.46942],[-103.87976,22.4709]]],[[[-103.87484,22.46789],[-103.8761,22.4713],[-103.87806,22.47062],[-103.87765,22.46721],[-103.87484,22.46789]]],[[[-103.81662,22.48334],[-103.81851,22.48257],[-103.81998,22.47838],[-103.82234,22.4812],[-103.8221,22.47768],[-103.81901,22.47393],[-103.81632,22.48144],[-103.81587,22.47631],[-103.81443,22.47695],[-103.81423,22.48315],[-103.81662,22.48334]]],[[[-103.88426,22.38351],[-103.88239,22.38669],[-103.88548,22.38634],[-103.88467,22.38368],[-103.88437,22.38349],[-103.88426,22.38351]]],[[[-103.08422,21.81212],[-103.08491,21.81307],[-103.09086,21.81576],[-103.09681,21.81483],[-103.10441,21.81471],[-103.10354,21.81079],[-103.10045,21.81106],[-103.09892,21.80887],[-103.10261,21.81009],[-103.10557,21.80832],[-103.09961,21.80323],[-103.10042,21.79919],[-103.10245,21.79634],[-103.0988,21.79602],[-103.09574,21.79726],[-103.09896,21.79971],[-103.0955,21.8049],[-103.09681,21.80576],[-103.09429,21.80901],[-103.0902,21.8054],[-103.09127,21.80307],[-103.08908,21.80129],[-103.0861,21.80514],[-103.08698,21.80864],[-103.08902,21.80528],[-103.0896,21.81038],[-103.08556,21.8102],[-103.08422,21.81212]],[[-103.09575,21.80969],[-103.09742,21.81185],[-103.0949,21.81398],[-103.09389,21.81241],[-103.09575,21.80969]]],[[[-103.12124,21.66765],[-103.12118,21.66822],[-103.12132,21.6688],[-103.12201,21.66907],[-103.12725,21.66792],[-103.12124,21.66765]]],[[[-103.14153,21.63637],[-103.1407,21.63644],[-103.13707,21.63855],[-103.13543,21.64249],[-103.13269,21.64231],[-103.13626,21.64519],[-103.14013,21.64236],[-103.1401,21.63992],[-103.14277,21.63717],[-103.14153,21.63637]]],[[[-103.25274,21.67652],[-103.25539,21.67537],[-103.25755,21.67484],[-103.25588,21.67322],[-103.25191,21.67193],[-103.25274,21.67652]]],[[[-103.26124,21.67828],[-103.26469,21.67609],[-103.26389,21.67531],[-103.25803,21.67531],[-103.25698,21.67669],[-103.25883,21.67926],[-103.26124,21.67828]]],[[[-103.26379,21.68649],[-103.26443,21.68747],[-103.26474,21.68794],[-103.26596,21.68981],[-103.27137,21.69166],[-103.27098,21.6905],[-103.2688,21.68611],[-103.26745,21.68771],[-103.26554,21.68531],[-103.26379,21.68649]]],[[[-103.27115,21.69929],[-103.26983,21.6981],[-103.26375,21.69524],[-103.26617,21.69479],[-103.26549,21.69417],[-103.26462,21.69339],[-103.26319,21.69245],[-103.26107,21.6946],[-103.26002,21.69844],[-103.26648,21.70056],[-103.27115,21.69929]]],[[[-103.29702,21.71384],[-103.29819,21.71257],[-103.30693,21.7146],[-103.30768,21.71268],[-103.30782,21.70899],[-103.30666,21.70882],[-103.30795,21.70838],[-103.30733,21.70481],[-103.30655,21.7048],[-103.29732,21.70493],[-103.29487,21.70457],[-103.29678,21.70707],[-103.29609,21.71054],[-103.29332,21.71072],[-103.29328,21.7059],[-103.28981,21.70571],[-103.29071,21.71123],[-103.28748,21.71044],[-103.28554,21.7127],[-103.29202,21.7124],[-103.29702,21.71384]]],[[[-103.28004,21.73128],[-103.28268,21.73096],[-103.28162,21.72814],[-103.28571,21.72753],[-103.28257,21.72621],[-103.28578,21.72341],[-103.29083,21.72253],[-103.29915,21.72273],[-103.29862,21.72001],[-103.29337,21.72052],[-103.29308,21.71793],[-103.29692,21.7195],[-103.30105,21.7193],[-103.30064,21.72233],[-103.30623,21.72295],[-103.30599,21.72048],[-103.30595,21.72014],[-103.30272,21.71789],[-103.30266,21.71784],[-103.29699,21.71413],[-103.29646,21.71692],[-103.28607,21.71505],[-103.28549,21.71742],[-103.28239,21.7181],[-103.28302,21.72166],[-103.27753,21.72165],[-103.27371,21.72286],[-103.27321,21.72806],[-103.27085,21.72878],[-103.27466,21.72994],[-103.27835,21.72939],[-103.27472,21.7269],[-103.27869,21.72596],[-103.28067,21.72798],[-103.28004,21.73128]]],[[[-103.27545,21.7311],[-103.27632,21.73169],[-103.2769,21.73166],[-103.27894,21.73141],[-103.27545,21.7311]]],[[[-103.30183,21.73751],[-103.30026,21.73706],[-103.29775,21.74064],[-103.30173,21.74286],[-103.30271,21.74478],[-103.29882,21.74743],[-103.30424,21.74765],[-103.30522,21.74988],[-103.30702,21.74592],[-103.30232,21.74267],[-103.3049,21.74111],[-103.30412,21.73807],[-103.30294,21.73779],[-103.30183,21.73751]]],[[[-103.30674,21.75854],[-103.30674,21.75847],[-103.30706,21.7574],[-103.30782,21.75518],[-103.30815,21.75421],[-103.30563,21.75043],[-103.30465,21.75378],[-103.3,21.75317],[-103.29615,21.75515],[-103.294,21.75882],[-103.2953,21.76191],[-103.2986,21.76247],[-103.29999,21.7593],[-103.29852,21.75619],[-103.30112,21.75651],[-103.30127,21.754],[-103.30469,21.75475],[-103.30246,21.76054],[-103.30633,21.76089],[-103.30674,21.75854]]],[[[-103.28336,21.7792],[-103.28402,21.77817],[-103.28197,21.77707],[-103.28274,21.77394],[-103.27874,21.77166],[-103.28039,21.77001],[-103.27556,21.76692],[-103.27266,21.76387],[-103.27116,21.7676],[-103.27727,21.76945],[-103.2744,21.7742],[-103.26658,21.77287],[-103.26908,21.77468],[-103.27306,21.77619],[-103.27388,21.77818],[-103.28062,21.77895],[-103.28134,21.78036],[-103.28183,21.78063],[-103.28336,21.7792]]],[[[-103.25692,21.75508],[-103.27031,21.76239],[-103.27097,21.76275],[-103.27236,21.76351],[-103.27647,21.76491],[-103.27842,21.76822],[-103.28093,21.76928],[-103.2833,21.76377],[-103.28013,21.76353],[-103.2818,21.75875],[-103.28463,21.76],[-103.28619,21.75214],[-103.28104,21.7489],[-103.28132,21.74784],[-103.27544,21.7462],[-103.2741,21.75044],[-103.28423,21.75318],[-103.28379,21.75864],[-103.27683,21.75472],[-103.2764,21.75637],[-103.27294,21.75491],[-103.27155,21.75618],[-103.26835,21.75483],[-103.26924,21.75782],[-103.26627,21.75833],[-103.25692,21.75508]],[[-103.27473,21.76358],[-103.27125,21.76072],[-103.27064,21.75802],[-103.27331,21.75917],[-103.27473,21.76358]]],[[[-103.23934,21.75254],[-103.24726,21.75288],[-103.25574,21.7547],[-103.25578,21.75341],[-103.25051,21.7515],[-103.25032,21.74814],[-103.24462,21.74757],[-103.25008,21.75108],[-103.24983,21.75289],[-103.24601,21.75147],[-103.24147,21.75263],[-103.24186,21.74816],[-103.23816,21.74686],[-103.23795,21.75051],[-103.23934,21.75254]]],[[[-103.22646,21.75958],[-103.22496,21.75786],[-103.22663,21.76255],[-103.23117,21.7651],[-103.22975,21.76336],[-103.2296,21.76318],[-103.22676,21.75993],[-103.22646,21.75958]]],[[[-103.2574,21.81758],[-103.26058,21.81682],[-103.26051,21.81673],[-103.26047,21.81669],[-103.25822,21.81488],[-103.25767,21.81462],[-103.25673,21.81419],[-103.25334,21.81236],[-103.25247,21.81139],[-103.25167,21.8105],[-103.25151,21.8122],[-103.2459,21.81156],[-103.25036,21.80902],[-103.24884,21.80732],[-103.24393,21.80544],[-103.24247,21.80791],[-103.23861,21.80716],[-103.24284,21.80993],[-103.23966,21.8141],[-103.2403,21.81573],[-103.24385,21.81626],[-103.24428,21.81456],[-103.25027,21.81342],[-103.25206,21.81656],[-103.24964,21.81886],[-103.2549,21.82048],[-103.25494,21.81808],[-103.2574,21.81758]]],[[[-103.25922,21.82425],[-103.25889,21.82156],[-103.2556,21.82094],[-103.2541,21.82426],[-103.25922,21.82425]]],[[[-103.25115,21.83199],[-103.25751,21.82578],[-103.24997,21.82602],[-103.25115,21.83199]]],[[[-103.27318,21.89909],[-103.27005,21.89777],[-103.27223,21.90049],[-103.2783,21.90167],[-103.27851,21.90408],[-103.28794,21.90403],[-103.29238,21.90522],[-103.29024,21.90818],[-103.28289,21.9079],[-103.2888,21.91068],[-103.29338,21.90966],[-103.29405,21.90583],[-103.29705,21.90489],[-103.29392,21.90008],[-103.29019,21.89977],[-103.28744,21.89954],[-103.28441,21.90029],[-103.28073,21.9013],[-103.27384,21.89936],[-103.27318,21.89909]]],[[[-103.27878,21.91005],[-103.27717,21.91385],[-103.27972,21.91226],[-103.28331,21.91224],[-103.2858,21.9165],[-103.29126,21.91743],[-103.28844,21.91806],[-103.28824,21.92067],[-103.28199,21.92597],[-103.27847,21.92531],[-103.2793,21.93012],[-103.2864,21.92534],[-103.2897,21.9214],[-103.293,21.91973],[-103.29129,21.92343],[-103.29267,21.92698],[-103.29588,21.92372],[-103.29514,21.91837],[-103.29726,21.92186],[-103.30209,21.9209],[-103.29826,21.91924],[-103.29646,21.91706],[-103.29618,21.91292],[-103.29356,21.91312],[-103.29155,21.91558],[-103.28802,21.91323],[-103.28748,21.91085],[-103.28396,21.90922],[-103.28049,21.90933],[-103.28035,21.90886],[-103.27878,21.91005]]],[[[-103.22719,21.90829],[-103.22769,21.90893],[-103.2275,21.90953],[-103.22671,21.91264],[-103.22849,21.91326],[-103.22888,21.914],[-103.2381,21.91217],[-103.24295,21.91243],[-103.23981,21.90877],[-103.23637,21.90898],[-103.23195,21.91082],[-103.23095,21.90865],[-103.23597,21.90794],[-103.24315,21.90304],[-103.24047,21.90294],[-103.23321,21.90624],[-103.22767,21.9067],[-103.22719,21.90829]]],[[[-103.25405,21.89781],[-103.25023,21.8988],[-103.2495,21.89874],[-103.24939,21.89874],[-103.24888,21.89869],[-103.2456,21.89978],[-103.24687,21.90593],[-103.25199,21.89906],[-103.25539,21.90121],[-103.25483,21.89757],[-103.25431,21.89773],[-103.25405,21.89781]]],[[[-103.25648,21.89691],[-103.256,21.89722],[-103.25724,21.89843],[-103.26021,21.89527],[-103.25746,21.89621],[-103.25648,21.89691]]],[[[-103.26978,21.89765],[-103.2632,21.89551],[-103.26386,21.90019],[-103.25969,21.90041],[-103.26184,21.90605],[-103.26433,21.90466],[-103.26519,21.90821],[-103.2686,21.90786],[-103.26518,21.90216],[-103.26889,21.90165],[-103.26683,21.89706],[-103.26978,21.89765]]],[[[-103.25856,21.90023],[-103.26064,21.8983],[-103.25638,21.89869],[-103.25856,21.90023]]],[[[-103.23203,21.87261],[-103.23231,21.87261],[-103.23231,21.87177],[-103.23203,21.87261]]],[[[-103.2329,21.87332],[-103.23231,21.87261],[-103.23239,21.8729],[-103.2329,21.87332]]],[[[-103.24617,21.88093],[-103.24646,21.88093],[-103.24646,21.88056],[-103.24617,21.88093]]],[[[-103.24799,21.88146],[-103.24646,21.88093],[-103.24657,21.88118],[-103.24799,21.88146]]],[[[-103.27046,21.90557],[-103.27381,21.90663],[-103.27094,21.90382],[-103.27046,21.90557]]],[[[-103.27093,21.90904],[-103.26903,21.91251],[-103.27331,21.91149],[-103.27514,21.9076],[-103.27093,21.90904]]],[[[-103.13106,21.85425],[-103.13874,21.85365],[-103.1394,21.84989],[-103.14729,21.85064],[-103.14962,21.84812],[-103.15311,21.85111],[-103.15449,21.84984],[-103.15303,21.84714],[-103.15568,21.84453],[-103.15322,21.84364],[-103.15265,21.84012],[-103.15003,21.83941],[-103.1509,21.84321],[-103.14842,21.8431],[-103.14235,21.84532],[-103.13928,21.84185],[-103.1426,21.84326],[-103.14203,21.83954],[-103.13961,21.84008],[-103.14685,21.83346],[-103.14444,21.83157],[-103.14363,21.82636],[-103.1395,21.82487],[-103.13741,21.82592],[-103.13668,21.82905],[-103.14002,21.82934],[-103.1365,21.83435],[-103.13611,21.83211],[-103.13102,21.83367],[-103.1297,21.83704],[-103.13367,21.83488],[-103.13334,21.83668],[-103.12933,21.83876],[-103.13157,21.84379],[-103.12324,21.84347],[-103.12102,21.84132],[-103.11836,21.84438],[-103.12298,21.84541],[-103.12275,21.84682],[-103.12795,21.85116],[-103.12718,21.85274],[-103.13106,21.85425]]],[[[-103.1113,21.84389],[-103.11374,21.84285],[-103.11024,21.84121],[-103.10314,21.84149],[-103.1113,21.84389]]],[[[-103.11676,21.83677],[-103.11745,21.83328],[-103.11223,21.82862],[-103.10803,21.83417],[-103.11233,21.83447],[-103.11676,21.83677]]],[[[-103.10413,21.83285],[-103.10767,21.82998],[-103.10585,21.82784],[-103.10728,21.82352],[-103.10361,21.82114],[-103.10066,21.82214],[-103.09909,21.82835],[-103.10364,21.83009],[-103.10413,21.83285]]],[[[-103.08395,21.82292],[-103.08531,21.82051],[-103.08201,21.82195],[-103.08395,21.82292]]],[[[-103.10723,21.82133],[-103.11073,21.81663],[-103.11182,21.81275],[-103.10895,21.81335],[-103.10828,21.81625],[-103.10652,21.81425],[-103.10423,21.81902],[-103.10723,21.82133]]],[[[-103.12605,21.81335],[-103.13123,21.81283],[-103.13368,21.80923],[-103.13324,21.80652],[-103.12914,21.80998],[-103.12342,21.80807],[-103.12316,21.81027],[-103.12849,21.81204],[-103.12605,21.81335]]],[[[-103.13312,21.80457],[-103.13506,21.80694],[-103.13779,21.80511],[-103.13934,21.802],[-103.13312,21.80457]]],[[[-103.11528,21.80558],[-103.1189,21.80335],[-103.11475,21.80019],[-103.11273,21.8028],[-103.11528,21.80558]]],[[[-103.11667,21.79979],[-103.12087,21.79811],[-103.12243,21.79436],[-103.11667,21.79979]]],[[[-103.11353,21.7956],[-103.11401,21.79719],[-103.11634,21.79334],[-103.11353,21.7956]]],[[[-103.14626,21.79362],[-103.14553,21.78916],[-103.14165,21.7893],[-103.14626,21.79362]]],[[[-103.1077,21.79115],[-103.10977,21.78944],[-103.10658,21.78663],[-103.10168,21.78747],[-103.10171,21.78913],[-103.1077,21.79115]]],[[[-103.10159,21.78563],[-103.10444,21.78623],[-103.10695,21.7823],[-103.10544,21.77964],[-103.10341,21.7816],[-103.10077,21.78151],[-103.10159,21.78563]]],[[[-103.12184,21.77723],[-103.12096,21.77986],[-103.12779,21.77502],[-103.12373,21.77004],[-103.12023,21.77162],[-103.1183,21.77602],[-103.1201,21.77481],[-103.12184,21.77723]]],[[[-103.1528,21.77536],[-103.15257,21.77165],[-103.15506,21.76695],[-103.15429,21.76604],[-103.14911,21.77096],[-103.14611,21.77129],[-103.14478,21.77458],[-103.14834,21.77353],[-103.1528,21.77536]]],[[[-103.16476,21.78018],[-103.16429,21.77813],[-103.16056,21.7792],[-103.16158,21.7809],[-103.16476,21.78018]]],[[[-103.18619,21.78165],[-103.18189,21.78399],[-103.18445,21.78405],[-103.18619,21.78165]]],[[[-103.1896,21.77409],[-103.18943,21.77989],[-103.18627,21.78161],[-103.18947,21.7814],[-103.19219,21.77893],[-103.19146,21.77519],[-103.1896,21.77409]]],[[[-103.16506,21.76275],[-103.16619,21.76249],[-103.16684,21.75186],[-103.16591,21.74968],[-103.16426,21.75276],[-103.16148,21.75313],[-103.16352,21.75702],[-103.16352,21.75439],[-103.16568,21.7549],[-103.16611,21.75961],[-103.16506,21.76275]]],[[[-103.15872,21.77436],[-103.15843,21.76955],[-103.15569,21.77009],[-103.15872,21.77436]]],[[[-103.153,21.78321],[-103.15302,21.78303],[-103.15389,21.78184],[-103.15711,21.77742],[-103.15464,21.77873],[-103.14964,21.7788],[-103.15003,21.77734],[-103.14602,21.77689],[-103.14468,21.77965],[-103.1516,21.78394],[-103.153,21.78321]]],[[[-103.1538,21.78695],[-103.15655,21.78712],[-103.15947,21.78493],[-103.15884,21.78259],[-103.15607,21.78671],[-103.1538,21.78695]]],[[[-103.16,21.79044],[-103.16382,21.79175],[-103.16272,21.78757],[-103.16012,21.78799],[-103.16,21.79044]]],[[[-103.24107,21.80237],[-103.23991,21.79985],[-103.23911,21.7981],[-103.23831,21.79635],[-103.23759,21.79802],[-103.23961,21.80086],[-103.23903,21.80413],[-103.24107,21.80237]]],[[[-103.14762,21.79415],[-103.15065,21.79339],[-103.15053,21.79019],[-103.14762,21.79415]]],[[[-103.15413,21.79773],[-103.15481,21.79871],[-103.15774,21.79372],[-103.15413,21.79773]]],[[[-103.16421,21.79981],[-103.16628,21.79984],[-103.16659,21.79709],[-103.16321,21.79593],[-103.16421,21.79981]]],[[[-103.10989,21.78629],[-103.1108,21.78244],[-103.10829,21.78192],[-103.10795,21.78583],[-103.10989,21.78629]]],[[[-103.1272,21.77907],[-103.12614,21.78189],[-103.12735,21.78515],[-103.12866,21.7829],[-103.1272,21.77907]]],[[[-103.14689,21.78449],[-103.14952,21.78322],[-103.14211,21.78162],[-103.14323,21.78398],[-103.14689,21.78449]]],[[[-103.13199,21.79072],[-103.13482,21.78963],[-103.13232,21.78814],[-103.13199,21.79072]]],[[[-103.14043,21.80867],[-103.13684,21.80618],[-103.13713,21.80907],[-103.14043,21.80867]]],[[[-103.16778,21.81068],[-103.16961,21.80881],[-103.16573,21.80985],[-103.16778,21.81068]]],[[[-103.14493,21.81438],[-103.14854,21.8129],[-103.1448,21.81039],[-103.14167,21.80997],[-103.14493,21.81438]]],[[[-103.13634,21.81347],[-103.13773,21.8139],[-103.13877,21.80975],[-103.13368,21.81324],[-103.13634,21.81347]]],[[[-103.1596,21.82401],[-103.16141,21.82258],[-103.1563,21.82044],[-103.15562,21.81693],[-103.15236,21.81478],[-103.1525,21.81769],[-103.15444,21.81753],[-103.15452,21.82036],[-103.1596,21.82401]]],[[[-103.1521,21.82549],[-103.15359,21.82647],[-103.15516,21.82223],[-103.15108,21.82229],[-103.14655,21.82024],[-103.14858,21.81919],[-103.14702,21.81641],[-103.13979,21.81925],[-103.14041,21.82267],[-103.14548,21.82245],[-103.1497,21.82642],[-103.1521,21.82549]]],[[[-103.12183,21.82026],[-103.12436,21.8214],[-103.12242,21.81769],[-103.11982,21.81761],[-103.12183,21.82026]]],[[[-103.12795,21.82233],[-103.12786,21.82063],[-103.13176,21.81955],[-103.12884,21.81744],[-103.12618,21.81949],[-103.12795,21.82233]]],[[[-103.23956,21.82605],[-103.24051,21.83148],[-103.24178,21.82686],[-103.23956,21.82605]]],[[[-103.11534,21.82544],[-103.11644,21.82776],[-103.11786,21.82453],[-103.11534,21.82544]]],[[[-103.24536,21.84436],[-103.2495,21.84611],[-103.24943,21.84413],[-103.24536,21.84436]]],[[[-103.23302,21.85273],[-103.23565,21.85042],[-103.23861,21.85022],[-103.23582,21.84811],[-103.23302,21.85273]]],[[[-103.29525,21.74626],[-103.29763,21.74423],[-103.2941,21.74387],[-103.29525,21.74626]]],[[[-103.27264,21.75043],[-103.2705,21.7523],[-103.27318,21.75307],[-103.27264,21.75043]]],[[[-103.29113,21.74935],[-103.29328,21.75065],[-103.29162,21.74686],[-103.29113,21.74935]]],[[[-103.29832,21.77559],[-103.30072,21.77674],[-103.30311,21.77194],[-103.29959,21.77071],[-103.29694,21.77229],[-103.29832,21.77559]]],[[[-103.29601,21.77656],[-103.29746,21.7755],[-103.29074,21.77574],[-103.29601,21.77656]]],[[[-103.28934,21.7799],[-103.28955,21.78008],[-103.29288,21.78115],[-103.29347,21.77971],[-103.28709,21.77897],[-103.2892,21.77977],[-103.28934,21.7799]]],[[[-103.27898,21.74328],[-103.28234,21.74321],[-103.28077,21.73965],[-103.27594,21.73962],[-103.27591,21.74242],[-103.27898,21.74328]]],[[[-103.2295,21.73722],[-103.23048,21.73558],[-103.22742,21.73466],[-103.2295,21.73722]]],[[[-103.22838,21.7318],[-103.22858,21.72755],[-103.22629,21.72855],[-103.21985,21.72663],[-103.22088,21.73048],[-103.22396,21.73022],[-103.22838,21.7318]]],[[[-103.21645,21.73358],[-103.21826,21.73143],[-103.21486,21.7313],[-103.21645,21.73358]]],[[[-103.23449,21.73036],[-103.23801,21.72805],[-103.23471,21.72855],[-103.23449,21.73036]]],[[[-103.13537,21.727],[-103.13677,21.72467],[-103.13447,21.72464],[-103.13537,21.727]]],[[[-103.1541,21.71672],[-103.15356,21.71352],[-103.15,21.71182],[-103.15318,21.71549],[-103.15015,21.71758],[-103.1517,21.71911],[-103.1541,21.71672]]],[[[-103.24025,21.71545],[-103.2412,21.71321],[-103.24367,21.71504],[-103.24323,21.70946],[-103.24112,21.70986],[-103.24025,21.71545]]],[[[-103.1205,21.71164],[-103.12483,21.71162],[-103.12502,21.70951],[-103.12201,21.70936],[-103.1205,21.71164]]],[[[-103.1182,21.70982],[-103.12036,21.70992],[-103.12198,21.70581],[-103.1182,21.70982]]],[[[-103.1308,21.70474],[-103.13525,21.70169],[-103.13443,21.69971],[-103.13141,21.69983],[-103.12974,21.69647],[-103.12768,21.70044],[-103.12627,21.6954],[-103.12466,21.69838],[-103.12707,21.69842],[-103.12782,21.70352],[-103.1308,21.70474]]],[[[-103.25068,21.69997],[-103.25424,21.70189],[-103.25466,21.6989],[-103.25804,21.69984],[-103.25693,21.69504],[-103.24949,21.69446],[-103.24641,21.69312],[-103.24508,21.69567],[-103.25167,21.697],[-103.25068,21.69997]]],[[[-103.1413,21.6931],[-103.14348,21.69252],[-103.14177,21.69048],[-103.1413,21.6931]]],[[[-103.2276,21.69002],[-103.22198,21.68751],[-103.22459,21.69046],[-103.2276,21.69002]]],[[[-103.25728,21.6866],[-103.25455,21.68269],[-103.24905,21.68016],[-103.24989,21.67798],[-103.24455,21.67812],[-103.24544,21.68487],[-103.2511,21.68671],[-103.25052,21.6917],[-103.2555,21.69258],[-103.25662,21.69153],[-103.25175,21.69113],[-103.25457,21.68931],[-103.25156,21.6881],[-103.25424,21.68534],[-103.25728,21.6866]]],[[[-103.14113,21.6877],[-103.14113,21.68571],[-103.14326,21.68246],[-103.13895,21.68277],[-103.14113,21.6877]]],[[[-103.1245,21.68729],[-103.12749,21.68572],[-103.12841,21.67852],[-103.12561,21.67903],[-103.12396,21.67675],[-103.12114,21.68049],[-103.12495,21.68431],[-103.1245,21.68729]]],[[[-103.13122,21.67985],[-103.13474,21.67921],[-103.13709,21.67629],[-103.13122,21.67985]]],[[[-103.22886,21.70351],[-103.22745,21.70153],[-103.22613,21.70363],[-103.22886,21.70351]]],[[[-103.25335,21.70984],[-103.25603,21.71039],[-103.25818,21.70684],[-103.25564,21.70413],[-103.25137,21.70395],[-103.25005,21.70663],[-103.25488,21.70821],[-103.25335,21.70984]]],[[[-103.25575,21.71803],[-103.25749,21.71842],[-103.25806,21.71544],[-103.25269,21.71008],[-103.24696,21.7079],[-103.24648,21.70912],[-103.25053,21.71048],[-103.25333,21.71373],[-103.25203,21.71525],[-103.25575,21.71803]]],[[[-103.26207,21.71489],[-103.26449,21.71358],[-103.26136,21.71279],[-103.26207,21.71489]]],[[[-103.26483,21.72309],[-103.26786,21.7229],[-103.26745,21.71843],[-103.26147,21.71694],[-103.26114,21.72127],[-103.26483,21.72309]]],[[[-103.2752,21.70968],[-103.27502,21.70459],[-103.27174,21.70541],[-103.27122,21.70942],[-103.2752,21.70968]]],[[[-103.26031,21.72899],[-103.26203,21.72898],[-103.26405,21.72755],[-103.26185,21.72518],[-103.25872,21.72558],[-103.26031,21.72899]]],[[[-103.30645,21.72527],[-103.30634,21.72411],[-103.30149,21.72285],[-103.30116,21.72572],[-103.30645,21.72527]]],[[[-103.24677,21.66819],[-103.2462,21.67254],[-103.24811,21.67237],[-103.24835,21.66808],[-103.24677,21.66819]]],[[[-103.13105,21.66576],[-103.13551,21.66508],[-103.13553,21.66094],[-103.13405,21.66518],[-103.13105,21.66576]]],[[[-103.13483,21.6586],[-103.13594,21.65821],[-103.13452,21.65335],[-103.13172,21.6583],[-103.13483,21.6586]]],[[[-103.1338,21.65085],[-103.13565,21.65012],[-103.1335,21.64782],[-103.1338,21.65085]]],[[[-103.14018,21.64492],[-103.14455,21.6426],[-103.14266,21.64232],[-103.14018,21.64492]]],[[[-103.14582,21.6497],[-103.14824,21.6479],[-103.14734,21.64609],[-103.14582,21.6497]]],[[[-103.18015,21.65756],[-103.18212,21.65595],[-103.17792,21.65325],[-103.17708,21.65555],[-103.18015,21.65756]]],[[[-103.16981,21.66199],[-103.17356,21.66012],[-103.17468,21.6565],[-103.17169,21.65799],[-103.16981,21.66199]]],[[[-103.13415,21.63765],[-103.13532,21.63946],[-103.13786,21.63701],[-103.13415,21.63765]]],[[[-103.0938,21.80376],[-103.09623,21.80199],[-103.09271,21.80211],[-103.0938,21.80376]]],[[[-103.35214,21.89243],[-103.35272,21.89323],[-103.35322,21.89393],[-103.35419,21.89527],[-103.35353,21.90089],[-103.35711,21.90107],[-103.35664,21.89624],[-103.35707,21.89356],[-103.35305,21.89039],[-103.35214,21.89243]]],[[[-103.26917,21.77587],[-103.26439,21.77837],[-103.26641,21.77873],[-103.27141,21.77895],[-103.26917,21.77587]]],[[[-103.04561,22.45107],[-103.05526,22.45004],[-103.05354,22.44804],[-103.05895,22.44644],[-103.05594,22.44999],[-103.05805,22.44981],[-103.06308,22.44721],[-103.06464,22.44928],[-103.06725,22.44906],[-103.08179,22.44201],[-103.07959,22.43906],[-103.08391,22.43525],[-103.08449,22.43143],[-103.08263,22.43047],[-103.07961,22.43672],[-103.07503,22.43503],[-103.06607,22.43337],[-103.0627,22.4306],[-103.05608,22.43221],[-103.05633,22.43637],[-103.05494,22.43896],[-103.05572,22.4434],[-103.05381,22.44572],[-103.04972,22.44556],[-103.04842,22.44952],[-103.04561,22.45107]],[[-103.06463,22.43696],[-103.06492,22.43484],[-103.07077,22.43696],[-103.06463,22.43696]]],[[[-103.13643,22.30816],[-103.1403,22.30348],[-103.14208,22.30483],[-103.14542,22.3016],[-103.14637,22.30318],[-103.14376,22.30466],[-103.14449,22.30647],[-103.14683,22.30755],[-103.14728,22.30344],[-103.15033,22.30237],[-103.15028,22.30016],[-103.15311,22.29665],[-103.14513,22.29526],[-103.14398,22.29493],[-103.14029,22.29369],[-103.13767,22.29506],[-103.13036,22.29508],[-103.1295,22.29422],[-103.12797,22.29401],[-103.12754,22.29483],[-103.13234,22.2964],[-103.13136,22.29944],[-103.1355,22.30346],[-103.13221,22.30804],[-103.13643,22.30816]]],[[[-103.12764,22.3181],[-103.13233,22.31733],[-103.1311,22.31551],[-103.12907,22.31489],[-103.12764,22.3181]]],[[[-103.13504,22.32146],[-103.13161,22.32388],[-103.13008,22.32698],[-103.13553,22.32436],[-103.13504,22.32146]]],[[[-103.17662,22.29797],[-103.17374,22.29834],[-103.17685,22.30075],[-103.17662,22.29797]]],[[[-103.18135,22.30164],[-103.1823,22.30113],[-103.18311,22.29952],[-103.18192,22.29964],[-103.1812,22.29927],[-103.18035,22.29912],[-103.1801,22.29897],[-103.18135,22.30164]]],[[[-103.20263,22.28113],[-103.20107,22.28157],[-103.20044,22.28661],[-103.19868,22.28615],[-103.1979,22.28816],[-103.19778,22.28848],[-103.19728,22.28976],[-103.1971,22.28993],[-103.19948,22.2896],[-103.20309,22.28286],[-103.20263,22.28113]]],[[[-103.20223,22.3338],[-103.19861,22.33012],[-103.19539,22.32984],[-103.19644,22.33262],[-103.19676,22.3327],[-103.19705,22.33281],[-103.19724,22.33288],[-103.19805,22.33312],[-103.19808,22.33308],[-103.1986,22.33285],[-103.19958,22.33264],[-103.20223,22.3338]]],[[[-103.21147,22.45716],[-103.21148,22.45714],[-103.21124,22.455],[-103.21408,22.45073],[-103.21464,22.45014],[-103.21816,22.44552],[-103.21715,22.44378],[-103.21358,22.4441],[-103.21223,22.44579],[-103.21107,22.45378],[-103.2077,22.45582],[-103.20674,22.45821],[-103.21147,22.45716]]],[[[-103.23511,22.42152],[-103.23713,22.41965],[-103.23398,22.41949],[-103.23293,22.42364],[-103.23511,22.42152]]],[[[-103.21613,22.44091],[-103.21512,22.44218],[-103.21822,22.44284],[-103.21898,22.44096],[-103.21613,22.44091]]],[[[-103.06024,22.42856],[-103.06497,22.43059],[-103.06532,22.42684],[-103.05997,22.42587],[-103.06024,22.42856]]],[[[-103.08812,22.41895],[-103.09004,22.41678],[-103.08527,22.41738],[-103.08329,22.42115],[-103.08812,22.41895]]],[[[-103.0547,22.42102],[-103.05665,22.41922],[-103.05427,22.41867],[-103.0547,22.42102]]],[[[-103.06393,22.4163],[-103.0653,22.41839],[-103.06676,22.41502],[-103.06393,22.4163]]],[[[-103.05551,22.41123],[-103.05646,22.41299],[-103.05887,22.41315],[-103.05908,22.41003],[-103.05551,22.41123]]],[[[-103.06099,22.40762],[-103.06284,22.40904],[-103.06209,22.40502],[-103.06099,22.40762]]],[[[-103.08346,22.41916],[-103.083,22.41466],[-103.07712,22.41071],[-103.07706,22.4085],[-103.07188,22.4045],[-103.069,22.40371],[-103.06959,22.40704],[-103.074,22.40812],[-103.07502,22.41249],[-103.07797,22.41517],[-103.07857,22.41293],[-103.08226,22.41878],[-103.08346,22.41916]]],[[[-103.0741,22.40425],[-103.07581,22.40547],[-103.07996,22.4039],[-103.08258,22.40015],[-103.08608,22.39746],[-103.08585,22.39588],[-103.08025,22.39207],[-103.07804,22.38876],[-103.08196,22.38996],[-103.08264,22.38741],[-103.08698,22.38824],[-103.09052,22.3869],[-103.08987,22.38933],[-103.09307,22.39078],[-103.09566,22.38814],[-103.10191,22.38988],[-103.10321,22.38711],[-103.10183,22.37958],[-103.10063,22.37866],[-103.09055,22.37692],[-103.08069,22.37738],[-103.08098,22.37797],[-103.09093,22.3783],[-103.09148,22.38185],[-103.08851,22.38149],[-103.08834,22.37952],[-103.08429,22.38005],[-103.08364,22.38307],[-103.09214,22.38411],[-103.09666,22.38294],[-103.09918,22.38349],[-103.10016,22.38842],[-103.0974,22.38721],[-103.09766,22.38464],[-103.09393,22.38435],[-103.09424,22.38645],[-103.08961,22.38449],[-103.08557,22.3863],[-103.08303,22.38495],[-103.07991,22.38562],[-103.07695,22.38422],[-103.07515,22.38666],[-103.07666,22.38898],[-103.07222,22.38649],[-103.0711,22.38817],[-103.06684,22.38808],[-103.0654,22.39132],[-103.06872,22.39407],[-103.06533,22.39834],[-103.06929,22.40096],[-103.07357,22.39844],[-103.07633,22.40078],[-103.07264,22.40381],[-103.0741,22.40425]],[[-103.0718,22.39335],[-103.06913,22.39271],[-103.07631,22.38976],[-103.07634,22.39402],[-103.0718,22.39335]]],[[[-103.06467,22.40052],[-103.06787,22.40302],[-103.06726,22.40049],[-103.06467,22.40052]]],[[[-103.10721,22.37516],[-103.10857,22.37434],[-103.10913,22.3738],[-103.10955,22.3734],[-103.10817,22.37144],[-103.10399,22.37374],[-103.10267,22.37137],[-103.1002,22.3735],[-103.10211,22.37414],[-103.10226,22.37415],[-103.10351,22.3744],[-103.1071,22.37513],[-103.10721,22.37516]]],[[[-103.10571,22.37099],[-103.11012,22.37144],[-103.10954,22.36706],[-103.1075,22.37056],[-103.10571,22.37099]]],[[[-103.11554,22.34566],[-103.11596,22.34932],[-103.11933,22.34619],[-103.11554,22.34566]]],[[[-103.10606,22.34949],[-103.10623,22.34943],[-103.10709,22.34629],[-103.10056,22.34704],[-103.0913,22.34338],[-103.09271,22.34611],[-103.09144,22.34942],[-103.09948,22.34957],[-103.10254,22.34805],[-103.10606,22.34949]]],[[[-103.10281,22.34526],[-103.10671,22.34508],[-103.108,22.3434],[-103.10229,22.34318],[-103.09943,22.34423],[-103.10281,22.34526]]],[[[-103.10865,22.34163],[-103.10396,22.34123],[-103.10642,22.34277],[-103.10865,22.34163]]],[[[-103.12013,22.34008],[-103.11585,22.34304],[-103.11993,22.34259],[-103.12013,22.34008]]],[[[-103.12386,22.33782],[-103.12065,22.33977],[-103.12339,22.34063],[-103.12386,22.33782]]],[[[-103.12965,22.32548],[-103.12641,22.32877],[-103.12963,22.32729],[-103.12965,22.32548]]],[[[-103.12834,22.33352],[-103.12964,22.33548],[-103.13189,22.33439],[-103.12834,22.33352]]],[[[-103.12461,22.35516],[-103.12524,22.3525],[-103.12109,22.35553],[-103.12461,22.35516]]],[[[-103.09921,22.39917],[-103.09939,22.39905],[-103.10001,22.39609],[-103.09835,22.3941],[-103.09199,22.39119],[-103.08856,22.3935],[-103.08694,22.39128],[-103.0871,22.39584],[-103.08867,22.3941],[-103.09682,22.39379],[-103.09572,22.39818],[-103.09921,22.39917]]],[[[-103.23215,22.4063],[-103.2341,22.40176],[-103.23147,22.40422],[-103.23215,22.4063]]],[[[-103.15579,22.30602],[-103.14403,22.31535],[-103.14292,22.31704],[-103.14567,22.31693],[-103.14846,22.31458],[-103.15076,22.31044],[-103.15579,22.30602]]],[[[-103.14771,22.30731],[-103.1504,22.30593],[-103.15035,22.30353],[-103.14758,22.30446],[-103.14771,22.30731]]],[[[-103.14212,22.31826],[-103.13799,22.31945],[-103.14127,22.32189],[-103.14212,22.31826]]],[[[-102.99674,22.48409],[-102.99852,22.48495],[-103.00179,22.48352],[-103.0006,22.4792],[-102.99556,22.48185],[-102.99674,22.48409]]],[[[-102.99477,22.48879],[-102.99821,22.48767],[-102.99759,22.48574],[-102.99384,22.48336],[-102.99117,22.48363],[-102.98979,22.48747],[-102.99213,22.48931],[-102.99477,22.48879]]],[[[-102.9984,22.49507],[-103.00109,22.49424],[-103.0058,22.49553],[-103.00719,22.49024],[-103.00466,22.48848],[-103.00198,22.48925],[-103.00041,22.48719],[-102.99729,22.49232],[-102.99422,22.49218],[-102.99519,22.48958],[-102.98992,22.49232],[-102.99711,22.49547],[-102.99788,22.49523],[-102.9984,22.49507]]],[[[-102.99389,22.49647],[-102.99607,22.49579],[-102.99204,22.49442],[-102.99389,22.49647]]],[[[-103.30686,21.65949],[-103.30046,21.65089],[-103.29835,21.65763],[-103.30686,21.65949]]],[[[-103.31546,21.67153],[-103.31324,21.66764],[-103.31417,21.67186],[-103.31546,21.67153]]],[[[-103.25536,21.63562],[-103.2569,21.63458],[-103.25317,21.63355],[-103.25536,21.63562]]],[[[-103.28488,21.6489],[-103.27906,21.64623],[-103.27895,21.64864],[-103.27621,21.64976],[-103.27481,21.64811],[-103.26605,21.64541],[-103.26681,21.63963],[-103.26299,21.63829],[-103.26267,21.63976],[-103.25773,21.63805],[-103.2556,21.64186],[-103.25587,21.64523],[-103.25383,21.64279],[-103.2486,21.64262],[-103.24792,21.64828],[-103.25389,21.64984],[-103.25536,21.65241],[-103.26144,21.65372],[-103.26135,21.66062],[-103.26454,21.6609],[-103.26626,21.65912],[-103.26761,21.65238],[-103.26507,21.65207],[-103.26473,21.6543],[-103.26039,21.64993],[-103.25592,21.64885],[-103.25586,21.64744],[-103.26149,21.64956],[-103.2681,21.64656],[-103.27421,21.64881],[-103.27912,21.65159],[-103.28488,21.6489]]],[[[-103.29,21.65537],[-103.29348,21.65469],[-103.28767,21.65284],[-103.29,21.65537]]],[[[-103.27402,21.66289],[-103.27976,21.66261],[-103.27908,21.66037],[-103.28136,21.65746],[-103.28528,21.65686],[-103.28212,21.65278],[-103.27566,21.65508],[-103.27568,21.65657],[-103.27936,21.65844],[-103.27342,21.65826],[-103.27402,21.66289]]],[[[-103.24998,21.66229],[-103.25147,21.66519],[-103.2572,21.66604],[-103.25531,21.66373],[-103.25507,21.65944],[-103.24983,21.65964],[-103.24788,21.66136],[-103.24998,21.66229]]],[[[-103.26195,21.66673],[-103.27144,21.66822],[-103.26918,21.66604],[-103.26512,21.6653],[-103.26528,21.66321],[-103.27077,21.66451],[-103.27128,21.66236],[-103.26598,21.66127],[-103.26195,21.66673]]],[[[-103.29438,21.66828],[-103.29564,21.66944],[-103.2983,21.66888],[-103.29812,21.66626],[-103.30256,21.6681],[-103.30267,21.67273],[-103.30495,21.66823],[-103.30283,21.66607],[-103.29818,21.66509],[-103.29344,21.66276],[-103.29291,21.66496],[-103.29023,21.66445],[-103.28961,21.66674],[-103.29438,21.66828]]],[[[-103.31131,21.67634],[-103.31292,21.67555],[-103.31048,21.66945],[-103.30753,21.67207],[-103.31034,21.67183],[-103.31131,21.67634]]],[[[-103.30393,21.6743],[-103.30735,21.6729],[-103.30512,21.67081],[-103.30393,21.6743]]],[[[-103.28822,21.67382],[-103.28989,21.67371],[-103.29055,21.67022],[-103.28766,21.66946],[-103.28822,21.67382]]],[[[-103.29075,21.65928],[-103.29248,21.66206],[-103.29327,21.66001],[-103.29075,21.65928]]],[[[-103.01422,21.85336],[-103.01588,21.85419],[-103.01408,21.85248],[-103.0139,21.8513],[-103.0128,21.85236],[-103.01422,21.85336]]],[[[-102.94107,22.01081],[-102.94225,22.01209],[-102.93922,22.01395],[-102.94147,22.01498],[-102.94552,22.0142],[-102.94533,22.01238],[-102.95037,22.01187],[-102.95491,22.01296],[-102.95894,22.01144],[-102.95245,22.01121],[-102.94812,22.00899],[-102.94107,22.01081]]],[[[-102.96879,22.00397],[-102.96886,22.00269],[-102.96351,21.99938],[-102.95694,21.99977],[-102.95561,22.00084],[-102.94878,21.99782],[-102.94472,21.99786],[-102.94462,21.99789],[-102.94272,21.99884],[-102.94234,21.99905],[-102.94195,21.99927],[-102.94158,21.99946],[-102.93895,22.0024],[-102.94588,21.99924],[-102.94437,22.00233],[-102.95195,22.00294],[-102.96419,22.00622],[-102.96876,22.00444],[-102.96879,22.00397]]],[[[-102.98929,21.98243],[-102.98743,21.98436],[-102.99069,21.98739],[-102.99198,21.98459],[-102.98929,21.98243]]],[[[-102.9839,21.97975],[-102.98376,21.97742],[-102.98317,21.9813],[-102.98398,21.98115],[-102.9839,21.97975]]],[[[-102.9839,21.97703],[-102.9853,21.9766],[-102.98103,21.97439],[-102.97999,21.97209],[-102.9758,21.97132],[-102.97602,21.97283],[-102.978,21.97428],[-102.97834,21.97477],[-102.98159,21.98121],[-102.98288,21.98129],[-102.98243,21.97532],[-102.9839,21.97703]]],[[[-102.97414,21.97673],[-102.97455,21.97636],[-102.9746,21.97618],[-102.97459,21.97615],[-102.97401,21.97453],[-102.97363,21.97346],[-102.97217,21.9715],[-102.97023,21.97967],[-102.96695,21.98349],[-102.96658,21.98014],[-102.96858,21.97836],[-102.96473,21.97559],[-102.96323,21.98021],[-102.96632,21.98324],[-102.96048,21.98696],[-102.96033,21.98946],[-102.96488,21.98629],[-102.96539,21.98769],[-102.96888,21.9834],[-102.97156,21.98352],[-102.9722,21.98308],[-102.97277,21.9805],[-102.97719,21.9849],[-102.97534,21.98024],[-102.97272,21.97808],[-102.97414,21.97673]]],[[[-102.93079,22.00033],[-102.93215,22.00159],[-102.93432,22.00099],[-102.93223,21.999],[-102.93079,22.00033]]],[[[-102.93225,21.98277],[-102.9322,21.98282],[-102.93104,21.98402],[-102.93379,21.98711],[-102.9287,21.99183],[-102.93267,21.99286],[-102.93545,21.98851],[-102.93373,21.98867],[-102.93652,21.98376],[-102.93248,21.98253],[-102.93225,21.98277]]],[[[-102.86043,21.94443],[-102.86315,21.9352],[-102.86139,21.93676],[-102.85791,21.94396],[-102.86043,21.94443]]],[[[-102.85224,21.91818],[-102.85478,21.91488],[-102.85222,21.91381],[-102.85009,21.91565],[-102.85105,21.91927],[-102.85224,21.91818]]],[[[-102.98942,21.89615],[-102.98918,21.89592],[-102.98908,21.89613],[-102.98942,21.89615]]],[[[-102.98845,21.89752],[-102.98844,21.89753],[-102.98818,21.89812],[-102.98699,21.90196],[-102.98335,21.90258],[-102.98528,21.90404],[-102.98842,21.90085],[-102.99057,21.90464],[-102.99146,21.90474],[-102.99271,21.89884],[-102.99052,21.89728],[-102.98845,21.89752]]],[[[-102.9998,21.90945],[-103.00387,21.9086],[-103.0028,21.90597],[-102.99962,21.90732],[-102.9998,21.90945]]],[[[-103.00483,21.92118],[-103.01061,21.91837],[-103.01137,21.91536],[-103.01494,21.91593],[-103.01115,21.91361],[-103.00632,21.91399],[-103.00369,21.90949],[-103.00044,21.91659],[-103.00335,21.91551],[-103.00483,21.92118]]],[[[-102.99057,21.91429],[-102.9902,21.91686],[-102.99328,21.91666],[-102.99057,21.91429]]],[[[-102.98922,21.92535],[-102.98894,21.92612],[-102.99028,21.92436],[-102.98926,21.92525],[-102.98922,21.92535]]],[[[-102.99078,21.93099],[-102.99143,21.93061],[-102.99311,21.92936],[-102.99368,21.92753],[-102.99073,21.92478],[-102.99102,21.92864],[-102.98848,21.92734],[-102.98714,21.92936],[-102.98807,21.93164],[-102.99078,21.93099]]],[[[-103.00403,21.93339],[-103.00234,21.93215],[-103.00045,21.93798],[-102.99506,21.93381],[-102.99274,21.93773],[-102.99502,21.93785],[-102.99624,21.93555],[-103.00193,21.94203],[-103.00055,21.9457],[-103.00412,21.94139],[-103.00201,21.94007],[-103.00283,21.93428],[-103.00403,21.93339]]],[[[-102.98132,21.94137],[-102.97861,21.94126],[-102.97941,21.94466],[-102.97733,21.9451],[-102.98288,21.95037],[-102.98032,21.95422],[-102.98786,21.95327],[-102.98809,21.95796],[-102.99077,21.95825],[-102.99169,21.95909],[-102.99176,21.95915],[-102.99481,21.95996],[-102.99445,21.95747],[-102.99942,21.95357],[-103.00587,21.95269],[-103.00736,21.95379],[-103.00904,21.95121],[-103.00274,21.94946],[-103.00079,21.95086],[-102.99602,21.95007],[-102.99797,21.94582],[-102.99604,21.94403],[-102.99756,21.94075],[-102.9926,21.94462],[-102.98926,21.9414],[-102.98648,21.94031],[-102.98546,21.94118],[-102.9884,21.94372],[-102.98735,21.94615],[-102.99009,21.94888],[-102.99539,21.95182],[-102.99636,21.95417],[-102.99314,21.95393],[-102.99283,21.95184],[-102.98848,21.95312],[-102.98856,21.94993],[-102.98556,21.94659],[-102.98628,21.94394],[-102.98342,21.94168],[-102.98235,21.94152],[-102.98132,21.94137]]],[[[-102.99395,21.96708],[-102.99365,21.96421],[-102.98992,21.96219],[-102.98929,21.96184],[-102.98805,21.96117],[-102.98499,21.96381],[-102.98933,21.96516],[-102.99395,21.96708]]],[[[-103.00286,21.97224],[-102.99975,21.97494],[-103.00268,21.97537],[-103.00487,21.97325],[-103.00286,21.97224]]],[[[-102.98428,21.96516],[-102.98498,21.96381],[-102.97863,21.96095],[-102.97927,21.96378],[-102.98428,21.96516]]],[[[-102.97681,21.95942],[-102.97361,21.96083],[-102.975,21.96235],[-102.97681,21.95942]]],[[[-102.97839,21.95924],[-102.97835,21.9592],[-102.97817,21.95923],[-102.97839,21.95924]]],[[[-102.99716,21.96126],[-103.00142,21.96119],[-102.99911,21.9585],[-102.99716,21.96126]]],[[[-103.00607,21.96641],[-103.00291,21.96887],[-103.00608,21.96918],[-103.00607,21.96641]]],[[[-103.00244,21.9656],[-103.00605,21.96536],[-103.00091,21.96187],[-103.00244,21.9656]]],[[[-103.00812,21.94591],[-103.00911,21.94162],[-103.00706,21.94139],[-103.0064,21.94433],[-103.00812,21.94591]]],[[[-103.00777,21.93708],[-103.00501,21.93462],[-103.00681,21.93846],[-103.00777,21.93708]]],[[[-103.01041,21.85726],[-103.01134,21.85864],[-103.01745,21.8556],[-103.01149,21.85362],[-103.01074,21.85451],[-103.01041,21.85726]]],[[[-103.01287,21.86089],[-103.01807,21.861],[-103.01515,21.85833],[-103.01253,21.86039],[-103.01287,21.86089]]],[[[-102.96581,21.99048],[-102.96658,21.99623],[-102.96903,21.99337],[-102.96875,21.98872],[-102.96581,21.99048]]],[[[-102.97536,21.98754],[-102.97744,21.99207],[-102.9773,21.98791],[-102.97536,21.98754]]],[[[-103.70287,24.00853],[-103.70581,24.00171],[-103.70998,24.00039],[-103.70892,23.99848],[-103.71205,23.98812],[-103.71473,23.98885],[-103.71685,23.98536],[-103.71887,23.98561],[-103.71929,23.98157],[-103.71818,23.9772],[-103.71556,23.9764],[-103.71787,23.97322],[-103.71375,23.97122],[-103.70938,23.97131],[-103.70817,23.97628],[-103.7019,23.97447],[-103.67895,23.95705],[-103.67628,23.95168],[-103.66943,23.94975],[-103.66722,23.94973],[-103.66604,23.95403],[-103.66166,23.95429],[-103.65905,23.95224],[-103.65654,23.95305],[-103.65429,23.94512],[-103.65835,23.94367],[-103.6564,23.94651],[-103.65798,23.94863],[-103.65909,23.94498],[-103.66179,23.94398],[-103.66652,23.94432],[-103.67263,23.93594],[-103.68387,23.92854],[-103.68003,23.92868],[-103.68678,23.9259],[-103.688,23.92701],[-103.69108,23.92586],[-103.69739,23.92042],[-103.71163,23.92039],[-103.71274,23.91923],[-103.72571,23.91979],[-103.7298,23.92234],[-103.72033,23.93143],[-103.71733,23.93852],[-103.72041,23.93963],[-103.72826,23.93285],[-103.7326,23.92626],[-103.73324,23.92155],[-103.73703,23.91929],[-103.74089,23.91901],[-103.74191,23.91452],[-103.74009,23.91231],[-103.73491,23.89826],[-103.73164,23.89975],[-103.72987,23.89624],[-103.72544,23.89304],[-103.72261,23.88652],[-103.71927,23.88245],[-103.71735,23.87346],[-103.71524,23.86764],[-103.71317,23.86536],[-103.71582,23.86396],[-103.71801,23.86992],[-103.72055,23.87263],[-103.72363,23.87839],[-103.71898,23.86803],[-103.71657,23.86062],[-103.71438,23.85638],[-103.71816,23.8426],[-103.71743,23.83711],[-103.70924,23.82887],[-103.70814,23.82975],[-103.71225,23.83476],[-103.71313,23.84162],[-103.70942,23.84845],[-103.70402,23.84386],[-103.69815,23.84057],[-103.6907,23.83386],[-103.68801,23.83263],[-103.67904,23.83053],[-103.66928,23.82952],[-103.6657,23.82171],[-103.6605,23.81537],[-103.65719,23.81386],[-103.65482,23.81034],[-103.65122,23.81128],[-103.65069,23.80846],[-103.64893,23.80938],[-103.64939,23.80398],[-103.65477,23.80995],[-103.65406,23.80389],[-103.65235,23.79977],[-103.65117,23.78721],[-103.64946,23.77435],[-103.66014,23.77502],[-103.6673,23.77945],[-103.67626,23.78838],[-103.68402,23.78792],[-103.69073,23.78916],[-103.691,23.7893],[-103.69706,23.79259],[-103.69898,23.80089],[-103.70152,23.80556],[-103.70308,23.81369],[-103.70398,23.80722],[-103.70583,23.80605],[-103.70684,23.80915],[-103.71012,23.81334],[-103.711,23.8217],[-103.7138,23.82527],[-103.71683,23.82652],[-103.71558,23.82973],[-103.71777,23.83171],[-103.71898,23.8274],[-103.71465,23.82203],[-103.7102,23.80177],[-103.714,23.79223],[-103.71438,23.78865],[-103.71766,23.78632],[-103.71747,23.78936],[-103.71939,23.78777],[-103.71449,23.78227],[-103.70702,23.7943],[-103.70482,23.7956],[-103.70777,23.79631],[-103.70454,23.80051],[-103.70147,23.79572],[-103.7033,23.79554],[-103.69992,23.77735],[-103.69439,23.77076],[-103.68688,23.76355],[-103.68061,23.76062],[-103.6807,23.76539],[-103.69378,23.77985],[-103.69483,23.78314],[-103.69258,23.78309],[-103.69512,23.78461],[-103.69198,23.78545],[-103.68034,23.78435],[-103.6768,23.78641],[-103.6752,23.78383],[-103.67776,23.78193],[-103.67493,23.77982],[-103.66895,23.77811],[-103.67071,23.77538],[-103.67455,23.77784],[-103.67187,23.77505],[-103.66605,23.77363],[-103.66077,23.76813],[-103.65713,23.7679],[-103.65602,23.76828],[-103.65452,23.76879],[-103.65577,23.77194],[-103.65214,23.7727],[-103.65241,23.7705],[-103.64458,23.76985],[-103.64295,23.76835],[-103.64242,23.76311],[-103.63808,23.76079],[-103.63721,23.76161],[-103.62818,23.76234],[-103.62846,23.75967],[-103.62408,23.75924],[-103.62448,23.75415],[-103.62992,23.75421],[-103.63042,23.75066],[-103.62482,23.74964],[-103.62372,23.74695],[-103.62465,23.74393],[-103.62095,23.74612],[-103.61964,23.74273],[-103.61617,23.74203],[-103.615,23.75113],[-103.61701,23.75209],[-103.61777,23.7464],[-103.62129,23.74964],[-103.61805,23.74913],[-103.61879,23.75355],[-103.62209,23.75306],[-103.62072,23.75897],[-103.62223,23.76418],[-103.62686,23.7673],[-103.62617,23.77183],[-103.62977,23.77446],[-103.63565,23.77659],[-103.63475,23.78807],[-103.62919,23.78984],[-103.6289,23.79096],[-103.61718,23.80811],[-103.61401,23.80695],[-103.61301,23.80874],[-103.61267,23.80934],[-103.60997,23.8093],[-103.6111,23.80615],[-103.60842,23.80322],[-103.60437,23.80193],[-103.6012,23.79728],[-103.59336,23.792],[-103.59055,23.7856],[-103.58778,23.78569],[-103.591,23.7773],[-103.58548,23.77548],[-103.58737,23.76695],[-103.59093,23.76137],[-103.59273,23.75687],[-103.57946,23.75605],[-103.57991,23.75351],[-103.58851,23.75408],[-103.58865,23.75181],[-103.5947,23.75268],[-103.59488,23.75057],[-103.58949,23.75007],[-103.59205,23.74295],[-103.59673,23.74105],[-103.59375,23.73961],[-103.58787,23.74135],[-103.58704,23.74353],[-103.5847,23.74375],[-103.57914,23.74249],[-103.57991,23.74446],[-103.57619,23.74213],[-103.57911,23.74045],[-103.58223,23.74305],[-103.58698,23.74288],[-103.58668,23.73634],[-103.58467,23.73971],[-103.58105,23.73945],[-103.57552,23.73672],[-103.57826,23.73511],[-103.57749,23.732],[-103.58133,23.72754],[-103.58373,23.72631],[-103.57883,23.7228],[-103.57927,23.72075],[-103.58255,23.71878],[-103.58127,23.71777],[-103.58193,23.71266],[-103.58547,23.71258],[-103.58676,23.70508],[-103.59052,23.70059],[-103.5942,23.69181],[-103.59436,23.68958],[-103.58988,23.69238],[-103.58827,23.69901],[-103.58066,23.7108],[-103.57896,23.7143],[-103.57744,23.7208],[-103.57947,23.7287],[-103.57519,23.73293],[-103.57394,23.74191],[-103.57626,23.74763],[-103.5741,23.75395],[-103.57265,23.76134],[-103.57416,23.76575],[-103.57692,23.76839],[-103.57826,23.77824],[-103.57553,23.78059],[-103.57203,23.77586],[-103.56662,23.77067],[-103.56587,23.76864],[-103.56498,23.76625],[-103.56496,23.76619],[-103.56391,23.76371],[-103.56112,23.76062],[-103.55988,23.7695],[-103.55413,23.77811],[-103.55035,23.78279],[-103.53801,23.78413],[-103.53664,23.78773],[-103.53919,23.79149],[-103.53912,23.79483],[-103.53469,23.79474],[-103.54352,23.79651],[-103.5443,23.79284],[-103.55951,23.79254],[-103.55451,23.80319],[-103.54837,23.80589],[-103.54464,23.80416],[-103.54403,23.80912],[-103.53935,23.81076],[-103.54218,23.80777],[-103.54047,23.80691],[-103.53875,23.80941],[-103.53517,23.80792],[-103.53985,23.80563],[-103.53873,23.80275],[-103.53558,23.80608],[-103.53112,23.80736],[-103.53163,23.80339],[-103.53645,23.80293],[-103.53891,23.79875],[-103.5357,23.80001],[-103.53012,23.80013],[-103.52638,23.80677],[-103.52601,23.80284],[-103.5293,23.79984],[-103.52725,23.79995],[-103.52953,23.79575],[-103.52322,23.79983],[-103.52332,23.80484],[-103.52631,23.80771],[-103.53245,23.8097],[-103.53496,23.81483],[-103.53214,23.82031],[-103.5165,23.82139],[-103.50886,23.81943],[-103.50667,23.81732],[-103.51354,23.80091],[-103.51732,23.78372],[-103.515,23.77809],[-103.51331,23.77728],[-103.50655,23.77055],[-103.50328,23.77062],[-103.49572,23.78072],[-103.49074,23.78062],[-103.49323,23.78361],[-103.50353,23.78976],[-103.50544,23.78575],[-103.50609,23.78722],[-103.50335,23.79463],[-103.50466,23.79563],[-103.50111,23.79977],[-103.50442,23.80557],[-103.50414,23.81246],[-103.49562,23.81464],[-103.49503,23.81817],[-103.49791,23.82228],[-103.50097,23.82171],[-103.50169,23.81859],[-103.50629,23.81763],[-103.50513,23.82369],[-103.50987,23.82482],[-103.51226,23.82364],[-103.51445,23.82491],[-103.51118,23.82702],[-103.51274,23.8281],[-103.51505,23.82526],[-103.51363,23.83123],[-103.51544,23.832],[-103.51544,23.83572],[-103.51228,23.83916],[-103.50724,23.83535],[-103.50253,23.83408],[-103.50032,23.82967],[-103.49589,23.82785],[-103.49113,23.82792],[-103.49351,23.83811],[-103.49399,23.84044],[-103.49462,23.84166],[-103.49659,23.84262],[-103.50054,23.84453],[-103.50279,23.85134],[-103.50641,23.84863],[-103.50589,23.84618],[-103.50805,23.84522],[-103.51007,23.84692],[-103.51431,23.84653],[-103.51371,23.85136],[-103.51663,23.85455],[-103.51481,23.85702],[-103.51111,23.85719],[-103.51335,23.86201],[-103.5247,23.85229],[-103.52163,23.8499],[-103.52853,23.8482],[-103.53129,23.84947],[-103.53561,23.84589],[-103.53723,23.84648],[-103.55288,23.81826],[-103.54851,23.82145],[-103.5454,23.82097],[-103.54384,23.81832],[-103.54111,23.8195],[-103.53923,23.8176],[-103.54453,23.81629],[-103.54944,23.81303],[-103.55624,23.81261],[-103.55724,23.80999],[-103.55497,23.80908],[-103.57288,23.80225],[-103.57268,23.80027],[-103.57828,23.79944],[-103.57824,23.80526],[-103.57553,23.80514],[-103.5714,23.81535],[-103.56997,23.81586],[-103.56723,23.82141],[-103.56839,23.82698],[-103.56662,23.8294],[-103.55718,23.83526],[-103.55394,23.84109],[-103.55734,23.84821],[-103.55486,23.85277],[-103.55807,23.85737],[-103.55771,23.86211],[-103.56218,23.8651],[-103.56245,23.86713],[-103.55732,23.86519],[-103.55016,23.86989],[-103.54655,23.87365],[-103.54992,23.87533],[-103.55022,23.87564],[-103.55054,23.87597],[-103.55713,23.87881],[-103.56286,23.8739],[-103.55865,23.87093],[-103.56221,23.8697],[-103.56489,23.87107],[-103.57339,23.86991],[-103.57646,23.86881],[-103.57684,23.86785],[-103.57684,23.86784],[-103.58065,23.86153],[-103.58988,23.85664],[-103.58746,23.85294],[-103.58346,23.85073],[-103.58168,23.85245],[-103.5754,23.8523],[-103.57868,23.8488],[-103.58296,23.84866],[-103.59139,23.85316],[-103.60017,23.8523],[-103.60494,23.8571],[-103.60913,23.85931],[-103.6187,23.85931],[-103.61812,23.86169],[-103.62665,23.86165],[-103.62308,23.86615],[-103.62067,23.86711],[-103.61919,23.87202],[-103.62072,23.86885],[-103.63136,23.8679],[-103.6368,23.86459],[-103.64314,23.86472],[-103.64069,23.87558],[-103.64079,23.88044],[-103.63739,23.88765],[-103.64156,23.88967],[-103.64236,23.89928],[-103.63738,23.90049],[-103.63656,23.90306],[-103.64303,23.9062],[-103.65589,23.90715],[-103.66571,23.90514],[-103.66572,23.90063],[-103.67563,23.90864],[-103.68987,23.89914],[-103.69179,23.89428],[-103.69811,23.89222],[-103.7039,23.8883],[-103.71092,23.88974],[-103.71913,23.88457],[-103.72578,23.89354],[-103.73077,23.9053],[-103.73063,23.91222],[-103.72817,23.91458],[-103.71898,23.91548],[-103.70802,23.91714],[-103.70317,23.91465],[-103.69659,23.91383],[-103.68805,23.92135],[-103.68341,23.92381],[-103.679,23.92046],[-103.67716,23.9205],[-103.67454,23.92713],[-103.66819,23.9313],[-103.66071,23.93798],[-103.65441,23.94245],[-103.6521,23.95064],[-103.65488,23.95878],[-103.65516,23.96477],[-103.66117,23.96646],[-103.66443,23.96626],[-103.66613,23.98011],[-103.66195,23.98627],[-103.66,23.9849],[-103.6625,23.99129],[-103.66642,23.9981],[-103.67241,24.00235],[-103.67683,24.00414],[-103.68506,24.00815],[-103.68374,24.01201],[-103.68575,24.01222],[-103.68694,24.01535],[-103.68967,24.01526],[-103.69664,24.01896],[-103.6958,24.01389],[-103.69355,24.00976],[-103.69487,24.00542],[-103.69571,24.00303],[-103.69586,23.99886],[-103.69401,23.9965],[-103.6951,23.99326],[-103.69786,23.99311],[-103.69889,23.99529],[-103.69805,23.99902],[-103.69875,24.00085],[-103.6993,24.00648],[-103.70068,24.00828],[-103.70079,24.0083],[-103.70287,24.00853]],[[-103.69514,23.99025],[-103.69654,23.98388],[-103.70085,23.98433],[-103.69736,23.98889],[-103.6971,23.99257],[-103.69514,23.99025]],[[-103.70528,23.98285],[-103.70116,23.9816],[-103.70247,23.97751],[-103.7035,23.98141],[-103.70528,23.98285]],[[-103.65554,23.86565],[-103.65097,23.86486],[-103.6496,23.86124],[-103.64355,23.85914],[-103.64865,23.85674],[-103.64749,23.85483],[-103.65852,23.855],[-103.66657,23.85715],[-103.66535,23.86097],[-103.66765,23.86012],[-103.66543,23.87059],[-103.66469,23.87794],[-103.66412,23.87372],[-103.65327,23.87113],[-103.65554,23.86565]],[[-103.70793,23.85879],[-103.69862,23.85322],[-103.69852,23.85089],[-103.69544,23.85156],[-103.69347,23.84942],[-103.68664,23.84565],[-103.6866,23.83883],[-103.6919,23.83766],[-103.69249,23.84208],[-103.69708,23.84313],[-103.69662,23.84646],[-103.70064,23.84646],[-103.70444,23.84882],[-103.70667,23.85185],[-103.70403,23.85539],[-103.70643,23.85629],[-103.70845,23.85372],[-103.71124,23.8569],[-103.70793,23.85879]],[[-103.52619,23.8456],[-103.52159,23.84405],[-103.51841,23.83885],[-103.51493,23.84229],[-103.51432,23.84113],[-103.51789,23.83685],[-103.51752,23.83355],[-103.51911,23.82998],[-103.51678,23.82717],[-103.52178,23.82991],[-103.53169,23.83104],[-103.53677,23.83003],[-103.53852,23.83456],[-103.53622,23.83424],[-103.53584,23.83942],[-103.53227,23.84034],[-103.53177,23.84397],[-103.52619,23.8456]],[[-103.68188,23.84426],[-103.6811,23.8418],[-103.68559,23.84219],[-103.68465,23.84353],[-103.68435,23.84701],[-103.68154,23.84643],[-103.68188,23.84426]],[[-103.65159,23.83619],[-103.64998,23.83406],[-103.64276,23.83326],[-103.64308,23.82693],[-103.64557,23.82141],[-103.64761,23.82417],[-103.64716,23.82848],[-103.65322,23.83334],[-103.65361,23.83098],[-103.65905,23.83421],[-103.65159,23.83619]],[[-103.57926,23.7859],[-103.57807,23.78234],[-103.58208,23.78316],[-103.58057,23.78946],[-103.57926,23.7859]]],[[[-103.73682,23.97979],[-103.72961,23.97736],[-103.73236,23.98085],[-103.73682,23.97979]]],[[[-103.75827,23.97081],[-103.75654,23.97282],[-103.75489,23.97603],[-103.75372,23.97792],[-103.75075,23.97976],[-103.75083,23.98192],[-103.75375,23.9815],[-103.75282,23.98582],[-103.75468,23.98631],[-103.75475,23.98327],[-103.75865,23.97861],[-103.76418,23.97829],[-103.7648,23.97569],[-103.76664,23.97754],[-103.77411,23.97889],[-103.77889,23.97762],[-103.7818,23.97501],[-103.78201,23.97806],[-103.78593,23.97923],[-103.78552,23.97657],[-103.7878,23.97535],[-103.78791,23.9787],[-103.79002,23.97875],[-103.78886,23.97238],[-103.7909,23.97234],[-103.7902,23.97509],[-103.79306,23.97576],[-103.79173,23.97232],[-103.79406,23.97227],[-103.796,23.9697],[-103.79996,23.96805],[-103.79717,23.9754],[-103.80251,23.97394],[-103.80432,23.9663],[-103.79987,23.96481],[-103.80074,23.96376],[-103.79744,23.95921],[-103.79314,23.95739],[-103.79294,23.95204],[-103.78664,23.95091],[-103.78247,23.94794],[-103.78007,23.9476],[-103.77772,23.94355],[-103.76794,23.95231],[-103.76466,23.95733],[-103.76149,23.96708],[-103.75908,23.96987],[-103.76282,23.96931],[-103.76315,23.97334],[-103.75994,23.97273],[-103.7619,23.97065],[-103.75827,23.97081]]],[[[-103.74795,23.91124],[-103.74833,23.91649],[-103.74726,23.91736],[-103.74986,23.92136],[-103.7475,23.9247],[-103.74847,23.92621],[-103.7536,23.92721],[-103.76127,23.92983],[-103.76367,23.92575],[-103.7614,23.92295],[-103.75394,23.91618],[-103.75123,23.91561],[-103.74934,23.91275],[-103.74986,23.90714],[-103.74795,23.91124]]],[[[-103.75975,23.8739],[-103.75881,23.87583],[-103.75897,23.88354],[-103.74888,23.89726],[-103.74718,23.90076],[-103.74782,23.90944],[-103.74853,23.90668],[-103.75538,23.90493],[-103.75626,23.90179],[-103.74879,23.89976],[-103.75684,23.88773],[-103.7598,23.88479],[-103.76069,23.87587],[-103.75975,23.8739]]],[[[-103.76241,23.86863],[-103.76017,23.87303],[-103.76278,23.87183],[-103.76241,23.86863]]],[[[-103.78169,23.84515],[-103.78238,23.84412],[-103.78268,23.84369],[-103.78358,23.84236],[-103.78328,23.84151],[-103.77559,23.83801],[-103.77464,23.8366],[-103.77388,23.83549],[-103.77166,23.83482],[-103.76975,23.82791],[-103.76716,23.84464],[-103.75923,23.84233],[-103.75371,23.83767],[-103.75567,23.84229],[-103.76221,23.84658],[-103.77034,23.85012],[-103.77596,23.84945],[-103.77915,23.84741],[-103.77822,23.8452],[-103.78169,23.84515]]],[[[-103.70616,23.82301],[-103.70775,23.82808],[-103.70829,23.82444],[-103.70616,23.82301]]],[[[-103.77934,23.82726],[-103.78059,23.82729],[-103.7814,23.82584],[-103.78163,23.8242],[-103.78171,23.82368],[-103.7818,23.82298],[-103.77759,23.82228],[-103.78223,23.8199],[-103.78265,23.81688],[-103.78695,23.81241],[-103.79198,23.80943],[-103.79557,23.80246],[-103.79145,23.79749],[-103.79599,23.79616],[-103.79467,23.79423],[-103.79858,23.7928],[-103.79268,23.79177],[-103.79183,23.79057],[-103.78677,23.79059],[-103.7825,23.7907],[-103.7772,23.78426],[-103.77424,23.78627],[-103.77373,23.79052],[-103.76566,23.79051],[-103.76657,23.78856],[-103.76521,23.78486],[-103.76338,23.78533],[-103.76453,23.77322],[-103.76151,23.77438],[-103.76175,23.77759],[-103.75867,23.77675],[-103.76078,23.7706],[-103.7583,23.76951],[-103.75712,23.78159],[-103.7529,23.79214],[-103.75147,23.80397],[-103.75561,23.8094],[-103.75307,23.81566],[-103.74792,23.81556],[-103.74366,23.80838],[-103.73888,23.80554],[-103.73643,23.80559],[-103.73447,23.80962],[-103.73248,23.81751],[-103.73605,23.81644],[-103.73582,23.81834],[-103.74051,23.81896],[-103.74129,23.81447],[-103.77249,23.82117],[-103.7706,23.82567],[-103.77445,23.82685],[-103.77535,23.82508],[-103.77298,23.82202],[-103.7765,23.82343],[-103.77934,23.82726]]],[[[-103.831,23.9784],[-103.83389,23.97792],[-103.83383,23.97566],[-103.831,23.9784]]],[[[-103.80668,23.95948],[-103.80897,23.95558],[-103.81209,23.95421],[-103.8119,23.95022],[-103.80844,23.95326],[-103.80384,23.95175],[-103.80326,23.95368],[-103.79572,23.95495],[-103.80073,23.95721],[-103.80126,23.95884],[-103.80668,23.95948]]],[[[-103.77318,23.89247],[-103.77633,23.89309],[-103.77828,23.89175],[-103.78062,23.88253],[-103.77318,23.89247]]],[[[-103.7591,23.88835],[-103.7702,23.8916],[-103.77714,23.88256],[-103.77762,23.87738],[-103.78354,23.87758],[-103.78801,23.87249],[-103.78637,23.86979],[-103.7848,23.8708],[-103.77905,23.86961],[-103.77725,23.87297],[-103.77246,23.87115],[-103.77414,23.87309],[-103.77162,23.88038],[-103.7684,23.87833],[-103.76765,23.88241],[-103.7638,23.88189],[-103.76628,23.87898],[-103.76224,23.87885],[-103.76134,23.88489],[-103.7591,23.88835]]],[[[-103.76748,23.87198],[-103.77194,23.87581],[-103.77073,23.8715],[-103.76748,23.87198]]],[[[-103.76367,23.8615],[-103.7634,23.86182],[-103.76485,23.86637],[-103.76698,23.86558],[-103.76367,23.8615]]],[[[-103.77828,23.86696],[-103.78164,23.86727],[-103.77669,23.86441],[-103.77828,23.86696]]],[[[-103.47735,23.9834],[-103.47607,23.98379],[-103.47732,23.98751],[-103.47941,23.98706],[-103.47735,23.9834]]],[[[-103.48556,23.98867],[-103.49123,23.98788],[-103.49784,23.98387],[-103.50216,23.98282],[-103.50818,23.97917],[-103.51863,23.97474],[-103.52942,23.97361],[-103.52874,23.97006],[-103.5335,23.96913],[-103.5349,23.97304],[-103.54452,23.97204],[-103.54729,23.96221],[-103.55205,23.95159],[-103.54877,23.95791],[-103.54742,23.95416],[-103.54274,23.96033],[-103.53718,23.96567],[-103.52771,23.97026],[-103.51433,23.97157],[-103.50046,23.97677],[-103.48929,23.97992],[-103.48661,23.98067],[-103.47844,23.98307],[-103.48556,23.98867]]],[[[-103.33553,23.97381],[-103.33744,23.97743],[-103.33882,23.98612],[-103.34375,23.98741],[-103.34955,23.98537],[-103.34366,23.98169],[-103.33553,23.97381]]],[[[-103.35337,23.98541],[-103.36299,23.98563],[-103.36388,23.98475],[-103.36658,23.98208],[-103.36299,23.98563],[-103.36999,23.99061],[-103.37512,23.99041],[-103.37921,23.99148],[-103.37931,23.98882],[-103.37537,23.9861],[-103.37015,23.98631],[-103.36821,23.98047],[-103.36428,23.97733],[-103.35988,23.98036],[-103.35704,23.98047],[-103.35177,23.96796],[-103.3502,23.963],[-103.33884,23.96038],[-103.33227,23.95636],[-103.32623,23.9552],[-103.32441,23.95135],[-103.32124,23.95023],[-103.3071,23.95079],[-103.30702,23.9508],[-103.30091,23.95104],[-103.29996,23.95267],[-103.29755,23.95023],[-103.29226,23.94838],[-103.29194,23.95002],[-103.29171,23.95126],[-103.29076,23.95212],[-103.28981,23.95215],[-103.2857,23.94964],[-103.28353,23.95487],[-103.28459,23.95897],[-103.29029,23.96555],[-103.29355,23.97245],[-103.29882,23.9613],[-103.30732,23.96314],[-103.31554,23.96282],[-103.32151,23.96693],[-103.32253,23.96763],[-103.33209,23.97185],[-103.32871,23.96914],[-103.33112,23.96649],[-103.34867,23.97325],[-103.35037,23.97818],[-103.34855,23.97989],[-103.35337,23.98541]],[[-103.29288,23.96124],[-103.29037,23.96209],[-103.28728,23.95979],[-103.28809,23.95754],[-103.29084,23.95865],[-103.29157,23.95763],[-103.2954,23.9598],[-103.29288,23.96124]]],[[[-103.58267,23.98947],[-103.5827,23.99003],[-103.57566,23.99564],[-103.57577,23.99832],[-103.57583,23.99991],[-103.57589,24.00147],[-103.57093,24.00607],[-103.57062,24.00845],[-103.57088,24.00887],[-103.57301,24.00838],[-103.57704,24.01206],[-103.58209,24.01144],[-103.58165,24.01479],[-103.5835,24.01562],[-103.58549,24.01271],[-103.58907,24.0147],[-103.59227,24.01995],[-103.59709,24.03198],[-103.60002,24.03454],[-103.60148,24.03403],[-103.60425,24.03327],[-103.61491,24.02632],[-103.61555,24.02228],[-103.61633,24.02058],[-103.61962,24.02167],[-103.62571,24.03346],[-103.62318,24.0396],[-103.62328,24.04197],[-103.61828,24.04557],[-103.61993,24.05039],[-103.61412,24.05292],[-103.61091,24.05122],[-103.60756,24.05387],[-103.60906,24.05705],[-103.61386,24.06091],[-103.61159,24.06621],[-103.60933,24.06728],[-103.60751,24.07114],[-103.60546,24.07122],[-103.60376,24.07086],[-103.60297,24.07009],[-103.60286,24.06997],[-103.60247,24.06955],[-103.60195,24.06899],[-103.59657,24.06788],[-103.5949,24.06621],[-103.59388,24.06189],[-103.59143,24.06199],[-103.58738,24.06203],[-103.58449,24.06004],[-103.58174,24.06281],[-103.57943,24.0629],[-103.57387,24.06028],[-103.56934,24.05539],[-103.56413,24.05691],[-103.56589,24.06293],[-103.56514,24.06934],[-103.56514,24.06936],[-103.56465,24.07357],[-103.56769,24.07638],[-103.56631,24.08032],[-103.56825,24.0804],[-103.57659,24.0745],[-103.58222,24.0725],[-103.58841,24.07728],[-103.59386,24.07537],[-103.59574,24.07822],[-103.59464,24.08002],[-103.58938,24.08342],[-103.58826,24.09043],[-103.58576,24.09275],[-103.58492,24.09887],[-103.57642,24.10978],[-103.58734,24.11512],[-103.5856,24.11671],[-103.58212,24.11654],[-103.57975,24.11828],[-103.57912,24.12146],[-103.57601,24.12452],[-103.57495,24.1209],[-103.56909,24.12333],[-103.5688,24.12485],[-103.56363,24.13008],[-103.56569,24.13056],[-103.56259,24.13655],[-103.56298,24.13213],[-103.56086,24.13191],[-103.55846,24.13573],[-103.55958,24.13982],[-103.55597,24.13743],[-103.54544,24.13441],[-103.54553,24.12615],[-103.54897,24.12734],[-103.5527,24.12663],[-103.55412,24.12445],[-103.5459,24.11616],[-103.54222,24.115],[-103.53945,24.11244],[-103.54162,24.11043],[-103.53727,24.10683],[-103.5337,24.10514],[-103.53148,24.10171],[-103.52674,24.09807],[-103.52065,24.09952],[-103.52115,24.1057],[-103.52494,24.10224],[-103.52363,24.10651],[-103.52607,24.10665],[-103.52609,24.1133],[-103.52496,24.11342],[-103.52508,24.12327],[-103.52425,24.12015],[-103.52436,24.11342],[-103.52119,24.11341],[-103.52115,24.10684],[-103.51527,24.10554],[-103.51834,24.10482],[-103.51871,24.10066],[-103.51489,24.10378],[-103.50843,24.10382],[-103.50779,24.1068],[-103.50484,24.10714],[-103.50478,24.10931],[-103.50181,24.11],[-103.50192,24.1042],[-103.50801,24.10303],[-103.50774,24.10015],[-103.50893,24.09938],[-103.51073,24.09565],[-103.51292,24.09366],[-103.51496,24.09226],[-103.5155,24.09263],[-103.51574,24.09669],[-103.51748,24.09401],[-103.52078,24.09457],[-103.52246,24.09301],[-103.5224,24.08864],[-103.52239,24.08841],[-103.52233,24.08688],[-103.52632,24.08413],[-103.52943,24.08749],[-103.53131,24.08575],[-103.52871,24.08523],[-103.52742,24.08165],[-103.53254,24.08254],[-103.53225,24.08075],[-103.52777,24.07996],[-103.52376,24.07723],[-103.5241,24.07552],[-103.51728,24.07242],[-103.51681,24.07474],[-103.5115,24.07276],[-103.5107,24.07779],[-103.50883,24.07757],[-103.50644,24.08635],[-103.50099,24.08637],[-103.49687,24.08426],[-103.4969,24.07355],[-103.50095,24.06706],[-103.50624,24.06488],[-103.5064,24.05971],[-103.50523,24.05584],[-103.50138,24.05595],[-103.50027,24.05369],[-103.49734,24.0538],[-103.49729,24.04935],[-103.49319,24.04552],[-103.48536,24.04556],[-103.48318,24.04375],[-103.48331,24.03755],[-103.47954,24.03433],[-103.47704,24.03601],[-103.4716,24.03705],[-103.46889,24.03895],[-103.46587,24.03514],[-103.46699,24.04423],[-103.46608,24.04667],[-103.46214,24.04669],[-103.46125,24.03809],[-103.45629,24.03818],[-103.45635,24.02734],[-103.46017,24.02521],[-103.46086,24.02211],[-103.45937,24.02371],[-103.45721,24.0224],[-103.45658,24.02202],[-103.45687,24.02095],[-103.45712,24.02059],[-103.46002,24.01638],[-103.45789,24.01375],[-103.4491,24.0158],[-103.44585,24.0179],[-103.44919,24.02276],[-103.44539,24.02457],[-103.4472,24.03008],[-103.4445,24.02699],[-103.4403,24.02694],[-103.43824,24.03058],[-103.43806,24.03077],[-103.43761,24.0312],[-103.43593,24.03121],[-103.43437,24.032],[-103.43435,24.03464],[-103.43223,24.0345],[-103.43208,24.03158],[-103.43059,24.02951],[-103.4266,24.03149],[-103.42756,24.03485],[-103.42806,24.03549],[-103.43056,24.0412],[-103.43587,24.03953],[-103.44003,24.03944],[-103.43834,24.04377],[-103.43645,24.04777],[-103.43423,24.04892],[-103.43494,24.05869],[-103.43845,24.0598],[-103.44013,24.06297],[-103.43997,24.06687],[-103.4417,24.07179],[-103.44074,24.07243],[-103.43921,24.07344],[-103.43355,24.06954],[-103.43011,24.06888],[-103.42892,24.06851],[-103.42635,24.06674],[-103.42065,24.06793],[-103.42543,24.06917],[-103.43198,24.07214],[-103.43444,24.07594],[-103.43748,24.07678],[-103.43747,24.07972],[-103.44364,24.08618],[-103.45188,24.0862],[-103.4557,24.08855],[-103.46145,24.09568],[-103.46295,24.09507],[-103.46339,24.09071],[-103.47487,24.09066],[-103.47783,24.09181],[-103.48342,24.09852],[-103.4861,24.09854],[-103.48682,24.10198],[-103.48916,24.10204],[-103.48966,24.1056],[-103.48384,24.10571],[-103.4795,24.10384],[-103.47611,24.10577],[-103.4729,24.10362],[-103.46981,24.10363],[-103.4696,24.10745],[-103.46429,24.10639],[-103.45831,24.10114],[-103.45429,24.10109],[-103.45416,24.09802],[-103.452,24.09785],[-103.45201,24.10111],[-103.43752,24.10097],[-103.43771,24.09629],[-103.43573,24.09088],[-103.43085,24.0908],[-103.43003,24.08674],[-103.42749,24.08665],[-103.4275,24.0838],[-103.42535,24.08373],[-103.42515,24.07817],[-103.41889,24.07014],[-103.4191,24.07535],[-103.41768,24.07604],[-103.41645,24.06977],[-103.41091,24.06975],[-103.41345,24.06702],[-103.41252,24.0636],[-103.40923,24.06118],[-103.40248,24.06454],[-103.39843,24.06739],[-103.39967,24.07071],[-103.40369,24.07469],[-103.40374,24.07632],[-103.40369,24.07644],[-103.40328,24.07738],[-103.3889,24.0835],[-103.38518,24.07704],[-103.37868,24.07678],[-103.37126,24.07942],[-103.36776,24.07956],[-103.36593,24.07787],[-103.36513,24.07284],[-103.36346,24.06969],[-103.36676,24.06053],[-103.36025,24.05846],[-103.35415,24.06504],[-103.35066,24.06263],[-103.34569,24.06558],[-103.34039,24.06372],[-103.33534,24.06377],[-103.32776,24.06188],[-103.32464,24.05705],[-103.32037,24.05826],[-103.3174,24.06506],[-103.31847,24.06621],[-103.3247,24.06706],[-103.32852,24.06953],[-103.32256,24.07303],[-103.31979,24.07559],[-103.32375,24.08067],[-103.32607,24.07945],[-103.33099,24.08283],[-103.33199,24.08599],[-103.33767,24.08872],[-103.34173,24.08856],[-103.34838,24.09269],[-103.3518,24.10293],[-103.35456,24.10549],[-103.35347,24.11117],[-103.34947,24.11523],[-103.34265,24.11521],[-103.3459,24.12364],[-103.35056,24.12546],[-103.34764,24.13097],[-103.34844,24.13199],[-103.3555,24.13386],[-103.36468,24.13064],[-103.36843,24.13317],[-103.36677,24.13873],[-103.36014,24.14602],[-103.35997,24.15027],[-103.36676,24.15242],[-103.36483,24.15536],[-103.3603,24.15776],[-103.35191,24.15771],[-103.3478,24.16192],[-103.34398,24.16208],[-103.33923,24.15364],[-103.33251,24.15473],[-103.32731,24.15655],[-103.32524,24.15463],[-103.32528,24.14646],[-103.32396,24.14367],[-103.31743,24.14432],[-103.31101,24.14605],[-103.31431,24.15144],[-103.30769,24.152],[-103.30401,24.14948],[-103.30015,24.15028],[-103.29889,24.15295],[-103.2959,24.15453],[-103.29032,24.15555],[-103.28853,24.15361],[-103.28264,24.15152],[-103.28227,24.15328],[-103.27853,24.15137],[-103.2775,24.15331],[-103.27232,24.15451],[-103.27467,24.15856],[-103.27689,24.15847],[-103.27815,24.16038],[-103.27849,24.16102],[-103.2787,24.16142],[-103.27888,24.16298],[-103.28038,24.16325],[-103.27688,24.16678],[-103.27682,24.16822],[-103.28546,24.17056],[-103.28914,24.17309],[-103.29119,24.16937],[-103.29325,24.17251],[-103.29548,24.17274],[-103.29441,24.17554],[-103.29891,24.17631],[-103.30015,24.17832],[-103.30868,24.17436],[-103.30754,24.17109],[-103.31117,24.16685],[-103.31234,24.16178],[-103.3178,24.16071],[-103.3211,24.16338],[-103.32035,24.16957],[-103.31846,24.17084],[-103.31294,24.17152],[-103.31873,24.17294],[-103.32317,24.17733],[-103.31721,24.17827],[-103.31747,24.18036],[-103.32296,24.1797],[-103.32686,24.18381],[-103.3234,24.18768],[-103.32809,24.18987],[-103.32637,24.19108],[-103.32881,24.19287],[-103.3321,24.19242],[-103.32967,24.18773],[-103.33699,24.18294],[-103.3412,24.18548],[-103.3427,24.18983],[-103.33399,24.19054],[-103.33619,24.19228],[-103.34323,24.19111],[-103.34389,24.19458],[-103.34779,24.19295],[-103.35083,24.19531],[-103.35244,24.194],[-103.35111,24.19122],[-103.35997,24.19083],[-103.36253,24.19236],[-103.36348,24.18914],[-103.36009,24.18571],[-103.36611,24.18413],[-103.36742,24.18708],[-103.37203,24.18337],[-103.37341,24.18598],[-103.37705,24.18393],[-103.37973,24.18749],[-103.38079,24.19111],[-103.37931,24.19439],[-103.37653,24.19413],[-103.37207,24.19024],[-103.37237,24.1923],[-103.36946,24.19373],[-103.3736,24.19909],[-103.37221,24.20175],[-103.37577,24.20196],[-103.38878,24.2072],[-103.38634,24.20815],[-103.38874,24.21125],[-103.38512,24.21321],[-103.38747,24.21743],[-103.38424,24.22012],[-103.38198,24.2157],[-103.37878,24.21492],[-103.376,24.21668],[-103.37302,24.22167],[-103.36717,24.21445],[-103.36601,24.21577],[-103.3614,24.21108],[-103.35321,24.21024],[-103.34833,24.2073],[-103.34643,24.20927],[-103.35073,24.21343],[-103.35696,24.21546],[-103.36173,24.22278],[-103.36499,24.22603],[-103.36934,24.22808],[-103.3692,24.23169],[-103.36992,24.23619],[-103.37096,24.23853],[-103.37194,24.24674],[-103.37775,24.24812],[-103.38094,24.25442],[-103.38146,24.25518],[-103.38175,24.2556],[-103.38262,24.25764],[-103.38255,24.25941],[-103.38928,24.26435],[-103.39071,24.26738],[-103.39392,24.2684],[-103.39483,24.26869],[-103.39592,24.26939],[-103.39643,24.26902],[-103.39787,24.27064],[-103.39895,24.27444],[-103.40082,24.2743],[-103.39957,24.27062],[-103.40402,24.27128],[-103.40512,24.26785],[-103.40968,24.2596],[-103.40922,24.25879],[-103.40817,24.25811],[-103.40353,24.25762],[-103.40517,24.25613],[-103.40157,24.25365],[-103.4013,24.25898],[-103.40033,24.26057],[-103.39952,24.26226],[-103.39927,24.26281],[-103.39925,24.26284],[-103.39781,24.26374],[-103.39681,24.2601],[-103.39426,24.25774],[-103.39256,24.25382],[-103.39273,24.24959],[-103.39094,24.24621],[-103.39677,24.2444],[-103.39856,24.24059],[-103.4026,24.24187],[-103.40391,24.24603],[-103.40728,24.2441],[-103.41028,24.23899],[-103.41505,24.23748],[-103.4103,24.22939],[-103.41182,24.22507],[-103.41179,24.21364],[-103.41047,24.20886],[-103.40581,24.20525],[-103.40547,24.19726],[-103.40691,24.19659],[-103.40318,24.19434],[-103.39945,24.18947],[-103.40648,24.1895],[-103.40796,24.18481],[-103.41338,24.1831],[-103.41352,24.17452],[-103.41145,24.17343],[-103.40174,24.17202],[-103.40088,24.1657],[-103.3927,24.1611],[-103.38944,24.15493],[-103.39347,24.15216],[-103.39861,24.1561],[-103.40106,24.15342],[-103.40183,24.14581],[-103.40363,24.14425],[-103.40298,24.14007],[-103.40555,24.14358],[-103.40985,24.14516],[-103.40819,24.14628],[-103.40291,24.1453],[-103.40663,24.14777],[-103.4149,24.14848],[-103.41761,24.15032],[-103.4208,24.15108],[-103.42186,24.15508],[-103.42387,24.15475],[-103.42489,24.15741],[-103.42686,24.15684],[-103.42747,24.15619],[-103.43002,24.15605],[-103.43268,24.1545],[-103.433,24.15729],[-103.43545,24.15888],[-103.4374,24.15789],[-103.43791,24.16295],[-103.43866,24.16334],[-103.43909,24.16357],[-103.44238,24.16196],[-103.44503,24.16446],[-103.4499,24.16676],[-103.45892,24.17486],[-103.46024,24.18039],[-103.46508,24.18516],[-103.46499,24.18761],[-103.4655,24.18907],[-103.46584,24.18943],[-103.46637,24.18998],[-103.46664,24.19019],[-103.46672,24.19025],[-103.46739,24.19077],[-103.46768,24.19099],[-103.4712,24.19306],[-103.47191,24.19323],[-103.47577,24.19604],[-103.47599,24.19624],[-103.47606,24.19631],[-103.47617,24.19641],[-103.4769,24.19711],[-103.48088,24.19804],[-103.48368,24.19667],[-103.48413,24.19858],[-103.4842,24.19857],[-103.48459,24.19871],[-103.48794,24.19988],[-103.49067,24.19694],[-103.49336,24.19774],[-103.49385,24.20035],[-103.49896,24.19791],[-103.50141,24.19939],[-103.49592,24.20123],[-103.4939,24.20057],[-103.49415,24.20189],[-103.49416,24.20195],[-103.49829,24.20183],[-103.50191,24.20478],[-103.50199,24.20518],[-103.50229,24.20673],[-103.50267,24.20794],[-103.5047,24.21142],[-103.50491,24.21187],[-103.50644,24.21057],[-103.5067,24.20789],[-103.50643,24.20726],[-103.50604,24.20652],[-103.50551,24.20551],[-103.50905,24.20193],[-103.51025,24.20398],[-103.50894,24.20645],[-103.50883,24.20666],[-103.50862,24.20704],[-103.50962,24.20903],[-103.5108,24.21036],[-103.51318,24.2078],[-103.51578,24.2077],[-103.52255,24.21147],[-103.52242,24.21471],[-103.52293,24.21533],[-103.52372,24.2153],[-103.52471,24.21526],[-103.52569,24.21523],[-103.5259,24.21522],[-103.52743,24.21937],[-103.52764,24.22037],[-103.53138,24.22103],[-103.53215,24.22344],[-103.53217,24.2235],[-103.53224,24.22372],[-103.53279,24.22548],[-103.53365,24.22708],[-103.53537,24.22789],[-103.53445,24.23045],[-103.53505,24.23212],[-103.53832,24.23154],[-103.54031,24.23439],[-103.54683,24.23639],[-103.5548,24.23398],[-103.55108,24.23307],[-103.54889,24.22828],[-103.55364,24.22873],[-103.55584,24.23211],[-103.5563,24.22354],[-103.55888,24.22174],[-103.55574,24.22082],[-103.55179,24.21749],[-103.55779,24.21615],[-103.55493,24.21335],[-103.55684,24.21152],[-103.56078,24.21413],[-103.56338,24.21964],[-103.56365,24.21546],[-103.56263,24.21333],[-103.56493,24.21197],[-103.56519,24.21043],[-103.56476,24.21043],[-103.56395,24.20701],[-103.56319,24.20641],[-103.56161,24.2009],[-103.56035,24.20039],[-103.56062,24.19926],[-103.5602,24.19912],[-103.55979,24.19472],[-103.5597,24.19424],[-103.56039,24.19224],[-103.55842,24.18903],[-103.55412,24.18837],[-103.55171,24.17917],[-103.55549,24.17801],[-103.55246,24.17676],[-103.55037,24.17013],[-103.55329,24.169],[-103.55512,24.17575],[-103.55821,24.18192],[-103.55706,24.18229],[-103.55898,24.18739],[-103.56026,24.18694],[-103.56167,24.1915],[-103.56511,24.18682],[-103.56953,24.18345],[-103.58023,24.17974],[-103.57962,24.17851],[-103.57956,24.17846],[-103.58726,24.17043],[-103.57662,24.16693],[-103.56936,24.16594],[-103.56747,24.16054],[-103.56732,24.15664],[-103.56993,24.15111],[-103.5732,24.14683],[-103.57631,24.13886],[-103.58499,24.13361],[-103.59413,24.12766],[-103.59414,24.12369],[-103.59244,24.12048],[-103.59478,24.11636],[-103.59361,24.11488],[-103.5896,24.11502],[-103.59017,24.11222],[-103.59445,24.11268],[-103.59403,24.11091],[-103.59768,24.11143],[-103.60067,24.1102],[-103.59949,24.11544],[-103.60475,24.11339],[-103.60501,24.11302],[-103.60743,24.10951],[-103.61056,24.10147],[-103.61461,24.10019],[-103.61572,24.09782],[-103.61952,24.09662],[-103.62173,24.09135],[-103.61814,24.09212],[-103.62542,24.08818],[-103.62874,24.08867],[-103.62359,24.0903],[-103.62406,24.09126],[-103.62899,24.09106],[-103.63138,24.09365],[-103.63697,24.09176],[-103.63844,24.08308],[-103.64155,24.09023],[-103.64849,24.09002],[-103.65093,24.09277],[-103.65542,24.09412],[-103.65995,24.09232],[-103.6628,24.08823],[-103.66189,24.08633],[-103.66597,24.08847],[-103.66784,24.09079],[-103.67335,24.0924],[-103.67457,24.09],[-103.66937,24.08492],[-103.67161,24.08211],[-103.66941,24.07827],[-103.67296,24.0785],[-103.67201,24.08323],[-103.67568,24.08388],[-103.68006,24.08624],[-103.68705,24.08539],[-103.68953,24.08427],[-103.69329,24.07989],[-103.69647,24.08165],[-103.69794,24.07371],[-103.69568,24.06938],[-103.69135,24.06745],[-103.68929,24.06966],[-103.69085,24.07494],[-103.68889,24.07271],[-103.68488,24.07384],[-103.67946,24.07227],[-103.68092,24.068],[-103.67565,24.06444],[-103.67572,24.06075],[-103.67573,24.06042],[-103.67577,24.0582],[-103.67578,24.05776],[-103.67671,24.05396],[-103.67728,24.04747],[-103.67386,24.04702],[-103.67392,24.04336],[-103.68119,24.04206],[-103.68115,24.03808],[-103.67988,24.03099],[-103.67992,24.0293],[-103.67993,24.02861],[-103.67854,24.02781],[-103.66913,24.02627],[-103.66319,24.02457],[-103.65612,24.01582],[-103.64761,24.01872],[-103.64032,24.01314],[-103.63926,24.01222],[-103.6352,24.01114],[-103.62724,24.00626],[-103.6172,24.00953],[-103.61263,24.00972],[-103.60501,24.00382],[-103.60461,24.00345],[-103.60336,24.0021],[-103.59323,23.99816],[-103.59355,23.98998],[-103.59366,23.98722],[-103.5919,23.97984],[-103.58684,23.97716],[-103.58331,23.97702],[-103.5823,23.97993],[-103.58267,23.98934],[-103.58267,23.98947]],[[-103.51699,24.19682],[-103.52039,24.19887],[-103.51799,24.20149],[-103.51612,24.20028],[-103.51699,24.19682]],[[-103.38406,24.18138],[-103.38607,24.17974],[-103.39055,24.17971],[-103.3896,24.18287],[-103.38596,24.18461],[-103.38406,24.18138]],[[-103.34408,24.18134],[-103.33786,24.17943],[-103.34163,24.17795],[-103.34499,24.17754],[-103.34672,24.18053],[-103.34408,24.18134]],[[-103.53953,24.18164],[-103.54138,24.17352],[-103.54338,24.17287],[-103.54382,24.18116],[-103.53953,24.18164]],[[-103.47448,24.17648],[-103.47338,24.17385],[-103.47622,24.17436],[-103.47448,24.17648]],[[-103.53069,24.16213],[-103.53078,24.15287],[-103.53189,24.14774],[-103.53076,24.14783],[-103.53091,24.13767],[-103.54287,24.14299],[-103.55697,24.14674],[-103.55869,24.1428],[-103.56245,24.14863],[-103.5606,24.15168],[-103.55568,24.153],[-103.55274,24.15704],[-103.54648,24.15582],[-103.54376,24.15851],[-103.54222,24.16465],[-103.54107,24.15673],[-103.53766,24.15697],[-103.53788,24.15954],[-103.53514,24.16007],[-103.53213,24.16763],[-103.53251,24.17008],[-103.52844,24.17027],[-103.52789,24.16486],[-103.53069,24.16213]],[[-103.46369,24.1675],[-103.46119,24.16499],[-103.46625,24.16608],[-103.46369,24.1675]],[[-103.4771,24.16719],[-103.47794,24.16509],[-103.48147,24.16621],[-103.4771,24.16719]],[[-103.4768,24.16274],[-103.47546,24.16068],[-103.47882,24.15813],[-103.47929,24.16167],[-103.48241,24.1626],[-103.48194,24.16548],[-103.4768,24.16274]],[[-103.48792,24.16121],[-103.4819,24.15994],[-103.48871,24.15813],[-103.48943,24.15397],[-103.49357,24.15637],[-103.49277,24.15863],[-103.48792,24.16121]],[[-103.49784,24.15622],[-103.4976,24.15309],[-103.4945,24.15277],[-103.49201,24.14928],[-103.49321,24.14583],[-103.49735,24.14787],[-103.50027,24.15556],[-103.49784,24.15622]],[[-103.44256,24.15389],[-103.44559,24.14723],[-103.4504,24.1486],[-103.44815,24.15123],[-103.45131,24.15053],[-103.44957,24.15328],[-103.44829,24.15217],[-103.44256,24.15389]],[[-103.42303,24.15274],[-103.42238,24.14893],[-103.42628,24.14748],[-103.42504,24.14454],[-103.42937,24.14276],[-103.42703,24.14697],[-103.42686,24.15199],[-103.42303,24.15274]],[[-103.47388,24.15245],[-103.47349,24.14973],[-103.47583,24.14888],[-103.47605,24.15143],[-103.47388,24.15245]],[[-103.52109,24.15175],[-103.51837,24.15019],[-103.52764,24.14832],[-103.52838,24.15066],[-103.52109,24.15175]],[[-103.36568,24.14869],[-103.36412,24.14701],[-103.36812,24.1412],[-103.36888,24.14427],[-103.36589,24.14596],[-103.36568,24.14869]],[[-103.43715,24.14883],[-103.43392,24.14839],[-103.43513,24.14342],[-103.43066,24.14644],[-103.42902,24.13768],[-103.42018,24.13594],[-103.42271,24.13277],[-103.42362,24.13461],[-103.42976,24.13547],[-103.42993,24.13907],[-103.43276,24.14017],[-103.43146,24.14504],[-103.43634,24.14194],[-103.43715,24.14883]],[[-103.3751,24.14647],[-103.37644,24.14401],[-103.37453,24.14033],[-103.37018,24.13684],[-103.3721,24.13336],[-103.37666,24.13346],[-103.37648,24.13081],[-103.3834,24.13268],[-103.37672,24.1339],[-103.37488,24.13513],[-103.38395,24.13572],[-103.38515,24.13928],[-103.38054,24.14572],[-103.3751,24.14647]],[[-103.38388,24.14495],[-103.3869,24.14408],[-103.38714,24.14699],[-103.38388,24.14495]],[[-103.39351,24.1451],[-103.39503,24.14266],[-103.39665,24.14517],[-103.39351,24.1451]],[[-103.47318,24.14444],[-103.47429,24.14204],[-103.47793,24.14362],[-103.48057,24.14193],[-103.48204,24.14397],[-103.47839,24.14571],[-103.47318,24.14444]],[[-103.38903,24.14286],[-103.39057,24.13902],[-103.39385,24.14177],[-103.38903,24.14286]],[[-103.41815,24.14211],[-103.41401,24.13929],[-103.41597,24.13869],[-103.41679,24.13246],[-103.41922,24.13191],[-103.41851,24.13627],[-103.41936,24.1401],[-103.41815,24.14211]],[[-103.44988,24.14221],[-103.45073,24.13966],[-103.45331,24.14233],[-103.44988,24.14221]],[[-103.39281,24.13865],[-103.3965,24.13545],[-103.39762,24.13751],[-103.39281,24.13865]],[[-103.50048,24.13693],[-103.49783,24.13359],[-103.49356,24.13438],[-103.49393,24.13188],[-103.50391,24.12907],[-103.4984,24.13285],[-103.50048,24.13693]],[[-103.52571,24.13482],[-103.52735,24.13148],[-103.528,24.13508],[-103.52571,24.13482]],[[-103.47533,24.1264],[-103.4777,24.12554],[-103.47739,24.13001],[-103.47437,24.12936],[-103.47533,24.1264]],[[-103.44719,24.12631],[-103.44591,24.12877],[-103.44275,24.12779],[-103.44719,24.12631]],[[-103.41278,24.12621],[-103.41117,24.12586],[-103.41199,24.12267],[-103.415,24.12637],[-103.41202,24.12892],[-103.41278,24.12621]],[[-103.46494,24.12915],[-103.46402,24.12691],[-103.4672,24.12684],[-103.46494,24.12915]],[[-103.4386,24.12512],[-103.44016,24.12463],[-103.44237,24.12019],[-103.44533,24.11811],[-103.44859,24.12222],[-103.45094,24.12148],[-103.45218,24.1237],[-103.44556,24.12517],[-103.44299,24.1226],[-103.44109,24.12597],[-103.4386,24.12512]],[[-103.46081,24.11884],[-103.46261,24.11564],[-103.46833,24.11235],[-103.46446,24.11758],[-103.46081,24.11884]],[[-103.49412,24.11493],[-103.49636,24.11484],[-103.49614,24.11749],[-103.49303,24.11748],[-103.49412,24.11493]],[[-103.50279,24.11334],[-103.50479,24.11218],[-103.50628,24.11498],[-103.50279,24.11334]],[[-103.39705,24.10328],[-103.39501,24.10301],[-103.39509,24.10009],[-103.41221,24.10009],[-103.40856,24.10193],[-103.39691,24.1008],[-103.39958,24.10357],[-103.3996,24.10724],[-103.39705,24.10328]],[[-103.4153,24.1054],[-103.41516,24.10026],[-103.41721,24.10028],[-103.41668,24.10312],[-103.42034,24.10288],[-103.42033,24.10638],[-103.4153,24.1054]],[[-103.39386,24.10274],[-103.38982,24.10003],[-103.39476,24.10006],[-103.39386,24.10274]],[[-103.41638,24.0997],[-103.4124,24.099],[-103.3969,24.09895],[-103.39694,24.09799],[-103.40325,24.09793],[-103.40318,24.09666],[-103.41113,24.097],[-103.41636,24.09815],[-103.41638,24.0997]],[[-103.3869,24.09887],[-103.38589,24.09404],[-103.38908,24.09387],[-103.39014,24.0971],[-103.39447,24.09346],[-103.39677,24.09349],[-103.39651,24.09889],[-103.3869,24.09887]],[[-103.49847,24.09978],[-103.49619,24.09542],[-103.49614,24.0929],[-103.50026,24.09207],[-103.5028,24.0896],[-103.50792,24.09392],[-103.50479,24.09365],[-103.50382,24.09754],[-103.50134,24.09975],[-103.49847,24.09978]],[[-103.36713,24.08737],[-103.36262,24.08424],[-103.36607,24.08346],[-103.36924,24.08598],[-103.36713,24.08737]],[[-103.48684,24.08394],[-103.48484,24.08287],[-103.4847,24.07117],[-103.48679,24.06797],[-103.48823,24.06997],[-103.48883,24.07492],[-103.48832,24.08391],[-103.48684,24.08394]],[[-103.46703,24.07607],[-103.46985,24.07606],[-103.46988,24.07824],[-103.46697,24.07829],[-103.46703,24.07607]],[[-103.45288,24.07674],[-103.45292,24.07544],[-103.45893,24.07483],[-103.45879,24.0762],[-103.45288,24.07674]],[[-103.34288,24.07362],[-103.33931,24.06994],[-103.34493,24.06967],[-103.34752,24.07244],[-103.34449,24.0753],[-103.34288,24.07362]],[[-103.63465,24.07633],[-103.63103,24.07457],[-103.63148,24.07292],[-103.63498,24.07371],[-103.63465,24.07633]],[[-103.64053,24.05342],[-103.64167,24.05255],[-103.64348,24.05163],[-103.64392,24.04699],[-103.64714,24.04715],[-103.64663,24.0532],[-103.65029,24.05357],[-103.65002,24.0561],[-103.65228,24.05629],[-103.65409,24.05376],[-103.66114,24.05257],[-103.66204,24.04977],[-103.66563,24.05216],[-103.65628,24.05446],[-103.65696,24.05692],[-103.65501,24.06026],[-103.65182,24.0592],[-103.65139,24.06279],[-103.64862,24.06211],[-103.6468,24.06973],[-103.6439,24.07546],[-103.63761,24.06883],[-103.63165,24.05913],[-103.63384,24.05704],[-103.63791,24.05779],[-103.63853,24.05116],[-103.64053,24.05342]],[[-103.61516,24.07223],[-103.61194,24.06824],[-103.61236,24.06611],[-103.61764,24.06794],[-103.61703,24.07199],[-103.61516,24.07223]],[[-103.47531,24.06005],[-103.47519,24.04434],[-103.47846,24.03927],[-103.47888,24.05675],[-103.47531,24.06005]],[[-103.67216,24.0509],[-103.67438,24.04921],[-103.67377,24.05354],[-103.67216,24.0509]],[[-103.44808,24.03572],[-103.44796,24.03206],[-103.44999,24.03215],[-103.44989,24.03566],[-103.44808,24.03572]],[[-103.60038,24.02948],[-103.59895,24.02513],[-103.59526,24.02128],[-103.59793,24.02115],[-103.60114,24.02785],[-103.60805,24.02343],[-103.611,24.02748],[-103.60865,24.02895],[-103.60458,24.02715],[-103.60168,24.03139],[-103.60038,24.02948]],[[-103.60222,24.01963],[-103.60437,24.02187],[-103.59982,24.0224],[-103.60222,24.01963]],[[-103.39643,24.26902],[-103.39482,24.26607],[-103.3974,24.26558],[-103.39643,24.26902]],[[-103.32814,24.17728],[-103.3312,24.17892],[-103.32749,24.18142],[-103.32814,24.17728]],[[-103.30082,24.172],[-103.29825,24.16829],[-103.29565,24.16812],[-103.29502,24.16528],[-103.29058,24.16356],[-103.29159,24.15956],[-103.2971,24.16082],[-103.29776,24.16489],[-103.30208,24.16742],[-103.30325,24.16976],[-103.30082,24.172]],[[-103.28683,24.17019],[-103.28325,24.16962],[-103.28746,24.16725],[-103.2891,24.16892],[-103.28683,24.17019]],[[-103.30673,24.16255],[-103.31066,24.16134],[-103.30909,24.16594],[-103.30721,24.16561],[-103.30673,24.16255]],[[-103.28539,24.16443],[-103.28111,24.16318],[-103.28477,24.16013],[-103.28539,24.16443]],[[-103.28487,24.15903],[-103.2869,24.15482],[-103.2875,24.15923],[-103.28487,24.15903]],[[-103.31714,24.14772],[-103.31778,24.14531],[-103.32035,24.14895],[-103.31781,24.15039],[-103.31714,24.14772]]],[[[-103.65294,23.97032],[-103.65238,23.97189],[-103.65648,23.98046],[-103.65294,23.97032]]],[[[-103.45795,23.94785],[-103.45682,23.94576],[-103.45049,23.95264],[-103.45559,23.95478],[-103.45942,23.95313],[-103.45687,23.95031],[-103.45795,23.94785]]],[[[-103.43551,23.94475],[-103.44109,23.94723],[-103.43833,23.94377],[-103.43551,23.94475]]],[[[-103.41067,23.94921],[-103.41081,23.94912],[-103.41134,23.94828],[-103.40754,23.94379],[-103.40531,23.94483],[-103.40695,23.94864],[-103.41028,23.94946],[-103.41067,23.94921]]],[[[-103.38861,23.94252],[-103.3972,23.94371],[-103.39527,23.93918],[-103.38896,23.93891],[-103.38861,23.94252]]],[[[-103.36598,23.92852],[-103.35738,23.92106],[-103.34843,23.92159],[-103.34164,23.91898],[-103.33538,23.915],[-103.3347,23.91749],[-103.33538,23.915],[-103.3352,23.91489],[-103.32541,23.90988],[-103.31654,23.90368],[-103.30269,23.89715],[-103.29864,23.8959],[-103.28856,23.88762],[-103.28393,23.8851],[-103.28187,23.88702],[-103.2856,23.89181],[-103.29162,23.89648],[-103.299,23.89931],[-103.30847,23.90802],[-103.3133,23.90892],[-103.32101,23.91213],[-103.32929,23.91967],[-103.3317,23.92108],[-103.33511,23.92307],[-103.33349,23.92467],[-103.32711,23.92552],[-103.32334,23.92889],[-103.32678,23.9343],[-103.33012,23.93549],[-103.34016,23.93628],[-103.34648,23.93797],[-103.36139,23.93891],[-103.36941,23.94451],[-103.37689,23.94496],[-103.38299,23.94242],[-103.38442,23.94156],[-103.3871,23.94172],[-103.37931,23.94074],[-103.37991,23.93944],[-103.37561,23.93637],[-103.37504,23.93845],[-103.36812,23.93694],[-103.37148,23.9345],[-103.36598,23.92852]],[[-103.3347,23.91749],[-103.33547,23.9189],[-103.34,23.92008],[-103.343,23.92225],[-103.34452,23.9255],[-103.34835,23.92626],[-103.34716,23.92794],[-103.35158,23.92979],[-103.35222,23.92841],[-103.35664,23.92867],[-103.35651,23.926],[-103.36034,23.93039],[-103.35658,23.93636],[-103.35186,23.93469],[-103.3498,23.93265],[-103.3507,23.93014],[-103.34133,23.92767],[-103.33849,23.92133],[-103.33396,23.92071],[-103.3347,23.91749]]],[[[-103.38019,23.78286],[-103.38265,23.78909],[-103.38484,23.79119],[-103.38727,23.78994],[-103.3881,23.78565],[-103.38524,23.78252],[-103.38019,23.78286]]],[[[-103.35561,23.75168],[-103.35567,23.75153],[-103.3559,23.75101],[-103.35735,23.74955],[-103.36332,23.7484],[-103.35998,23.74623],[-103.35632,23.74915],[-103.35354,23.74742],[-103.35295,23.74923],[-103.34967,23.74809],[-103.34949,23.74813],[-103.34548,23.74895],[-103.34465,23.74912],[-103.34653,23.75306],[-103.34857,23.75223],[-103.35545,23.75237],[-103.35716,23.75314],[-103.3607,23.75487],[-103.35706,23.75581],[-103.35525,23.7564],[-103.35387,23.75784],[-103.3544,23.75939],[-103.35519,23.76169],[-103.35522,23.76178],[-103.35598,23.76398],[-103.35419,23.76919],[-103.35768,23.77143],[-103.36164,23.76731],[-103.36427,23.76653],[-103.36256,23.76986],[-103.36262,23.77314],[-103.35754,23.77565],[-103.35763,23.77979],[-103.36167,23.77971],[-103.36836,23.77431],[-103.37259,23.7754],[-103.37243,23.77098],[-103.36515,23.76788],[-103.3653,23.75791],[-103.36448,23.75401],[-103.36226,23.75357],[-103.36462,23.75137],[-103.36073,23.75039],[-103.35561,23.75168]]],[[[-103.47856,23.68198],[-103.47637,23.67778],[-103.47608,23.67742],[-103.47145,23.67118],[-103.47034,23.67352],[-103.47261,23.67719],[-103.47549,23.67804],[-103.47856,23.68198]]],[[[-103.49395,23.69135],[-103.49416,23.68732],[-103.48929,23.68742],[-103.48287,23.68497],[-103.484,23.68802],[-103.49198,23.68922],[-103.49395,23.69135]]],[[[-103.48023,23.69162],[-103.48235,23.69288],[-103.48582,23.69962],[-103.48782,23.70782],[-103.49104,23.71526],[-103.49068,23.72443],[-103.49253,23.72313],[-103.4928,23.7193],[-103.4981,23.72131],[-103.50057,23.71993],[-103.51113,23.72127],[-103.50988,23.7249],[-103.5072,23.72513],[-103.51159,23.73023],[-103.51279,23.72985],[-103.51415,23.72317],[-103.51734,23.72512],[-103.51918,23.72369],[-103.5192,23.72292],[-103.5113,23.721],[-103.51,23.71785],[-103.51417,23.71511],[-103.52137,23.70687],[-103.52546,23.70507],[-103.5137,23.70851],[-103.51644,23.70553],[-103.5121,23.7026],[-103.51247,23.70091],[-103.51793,23.69745],[-103.5182,23.69335],[-103.5159,23.69256],[-103.51642,23.68677],[-103.51395,23.68934],[-103.51046,23.68754],[-103.50803,23.69502],[-103.50324,23.69734],[-103.49941,23.70133],[-103.49624,23.70024],[-103.49631,23.70254],[-103.4924,23.70296],[-103.49057,23.69983],[-103.4831,23.69139],[-103.48023,23.69162]]],[[[-103.47441,23.68498],[-103.47501,23.68769],[-103.47294,23.69318],[-103.47763,23.69499],[-103.47772,23.69348],[-103.47784,23.69174],[-103.47992,23.69144],[-103.48062,23.68916],[-103.47838,23.68475],[-103.47515,23.68355],[-103.47441,23.68498]]],[[[-103.4723,23.67914],[-103.4743,23.68449],[-103.47654,23.6817],[-103.4723,23.67914]]],[[[-103.46386,23.6678],[-103.46855,23.67342],[-103.46654,23.67007],[-103.46761,23.66804],[-103.46386,23.6678]]],[[[-103.44713,23.66497],[-103.45162,23.66735],[-103.44963,23.66488],[-103.44713,23.66497]]],[[[-103.44479,23.66133],[-103.44636,23.6644],[-103.44926,23.66251],[-103.44479,23.66133]]],[[[-103.43266,23.70817],[-103.43233,23.71053],[-103.43317,23.71307],[-103.43177,23.71729],[-103.43008,23.71727],[-103.42791,23.71805],[-103.42359,23.7196],[-103.42258,23.72364],[-103.42546,23.72437],[-103.42614,23.73166],[-103.42757,23.73042],[-103.42894,23.7333],[-103.42549,23.73513],[-103.41998,23.73434],[-103.41405,23.7315],[-103.41182,23.73223],[-103.40052,23.73337],[-103.39998,23.73509],[-103.40295,23.73777],[-103.40434,23.73349],[-103.40742,23.73499],[-103.40726,23.74085],[-103.40536,23.73996],[-103.40024,23.74056],[-103.39687,23.74285],[-103.39596,23.73861],[-103.38835,23.73788],[-103.38732,23.73925],[-103.39063,23.74046],[-103.39582,23.74003],[-103.39608,23.74264],[-103.39612,23.74305],[-103.39603,23.74583],[-103.39936,23.75006],[-103.40638,23.75733],[-103.41089,23.76038],[-103.42335,23.76392],[-103.42426,23.76394],[-103.42489,23.76395],[-103.42512,23.76396],[-103.42765,23.76401],[-103.42892,23.76387],[-103.43032,23.76363],[-103.43454,23.76339],[-103.43759,23.75978],[-103.43567,23.75775],[-103.43684,23.75616],[-103.44182,23.76418],[-103.4433,23.76019],[-103.44481,23.76214],[-103.44875,23.75963],[-103.4517,23.75925],[-103.45405,23.76272],[-103.45697,23.76045],[-103.45696,23.75749],[-103.46019,23.75846],[-103.46335,23.75112],[-103.46175,23.75039],[-103.46425,23.74802],[-103.46556,23.74427],[-103.46705,23.74454],[-103.46914,23.73949],[-103.46655,23.73009],[-103.46142,23.72013],[-103.46546,23.71609],[-103.46689,23.70875],[-103.46896,23.7056],[-103.46733,23.70595],[-103.46514,23.71009],[-103.46152,23.70832],[-103.4592,23.71487],[-103.45249,23.71984],[-103.44601,23.72314],[-103.43954,23.71771],[-103.43798,23.70814],[-103.43377,23.70814],[-103.43266,23.70817]],[[-103.43793,23.73175],[-103.43955,23.73107],[-103.44196,23.72659],[-103.4433,23.73371],[-103.4409,23.73878],[-103.43793,23.73175]]],[[[-103.46665,23.74732],[-103.47002,23.74409],[-103.46942,23.74096],[-103.46953,23.74271],[-103.46665,23.74732]]],[[[-103.47543,23.7709],[-103.48698,23.77361],[-103.48841,23.7644],[-103.4883,23.75895],[-103.49258,23.75756],[-103.49695,23.74649],[-103.49649,23.72418],[-103.4934,23.72881],[-103.49059,23.72687],[-103.48999,23.74226],[-103.48801,23.75035],[-103.47985,23.75448],[-103.47221,23.75186],[-103.46536,23.75426],[-103.46193,23.75716],[-103.46353,23.76043],[-103.46888,23.7573],[-103.4709,23.75894],[-103.46692,23.76318],[-103.46798,23.76796],[-103.47076,23.77036],[-103.47543,23.7709]],[[-103.47543,23.7709],[-103.4779,23.76866],[-103.483,23.76775],[-103.4802,23.7698],[-103.47543,23.7709]],[[-103.47937,23.76072],[-103.48235,23.7606],[-103.47696,23.76454],[-103.47585,23.76359],[-103.47937,23.76072]]],[[[-103.56669,23.88262],[-103.57003,23.88048],[-103.56996,23.87682],[-103.56719,23.87853],[-103.56669,23.88262]]],[[[-103.58187,23.88693],[-103.57933,23.88219],[-103.57395,23.88613],[-103.58187,23.88693]]],[[[-103.58768,23.89166],[-103.58976,23.88762],[-103.58789,23.88398],[-103.58206,23.88698],[-103.58764,23.88832],[-103.58768,23.89166]]],[[[-103.56937,23.91816],[-103.57164,23.91463],[-103.58118,23.91459],[-103.58726,23.90997],[-103.58894,23.9047],[-103.58593,23.90356],[-103.58667,23.90171],[-103.5857,23.89888],[-103.58283,23.89985],[-103.58245,23.90242],[-103.58013,23.90309],[-103.57765,23.91438],[-103.57589,23.9145],[-103.5758,23.90782],[-103.57414,23.90751],[-103.56699,23.91419],[-103.56937,23.91816]]],[[[-103.53407,23.92419],[-103.535,23.92696],[-103.53951,23.92647],[-103.53883,23.9299],[-103.5448,23.93274],[-103.54615,23.93243],[-103.547,23.93643],[-103.53633,23.93379],[-103.53571,23.93164],[-103.52614,23.93387],[-103.52675,23.93692],[-103.52298,23.93441],[-103.51814,23.93422],[-103.51572,23.93652],[-103.51417,23.93536],[-103.51658,23.93191],[-103.51059,23.9286],[-103.5064,23.92818],[-103.50897,23.93315],[-103.50601,23.93231],[-103.508,23.93757],[-103.50991,23.93236],[-103.5137,23.93285],[-103.51209,23.93772],[-103.51901,23.94069],[-103.52179,23.93877],[-103.52077,23.94158],[-103.52439,23.94187],[-103.52485,23.9462],[-103.52705,23.94754],[-103.53257,23.9473],[-103.5304,23.94308],[-103.5334,23.94214],[-103.53715,23.94408],[-103.54069,23.95004],[-103.54644,23.95283],[-103.5501,23.95198],[-103.54883,23.94555],[-103.55341,23.94493],[-103.55485,23.94318],[-103.55437,23.93985],[-103.55757,23.93922],[-103.55634,23.93411],[-103.55297,23.93475],[-103.55206,23.9325],[-103.54571,23.93067],[-103.54344,23.9286],[-103.54322,23.92565],[-103.54784,23.92496],[-103.55101,23.92769],[-103.55477,23.92717],[-103.55475,23.92559],[-103.55848,23.92507],[-103.56124,23.92912],[-103.56435,23.92805],[-103.56441,23.92507],[-103.56692,23.92408],[-103.5679,23.92171],[-103.56376,23.92232],[-103.56273,23.91727],[-103.56085,23.91522],[-103.53357,23.91525],[-103.53536,23.91012],[-103.53336,23.90799],[-103.52825,23.9082],[-103.52177,23.91171],[-103.52058,23.91485],[-103.52236,23.915],[-103.52476,23.91894],[-103.52359,23.92114],[-103.52499,23.92329],[-103.52843,23.92458],[-103.53407,23.92419]],[[-103.53407,23.92419],[-103.53316,23.91972],[-103.54245,23.91771],[-103.54363,23.91881],[-103.54522,23.91901],[-103.54586,23.91909],[-103.55035,23.92167],[-103.55349,23.92387],[-103.54784,23.92335],[-103.54404,23.92163],[-103.54444,23.92422],[-103.54117,23.92338],[-103.53407,23.92419]]],[[[-103.50847,23.94394],[-103.51378,23.94547],[-103.51265,23.94259],[-103.50788,23.94121],[-103.50847,23.94394]]],[[[-103.48179,23.87525],[-103.48074,23.87475],[-103.4762,23.87375],[-103.47606,23.8709],[-103.47945,23.87308],[-103.47836,23.86635],[-103.47459,23.86169],[-103.477,23.85465],[-103.48145,23.85431],[-103.48204,23.85391],[-103.48421,23.85259],[-103.47443,23.85172],[-103.4784,23.84796],[-103.47319,23.84992],[-103.4708,23.8492],[-103.46538,23.85148],[-103.46337,23.85093],[-103.46773,23.84844],[-103.45606,23.84567],[-103.44884,23.84166],[-103.4419,23.84194],[-103.44309,23.84443],[-103.4419,23.84874],[-103.44484,23.85066],[-103.44063,23.85109],[-103.44086,23.85716],[-103.44236,23.85837],[-103.44107,23.86277],[-103.4442,23.86473],[-103.44318,23.86718],[-103.44921,23.87297],[-103.44941,23.87648],[-103.45828,23.87825],[-103.45885,23.8811],[-103.46308,23.88233],[-103.46779,23.88945],[-103.47553,23.88895],[-103.47518,23.89236],[-103.47355,23.89235],[-103.47246,23.89651],[-103.4676,23.89726],[-103.46747,23.89985],[-103.4639,23.90469],[-103.46424,23.90801],[-103.46821,23.91065],[-103.46969,23.91461],[-103.4673,23.91681],[-103.46843,23.92128],[-103.46622,23.91801],[-103.46206,23.91813],[-103.46093,23.912],[-103.46269,23.90953],[-103.4595,23.90517],[-103.45691,23.90341],[-103.45806,23.9077],[-103.45562,23.90933],[-103.4539,23.91485],[-103.44858,23.91894],[-103.44914,23.91932],[-103.45412,23.92],[-103.45526,23.92685],[-103.4535,23.92875],[-103.45587,23.93332],[-103.45584,23.93474],[-103.45978,23.93745],[-103.4611,23.94422],[-103.46284,23.94545],[-103.46502,23.94212],[-103.46768,23.94147],[-103.47105,23.94106],[-103.46713,23.93864],[-103.46658,23.93579],[-103.46216,23.93777],[-103.46045,23.92904],[-103.46262,23.92974],[-103.46486,23.92765],[-103.46537,23.93128],[-103.46845,23.93203],[-103.4659,23.92898],[-103.47492,23.93147],[-103.47759,23.93306],[-103.48247,23.94077],[-103.47783,23.93809],[-103.48187,23.94294],[-103.47795,23.94268],[-103.48931,23.94712],[-103.49249,23.94548],[-103.48697,23.94006],[-103.48853,23.939],[-103.48295,23.93707],[-103.48345,23.93505],[-103.47913,23.9333],[-103.47965,23.92951],[-103.48136,23.9305],[-103.48376,23.92819],[-103.49293,23.93176],[-103.49276,23.93389],[-103.49789,23.93354],[-103.4961,23.93256],[-103.49578,23.92876],[-103.49434,23.93067],[-103.49227,23.92604],[-103.4945,23.92077],[-103.48753,23.92946],[-103.48409,23.92511],[-103.48834,23.91959],[-103.49384,23.91883],[-103.48952,23.91465],[-103.49511,23.91397],[-103.49386,23.90992],[-103.49616,23.90612],[-103.5005,23.90657],[-103.50343,23.90555],[-103.50275,23.90391],[-103.49743,23.90389],[-103.49737,23.8996],[-103.50528,23.90096],[-103.50727,23.90357],[-103.51275,23.90323],[-103.50964,23.90128],[-103.50973,23.89901],[-103.50146,23.89909],[-103.49502,23.89832],[-103.48913,23.89657],[-103.48902,23.89387],[-103.48655,23.89404],[-103.48493,23.89654],[-103.4815,23.89477],[-103.48209,23.89801],[-103.48882,23.89719],[-103.4892,23.89964],[-103.48614,23.89967],[-103.4858,23.90428],[-103.48277,23.89971],[-103.48389,23.90575],[-103.48123,23.90353],[-103.47787,23.90394],[-103.4763,23.8931],[-103.47981,23.89137],[-103.48268,23.89302],[-103.4823,23.8907],[-103.48548,23.8908],[-103.485,23.88749],[-103.47851,23.88716],[-103.4792,23.88224],[-103.4772,23.88066],[-103.481,23.87852],[-103.4875,23.88438],[-103.4898,23.88207],[-103.48553,23.87981],[-103.48626,23.8785],[-103.48197,23.87721],[-103.48179,23.87525]],[[-103.46807,23.92672],[-103.46914,23.92317],[-103.47418,23.92337],[-103.47521,23.92165],[-103.4763,23.92633],[-103.47485,23.928],[-103.47022,23.92866],[-103.46807,23.92672]],[[-103.4794,23.92799],[-103.4786,23.92413],[-103.4827,23.92555],[-103.48189,23.92808],[-103.4794,23.92799]],[[-103.4835,23.92463],[-103.48095,23.92406],[-103.48179,23.92208],[-103.48467,23.92232],[-103.4835,23.92463]],[[-103.46981,23.87563],[-103.47292,23.87373],[-103.47781,23.87628],[-103.47462,23.8825],[-103.47009,23.88046],[-103.46981,23.87563]]],[[[-103.44599,23.94724],[-103.44995,23.94407],[-103.44766,23.94287],[-103.44599,23.94724]]],[[[-103.45062,23.9465],[-103.44921,23.94852],[-103.45142,23.95099],[-103.45062,23.9465]]],[[[-103.43942,23.93074],[-103.44423,23.93629],[-103.44416,23.93806],[-103.44713,23.9383],[-103.44563,23.93427],[-103.43942,23.93074]]],[[[-103.44389,23.90007],[-103.4431,23.90256],[-103.44794,23.90372],[-103.45048,23.89777],[-103.44982,23.89195],[-103.45056,23.8881],[-103.44774,23.8863],[-103.44565,23.88063],[-103.44209,23.88137],[-103.44252,23.89601],[-103.44551,23.89762],[-103.44389,23.90007]]],[[[-103.52465,23.87571],[-103.52252,23.87986],[-103.52641,23.88361],[-103.52722,23.87496],[-103.52465,23.87571]]],[[[-103.53546,23.90054],[-103.53424,23.90227],[-103.53682,23.90395],[-103.53837,23.8993],[-103.53365,23.89795],[-103.53257,23.90088],[-103.53546,23.90054]]],[[[-103.52274,23.90695],[-103.5246,23.90882],[-103.52835,23.90581],[-103.5207,23.90585],[-103.52274,23.90695]]],[[[-103.49728,23.93767],[-103.50466,23.9376],[-103.50299,23.93277],[-103.50021,23.93292],[-103.49975,23.93534],[-103.49755,23.93505],[-103.49728,23.93767]]],[[[-103.41131,23.77578],[-103.40905,23.77244],[-103.40786,23.77613],[-103.41131,23.77578]]],[[[-103.43962,23.76798],[-103.44159,23.76975],[-103.4433,23.76607],[-103.43962,23.76798]]],[[[-103.38264,23.72636],[-103.38261,23.72482],[-103.37612,23.72454],[-103.37604,23.72887],[-103.38262,23.72893],[-103.38264,23.72813],[-103.37881,23.72565],[-103.38264,23.72636]]],[[[-103.72557,23.88529],[-103.72429,23.88073],[-103.72425,23.88542],[-103.72557,23.88529]]],[[[-103.61532,23.86552],[-103.60923,23.87385],[-103.60832,23.87861],[-103.61328,23.87712],[-103.61701,23.87129],[-103.61434,23.87012],[-103.61748,23.86905],[-103.61816,23.86575],[-103.61532,23.86552]]],[[[-103.5216,23.83963],[-103.52355,23.83592],[-103.52151,23.83459],[-103.51877,23.83849],[-103.5216,23.83963]]],[[[-103.5416,23.71423],[-103.54332,23.70976],[-103.54394,23.70551],[-103.53648,23.71239],[-103.53133,23.72901],[-103.52732,23.7323],[-103.52499,23.72983],[-103.52534,23.73249],[-103.52193,23.73153],[-103.51775,23.7333],[-103.5152,23.73283],[-103.50822,23.72829],[-103.50395,23.72644],[-103.5051,23.72548],[-103.49839,23.72318],[-103.50733,23.73126],[-103.51583,23.73334],[-103.51998,23.73648],[-103.52363,23.73684],[-103.53258,23.73269],[-103.53166,23.73049],[-103.53435,23.72895],[-103.53653,23.72249],[-103.53616,23.72078],[-103.53917,23.71834],[-103.53945,23.71445],[-103.5416,23.71423]]],[[[-103.56455,23.70028],[-103.57393,23.69679],[-103.57493,23.69523],[-103.56896,23.69378],[-103.56589,23.68745],[-103.56351,23.68485],[-103.55986,23.69611],[-103.55097,23.71155],[-103.54822,23.72167],[-103.54485,23.7249],[-103.53982,23.72647],[-103.53886,23.73075],[-103.54098,23.73213],[-103.54344,23.72937],[-103.5501,23.72725],[-103.55141,23.72336],[-103.54882,23.72205],[-103.55002,23.71584],[-103.55279,23.71501],[-103.55656,23.71172],[-103.55522,23.70819],[-103.56006,23.70661],[-103.56393,23.69987],[-103.56455,23.70028]]],[[[-103.56094,23.70978],[-103.56497,23.7088],[-103.56791,23.70686],[-103.56826,23.70454],[-103.56494,23.70567],[-103.56367,23.70435],[-103.56094,23.70978]]],[[[-103.55765,23.71799],[-103.56246,23.71566],[-103.56083,23.71395],[-103.56031,23.71652],[-103.55765,23.71799]]],[[[-103.55827,23.72625],[-103.56061,23.72487],[-103.56401,23.72353],[-103.56955,23.72033],[-103.5716,23.71771],[-103.56851,23.71621],[-103.55934,23.7215],[-103.55605,23.71945],[-103.55474,23.72257],[-103.55536,23.72662],[-103.55827,23.72625]]],[[[-103.54479,23.73394],[-103.54458,23.73475],[-103.54917,23.73611],[-103.54713,23.73215],[-103.54479,23.73394]]],[[[-103.54199,23.73857],[-103.54556,23.73735],[-103.54279,23.73657],[-103.54199,23.73857]]],[[[-103.52893,23.73776],[-103.52933,23.73807],[-103.53061,23.73903],[-103.53373,23.7414],[-103.53885,23.73965],[-103.53395,23.73691],[-103.52893,23.73776]]],[[[-103.66823,23.73519],[-103.67,23.73385],[-103.66981,23.72455],[-103.66671,23.71853],[-103.66291,23.71825],[-103.66497,23.72138],[-103.66748,23.72153],[-103.66813,23.72469],[-103.66541,23.72329],[-103.66495,23.72732],[-103.66786,23.72796],[-103.66488,23.73126],[-103.65876,23.73061],[-103.65675,23.73334],[-103.65705,23.73661],[-103.65319,23.73619],[-103.65115,23.73434],[-103.65012,23.74016],[-103.66085,23.73893],[-103.66705,23.73609],[-103.66823,23.73519]]],[[[-103.52812,23.72213],[-103.52813,23.72212],[-103.52918,23.72082],[-103.52934,23.72062],[-103.53065,23.71785],[-103.52927,23.71566],[-103.5225,23.72134],[-103.52081,23.7273],[-103.5222,23.72791],[-103.52544,23.72146],[-103.52812,23.72213]]],[[[-103.47042,23.69755],[-103.46336,23.70316],[-103.46278,23.70477],[-103.46489,23.70287],[-103.46868,23.70323],[-103.47107,23.69946],[-103.47042,23.69755]]],[[[-103.87637,23.62936],[-103.877,23.62809],[-103.87349,23.62752],[-103.86611,23.63089],[-103.86728,23.63287],[-103.87058,23.6316],[-103.87637,23.62936]]],[[[-103.871,23.61055],[-103.87291,23.61049],[-103.87574,23.60731],[-103.87618,23.60463],[-103.88076,23.60207],[-103.88252,23.59227],[-103.89297,23.59971],[-103.89214,23.5964],[-103.88966,23.59494],[-103.88773,23.58884],[-103.877,23.58488],[-103.87681,23.58481],[-103.86928,23.58368],[-103.86468,23.58491],[-103.86176,23.58729],[-103.86265,23.58841],[-103.86749,23.58551],[-103.86729,23.58875],[-103.86141,23.58902],[-103.85953,23.59197],[-103.86247,23.59248],[-103.86045,23.60436],[-103.85662,23.60604],[-103.85994,23.60661],[-103.85961,23.60884],[-103.85357,23.61025],[-103.85396,23.61266],[-103.85886,23.61143],[-103.86135,23.60911],[-103.86466,23.60962],[-103.86518,23.61141],[-103.86826,23.61708],[-103.86981,23.62063],[-103.86817,23.6208],[-103.86889,23.62503],[-103.87446,23.62265],[-103.87345,23.62047],[-103.8778,23.6187],[-103.87832,23.61578],[-103.87487,23.61339],[-103.87442,23.61569],[-103.87052,23.61515],[-103.87281,23.61384],[-103.871,23.61055]],[[-103.87198,23.58655],[-103.87456,23.58575],[-103.87406,23.58904],[-103.87135,23.58894],[-103.87198,23.58655]]],[[[-103.6631,23.54947],[-103.66287,23.54944],[-103.66005,23.54891],[-103.6567,23.54777],[-103.64785,23.55064],[-103.64642,23.54991],[-103.64807,23.55449],[-103.65077,23.55381],[-103.65241,23.55613],[-103.65658,23.55751],[-103.65821,23.55178],[-103.66204,23.55073],[-103.6611,23.55352],[-103.65834,23.55414],[-103.6604,23.55636],[-103.65776,23.55789],[-103.65622,23.56231],[-103.66379,23.56702],[-103.66483,23.56176],[-103.66407,23.55925],[-103.66801,23.55016],[-103.66391,23.54958],[-103.6631,23.54947]]],[[[-103.6433,23.54459],[-103.63984,23.54242],[-103.63992,23.53871],[-103.64839,23.54424],[-103.66047,23.54399],[-103.66991,23.5388],[-103.67712,23.53803],[-103.67971,23.53269],[-103.67328,23.5306],[-103.67143,23.53413],[-103.66845,23.53102],[-103.67024,23.52754],[-103.6494,23.52274],[-103.64399,23.52277],[-103.64292,23.52913],[-103.63715,23.52854],[-103.63942,23.524],[-103.63361,23.52396],[-103.62971,23.53565],[-103.63142,23.53729],[-103.62905,23.54079],[-103.62681,23.55194],[-103.63097,23.55572],[-103.63356,23.55585],[-103.63799,23.55101],[-103.64453,23.54982],[-103.6442,23.54877],[-103.64404,23.54547],[-103.6433,23.54459]]],[[[-103.78409,23.53344],[-103.78475,23.53396],[-103.78859,23.5349],[-103.78969,23.53508],[-103.7956,23.53579],[-103.8006,23.53829],[-103.80346,23.54271],[-103.80806,23.54488],[-103.80813,23.54661],[-103.80417,23.54677],[-103.79459,23.53897],[-103.79311,23.53865],[-103.79184,23.54044],[-103.79399,23.54247],[-103.79383,23.54544],[-103.79723,23.54645],[-103.80066,23.55111],[-103.80437,23.55199],[-103.8041,23.55407],[-103.80869,23.55798],[-103.80926,23.56269],[-103.81348,23.56382],[-103.81107,23.56886],[-103.81217,23.57249],[-103.81364,23.57139],[-103.81333,23.56827],[-103.81572,23.56983],[-103.81903,23.56824],[-103.81995,23.56694],[-103.8164,23.56404],[-103.81871,23.56256],[-103.81608,23.55942],[-103.81652,23.55663],[-103.82154,23.55834],[-103.82462,23.56155],[-103.82366,23.55419],[-103.82737,23.55147],[-103.82642,23.5489],[-103.82871,23.54591],[-103.82628,23.546],[-103.82823,23.543],[-103.82428,23.54239],[-103.8249,23.5471],[-103.82076,23.5539],[-103.81885,23.55571],[-103.81728,23.55252],[-103.81027,23.54691],[-103.81571,23.54072],[-103.81824,23.53134],[-103.81857,23.52659],[-103.8159,23.52849],[-103.81376,23.5381],[-103.80977,23.54143],[-103.80816,23.53985],[-103.80997,23.53529],[-103.80691,23.53863],[-103.80364,23.53383],[-103.80511,23.53044],[-103.80828,23.53099],[-103.81058,23.52224],[-103.80836,23.52702],[-103.80435,23.52881],[-103.80694,23.51827],[-103.81211,23.51046],[-103.81299,23.51075],[-103.81454,23.50428],[-103.81192,23.50398],[-103.8075,23.50764],[-103.8053,23.50765],[-103.79989,23.51046],[-103.79683,23.50869],[-103.79495,23.51222],[-103.79218,23.51233],[-103.79419,23.51004],[-103.79352,23.50801],[-103.79676,23.50757],[-103.79687,23.50529],[-103.7927,23.50131],[-103.79268,23.50139],[-103.79275,23.50269],[-103.7927,23.50246],[-103.79261,23.50163],[-103.7918,23.49903],[-103.79195,23.49774],[-103.7919,23.49611],[-103.79142,23.49567],[-103.79115,23.49544],[-103.79059,23.49532],[-103.78921,23.49506],[-103.78784,23.4898],[-103.78785,23.48979],[-103.78783,23.48978],[-103.78552,23.4888],[-103.78335,23.48516],[-103.784,23.49596],[-103.78881,23.50421],[-103.78588,23.50441],[-103.78188,23.49636],[-103.77909,23.50212],[-103.7765,23.50203],[-103.77577,23.50656],[-103.7722,23.50888],[-103.77004,23.50538],[-103.76882,23.50055],[-103.771,23.50219],[-103.77449,23.49595],[-103.76902,23.49398],[-103.77626,23.48674],[-103.7765,23.48306],[-103.77882,23.47964],[-103.77292,23.48238],[-103.76801,23.49102],[-103.76972,23.48662],[-103.76415,23.48693],[-103.76406,23.48839],[-103.76002,23.49179],[-103.75978,23.49404],[-103.75675,23.49833],[-103.75935,23.49818],[-103.76025,23.49537],[-103.76382,23.49712],[-103.76421,23.50238],[-103.76633,23.50313],[-103.76607,23.50978],[-103.76855,23.5125],[-103.76839,23.51867],[-103.76589,23.51751],[-103.76568,23.52155],[-103.76249,23.5208],[-103.76366,23.51542],[-103.75867,23.51826],[-103.75775,23.51576],[-103.75705,23.52656],[-103.75059,23.52601],[-103.75275,23.52382],[-103.75614,23.52379],[-103.75636,23.52015],[-103.75291,23.52071],[-103.75307,23.51854],[-103.75052,23.517],[-103.75002,23.51103],[-103.74767,23.51069],[-103.74722,23.51336],[-103.7446,23.51322],[-103.74406,23.51882],[-103.74655,23.51908],[-103.74424,23.52108],[-103.74366,23.52483],[-103.74137,23.5233],[-103.7415,23.52081],[-103.73899,23.52384],[-103.74397,23.5258],[-103.74729,23.5282],[-103.7377,23.52954],[-103.73204,23.53226],[-103.72578,23.53183],[-103.72637,23.5338],[-103.71873,23.53135],[-103.71248,23.53092],[-103.71071,23.53307],[-103.70596,23.53048],[-103.70339,23.53338],[-103.71151,23.53421],[-103.72875,23.53532],[-103.74012,23.53478],[-103.73659,23.53188],[-103.74104,23.53056],[-103.74552,23.53339],[-103.75527,23.53205],[-103.75892,23.53024],[-103.76169,23.52484],[-103.76364,23.52781],[-103.76776,23.52574],[-103.76807,23.52213],[-103.76993,23.52253],[-103.76939,23.52631],[-103.76513,23.53051],[-103.76595,23.5275],[-103.76441,23.52809],[-103.76093,23.52727],[-103.76376,23.53279],[-103.76218,23.53363],[-103.7692,23.5393],[-103.76997,23.53641],[-103.77464,23.53831],[-103.77649,23.53692],[-103.77914,23.53857],[-103.77287,23.54102],[-103.78192,23.54501],[-103.78617,23.5413],[-103.79059,23.54236],[-103.79069,23.539],[-103.78787,23.53751],[-103.78387,23.53664],[-103.7831,23.5354],[-103.78052,23.53471],[-103.78062,23.53228],[-103.78409,23.53344]],[[-103.78059,23.5243],[-103.77712,23.5238],[-103.77623,23.52066],[-103.77889,23.51884],[-103.7801,23.5145],[-103.78059,23.5243]],[[-103.79169,23.52494],[-103.79014,23.52191],[-103.79277,23.5176],[-103.7958,23.51862],[-103.79325,23.5205],[-103.79908,23.52195],[-103.79542,23.52281],[-103.79503,23.52478],[-103.7977,23.52612],[-103.79379,23.52756],[-103.79169,23.52494]]],[[[-103.70365,23.51523],[-103.7054,23.51549],[-103.70622,23.5112],[-103.70818,23.51155],[-103.71037,23.51674],[-103.71098,23.51666],[-103.71097,23.50898],[-103.71644,23.5118],[-103.71638,23.51517],[-103.71886,23.51565],[-103.71442,23.50672],[-103.71921,23.51194],[-103.71379,23.50464],[-103.71141,23.49884],[-103.71087,23.49705],[-103.7069,23.49585],[-103.69921,23.49742],[-103.69359,23.49292],[-103.69488,23.49746],[-103.69568,23.50653],[-103.69778,23.50926],[-103.69969,23.50569],[-103.69747,23.50607],[-103.7004,23.50079],[-103.7003,23.50432],[-103.70239,23.50511],[-103.70104,23.50803],[-103.70351,23.51155],[-103.70365,23.51523]]],[[[-103.60662,23.70146],[-103.60071,23.69563],[-103.60083,23.69756],[-103.59553,23.70252],[-103.6002,23.7033],[-103.59645,23.70451],[-103.59763,23.70654],[-103.60497,23.70368],[-103.60662,23.70146]]],[[[-103.61356,23.70719],[-103.61153,23.70815],[-103.60933,23.7048],[-103.60833,23.71087],[-103.60384,23.71052],[-103.60268,23.71202],[-103.60636,23.71382],[-103.61093,23.71159],[-103.6083,23.7192],[-103.61075,23.71872],[-103.61298,23.71471],[-103.61446,23.70864],[-103.61356,23.70719]]],[[[-103.56328,23.63194],[-103.5628,23.63798],[-103.5664,23.64151],[-103.5692,23.64026],[-103.566,23.63813],[-103.56328,23.63194]]],[[[-103.78295,23.48448],[-103.78091,23.48154],[-103.77859,23.48171],[-103.77704,23.48624],[-103.77946,23.48847],[-103.77967,23.49331],[-103.78258,23.49482],[-103.78206,23.48869],[-103.78295,23.48448]]],[[[-103.73823,23.51325],[-103.74199,23.51294],[-103.7422,23.51051],[-103.73856,23.50913],[-103.73823,23.51325]]],[[[-103.71628,23.49655],[-103.71745,23.50227],[-103.72748,23.5139],[-103.73444,23.51581],[-103.73672,23.51427],[-103.73132,23.51366],[-103.73139,23.51103],[-103.7259,23.50749],[-103.72735,23.50459],[-103.72998,23.50532],[-103.72969,23.5078],[-103.73406,23.50842],[-103.73396,23.51185],[-103.73714,23.50938],[-103.73736,23.50478],[-103.74057,23.5057],[-103.74204,23.50971],[-103.74223,23.50612],[-103.7404,23.50554],[-103.74059,23.50253],[-103.7454,23.50387],[-103.74611,23.49517],[-103.73876,23.49338],[-103.73659,23.499],[-103.73303,23.49495],[-103.73478,23.49031],[-103.73675,23.49019],[-103.73722,23.48629],[-103.72974,23.49024],[-103.72946,23.49352],[-103.72761,23.4919],[-103.72751,23.49582],[-103.72388,23.49515],[-103.72543,23.49741],[-103.72216,23.49644],[-103.72211,23.49815],[-103.71628,23.49655]]],[[[-103.69397,23.53263],[-103.694,23.53077],[-103.68971,23.53173],[-103.69397,23.53263]]],[[[-103.84719,23.75844],[-103.8443,23.74927],[-103.8399,23.7487],[-103.84269,23.75173],[-103.8436,23.75584],[-103.84719,23.75844]]],[[[-103.85057,23.76807],[-103.84728,23.75878],[-103.8445,23.75769],[-103.84649,23.76177],[-103.84731,23.76641],[-103.85057,23.76807]]],[[[-103.75824,23.74497],[-103.75201,23.74376],[-103.74854,23.74022],[-103.74904,23.74686],[-103.75806,23.75253],[-103.76069,23.74725],[-103.75786,23.7474],[-103.75824,23.74497]]],[[[-103.7051,23.69885],[-103.70216,23.69815],[-103.69735,23.69334],[-103.69639,23.68833],[-103.69345,23.68763],[-103.6818,23.68942],[-103.68483,23.69346],[-103.67907,23.6988],[-103.68608,23.70708],[-103.6875,23.71308],[-103.69505,23.71411],[-103.69982,23.7215],[-103.70589,23.72386],[-103.70731,23.72982],[-103.71231,23.73399],[-103.72444,23.73515],[-103.73028,23.73021],[-103.73229,23.7309],[-103.72901,23.73711],[-103.72816,23.74036],[-103.73426,23.74145],[-103.74322,23.7391],[-103.74854,23.74022],[-103.74517,23.73507],[-103.73708,23.73306],[-103.71897,23.71484],[-103.71512,23.70994],[-103.71161,23.70829],[-103.70682,23.70376],[-103.70163,23.70929],[-103.69785,23.70437],[-103.70106,23.70419],[-103.7051,23.69885]]],[[[-103.68673,23.68232],[-103.6845,23.68232],[-103.68209,23.68789],[-103.68543,23.68589],[-103.68673,23.68232]]],[[[-103.66835,23.71171],[-103.66902,23.70307],[-103.66733,23.69979],[-103.66485,23.69984],[-103.66404,23.69733],[-103.65763,23.68723],[-103.64805,23.68701],[-103.65041,23.68905],[-103.65273,23.69607],[-103.65626,23.70126],[-103.66262,23.70198],[-103.66289,23.70389],[-103.66845,23.70456],[-103.6682,23.70992],[-103.66524,23.70838],[-103.66089,23.70856],[-103.66133,23.71267],[-103.65876,23.7144],[-103.66107,23.71628],[-103.6657,23.71673],[-103.66835,23.71171]]],[[[-103.64415,23.74048],[-103.64917,23.74021],[-103.64731,23.7401],[-103.6479,23.72762],[-103.6459,23.72442],[-103.64659,23.71646],[-103.64516,23.71394],[-103.64887,23.71207],[-103.64495,23.71181],[-103.643,23.71321],[-103.63824,23.72431],[-103.64225,23.72465],[-103.64197,23.72727],[-103.64545,23.72782],[-103.64415,23.74048]]],[[[-103.65391,23.76796],[-103.65382,23.76721],[-103.65361,23.7655],[-103.6532,23.76214],[-103.6506,23.7571],[-103.64788,23.75449],[-103.64295,23.75703],[-103.64519,23.7584],[-103.64329,23.76071],[-103.64911,23.76876],[-103.6537,23.76914],[-103.65391,23.76796]]],[[[-103.62581,23.78386],[-103.63038,23.78444],[-103.6306,23.78141],[-103.6261,23.78115],[-103.62581,23.78386]]],[[[-103.61297,23.73822],[-103.61445,23.74285],[-103.61593,23.74229],[-103.6162,23.73812],[-103.61465,23.73597],[-103.61491,23.73162],[-103.62208,23.73964],[-103.62413,23.7376],[-103.619,23.7346],[-103.61978,23.7303],[-103.61376,23.72945],[-103.61255,23.72304],[-103.61431,23.72009],[-103.6178,23.70906],[-103.61616,23.70887],[-103.61084,23.72127],[-103.61357,23.73064],[-103.61228,23.73489],[-103.61297,23.73822]]],[[[-103.59009,23.73716],[-103.59044,23.74031],[-103.59574,23.73543],[-103.59784,23.73466],[-103.59751,23.7279],[-103.59555,23.73055],[-103.59133,23.73021],[-103.58856,23.73342],[-103.58928,23.73479],[-103.5938,23.73235],[-103.59498,23.73351],[-103.59009,23.73716]]],[[[-103.59898,23.7271],[-103.60012,23.7287],[-103.60234,23.72695],[-103.59898,23.7271]]],[[[-103.60537,23.72746],[-103.60841,23.72796],[-103.6077,23.73238],[-103.60946,23.73289],[-103.61103,23.72837],[-103.61107,23.7241],[-103.60275,23.72483],[-103.60233,23.7268],[-103.60537,23.72746]]],[[[-103.58992,23.7214],[-103.59096,23.72312],[-103.59427,23.71993],[-103.59665,23.72001],[-103.59479,23.71297],[-103.59264,23.71298],[-103.59156,23.7174],[-103.59456,23.71759],[-103.59338,23.71967],[-103.58833,23.7195],[-103.58992,23.7214]]],[[[-103.60311,23.73153],[-103.60114,23.73421],[-103.60339,23.73538],[-103.6071,23.73225],[-103.60311,23.73153]]],[[[-103.63357,23.73826],[-103.63544,23.73485],[-103.63176,23.73342],[-103.6295,23.7295],[-103.63269,23.72392],[-103.62804,23.72356],[-103.62643,23.73029],[-103.62827,23.73313],[-103.62743,23.73533],[-103.63357,23.73826]]],[[[-103.64249,23.69884],[-103.64731,23.69923],[-103.64695,23.69784],[-103.64249,23.69884]]],[[[-103.81699,23.72802],[-103.81351,23.72881],[-103.8139,23.73132],[-103.81699,23.72802]]],[[[-103.82366,23.72784],[-103.82173,23.72883],[-103.82523,23.73137],[-103.82366,23.72784]]],[[[-103.82992,23.73641],[-103.82668,23.73252],[-103.82646,23.73494],[-103.82315,23.7351],[-103.83225,23.74221],[-103.83732,23.74127],[-103.83345,23.73976],[-103.82992,23.73641]]],[[[-103.81696,23.73023],[-103.81445,23.73202],[-103.81697,23.73317],[-103.81696,23.73023]]],[[[-103.70667,23.70316],[-103.70591,23.69995],[-103.70274,23.70295],[-103.70299,23.70578],[-103.70667,23.70316]]],[[[-103.76113,23.76524],[-103.76135,23.76549],[-103.76308,23.76477],[-103.76283,23.76048],[-103.76416,23.76095],[-103.76497,23.75518],[-103.76454,23.75415],[-103.76421,23.75315],[-103.76339,23.75062],[-103.75926,23.75772],[-103.75945,23.76222],[-103.76113,23.76524]]],[[[-103.64895,23.60064],[-103.64692,23.59869],[-103.64235,23.59624],[-103.63738,23.59969],[-103.63101,23.60147],[-103.63524,23.60165],[-103.63803,23.60323],[-103.63794,23.6004],[-103.64052,23.59959],[-103.64908,23.60508],[-103.64939,23.60649],[-103.65041,23.60351],[-103.64895,23.60064]]],[[[-103.67043,23.52718],[-103.67062,23.52272],[-103.66227,23.51323],[-103.65153,23.51331],[-103.64296,23.51715],[-103.63425,23.51932],[-103.63364,23.52372],[-103.64642,23.52226],[-103.65011,23.52249],[-103.67043,23.52718]]],[[[-103.68664,23.51068],[-103.68854,23.50891],[-103.68821,23.50283],[-103.68777,23.50675],[-103.68574,23.50687],[-103.68583,23.50029],[-103.6825,23.50047],[-103.68197,23.50669],[-103.68441,23.50669],[-103.68664,23.51068]]],[[[-103.67717,23.51476],[-103.68075,23.51757],[-103.68352,23.51746],[-103.6846,23.51403],[-103.68149,23.51079],[-103.68131,23.51401],[-103.67717,23.51476]]],[[[-103.67718,23.49816],[-103.67226,23.49947],[-103.67197,23.50157],[-103.67679,23.50214],[-103.67718,23.49816]]],[[[-103.69343,23.53656],[-103.69393,23.53295],[-103.68934,23.53211],[-103.68661,23.53496],[-103.68166,23.53616],[-103.68117,23.53765],[-103.69343,23.53656]]],[[[-103.70321,23.53365],[-103.70181,23.53579],[-103.71337,23.53453],[-103.70321,23.53365]]],[[[-103.68086,23.53861],[-103.6802,23.54064],[-103.68153,23.5458],[-103.67481,23.54655],[-103.67081,23.55072],[-103.66767,23.56099],[-103.67004,23.56306],[-103.67167,23.56686],[-103.67412,23.56688],[-103.67772,23.57092],[-103.67871,23.56556],[-103.68114,23.56125],[-103.67956,23.56161],[-103.68124,23.55174],[-103.68595,23.54893],[-103.68928,23.54546],[-103.68816,23.54329],[-103.69293,23.54014],[-103.69338,23.53687],[-103.68086,23.53861]]],[[[-103.66152,23.54388],[-103.6707,23.54164],[-103.67696,23.53835],[-103.67048,23.53907],[-103.66152,23.54388]]],[[[-103.68592,23.55852],[-103.68487,23.5599],[-103.68848,23.56114],[-103.68592,23.55852]]],[[[-103.69116,23.54947],[-103.69109,23.54959],[-103.69061,23.55519],[-103.69691,23.55596],[-103.69828,23.56041],[-103.69971,23.55848],[-103.69818,23.55122],[-103.69929,23.54929],[-103.6972,23.54768],[-103.69744,23.54448],[-103.7014,23.54373],[-103.70658,23.54109],[-103.70732,23.54541],[-103.70517,23.54357],[-103.70201,23.54637],[-103.70585,23.54958],[-103.70155,23.54889],[-103.70224,23.55127],[-103.70721,23.55292],[-103.71141,23.55558],[-103.70823,23.5582],[-103.70925,23.561],[-103.7081,23.56701],[-103.70507,23.56783],[-103.70556,23.56511],[-103.70183,23.56363],[-103.69995,23.56667],[-103.69944,23.56449],[-103.69694,23.56499],[-103.69647,23.56126],[-103.69452,23.56052],[-103.69289,23.56947],[-103.69052,23.57401],[-103.69168,23.57903],[-103.69511,23.58003],[-103.69671,23.57734],[-103.69745,23.58219],[-103.70007,23.57683],[-103.70211,23.57605],[-103.70164,23.57166],[-103.69764,23.56841],[-103.69879,23.56547],[-103.70283,23.57115],[-103.70388,23.57914],[-103.70198,23.58196],[-103.70204,23.58609],[-103.70532,23.58891],[-103.70435,23.58159],[-103.70692,23.58284],[-103.70672,23.58995],[-103.7097,23.58997],[-103.70818,23.58436],[-103.7106,23.58444],[-103.70893,23.57719],[-103.709,23.57242],[-103.70772,23.57208],[-103.70899,23.56662],[-103.71389,23.56134],[-103.71102,23.55765],[-103.71506,23.55152],[-103.7134,23.55027],[-103.71444,23.54465],[-103.71658,23.54314],[-103.71894,23.5352],[-103.71045,23.53534],[-103.70159,23.53613],[-103.69407,23.54399],[-103.69246,23.54701],[-103.69116,23.54947]]],[[[-103.77157,23.55211],[-103.77279,23.55463],[-103.77662,23.55188],[-103.77723,23.55348],[-103.78099,23.55012],[-103.78113,23.54499],[-103.7729,23.54137],[-103.7731,23.54377],[-103.77646,23.54507],[-103.77501,23.54872],[-103.77157,23.55211]]],[[[-103.71377,23.58896],[-103.71577,23.58857],[-103.7168,23.58086],[-103.71925,23.58313],[-103.72073,23.58197],[-103.71734,23.57697],[-103.72233,23.57414],[-103.72391,23.56804],[-103.72641,23.56839],[-103.72361,23.56406],[-103.72507,23.56046],[-103.72162,23.55876],[-103.72058,23.55258],[-103.72108,23.549],[-103.72537,23.54568],[-103.71802,23.54277],[-103.71466,23.54553],[-103.71512,23.54775],[-103.71794,23.54882],[-103.71888,23.55171],[-103.71817,23.56209],[-103.71243,23.56819],[-103.711,23.5731],[-103.71526,23.58173],[-103.71313,23.58653],[-103.71377,23.58896]]],[[[-103.73016,23.59146],[-103.732,23.59258],[-103.73343,23.58886],[-103.73357,23.59293],[-103.73672,23.59443],[-103.7373,23.59522],[-103.73906,23.595],[-103.74161,23.5894],[-103.74235,23.5917],[-103.74106,23.59598],[-103.74337,23.59482],[-103.74342,23.59179],[-103.75056,23.5935],[-103.75131,23.58955],[-103.75669,23.58864],[-103.75944,23.59006],[-103.75768,23.59602],[-103.75831,23.59914],[-103.76024,23.59785],[-103.76083,23.59729],[-103.76002,23.58629],[-103.76151,23.57957],[-103.76778,23.57238],[-103.76434,23.5718],[-103.76083,23.57635],[-103.75788,23.58608],[-103.75352,23.5874],[-103.75227,23.58487],[-103.75434,23.58276],[-103.75374,23.57872],[-103.75245,23.5819],[-103.74785,23.5818],[-103.74934,23.57801],[-103.75246,23.57632],[-103.75596,23.57254],[-103.75879,23.56214],[-103.76106,23.562],[-103.76431,23.55506],[-103.76319,23.55366],[-103.76459,23.54798],[-103.76327,23.54926],[-103.75602,23.5632],[-103.75498,23.56345],[-103.75402,23.56977],[-103.75063,23.57437],[-103.74817,23.57562],[-103.74585,23.57269],[-103.75031,23.57227],[-103.74902,23.56826],[-103.75346,23.56665],[-103.7536,23.56348],[-103.75061,23.56404],[-103.75125,23.55977],[-103.74876,23.55907],[-103.74594,23.5605],[-103.74286,23.55579],[-103.73791,23.55436],[-103.73237,23.54893],[-103.72608,23.55115],[-103.72694,23.55508],[-103.73027,23.55405],[-103.73383,23.55466],[-103.73708,23.56069],[-103.7406,23.56237],[-103.74139,23.56474],[-103.74255,23.56095],[-103.74494,23.56054],[-103.74747,23.56474],[-103.74349,23.56959],[-103.74222,23.57619],[-103.73992,23.57352],[-103.73796,23.57605],[-103.74086,23.5793],[-103.73683,23.57988],[-103.73493,23.57687],[-103.73589,23.58401],[-103.73792,23.58479],[-103.73692,23.58162],[-103.73917,23.58233],[-103.7391,23.58497],[-103.74156,23.58372],[-103.7401,23.58098],[-103.74542,23.58115],[-103.74581,23.58276],[-103.74925,23.58263],[-103.7507,23.58783],[-103.74511,23.58628],[-103.74121,23.58777],[-103.73921,23.59018],[-103.73557,23.58911],[-103.73582,23.58613],[-103.72961,23.58644],[-103.73061,23.58023],[-103.7285,23.57987],[-103.72629,23.58554],[-103.72344,23.58659],[-103.72309,23.58875],[-103.72762,23.58992],[-103.73075,23.58808],[-103.73016,23.59146]]],[[[-103.78502,23.57137],[-103.78639,23.57519],[-103.79026,23.57656],[-103.79273,23.57537],[-103.79402,23.57004],[-103.7925,23.56919],[-103.79687,23.56133],[-103.80006,23.5619],[-103.7993,23.56414],[-103.80306,23.56518],[-103.80892,23.56218],[-103.80782,23.55845],[-103.80009,23.55311],[-103.7873,23.55409],[-103.79074,23.54926],[-103.78811,23.54816],[-103.78203,23.55505],[-103.77484,23.55795],[-103.77151,23.56214],[-103.76899,23.56257],[-103.76625,23.56733],[-103.77137,23.56609],[-103.77279,23.56181],[-103.78055,23.55767],[-103.78093,23.55919],[-103.77465,23.56343],[-103.77584,23.56414],[-103.78279,23.55929],[-103.78407,23.56],[-103.78802,23.55788],[-103.79066,23.55438],[-103.79647,23.55534],[-103.79534,23.55841],[-103.79071,23.55967],[-103.78959,23.56361],[-103.78313,23.5653],[-103.78242,23.56327],[-103.77958,23.56691],[-103.77428,23.56454],[-103.7706,23.56903],[-103.77406,23.57039],[-103.77831,23.56847],[-103.77855,23.5719],[-103.78055,23.56866],[-103.78379,23.56763],[-103.78502,23.57137]]],[[[-103.79224,23.5899],[-103.79885,23.59003],[-103.80207,23.58569],[-103.80356,23.57961],[-103.80582,23.57626],[-103.8119,23.57265],[-103.8109,23.56914],[-103.80672,23.5697],[-103.80239,23.57361],[-103.80482,23.57556],[-103.80249,23.57885],[-103.79816,23.57613],[-103.79097,23.57918],[-103.78502,23.58442],[-103.7864,23.58603],[-103.7825,23.58675],[-103.78112,23.58467],[-103.7789,23.58752],[-103.76713,23.59547],[-103.7672,23.59751],[-103.77127,23.59408],[-103.77604,23.59119],[-103.78386,23.59114],[-103.78384,23.5897],[-103.7879,23.58788],[-103.79224,23.5899]]],[[[-103.69923,23.5931],[-103.70026,23.59203],[-103.69691,23.58706],[-103.69469,23.58599],[-103.69026,23.58087],[-103.69438,23.58929],[-103.69923,23.5931]]],[[[-103.60003,23.56393],[-103.59784,23.56203],[-103.59836,23.56803],[-103.60003,23.56393]]],[[[-103.75524,23.48313],[-103.75679,23.48043],[-103.75333,23.48201],[-103.75524,23.48313]]],[[[-103.76908,23.48379],[-103.76682,23.48289],[-103.76441,23.48471],[-103.76828,23.48609],[-103.76908,23.48379]]],[[[-103.84353,23.63052],[-103.84411,23.63484],[-103.84552,23.63069],[-103.84353,23.63052]]],[[[-103.71727,23.49258],[-103.71669,23.49377],[-103.71847,23.49623],[-103.72011,23.49425],[-103.71727,23.49258]]],[[[-103.75333,23.49647],[-103.75196,23.49344],[-103.75342,23.49151],[-103.75056,23.49129],[-103.74865,23.49542],[-103.75333,23.49647]]],[[[-103.75529,23.50119],[-103.75671,23.50057],[-103.75532,23.4969],[-103.75079,23.49916],[-103.75529,23.50119]]],[[[-103.77455,23.49825],[-103.77576,23.50258],[-103.77601,23.49837],[-103.77455,23.49825]]],[[[-103.2344,23.74694],[-103.24074,23.74796],[-103.23897,23.74683],[-103.23838,23.74225],[-103.2366,23.73915],[-103.23387,23.7391],[-103.23334,23.73969],[-103.23028,23.74305],[-103.23167,23.74318],[-103.23044,23.74502],[-103.23232,23.74636],[-103.2344,23.74694]]],[[[-103.24335,23.73729],[-103.23975,23.73722],[-103.23418,23.73876],[-103.24395,23.7387],[-103.24335,23.73729]]],[[[-103.27861,23.73016],[-103.27249,23.73494],[-103.26928,23.73649],[-103.26339,23.73643],[-103.26822,23.73838],[-103.27701,23.73697],[-103.27865,23.73495],[-103.27861,23.73016]]],[[[-103.28231,23.72668],[-103.2815,23.72756],[-103.28312,23.73094],[-103.28523,23.72948],[-103.28231,23.72668]]],[[[-103.34129,23.74978],[-103.34045,23.74994],[-103.3382,23.74359],[-103.34136,23.74453],[-103.3455,23.74205],[-103.34116,23.74269],[-103.34051,23.7411],[-103.33635,23.7408],[-103.33829,23.74284],[-103.33556,23.74282],[-103.33861,23.75079],[-103.34304,23.75448],[-103.34358,23.75426],[-103.34539,23.75352],[-103.34369,23.74932],[-103.34129,23.74978]]],[[[-103.30687,23.73346],[-103.31312,23.73626],[-103.30979,23.73187],[-103.30957,23.7343],[-103.30687,23.73346]]],[[[-103.29881,23.73677],[-103.29933,23.73584],[-103.28902,23.7344],[-103.28495,23.73526],[-103.28498,23.7384],[-103.28838,23.73682],[-103.29546,23.73778],[-103.29881,23.73677]]],[[[-103.27633,23.7439],[-103.28518,23.74145],[-103.28095,23.74002],[-103.27295,23.74219],[-103.27993,23.73848],[-103.27812,23.73757],[-103.26838,23.74028],[-103.26517,23.73816],[-103.25971,23.73869],[-103.2591,23.73635],[-103.25537,23.74],[-103.2556,23.73623],[-103.25406,23.73615],[-103.25055,23.74101],[-103.2508,23.74477],[-103.25439,23.74564],[-103.25485,23.74565],[-103.25989,23.74671],[-103.26051,23.74939],[-103.26556,23.75355],[-103.27093,23.75722],[-103.27006,23.75517],[-103.26547,23.75213],[-103.2638,23.7498],[-103.26964,23.75044],[-103.27376,23.75378],[-103.27672,23.75327],[-103.27599,23.74977],[-103.27111,23.74987],[-103.26848,23.74808],[-103.26854,23.7456],[-103.27343,23.7457],[-103.27566,23.7442],[-103.27633,23.7439]]],[[[-103.29433,23.75998],[-103.29431,23.75904],[-103.28684,23.75813],[-103.27683,23.75617],[-103.27951,23.76018],[-103.28492,23.75965],[-103.28908,23.76201],[-103.29433,23.75998]]],[[[-103.28421,23.74069],[-103.28782,23.73909],[-103.28239,23.73866],[-103.28428,23.73378],[-103.28234,23.73373],[-103.28034,23.73971],[-103.28421,23.74069]]],[[[-103.31347,23.73206],[-103.31927,23.73628],[-103.32062,23.73373],[-103.31816,23.73196],[-103.31347,23.73206]]],[[[-103.30528,23.7158],[-103.30346,23.71627],[-103.30274,23.71646],[-103.299,23.71724],[-103.30413,23.72179],[-103.30497,23.7243],[-103.30752,23.72409],[-103.30979,23.72729],[-103.31272,23.72577],[-103.31356,23.71853],[-103.30638,23.71583],[-103.30528,23.7158]]],[[[-103.33045,23.71774],[-103.32574,23.71566],[-103.31498,23.71842],[-103.3177,23.71874],[-103.31364,23.72237],[-103.31419,23.72617],[-103.31995,23.72306],[-103.31985,23.72513],[-103.32383,23.72303],[-103.32622,23.72335],[-103.32327,23.72937],[-103.33155,23.72469],[-103.33263,23.71949],[-103.33045,23.71774]]],[[[-103.29395,23.72414],[-103.29476,23.7264],[-103.29813,23.72431],[-103.29873,23.71977],[-103.29274,23.72044],[-103.29536,23.72226],[-103.29395,23.72414]]],[[[-103.28842,23.72004],[-103.28507,23.72369],[-103.28754,23.72565],[-103.28925,23.72478],[-103.28765,23.72233],[-103.28842,23.72004]]],[[[-103.23033,23.74479],[-103.22961,23.74422],[-103.23026,23.74485],[-103.23029,23.74487],[-103.23033,23.74479]]],[[[-103.23875,24.03062],[-103.23976,24.02213],[-103.24004,24.02161],[-103.24043,24.02082],[-103.24065,24.02036],[-103.24219,24.01857],[-103.24253,24.01841],[-103.24348,24.01795],[-103.24372,24.01783],[-103.2477,24.01535],[-103.24106,24.00949],[-103.24446,24.00272],[-103.24883,23.99853],[-103.25539,23.99534],[-103.25686,23.99367],[-103.25337,23.98672],[-103.25469,23.98287],[-103.26274,23.97621],[-103.26268,23.97317],[-103.25758,23.96983],[-103.25438,23.96519],[-103.26246,23.95742],[-103.25947,23.95714],[-103.25357,23.95846],[-103.25165,23.96051],[-103.2525,23.96371],[-103.24496,23.9628],[-103.23961,23.96057],[-103.24279,23.95594],[-103.24575,23.95897],[-103.2506,23.95762],[-103.24689,23.95363],[-103.24866,23.9467],[-103.24858,23.94254],[-103.24855,23.94127],[-103.24837,23.93241],[-103.25896,23.92456],[-103.26405,23.92467],[-103.27132,23.92761],[-103.27851,23.93381],[-103.28192,23.93463],[-103.28769,23.92583],[-103.28766,23.92431],[-103.27535,23.92185],[-103.27359,23.91938],[-103.26894,23.9165],[-103.26611,23.91733],[-103.26683,23.91457],[-103.25943,23.90948],[-103.25452,23.90799],[-103.25437,23.90322],[-103.24943,23.90028],[-103.24544,23.90035],[-103.25313,23.9065],[-103.2514,23.90945],[-103.24951,23.9083],[-103.25033,23.90522],[-103.24517,23.90278],[-103.24167,23.90371],[-103.23851,23.90185],[-103.24357,23.90245],[-103.24283,23.90002],[-103.24991,23.89809],[-103.25267,23.89566],[-103.25557,23.89621],[-103.25402,23.89777],[-103.25837,23.90283],[-103.26283,23.90523],[-103.26826,23.90659],[-103.27153,23.90886],[-103.2836,23.91519],[-103.28362,23.91874],[-103.28759,23.92091],[-103.28982,23.91351],[-103.28842,23.90942],[-103.28411,23.90529],[-103.27144,23.8963],[-103.24965,23.89028],[-103.2484,23.88392],[-103.25485,23.8793],[-103.25176,23.87722],[-103.2469,23.87116],[-103.24426,23.87143],[-103.24329,23.8685],[-103.23959,23.86892],[-103.23931,23.86621],[-103.23652,23.86649],[-103.23724,23.86325],[-103.23188,23.8598],[-103.22929,23.8559],[-103.22652,23.86609],[-103.23059,23.86874],[-103.23093,23.87186],[-103.23557,23.87514],[-103.23735,23.87198],[-103.24025,23.87214],[-103.23651,23.87485],[-103.23832,23.87534],[-103.24322,23.88049],[-103.24334,23.88529],[-103.24101,23.88481],[-103.24169,23.88225],[-103.23848,23.87959],[-103.23847,23.88137],[-103.23524,23.87854],[-103.22874,23.87628],[-103.22919,23.8742],[-103.2211,23.86957],[-103.22264,23.86887],[-103.22943,23.87306],[-103.22989,23.87491],[-103.23364,23.87752],[-103.22863,23.87093],[-103.22615,23.87077],[-103.22734,23.86831],[-103.22431,23.86676],[-103.22042,23.86859],[-103.21645,23.86863],[-103.21913,23.87254],[-103.21746,23.87486],[-103.21324,23.87222],[-103.20978,23.87434],[-103.21303,23.87791],[-103.21177,23.87884],[-103.20799,23.87656],[-103.20838,23.8735],[-103.21081,23.87154],[-103.19945,23.86982],[-103.19833,23.86659],[-103.19428,23.86818],[-103.18545,23.86615],[-103.18676,23.86867],[-103.18566,23.87236],[-103.18223,23.87103],[-103.18276,23.87394],[-103.18917,23.874],[-103.19211,23.87617],[-103.18799,23.87725],[-103.18713,23.87987],[-103.18365,23.87723],[-103.18064,23.87819],[-103.17968,23.88806],[-103.17997,23.89377],[-103.18386,23.89777],[-103.18732,23.89963],[-103.18425,23.9029],[-103.18065,23.8996],[-103.18028,23.9023],[-103.18892,23.91129],[-103.19991,23.92354],[-103.19702,23.92589],[-103.20014,23.92631],[-103.20012,23.93852],[-103.20634,23.93739],[-103.20166,23.94064],[-103.20369,23.9427],[-103.20046,23.94974],[-103.19823,23.9494],[-103.194,23.94596],[-103.19187,23.94891],[-103.20262,23.95278],[-103.20162,23.95003],[-103.20458,23.94656],[-103.2075,23.95199],[-103.20949,23.94678],[-103.21007,23.95155],[-103.20787,23.95525],[-103.21168,23.95661],[-103.21143,23.95813],[-103.21574,23.95753],[-103.22164,23.96094],[-103.22136,23.96635],[-103.21962,23.96445],[-103.21276,23.96686],[-103.20861,23.97206],[-103.20034,23.97241],[-103.19544,23.96456],[-103.19875,23.96403],[-103.19879,23.96074],[-103.19361,23.9556],[-103.19957,23.9592],[-103.19903,23.955],[-103.19229,23.95153],[-103.18746,23.95351],[-103.19446,23.96166],[-103.1899,23.96114],[-103.18971,23.95798],[-103.18736,23.95879],[-103.18733,23.96234],[-103.18592,23.96376],[-103.18508,23.96952],[-103.18726,23.97109],[-103.18218,23.97156],[-103.18118,23.97388],[-103.16757,23.97397],[-103.16623,23.97697],[-103.16462,23.97429],[-103.15769,23.97388],[-103.15849,23.97632],[-103.16124,23.97643],[-103.16136,23.98146],[-103.15906,23.98255],[-103.15938,23.98558],[-103.15541,23.98392],[-103.15405,23.98651],[-103.15533,23.98863],[-103.15591,23.99725],[-103.16258,23.9958],[-103.16344,23.99349],[-103.16656,23.99301],[-103.16923,23.99642],[-103.17364,23.9979],[-103.17801,24.00263],[-103.17611,24.0033],[-103.17106,24.00203],[-103.17045,23.99977],[-103.16703,23.99872],[-103.16765,24.0015],[-103.16318,24.00004],[-103.15609,24.00024],[-103.15945,24.00416],[-103.15701,24.00707],[-103.16339,24.00497],[-103.16659,24.00549],[-103.16281,24.00878],[-103.15616,24.00806],[-103.15547,24.01339],[-103.15204,24.01338],[-103.15196,24.01731],[-103.15048,24.01895],[-103.15258,24.02223],[-103.15182,24.02418],[-103.15761,24.02424],[-103.15768,24.02701],[-103.16061,24.02697],[-103.16313,24.02335],[-103.16579,24.02408],[-103.16689,24.02211],[-103.16602,24.01725],[-103.16075,24.01687],[-103.15903,24.01353],[-103.16451,24.01349],[-103.16338,24.01079],[-103.1661,24.01128],[-103.1667,24.00826],[-103.17009,24.00933],[-103.17029,24.01213],[-103.16548,24.01448],[-103.16775,24.01791],[-103.17,24.02519],[-103.17248,24.02454],[-103.17147,24.02215],[-103.17703,24.01947],[-103.17886,24.02375],[-103.18104,24.02462],[-103.17655,24.02581],[-103.17346,24.02528],[-103.17424,24.02791],[-103.16846,24.02895],[-103.17252,24.03096],[-103.17408,24.03448],[-103.16782,24.03325],[-103.16819,24.03861],[-103.17017,24.0409],[-103.16851,24.04321],[-103.17272,24.04539],[-103.1742,24.04826],[-103.17018,24.04833],[-103.16713,24.0559],[-103.16944,24.05615],[-103.16915,24.06072],[-103.16588,24.06461],[-103.17106,24.06901],[-103.16832,24.07393],[-103.17301,24.07408],[-103.17199,24.07171],[-103.17675,24.07088],[-103.17795,24.07761],[-103.18857,24.08113],[-103.18913,24.0838],[-103.18151,24.08577],[-103.17903,24.08782],[-103.18128,24.08978],[-103.17696,24.09315],[-103.1741,24.09293],[-103.17209,24.09625],[-103.17579,24.09491],[-103.17977,24.09592],[-103.17595,24.09959],[-103.17277,24.09945],[-103.17573,24.10703],[-103.17761,24.10699],[-103.17888,24.10204],[-103.18363,24.09792],[-103.18003,24.1106],[-103.17873,24.1099],[-103.17851,24.11066],[-103.17831,24.11146],[-103.1775,24.11482],[-103.17864,24.11703],[-103.18144,24.11715],[-103.18312,24.11785],[-103.18512,24.11781],[-103.18656,24.11782],[-103.19025,24.11791],[-103.18925,24.11985],[-103.18812,24.12217],[-103.1881,24.12392],[-103.18816,24.12408],[-103.18838,24.12471],[-103.19427,24.13032],[-103.19356,24.13117],[-103.1978,24.13117],[-103.20015,24.13592],[-103.20025,24.13611],[-103.20028,24.1383],[-103.20194,24.13988],[-103.20134,24.14384],[-103.20416,24.14287],[-103.20466,24.14274],[-103.20957,24.14302],[-103.20965,24.14315],[-103.21109,24.14534],[-103.21396,24.14643],[-103.21248,24.15061],[-103.21696,24.15193],[-103.22085,24.15598],[-103.22444,24.14604],[-103.2257,24.13897],[-103.22868,24.13781],[-103.23657,24.14586],[-103.23848,24.14776],[-103.23909,24.14989],[-103.23753,24.15099],[-103.23136,24.14873],[-103.23103,24.15442],[-103.23145,24.15529],[-103.23183,24.15533],[-103.23287,24.15479],[-103.23417,24.15412],[-103.23832,24.15364],[-103.24046,24.15691],[-103.24195,24.15717],[-103.24332,24.15971],[-103.24313,24.16114],[-103.24317,24.16202],[-103.24396,24.1613],[-103.24497,24.16369],[-103.24404,24.16504],[-103.24624,24.16781],[-103.24829,24.1693],[-103.24965,24.17502],[-103.25353,24.17756],[-103.25615,24.17435],[-103.26156,24.17054],[-103.26772,24.16858],[-103.26769,24.16345],[-103.26771,24.16266],[-103.2624,24.15891],[-103.26104,24.15611],[-103.25715,24.15422],[-103.25492,24.14963],[-103.25158,24.14854],[-103.24938,24.14604],[-103.25104,24.1409],[-103.25104,24.1384],[-103.248,24.13325],[-103.24722,24.13147],[-103.2479,24.13025],[-103.25052,24.12918],[-103.25854,24.13612],[-103.25596,24.13192],[-103.25438,24.12689],[-103.26021,24.12116],[-103.26104,24.11782],[-103.25946,24.11319],[-103.25255,24.11496],[-103.24709,24.112],[-103.23926,24.11538],[-103.22939,24.11453],[-103.22866,24.11116],[-103.22311,24.11406],[-103.22324,24.11028],[-103.22745,24.10809],[-103.22682,24.10432],[-103.23014,24.10427],[-103.23251,24.10754],[-103.23156,24.10899],[-103.23661,24.10577],[-103.23918,24.10665],[-103.24198,24.10698],[-103.249,24.10336],[-103.25187,24.09943],[-103.24745,24.09291],[-103.2392,24.08741],[-103.23773,24.08446],[-103.23921,24.08303],[-103.24341,24.079],[-103.24504,24.07564],[-103.23967,24.06857],[-103.23881,24.06415],[-103.23834,24.06171],[-103.23433,24.05779],[-103.2344,24.05453],[-103.23106,24.05043],[-103.23023,24.04704],[-103.22597,24.0462],[-103.2139,24.03725],[-103.21223,24.0321],[-103.21876,24.02692],[-103.22621,24.02707],[-103.23761,24.03287],[-103.23792,24.03303],[-103.23875,24.03062]],[[-103.20579,23.98831],[-103.20037,23.98406],[-103.19916,23.97898],[-103.20043,23.9779],[-103.20356,23.98065],[-103.20267,23.98321],[-103.20579,23.98831]],[[-103.19474,23.97021],[-103.1963,23.96983],[-103.19692,23.97544],[-103.19318,23.9702],[-103.19474,23.97021]],[[-103.23316,23.96429],[-103.22602,23.9624],[-103.22598,23.95968],[-103.22253,23.95875],[-103.22767,23.95487],[-103.22859,23.95696],[-103.23242,23.95919],[-103.23155,23.95603],[-103.2368,23.95912],[-103.23971,23.96259],[-103.23863,23.96677],[-103.23316,23.96429]],[[-103.23726,23.95822],[-103.23398,23.95696],[-103.23044,23.95339],[-103.22705,23.95324],[-103.22492,23.95529],[-103.2202,23.95372],[-103.22045,23.95131],[-103.22895,23.9505],[-103.23145,23.95184],[-103.23033,23.9486],[-103.23601,23.94754],[-103.23382,23.95009],[-103.2356,23.9506],[-103.2348,23.95422],[-103.23739,23.95472],[-103.23726,23.95822]],[[-103.20003,23.92348],[-103.20346,23.92085],[-103.20703,23.92171],[-103.20745,23.92478],[-103.20397,23.92351],[-103.20313,23.92639],[-103.20092,23.92657],[-103.20003,23.92348]],[[-103.24483,23.92491],[-103.24351,23.92104],[-103.24974,23.9258],[-103.247,23.92731],[-103.24483,23.92491]],[[-103.21743,23.92435],[-103.21511,23.92215],[-103.21649,23.92007],[-103.22007,23.92099],[-103.2205,23.92366],[-103.21743,23.92435]],[[-103.2256,23.91299],[-103.22019,23.91257],[-103.222,23.91109],[-103.21721,23.91051],[-103.21973,23.90859],[-103.22155,23.91071],[-103.22524,23.91065],[-103.2256,23.91299]],[[-103.26024,23.90258],[-103.25947,23.89834],[-103.26461,23.90082],[-103.26356,23.9026],[-103.26024,23.90258]],[[-103.22942,23.88562],[-103.22555,23.88421],[-103.22864,23.88312],[-103.22942,23.88562]],[[-103.24052,24.13994],[-103.23986,24.13654],[-103.24194,24.13548],[-103.2444,24.13873],[-103.24174,24.13788],[-103.24052,24.13994]],[[-103.24642,24.12676],[-103.24642,24.12032],[-103.24905,24.12488],[-103.24642,24.12676]],[[-103.21104,24.13733],[-103.20684,24.13533],[-103.20992,24.1317],[-103.21374,24.13427],[-103.21104,24.13733]],[[-103.22694,24.13452],[-103.22434,24.13368],[-103.22155,24.13609],[-103.21706,24.13374],[-103.21572,24.13161],[-103.21508,24.13075],[-103.2146,24.12993],[-103.21266,24.12572],[-103.20757,24.12545],[-103.20357,24.12349],[-103.20024,24.12332],[-103.20051,24.11999],[-103.20322,24.12238],[-103.20749,24.12287],[-103.21626,24.11545],[-103.21732,24.11657],[-103.22174,24.11571],[-103.21914,24.12026],[-103.2143,24.12027],[-103.21383,24.12426],[-103.21565,24.12157],[-103.22028,24.12194],[-103.22668,24.12424],[-103.22757,24.12575],[-103.22567,24.12212],[-103.22645,24.12031],[-103.2304,24.12208],[-103.22839,24.11856],[-103.2324,24.11574],[-103.2355,24.11576],[-103.23276,24.12257],[-103.23074,24.12246],[-103.2303,24.12651],[-103.23161,24.12984],[-103.22996,24.1314],[-103.23163,24.13338],[-103.23507,24.13608],[-103.23413,24.13775],[-103.22961,24.13445],[-103.22932,24.13441],[-103.22694,24.13452]],[[-103.18285,24.11482],[-103.18256,24.11443],[-103.18169,24.11313],[-103.18463,24.11075],[-103.18666,24.0984],[-103.18331,24.09685],[-103.18468,24.09334],[-103.18786,24.0958],[-103.18927,24.09171],[-103.19179,24.09023],[-103.1945,24.09234],[-103.19904,24.09095],[-103.20272,24.09583],[-103.20507,24.09314],[-103.20484,24.08912],[-103.20803,24.08676],[-103.2066,24.09462],[-103.20784,24.0965],[-103.20125,24.10364],[-103.1958,24.10454],[-103.18853,24.10855],[-103.19806,24.1132],[-103.19629,24.11446],[-103.19085,24.11368],[-103.19023,24.11182],[-103.18646,24.11592],[-103.18285,24.11482]],[[-103.21032,24.11409],[-103.22176,24.10876],[-103.21942,24.1121],[-103.21636,24.11245],[-103.21136,24.11522],[-103.21032,24.11409]],[[-103.20043,24.11161],[-103.20448,24.11001],[-103.20767,24.10128],[-103.21523,24.09626],[-103.21621,24.09958],[-103.20799,24.10603],[-103.20728,24.10928],[-103.20219,24.11361],[-103.20043,24.11161]],[[-103.22094,24.10289],[-103.22088,24.09974],[-103.22581,24.09928],[-103.22582,24.10188],[-103.21819,24.10564],[-103.21741,24.10301],[-103.22094,24.10289]],[[-103.2087,24.09294],[-103.21202,24.08558],[-103.21517,24.0838],[-103.21523,24.08129],[-103.21907,24.0813],[-103.21902,24.08612],[-103.216,24.08756],[-103.21448,24.09286],[-103.2091,24.09583],[-103.2087,24.09294]],[[-103.22343,24.08613],[-103.22668,24.08658],[-103.2268,24.0885],[-103.22306,24.08846],[-103.22278,24.09199],[-103.22032,24.09194],[-103.22001,24.0885],[-103.22343,24.08613]],[[-103.19156,24.08692],[-103.19398,24.08398],[-103.19056,24.07726],[-103.1946,24.07769],[-103.19481,24.06854],[-103.19975,24.06744],[-103.20053,24.07012],[-103.1977,24.06985],[-103.19738,24.07804],[-103.19814,24.08114],[-103.19433,24.08375],[-103.19634,24.08553],[-103.19156,24.08692]],[[-103.20369,24.08096],[-103.20185,24.07981],[-103.2036,24.07732],[-103.20368,24.07185],[-103.20634,24.07199],[-103.20683,24.06932],[-103.21136,24.06846],[-103.21201,24.07199],[-103.20885,24.07533],[-103.20919,24.07787],[-103.20589,24.08153],[-103.20369,24.08096]],[[-103.21525,24.0707],[-103.21721,24.06643],[-103.21935,24.06644],[-103.21902,24.06969],[-103.21525,24.0707]],[[-103.17246,24.06462],[-103.17366,24.06098],[-103.17523,24.06347],[-103.17796,24.06235],[-103.1749,24.06641],[-103.17246,24.06462]],[[-103.21083,24.06464],[-103.20834,24.0657],[-103.20789,24.06199],[-103.21212,24.05912],[-103.21226,24.06557],[-103.21083,24.06464]],[[-103.20083,24.06325],[-103.19795,24.06156],[-103.19806,24.05893],[-103.20194,24.05922],[-103.20197,24.0528],[-103.20537,24.05197],[-103.20548,24.05639],[-103.20373,24.05861],[-103.20437,24.06128],[-103.20083,24.06325]],[[-103.21071,24.05432],[-103.21054,24.05208],[-103.21298,24.05197],[-103.2154,24.05422],[-103.21807,24.05427],[-103.21768,24.05651],[-103.21522,24.05655],[-103.21529,24.05893],[-103.21282,24.05901],[-103.21071,24.05432]],[[-103.18002,24.05763],[-103.17748,24.05816],[-103.17564,24.05453],[-103.17712,24.05145],[-103.1747,24.05048],[-103.17705,24.04835],[-103.18245,24.05043],[-103.18382,24.04779],[-103.18251,24.04116],[-103.18374,24.03935],[-103.18327,24.03375],[-103.18582,24.03302],[-103.18829,24.03517],[-103.19164,24.03516],[-103.19188,24.03777],[-103.19454,24.03848],[-103.19596,24.04096],[-103.19528,24.04678],[-103.18922,24.04843],[-103.18761,24.05097],[-103.1872,24.05505],[-103.18299,24.05784],[-103.18002,24.05763]],[[-103.20398,24.04521],[-103.20625,24.04149],[-103.20734,24.045],[-103.20398,24.04521]]],[[[-103.14762,23.81984],[-103.1409,23.82122],[-103.14222,23.82307],[-103.13918,23.82424],[-103.13794,23.82136],[-103.13633,23.82116],[-103.13403,23.8214],[-103.12687,23.82525],[-103.12586,23.82591],[-103.12135,23.82888],[-103.12436,23.83081],[-103.1286,23.82801],[-103.13637,23.82739],[-103.13707,23.82734],[-103.13964,23.8265],[-103.14139,23.82575],[-103.14183,23.82555],[-103.14253,23.82525],[-103.14672,23.82447],[-103.14762,23.81984]]],[[[-103.19553,23.79573],[-103.19687,23.7945],[-103.19133,23.79114],[-103.18539,23.79187],[-103.18427,23.79228],[-103.18311,23.79296],[-103.18215,23.79352],[-103.18142,23.79396],[-103.1817,23.79557],[-103.1854,23.79374],[-103.19046,23.79279],[-103.19138,23.79519],[-103.19553,23.79573]]],[[[-103.22327,23.7892],[-103.22257,23.78938],[-103.22238,23.78943],[-103.22022,23.79208],[-103.22462,23.7928],[-103.22866,23.79188],[-103.22327,23.7892]]],[[[-103.25631,23.79789],[-103.25552,23.79626],[-103.25075,23.79414],[-103.249,23.79578],[-103.25422,23.79952],[-103.25631,23.79789]]],[[[-103.26185,23.80418],[-103.26269,23.80346],[-103.25668,23.79866],[-103.25707,23.80125],[-103.26185,23.80418]]],[[[-103.23964,23.80162],[-103.24129,23.801],[-103.24466,23.80328],[-103.24648,23.80266],[-103.24694,23.8025],[-103.25074,23.80429],[-103.25196,23.80511],[-103.25925,23.8064],[-103.26117,23.80476],[-103.25633,23.80302],[-103.25432,23.80429],[-103.25445,23.80151],[-103.25092,23.80091],[-103.2484,23.80251],[-103.24854,23.79985],[-103.24538,23.80002],[-103.24672,23.79732],[-103.24217,23.79246],[-103.24069,23.79259],[-103.24508,23.79695],[-103.24155,23.7964],[-103.2412,23.80035],[-103.23964,23.80162]]],[[[-103.25671,23.87737],[-103.25849,23.87551],[-103.26164,23.87558],[-103.26777,23.87806],[-103.27061,23.878],[-103.27268,23.87403],[-103.26697,23.86694],[-103.26599,23.86196],[-103.26314,23.86126],[-103.25655,23.86383],[-103.25385,23.86303],[-103.25345,23.85717],[-103.24982,23.85578],[-103.25587,23.85602],[-103.25862,23.86061],[-103.2598,23.85938],[-103.25938,23.85809],[-103.2759,23.85675],[-103.28397,23.85509],[-103.28157,23.85279],[-103.24883,23.85446],[-103.24636,23.85319],[-103.24567,23.85319],[-103.24269,23.85473],[-103.23872,23.85269],[-103.23885,23.8549],[-103.24401,23.85688],[-103.24469,23.86002],[-103.23951,23.86035],[-103.24159,23.86591],[-103.24579,23.87035],[-103.24519,23.86497],[-103.24216,23.86307],[-103.24379,23.86158],[-103.24783,23.86323],[-103.24847,23.86041],[-103.25014,23.86246],[-103.25364,23.86318],[-103.25315,23.86599],[-103.24753,23.86604],[-103.248,23.86889],[-103.25076,23.87046],[-103.25175,23.8734],[-103.25671,23.87737]]],[[[-103.08037,23.84476],[-103.08532,23.85121],[-103.08651,23.8446],[-103.08037,23.84476]]],[[[-103.11587,23.85895],[-103.11761,23.85891],[-103.11883,23.85792],[-103.11642,23.85255],[-103.10897,23.85112],[-103.11033,23.85329],[-103.11631,23.8568],[-103.11302,23.85767],[-103.11471,23.85897],[-103.11546,23.85896],[-103.11587,23.85895]]],[[[-103.10524,23.84297],[-103.10231,23.84543],[-103.10875,23.85073],[-103.1192,23.85186],[-103.11921,23.85001],[-103.12361,23.84776],[-103.12475,23.84995],[-103.12787,23.85033],[-103.12148,23.84527],[-103.11491,23.84263],[-103.10524,23.84297]]],[[[-103.12598,23.84745],[-103.12847,23.84537],[-103.12449,23.84345],[-103.12715,23.84198],[-103.12851,23.84514],[-103.13211,23.84272],[-103.13546,23.83826],[-103.12981,23.83607],[-103.13001,23.83937],[-103.1232,23.83896],[-103.12166,23.8417],[-103.11905,23.84148],[-103.12116,23.84396],[-103.12371,23.84429],[-103.12598,23.84745]]],[[[-103.0928,23.83645],[-103.09236,23.83608],[-103.09224,23.83597],[-103.09024,23.83429],[-103.08729,23.83421],[-103.08685,23.83768],[-103.08895,23.83814],[-103.09222,23.84024],[-103.09439,23.84088],[-103.09476,23.83851],[-103.0919,23.83835],[-103.0928,23.83645]]],[[[-103.13554,23.84596],[-103.14053,23.84559],[-103.14011,23.83742],[-103.13745,23.83655],[-103.13519,23.84426],[-103.13554,23.84596]]],[[[-103.17317,23.83262],[-103.17067,23.83224],[-103.16973,23.83265],[-103.16916,23.83499],[-103.17317,23.83262]]],[[[-103.14882,23.82416],[-103.15517,23.82185],[-103.15566,23.82061],[-103.15043,23.8209],[-103.14882,23.82416]]],[[[-103.17676,23.84265],[-103.17931,23.84373],[-103.18273,23.84364],[-103.18297,23.842],[-103.18766,23.84703],[-103.19064,23.8476],[-103.19038,23.84469],[-103.17891,23.83883],[-103.17575,23.84057],[-103.17676,23.84265]]],[[[-103.16557,23.84145],[-103.17077,23.84135],[-103.16666,23.8396],[-103.16557,23.84145]]],[[[-103.19973,23.85184],[-103.19472,23.8473],[-103.19409,23.8485],[-103.19973,23.85184]]],[[[-103.13847,23.8643],[-103.13419,23.86519],[-103.13594,23.86671],[-103.1437,23.86753],[-103.14656,23.87043],[-103.14712,23.8672],[-103.14519,23.86591],[-103.13847,23.8643]]],[[[-103.12009,23.85886],[-103.12933,23.85868],[-103.12987,23.85868],[-103.13021,23.8588],[-103.13116,23.85913],[-103.13589,23.86074],[-103.13347,23.85896],[-103.14102,23.85772],[-103.1326,23.85317],[-103.12842,23.85564],[-103.12452,23.85595],[-103.12009,23.85886]]],[[[-103.19389,23.86468],[-103.19338,23.8629],[-103.18993,23.86317],[-103.19389,23.86468]]],[[[-103.22861,23.79584],[-103.22918,23.79602],[-103.22978,23.79622],[-103.23013,23.79637],[-103.23074,23.79694],[-103.23195,23.79807],[-103.2328,23.79887],[-103.23331,23.79934],[-103.2335,23.79957],[-103.22927,23.8006],[-103.22723,23.8032],[-103.22606,23.80138],[-103.2244,23.80281],[-103.22441,23.80319],[-103.23141,23.80474],[-103.23445,23.80359],[-103.23014,23.80272],[-103.23054,23.80147],[-103.23882,23.7997],[-103.233,23.7956],[-103.22861,23.79584]]],[[[-103.18331,23.80006],[-103.18452,23.8002],[-103.18525,23.79552],[-103.18218,23.79594],[-103.18331,23.80006]]],[[[-103.26601,23.95274],[-103.26685,23.95078],[-103.26401,23.94963],[-103.25438,23.95558],[-103.26601,23.95274]]],[[[-103.28764,23.92314],[-103.28759,23.92098],[-103.28367,23.91963],[-103.28764,23.92314]]],[[[-103.12107,23.82907],[-103.11517,23.83295],[-103.12403,23.83123],[-103.12107,23.82907]]],[[[-103.30433,23.81637],[-103.30515,23.82057],[-103.30935,23.82558],[-103.30686,23.83286],[-103.30588,23.84054],[-103.31007,23.83854],[-103.3113,23.83227],[-103.32318,23.81385],[-103.3255,23.80707],[-103.32348,23.80053],[-103.31858,23.79527],[-103.31541,23.7929],[-103.31644,23.79102],[-103.31889,23.79361],[-103.31947,23.79055],[-103.32312,23.78675],[-103.33114,23.78449],[-103.32902,23.78264],[-103.32391,23.7808],[-103.32696,23.78029],[-103.33242,23.78406],[-103.33576,23.78187],[-103.33939,23.77378],[-103.33908,23.77159],[-103.33697,23.77298],[-103.3357,23.77049],[-103.33882,23.76975],[-103.33828,23.76584],[-103.33277,23.76396],[-103.32032,23.7641],[-103.31547,23.76082],[-103.31141,23.7602],[-103.30685,23.76264],[-103.30682,23.76394],[-103.30765,23.77651],[-103.31348,23.78211],[-103.30861,23.78694],[-103.30624,23.79182],[-103.29743,23.79325],[-103.28852,23.80358],[-103.29752,23.81201],[-103.30285,23.81517],[-103.30117,23.81379],[-103.30424,23.81023],[-103.30464,23.8072],[-103.30305,23.80563],[-103.30919,23.80242],[-103.31121,23.80416],[-103.31306,23.80941],[-103.30433,23.81637]],[[-103.3204,23.78343],[-103.32075,23.78133],[-103.3248,23.78352],[-103.32361,23.78544],[-103.3204,23.78343]]],[[[-101.3763,22.68028],[-101.37802,22.6797],[-101.37697,22.67929],[-101.37617,22.68019],[-101.3763,22.68028]]],[[[-101.32379,22.61339],[-101.32313,22.61325],[-101.32271,22.61805],[-101.32458,22.61968],[-101.32238,22.62082],[-101.31716,22.61072],[-101.31138,22.60866],[-101.30714,22.60932],[-101.30502,22.608],[-101.30503,22.60805],[-101.30505,22.60827],[-101.30591,22.61],[-101.30655,22.60998],[-101.30658,22.61038],[-101.30795,22.61199],[-101.30894,22.61225],[-101.31007,22.61329],[-101.31252,22.61384],[-101.31268,22.61397],[-101.31338,22.61467],[-101.31414,22.61558],[-101.3144,22.61582],[-101.31511,22.61723],[-101.31542,22.6174],[-101.31569,22.61758],[-101.31614,22.6176],[-101.31675,22.61928],[-101.31695,22.61967],[-101.31825,22.62068],[-101.31814,22.62289],[-101.31912,22.62317],[-101.32005,22.62364],[-101.3201,22.62367],[-101.32164,22.6268],[-101.32206,22.62758],[-101.322,22.6285],[-101.32269,22.62849],[-101.32298,22.62848],[-101.32454,22.62848],[-101.32485,22.62951],[-101.32601,22.63007],[-101.32613,22.63076],[-101.32896,22.63231],[-101.3323,22.63088],[-101.33194,22.62495],[-101.33079,22.62156],[-101.32922,22.62349],[-101.32379,22.61339]]],[[[-101.29521,22.58437],[-101.29518,22.58382],[-101.29674,22.58376],[-101.29678,22.58402],[-101.29716,22.58508],[-101.29678,22.58402],[-101.29681,22.58354],[-101.29649,22.58358],[-101.29565,22.58162],[-101.29582,22.58105],[-101.2951,22.58037],[-101.29432,22.58084],[-101.29521,22.58437]]],[[[-101.29252,22.57996],[-101.29334,22.58344],[-101.29497,22.58367],[-101.29252,22.57996]]],[[[-101.29723,22.57752],[-101.29703,22.57428],[-101.29489,22.57199],[-101.29129,22.57475],[-101.29217,22.57847],[-101.29524,22.58011],[-101.29723,22.57752]]],[[[-101.28909,22.5654],[-101.28921,22.56588],[-101.29121,22.56581],[-101.28931,22.5628],[-101.28909,22.5654]]],[[[-101.2878,22.56062],[-101.28844,22.56262],[-101.28838,22.56235],[-101.2878,22.56062]]],[[[-101.29202,22.54419],[-101.29154,22.54568],[-101.29268,22.54766],[-101.29632,22.54877],[-101.29595,22.54641],[-101.29202,22.54419]]],[[[-101.37627,22.41149],[-101.376,22.41363],[-101.38243,22.41158],[-101.37627,22.41149]]],[[[-101.4148,22.31278],[-101.4185,22.31495],[-101.41852,22.315],[-101.42282,22.31926],[-101.42629,22.31464],[-101.41973,22.31504],[-101.41571,22.31101],[-101.4148,22.31278]]],[[[-101.40105,22.26347],[-101.40025,22.2638],[-101.39701,22.26595],[-101.39729,22.26597],[-101.40105,22.26347]]],[[[-101.39174,22.26552],[-101.39214,22.26558],[-101.39651,22.25891],[-101.39397,22.2569],[-101.39174,22.26552]]],[[[-101.3637,22.22433],[-101.35637,22.21898],[-101.35676,22.22178],[-101.36024,22.22632],[-101.3637,22.22433]]],[[[-101.34919,22.21022],[-101.35212,22.21117],[-101.36679,22.21939],[-101.37088,22.22283],[-101.37419,22.2234],[-101.37403,22.21851],[-101.36713,22.21711],[-101.36513,22.21566],[-101.36056,22.21579],[-101.35713,22.21256],[-101.35828,22.2107],[-101.35511,22.21051],[-101.35059,22.20789],[-101.34919,22.21022]]],[[[-101.33211,22.21023],[-101.33192,22.21037],[-101.33223,22.21201],[-101.33234,22.21204],[-101.33264,22.21279],[-101.3363,22.21724],[-101.33997,22.21634],[-101.34341,22.2111],[-101.34567,22.21052],[-101.34132,22.20948],[-101.34193,22.20771],[-101.33533,22.21051],[-101.33211,22.21023]]],[[[-101.33828,22.19952],[-101.33583,22.20201],[-101.33923,22.2032],[-101.33828,22.19952]]],[[[-101.3938,22.13318],[-101.39362,22.13249],[-101.394,22.13047],[-101.3953,22.12898],[-101.39394,22.1283],[-101.39345,22.1189],[-101.39906,22.11792],[-101.40206,22.11628],[-101.40505,22.11091],[-101.41036,22.10669],[-101.4184,22.10647],[-101.42719,22.10889],[-101.43727,22.10945],[-101.44529,22.10786],[-101.4452,22.10566],[-101.43704,22.10786],[-101.42892,22.10755],[-101.41675,22.10321],[-101.41048,22.10453],[-101.41236,22.10167],[-101.41617,22.09282],[-101.41108,22.09224],[-101.40687,22.09342],[-101.40651,22.09672],[-101.40409,22.09618],[-101.40497,22.09167],[-101.41011,22.0908],[-101.41164,22.08616],[-101.41458,22.08794],[-101.41678,22.08676],[-101.41286,22.07789],[-101.41792,22.07408],[-101.42054,22.07544],[-101.42099,22.07246],[-101.41237,22.07343],[-101.40806,22.07001],[-101.40771,22.06556],[-101.40484,22.06593],[-101.40524,22.06372],[-101.40219,22.0572],[-101.39602,22.05746],[-101.39696,22.06113],[-101.39659,22.06975],[-101.39652,22.07147],[-101.39647,22.07259],[-101.39645,22.07321],[-101.39633,22.07601],[-101.39958,22.07347],[-101.39891,22.07775],[-101.4004,22.07874],[-101.39617,22.07971],[-101.3961,22.08134],[-101.39796,22.08142],[-101.39653,22.08972],[-101.39858,22.09543],[-101.40137,22.09568],[-101.40747,22.09898],[-101.39407,22.0951],[-101.39352,22.09681],[-101.39266,22.09949],[-101.39052,22.09942],[-101.38708,22.10231],[-101.38177,22.10367],[-101.37045,22.10551],[-101.36872,22.10889],[-101.37333,22.11649],[-101.37117,22.12069],[-101.37415,22.12075],[-101.3727,22.1234],[-101.37012,22.12408],[-101.3712,22.13166],[-101.37842,22.13478],[-101.37849,22.13827],[-101.37538,22.14092],[-101.37347,22.14254],[-101.36543,22.14939],[-101.36424,22.15288],[-101.36444,22.16291],[-101.36024,22.16932],[-101.35645,22.17265],[-101.35524,22.17371],[-101.35484,22.17407],[-101.35304,22.1781],[-101.35024,22.17951],[-101.35072,22.18222],[-101.35601,22.17801],[-101.35096,22.18436],[-101.35009,22.18238],[-101.34691,22.18233],[-101.33924,22.19192],[-101.3393,22.1946],[-101.34336,22.18896],[-101.34798,22.18523],[-101.34643,22.18798],[-101.34841,22.18907],[-101.35161,22.18571],[-101.35408,22.18689],[-101.35854,22.18409],[-101.36147,22.17688],[-101.36257,22.17872],[-101.36434,22.17469],[-101.36958,22.17188],[-101.36928,22.16932],[-101.36525,22.16834],[-101.36917,22.1653],[-101.37028,22.16238],[-101.37636,22.15849],[-101.38309,22.15536],[-101.38825,22.15608],[-101.38309,22.15714],[-101.38522,22.15852],[-101.39119,22.15967],[-101.39174,22.15729],[-101.39942,22.15363],[-101.401,22.15573],[-101.40464,22.15662],[-101.40926,22.15992],[-101.41557,22.16819],[-101.41823,22.16957],[-101.42261,22.17398],[-101.42598,22.1789],[-101.42834,22.18687],[-101.42653,22.1933],[-101.42848,22.19812],[-101.43428,22.19971],[-101.43855,22.19928],[-101.43559,22.19707],[-101.43184,22.19629],[-101.43184,22.18891],[-101.43556,22.19288],[-101.43529,22.18817],[-101.43741,22.18608],[-101.43118,22.17881],[-101.43006,22.17596],[-101.43314,22.17629],[-101.4349,22.17901],[-101.44353,22.17954],[-101.44026,22.17768],[-101.43935,22.1753],[-101.43569,22.17609],[-101.43135,22.17548],[-101.42684,22.16913],[-101.42427,22.1673],[-101.42903,22.16193],[-101.42195,22.16248],[-101.41847,22.1601],[-101.41756,22.15528],[-101.41518,22.15949],[-101.40907,22.1543],[-101.40865,22.1521],[-101.40145,22.15271],[-101.39974,22.14869],[-101.40413,22.14368],[-101.40596,22.14631],[-101.40968,22.14191],[-101.40914,22.14008],[-101.40645,22.1413],[-101.39083,22.14533],[-101.39424,22.13489],[-101.3938,22.13318]],[[-101.38058,22.15314],[-101.38084,22.14948],[-101.38441,22.14921],[-101.38184,22.15208],[-101.38625,22.15316],[-101.38058,22.15314]]],[[[-101.40529,22.05168],[-101.40511,22.05023],[-101.4051,22.0501],[-101.40494,22.04883],[-101.40471,22.04697],[-101.40454,22.04562],[-101.40915,22.04462],[-101.40805,22.04144],[-101.41584,22.03971],[-101.41411,22.04165],[-101.41651,22.04296],[-101.41757,22.05011],[-101.41446,22.05121],[-101.41397,22.05408],[-101.41181,22.05491],[-101.41157,22.05576],[-101.41135,22.05653],[-101.41103,22.05763],[-101.41543,22.0574],[-101.41792,22.05418],[-101.42667,22.05231],[-101.42894,22.05344],[-101.42821,22.05035],[-101.41988,22.04554],[-101.41968,22.0454],[-101.41906,22.04497],[-101.41891,22.04487],[-101.41852,22.0446],[-101.41815,22.04435],[-101.41815,22.04224],[-101.4182,22.04092],[-101.41827,22.03923],[-101.41827,22.03902],[-101.4176,22.02917],[-101.41147,22.02753],[-101.41144,22.03084],[-101.40885,22.02729],[-101.4036,22.02649],[-101.40268,22.02509],[-101.41086,22.0243],[-101.40946,22.00611],[-101.39681,22.00655],[-101.39157,22.00743],[-101.39083,22.01572],[-101.38509,22.01956],[-101.38275,22.03217],[-101.38677,22.03618],[-101.38774,22.04813],[-101.39563,22.05593],[-101.39536,22.0545],[-101.40128,22.05529],[-101.40067,22.05329],[-101.39211,22.0518],[-101.39389,22.04773],[-101.40007,22.0485],[-101.39963,22.05144],[-101.40529,22.05168]]],[[[-101.44452,22.06799],[-101.44299,22.06793],[-101.44261,22.06791],[-101.44241,22.0679],[-101.44234,22.0679],[-101.44051,22.06768],[-101.4403,22.06746],[-101.43967,22.06678],[-101.43601,22.06678],[-101.43773,22.06469],[-101.43301,22.061],[-101.4337,22.06841],[-101.43583,22.0699],[-101.43399,22.07251],[-101.44905,22.07156],[-101.44709,22.06856],[-101.44452,22.06799]]],[[[-101.40909,22.00208],[-101.40759,21.99926],[-101.41347,21.99832],[-101.41264,21.99753],[-101.40271,21.99781],[-101.40238,21.98323],[-101.41615,21.98524],[-101.41558,21.97993],[-101.41215,21.97568],[-101.41529,21.97618],[-101.41729,21.96993],[-101.40936,21.96976],[-101.41433,21.96895],[-101.41591,21.96654],[-101.41403,21.96178],[-101.41229,21.96483],[-101.41197,21.95973],[-101.41596,21.96089],[-101.41385,21.95427],[-101.41654,21.9544],[-101.41621,21.94858],[-101.41131,21.94806],[-101.40938,21.94663],[-101.40512,21.94864],[-101.4029,21.95609],[-101.40502,21.95671],[-101.40354,21.96124],[-101.40061,21.96003],[-101.40092,21.96082],[-101.40093,21.96086],[-101.39968,21.96378],[-101.39548,21.96805],[-101.39591,21.97378],[-101.3976,21.97627],[-101.39659,21.98116],[-101.39854,21.98303],[-101.39851,21.98463],[-101.39709,21.98599],[-101.39889,21.98832],[-101.39465,21.98833],[-101.39593,21.99126],[-101.39178,21.99399],[-101.39333,21.99814],[-101.40263,21.99781],[-101.40314,22.002],[-101.40909,22.00208]],[[-101.40324,21.97875],[-101.40049,21.97547],[-101.40539,21.97365],[-101.40631,21.97715],[-101.40324,21.97875]]],[[[-101.50002,21.93661],[-101.50035,21.93648],[-101.50338,21.93708],[-101.50147,21.92979],[-101.50465,21.92894],[-101.50981,21.9355],[-101.51784,21.93991],[-101.52182,21.93798],[-101.5271,21.94369],[-101.53246,21.94631],[-101.53665,21.94711],[-101.54229,21.95204],[-101.5398,21.95566],[-101.52814,21.9552],[-101.51901,21.95712],[-101.51438,21.95957],[-101.51152,21.95108],[-101.51168,21.94687],[-101.50502,21.94217],[-101.50561,21.94662],[-101.50889,21.94604],[-101.51059,21.94885],[-101.50834,21.9498],[-101.51329,21.96009],[-101.51587,21.96438],[-101.51183,21.96487],[-101.50661,21.96801],[-101.49991,21.96669],[-101.49707,21.96751],[-101.49887,21.97271],[-101.50134,21.97504],[-101.50477,21.97495],[-101.50619,21.97128],[-101.50896,21.97094],[-101.5105,21.96761],[-101.51221,21.97237],[-101.51117,21.97402],[-101.51367,21.97543],[-101.51471,21.98318],[-101.51147,21.9836],[-101.50969,21.98165],[-101.50879,21.98537],[-101.50983,21.98861],[-101.50238,21.98879],[-101.50201,21.99001],[-101.51068,21.99361],[-101.51147,21.99599],[-101.50848,21.99721],[-101.50769,21.99959],[-101.51037,22.00039],[-101.51398,21.9988],[-101.51453,21.99679],[-101.51709,21.99819],[-101.51709,22.00082],[-101.5202,22.00442],[-101.52667,22.00619],[-101.52789,22.001],[-101.53369,21.9952],[-101.53509,21.99837],[-101.54085,22.00352],[-101.54222,22.00222],[-101.54372,22.00491],[-101.54278,22.00722],[-101.53282,22.00696],[-101.53546,22.01278],[-101.54004,22.01214],[-101.54247,22.00965],[-101.54709,22.00878],[-101.55029,22.00942],[-101.54723,22.01313],[-101.5505,22.01689],[-101.54574,22.01865],[-101.54249,22.0186],[-101.54364,22.02152],[-101.55389,22.01748],[-101.55669,22.01342],[-101.55469,22.00918],[-101.55859,22.00838],[-101.5639,22.00899],[-101.56106,22.00738],[-101.57325,22.0078],[-101.56952,22.01011],[-101.56689,22.00979],[-101.5672,22.01418],[-101.56909,22.0154],[-101.57037,22.01038],[-101.5744,22.01101],[-101.57483,22.00619],[-101.5769,22.00442],[-101.5838,22.00643],[-101.5838,22.00417],[-101.5871,21.99978],[-101.58948,21.99923],[-101.58722,21.98818],[-101.5885,21.97921],[-101.58964,21.97725],[-101.58424,21.97997],[-101.5831,21.98347],[-101.58492,21.98717],[-101.57899,21.988],[-101.57911,21.99376],[-101.57735,21.99874],[-101.57392,21.99698],[-101.57078,21.99371],[-101.56481,21.99776],[-101.56158,21.99122],[-101.55911,21.99127],[-101.55533,21.9884],[-101.55284,21.99458],[-101.54997,21.98527],[-101.5521,21.97695],[-101.54975,21.97349],[-101.54095,21.97709],[-101.53997,21.97202],[-101.54328,21.96749],[-101.53688,21.97079],[-101.53581,21.96934],[-101.54493,21.96258],[-101.55214,21.96544],[-101.55411,21.96044],[-101.56038,21.9574],[-101.56513,21.95015],[-101.56491,21.93932],[-101.55829,21.93705],[-101.56035,21.93306],[-101.56619,21.92582],[-101.56397,21.92369],[-101.55698,21.92383],[-101.5508,21.92882],[-101.54426,21.92973],[-101.53935,21.93346],[-101.53707,21.93693],[-101.5334,21.93879],[-101.53248,21.9313],[-101.52998,21.92047],[-101.52894,21.91845],[-101.52393,21.91682],[-101.52104,21.91831],[-101.52498,21.9221],[-101.52803,21.93205],[-101.52652,21.93463],[-101.52109,21.93277],[-101.51658,21.93546],[-101.51666,21.93127],[-101.51468,21.92936],[-101.51,21.93034],[-101.51373,21.92309],[-101.51498,21.91798],[-101.51999,21.91216],[-101.52297,21.90762],[-101.52058,21.90532],[-101.52267,21.89801],[-101.52825,21.90382],[-101.53082,21.90465],[-101.53163,21.90717],[-101.53709,21.91041],[-101.54918,21.91132],[-101.55428,21.90443],[-101.56233,21.8967],[-101.56411,21.88989],[-101.56076,21.88438],[-101.55993,21.88301],[-101.55942,21.88216],[-101.55934,21.88204],[-101.55926,21.88036],[-101.55967,21.87997],[-101.56111,21.87968],[-101.56329,21.87972],[-101.56406,21.86537],[-101.56239,21.87365],[-101.56311,21.87661],[-101.54901,21.87783],[-101.54809,21.8724],[-101.54541,21.87221],[-101.54669,21.87801],[-101.53838,21.87884],[-101.53424,21.87738],[-101.53246,21.8792],[-101.53064,21.87547],[-101.52891,21.87847],[-101.53158,21.88012],[-101.52654,21.88409],[-101.52274,21.88278],[-101.51756,21.88338],[-101.52038,21.88132],[-101.51611,21.87912],[-101.51921,21.87859],[-101.52081,21.8811],[-101.52281,21.88024],[-101.5202,21.87309],[-101.52164,21.87416],[-101.52791,21.86945],[-101.526,21.86483],[-101.52942,21.86397],[-101.531,21.855],[-101.53782,21.85342],[-101.53324,21.84657],[-101.5307,21.84766],[-101.53151,21.8444],[-101.53088,21.84017],[-101.52667,21.84157],[-101.52698,21.84359],[-101.52118,21.84701],[-101.51831,21.83938],[-101.51581,21.84103],[-101.51269,21.83797],[-101.51691,21.83523],[-101.5163,21.83022],[-101.52282,21.83092],[-101.52411,21.82859],[-101.52972,21.82961],[-101.5321,21.82741],[-101.5329,21.83059],[-101.5372,21.82979],[-101.54179,21.83443],[-101.53994,21.83566],[-101.5412,21.83779],[-101.54823,21.83409],[-101.53906,21.81473],[-101.53631,21.81551],[-101.53609,21.82144],[-101.53243,21.81672],[-101.53471,21.81709],[-101.53079,21.80938],[-101.52792,21.80918],[-101.52771,21.80939],[-101.52758,21.80965],[-101.52757,21.81029],[-101.52991,21.81315],[-101.52202,21.81809],[-101.51976,21.81298],[-101.51782,21.81476],[-101.51046,21.79912],[-101.51046,21.79911],[-101.49635,21.80999],[-101.49877,21.81672],[-101.50363,21.83003],[-101.4862,21.84169],[-101.4869,21.84793],[-101.48706,21.8484],[-101.48791,21.8524],[-101.48818,21.85343],[-101.48363,21.85638],[-101.48421,21.85814],[-101.48041,21.85926],[-101.48318,21.86766],[-101.48029,21.86829],[-101.47643,21.86919],[-101.4758,21.86937],[-101.47083,21.87059],[-101.46888,21.87085],[-101.46947,21.87533],[-101.47145,21.87928],[-101.47681,21.88381],[-101.47668,21.88637],[-101.4801,21.88778],[-101.48043,21.88952],[-101.47103,21.89068],[-101.46869,21.89541],[-101.47102,21.89998],[-101.46627,21.90209],[-101.46686,21.90603],[-101.46435,21.90312],[-101.463,21.89799],[-101.45888,21.89918],[-101.45926,21.89492],[-101.46465,21.89404],[-101.46558,21.88802],[-101.46832,21.8868],[-101.47027,21.88802],[-101.46741,21.8818],[-101.46582,21.88046],[-101.46345,21.88129],[-101.45928,21.88276],[-101.45647,21.88373],[-101.45633,21.88376],[-101.4562,21.88378],[-101.45271,21.88509],[-101.44556,21.88982],[-101.44548,21.88988],[-101.44534,21.89],[-101.44122,21.89265],[-101.44201,21.89552],[-101.44485,21.90235],[-101.44498,21.90264],[-101.44639,21.90626],[-101.44011,21.91027],[-101.4346,21.89707],[-101.42735,21.90177],[-101.42331,21.9035],[-101.42058,21.90448],[-101.42051,21.9045],[-101.42052,21.9045],[-101.42227,21.90477],[-101.4223,21.90682],[-101.42363,21.91137],[-101.42653,21.90887],[-101.42289,21.90848],[-101.42466,21.90698],[-101.42727,21.90738],[-101.43335,21.90632],[-101.43476,21.90337],[-101.43709,21.9092],[-101.43269,21.91151],[-101.42718,21.90981],[-101.4295,21.91299],[-101.42525,21.91361],[-101.42225,21.91237],[-101.42406,21.91595],[-101.42682,21.91561],[-101.42572,21.92098],[-101.42917,21.92062],[-101.42994,21.92308],[-101.43327,21.92445],[-101.43604,21.92035],[-101.4372,21.92304],[-101.43366,21.92506],[-101.43228,21.92957],[-101.43025,21.9322],[-101.43038,21.9323],[-101.43462,21.92779],[-101.43693,21.93031],[-101.4403,21.93028],[-101.44348,21.93801],[-101.44545,21.93882],[-101.4483,21.94336],[-101.45387,21.94371],[-101.45424,21.93931],[-101.45732,21.94086],[-101.45719,21.94447],[-101.46177,21.94461],[-101.46263,21.94823],[-101.46542,21.95044],[-101.46472,21.94752],[-101.46679,21.94425],[-101.46563,21.94125],[-101.46894,21.93807],[-101.47215,21.94093],[-101.47336,21.94449],[-101.47488,21.94243],[-101.47155,21.9374],[-101.47261,21.93508],[-101.47457,21.9372],[-101.47963,21.93452],[-101.48226,21.93523],[-101.48962,21.93441],[-101.49043,21.93818],[-101.49278,21.93955],[-101.50002,21.93661]],[[-101.47724,21.9096],[-101.4762,21.9071],[-101.47357,21.90772],[-101.46997,21.90139],[-101.48096,21.89921],[-101.48096,21.89707],[-101.49281,21.89805],[-101.48931,21.89917],[-101.49081,21.90379],[-101.49086,21.90809],[-101.48961,21.90688],[-101.47724,21.9096]],[[-101.45468,21.90105],[-101.45325,21.89869],[-101.4513,21.89995],[-101.44841,21.89314],[-101.44967,21.89178],[-101.45404,21.89132],[-101.45711,21.89916],[-101.45468,21.90105]],[[-101.49474,21.92615],[-101.49542,21.9234],[-101.49743,21.92478],[-101.49611,21.9279],[-101.49474,21.92615]],[[-101.46254,21.92287],[-101.45238,21.91467],[-101.44254,21.91798],[-101.43738,21.92214],[-101.43762,21.91852],[-101.44471,21.91445],[-101.44713,21.91007],[-101.45088,21.91048],[-101.45715,21.91283],[-101.46469,21.91907],[-101.46918,21.92779],[-101.46718,21.93713],[-101.46497,21.93544],[-101.46512,21.92819],[-101.46254,21.92287]],[[-101.50161,21.9044],[-101.50291,21.89842],[-101.5059,21.89965],[-101.50482,21.90796],[-101.50177,21.90642],[-101.50161,21.9044]],[[-101.50763,21.8888],[-101.50874,21.88426],[-101.51225,21.88617],[-101.51408,21.88898],[-101.51207,21.89373],[-101.50763,21.8888]]],[[[-101.59752,21.92784],[-101.59734,21.92699],[-101.5954,21.92599],[-101.59581,21.9219],[-101.59222,21.92123],[-101.5918,21.91504],[-101.58409,21.91464],[-101.58416,21.91819],[-101.58075,21.92381],[-101.58151,21.93267],[-101.58244,21.93631],[-101.57736,21.94212],[-101.57749,21.94847],[-101.58071,21.95787],[-101.58917,21.9576],[-101.58929,21.96139],[-101.59088,21.96322],[-101.59198,21.96078],[-101.59058,21.95791],[-101.59257,21.95776],[-101.59362,21.9504],[-101.5885,21.95107],[-101.5885,21.94972],[-101.59275,21.94892],[-101.59212,21.94594],[-101.58849,21.9448],[-101.58832,21.93081],[-101.59161,21.9316],[-101.59752,21.92784]]],[[[-101.61989,21.92085],[-101.61976,21.92243],[-101.61929,21.9238],[-101.61856,21.92518],[-101.62101,21.92357],[-101.62491,21.92474],[-101.6258,21.92263],[-101.62882,21.92576],[-101.63262,21.91826],[-101.62891,21.92122],[-101.6227,21.91935],[-101.61989,21.92085]]],[[[-101.58601,22.25228],[-101.58619,22.25577],[-101.58953,22.25406],[-101.58674,22.24927],[-101.58685,22.24417],[-101.58573,22.24693],[-101.58596,22.25134],[-101.58601,22.25228]]],[[[-101.6166,22.35186],[-101.61899,22.35651],[-101.62068,22.34925],[-101.61806,22.34884],[-101.6166,22.35186]]],[[[-101.63905,22.53563],[-101.64181,22.53074],[-101.63878,22.53073],[-101.64359,22.52535],[-101.63974,22.52705],[-101.63771,22.52386],[-101.63472,22.52502],[-101.63565,22.52884],[-101.63162,22.53118],[-101.62893,22.53064],[-101.63095,22.52471],[-101.63435,22.52437],[-101.64068,22.52107],[-101.63874,22.51578],[-101.63543,22.51315],[-101.63504,22.50992],[-101.64302,22.51588],[-101.64443,22.51504],[-101.64461,22.50848],[-101.64236,22.50761],[-101.64077,22.50292],[-101.64495,22.49988],[-101.63835,22.50221],[-101.63748,22.4999],[-101.64294,22.49698],[-101.64709,22.49798],[-101.64495,22.49511],[-101.64149,22.49406],[-101.63594,22.49561],[-101.63618,22.49372],[-101.63135,22.49586],[-101.62907,22.49436],[-101.62441,22.49786],[-101.62509,22.50318],[-101.6186,22.50447],[-101.61671,22.50577],[-101.60665,22.50946],[-101.60463,22.51465],[-101.60665,22.51941],[-101.62012,22.51336],[-101.62275,22.52591],[-101.62048,22.534],[-101.6215,22.53808],[-101.63268,22.53803],[-101.63287,22.53926],[-101.63905,22.53563]]],[[[-101.60723,22.57946],[-101.60885,22.57489],[-101.61887,22.56982],[-101.61514,22.57045],[-101.60835,22.57494],[-101.60723,22.57946]]],[[[-101.5981,22.58605],[-101.60625,22.58115],[-101.607,22.58011],[-101.60363,22.58269],[-101.60158,22.58128],[-101.60505,22.5803],[-101.60706,22.57576],[-101.59958,22.5782],[-101.59278,22.5846],[-101.59668,22.58406],[-101.60064,22.58167],[-101.5981,22.58605]]],[[[-101.58409,22.58909],[-101.59035,22.58851],[-101.57886,22.58662],[-101.577,22.58561],[-101.56747,22.58601],[-101.56633,22.58876],[-101.56427,22.5849],[-101.56113,22.58266],[-101.55717,22.58187],[-101.55261,22.58242],[-101.55171,22.58095],[-101.54753,22.58062],[-101.5473,22.58559],[-101.5457,22.5888],[-101.54164,22.59072],[-101.52318,22.58591],[-101.52386,22.58744],[-101.53149,22.59182],[-101.53198,22.59841],[-101.53458,22.59812],[-101.53112,22.60102],[-101.53657,22.60449],[-101.5404,22.60444],[-101.54282,22.60175],[-101.5498,22.5992],[-101.552,22.59579],[-101.54761,22.59243],[-101.55762,22.59298],[-101.55597,22.59603],[-101.56329,22.5942],[-101.56598,22.59078],[-101.56927,22.59017],[-101.57058,22.5877],[-101.57994,22.58792],[-101.58409,22.58909]]],[[[-101.5724,22.6374],[-101.57245,22.63717],[-101.57127,22.6349],[-101.56682,22.637],[-101.56673,22.63565],[-101.55856,22.63949],[-101.55499,22.64012],[-101.55372,22.64481],[-101.56174,22.63971],[-101.56514,22.63979],[-101.5724,22.6374]]],[[[-101.55436,22.66506],[-101.55219,22.66354],[-101.55198,22.66077],[-101.54997,22.66236],[-101.54925,22.66664],[-101.54533,22.66731],[-101.5424,22.67062],[-101.54074,22.66871],[-101.54091,22.67309],[-101.54176,22.67307],[-101.55436,22.66506]]],[[[-101.49007,22.74293],[-101.48932,22.74054],[-101.48832,22.74304],[-101.49007,22.74293]]],[[[-101.48702,22.74311],[-101.48695,22.74224],[-101.48091,22.74308],[-101.48093,22.74348],[-101.48702,22.74311]]],[[[-101.45551,22.69723],[-101.45926,22.6982],[-101.46096,22.70079],[-101.4593,22.69673],[-101.45551,22.69723]]],[[[-101.4832,22.73481],[-101.48749,22.7345],[-101.48591,22.73162],[-101.48252,22.73183],[-101.4832,22.73481]]],[[[-101.41263,22.66689],[-101.41972,22.66529],[-101.42162,22.66365],[-101.42256,22.66284],[-101.42368,22.66188],[-101.42662,22.65934],[-101.42935,22.65901],[-101.43237,22.65666],[-101.43522,22.65829],[-101.43774,22.65847],[-101.4381,22.6544],[-101.44224,22.65203],[-101.44525,22.65291],[-101.45047,22.65656],[-101.45317,22.65479],[-101.45307,22.65062],[-101.45017,22.64951],[-101.45012,22.64625],[-101.45678,22.64426],[-101.45508,22.64283],[-101.45903,22.64197],[-101.45492,22.64004],[-101.45381,22.64164],[-101.45157,22.63864],[-101.45237,22.63681],[-101.44903,22.63407],[-101.44502,22.62845],[-101.44684,22.62739],[-101.44464,22.62431],[-101.44803,22.62255],[-101.44618,22.61676],[-101.44291,22.61439],[-101.44533,22.6146],[-101.44881,22.6191],[-101.44853,22.62275],[-101.44716,22.6245],[-101.44801,22.62738],[-101.45015,22.62673],[-101.45324,22.63121],[-101.45272,22.63667],[-101.45875,22.63301],[-101.45676,22.63534],[-101.45847,22.63693],[-101.46081,22.63461],[-101.46427,22.63757],[-101.46712,22.63369],[-101.46211,22.63028],[-101.46031,22.63132],[-101.45933,22.62832],[-101.46171,22.62622],[-101.46393,22.62723],[-101.46495,22.62422],[-101.46688,22.62593],[-101.46847,22.62064],[-101.46752,22.61766],[-101.46496,22.61883],[-101.46763,22.60986],[-101.46987,22.60695],[-101.46729,22.60702],[-101.46461,22.60375],[-101.4648,22.60648],[-101.46262,22.60671],[-101.46212,22.6016],[-101.46604,22.60161],[-101.46944,22.59546],[-101.46881,22.59397],[-101.45664,22.59956],[-101.45477,22.59814],[-101.44909,22.59923],[-101.44809,22.60049],[-101.44826,22.60602],[-101.44573,22.60047],[-101.44486,22.60091],[-101.44756,22.6063],[-101.44369,22.60148],[-101.44373,22.60631],[-101.44631,22.61078],[-101.44866,22.61131],[-101.44993,22.60874],[-101.45404,22.61284],[-101.45891,22.61443],[-101.4559,22.61756],[-101.45165,22.61085],[-101.44723,22.61351],[-101.44434,22.61036],[-101.44311,22.60438],[-101.44036,22.60613],[-101.43945,22.60892],[-101.44276,22.61845],[-101.44299,22.62412],[-101.44111,22.62066],[-101.43961,22.62743],[-101.43749,22.62724],[-101.43645,22.6235],[-101.43772,22.6213],[-101.44047,22.62214],[-101.44162,22.61893],[-101.44027,22.614],[-101.43859,22.61367],[-101.43785,22.61753],[-101.43586,22.62001],[-101.43745,22.61097],[-101.43542,22.61722],[-101.43019,22.6293],[-101.4303,22.63171],[-101.43455,22.6274],[-101.4334,22.63319],[-101.4358,22.63403],[-101.43554,22.63646],[-101.4321,22.63335],[-101.43023,22.63657],[-101.43134,22.63874],[-101.42698,22.64036],[-101.42441,22.64367],[-101.42919,22.64038],[-101.43097,22.64102],[-101.42534,22.64517],[-101.42303,22.64525],[-101.42364,22.64959],[-101.41818,22.64518],[-101.41259,22.6533],[-101.41015,22.65532],[-101.41827,22.6588],[-101.41656,22.66165],[-101.41206,22.65912],[-101.41016,22.66158],[-101.40021,22.67],[-101.39788,22.66805],[-101.39298,22.67241],[-101.39331,22.67465],[-101.39409,22.67485],[-101.40602,22.66761],[-101.41164,22.667],[-101.41263,22.66689]]],[[[-101.52011,22.67414],[-101.52282,22.67753],[-101.52579,22.67579],[-101.52011,22.67414]]],[[[-101.54416,22.64791],[-101.54442,22.64105],[-101.54444,22.64044],[-101.54455,22.6378],[-101.54811,22.63893],[-101.54813,22.63963],[-101.54879,22.6383],[-101.54727,22.63729],[-101.54481,22.63731],[-101.54334,22.63805],[-101.5417,22.6318],[-101.54128,22.64054],[-101.54185,22.64568],[-101.5375,22.65187],[-101.53945,22.6563],[-101.54238,22.65141],[-101.54416,22.64791]]],[[[-101.54816,22.64034],[-101.54825,22.64259],[-101.54872,22.64104],[-101.55991,22.63628],[-101.55923,22.63461],[-101.54816,22.64034]]],[[[-101.53284,22.66768],[-101.53832,22.65988],[-101.53916,22.65722],[-101.53666,22.65699],[-101.53508,22.66225],[-101.53316,22.66416],[-101.53284,22.66768]]],[[[-101.53231,22.67111],[-101.53273,22.66782],[-101.52931,22.66747],[-101.53231,22.67111]]],[[[-101.47792,22.64833],[-101.486,22.65233],[-101.48581,22.65092],[-101.47742,22.64268],[-101.47493,22.64351],[-101.47369,22.64687],[-101.47792,22.64833]]],[[[-101.38823,22.67076],[-101.38952,22.67088],[-101.39379,22.67031],[-101.39046,22.66758],[-101.38688,22.6696],[-101.38823,22.67076]]],[[[-101.32826,22.63714],[-101.32908,22.63786],[-101.33466,22.64003],[-101.33676,22.64281],[-101.33854,22.6424],[-101.33964,22.64081],[-101.33656,22.63644],[-101.33598,22.63914],[-101.33259,22.63681],[-101.33459,22.6342],[-101.33167,22.63297],[-101.32826,22.63714]]],[[[-101.42466,22.63787],[-101.424,22.63839],[-101.42092,22.64184],[-101.42237,22.64318],[-101.43091,22.633],[-101.42897,22.63211],[-101.4258,22.63646],[-101.42466,22.63787]]],[[[-101.30497,22.60321],[-101.30477,22.60086],[-101.30105,22.59788],[-101.30497,22.60321]]],[[[-101.45493,22.59126],[-101.45624,22.59277],[-101.46027,22.58595],[-101.4654,22.58186],[-101.46904,22.57712],[-101.46763,22.57377],[-101.46541,22.57619],[-101.46715,22.57895],[-101.46453,22.57816],[-101.4608,22.58144],[-101.46088,22.58309],[-101.45714,22.58235],[-101.45851,22.58638],[-101.45689,22.59127],[-101.45493,22.59126]]],[[[-101.41224,22.5814],[-101.41506,22.5824],[-101.41658,22.58363],[-101.42105,22.58674],[-101.42181,22.58446],[-101.4151,22.58168],[-101.41288,22.5784],[-101.41224,22.5814]]],[[[-101.47356,22.58689],[-101.47696,22.58582],[-101.47769,22.5833],[-101.48368,22.58457],[-101.48437,22.5829],[-101.47928,22.58036],[-101.48339,22.58065],[-101.48654,22.58331],[-101.49487,22.58335],[-101.49619,22.57892],[-101.49855,22.58114],[-101.49824,22.58412],[-101.50991,22.58602],[-101.51177,22.58501],[-101.50712,22.58213],[-101.50935,22.5796],[-101.51304,22.58034],[-101.51136,22.57633],[-101.51319,22.57528],[-101.51356,22.57804],[-101.51747,22.57798],[-101.52136,22.57344],[-101.51763,22.57322],[-101.51774,22.5691],[-101.51387,22.56722],[-101.5124,22.56962],[-101.50627,22.56874],[-101.50767,22.56658],[-101.5113,22.56817],[-101.51203,22.56648],[-101.50722,22.56418],[-101.50428,22.56447],[-101.5074,22.56046],[-101.50932,22.56258],[-101.51113,22.56163],[-101.50579,22.55638],[-101.50057,22.55995],[-101.49731,22.55766],[-101.49599,22.55973],[-101.49792,22.56245],[-101.49788,22.56657],[-101.49587,22.56556],[-101.49649,22.56183],[-101.49025,22.55942],[-101.48945,22.56269],[-101.48679,22.56565],[-101.48731,22.5686],[-101.48124,22.5721],[-101.48451,22.56641],[-101.47893,22.56578],[-101.47883,22.56038],[-101.47693,22.56004],[-101.47269,22.56542],[-101.47094,22.566],[-101.46715,22.57071],[-101.47116,22.57165],[-101.46924,22.5753],[-101.47121,22.57453],[-101.47404,22.5782],[-101.47327,22.57966],[-101.47693,22.58007],[-101.47881,22.57667],[-101.47697,22.57454],[-101.48058,22.57343],[-101.48069,22.57567],[-101.47756,22.58323],[-101.47603,22.58252],[-101.47356,22.58689]],[[-101.49031,22.57985],[-101.48901,22.57768],[-101.48322,22.57627],[-101.48728,22.57562],[-101.48881,22.57711],[-101.49533,22.57875],[-101.49031,22.57985]],[[-101.4901,22.57391],[-101.49344,22.56947],[-101.49643,22.57112],[-101.49488,22.5741],[-101.4901,22.57391]]],[[[-101.46012,22.59218],[-101.46254,22.5905],[-101.46649,22.59039],[-101.46765,22.58468],[-101.46882,22.58605],[-101.47132,22.58056],[-101.4694,22.57729],[-101.46717,22.58065],[-101.46147,22.58574],[-101.45862,22.59047],[-101.46012,22.59218]]],[[[-101.5183,22.58717],[-101.52004,22.58555],[-101.51541,22.58467],[-101.5183,22.58717]]],[[[-101.526,22.5863],[-101.53257,22.58793],[-101.52997,22.58539],[-101.52606,22.58442],[-101.526,22.5863]]],[[[-101.53998,22.61171],[-101.53822,22.61185],[-101.53505,22.60888],[-101.52889,22.60079],[-101.52552,22.59286],[-101.52339,22.59387],[-101.52812,22.60084],[-101.53651,22.61162],[-101.54087,22.61352],[-101.53998,22.61171]]],[[[-101.53802,22.61044],[-101.54007,22.6098],[-101.53906,22.60741],[-101.5353,22.60793],[-101.53802,22.61044]]],[[[-101.47262,22.61336],[-101.47547,22.6131],[-101.47334,22.61007],[-101.47042,22.61224],[-101.47262,22.61336]]],[[[-101.47472,22.6062],[-101.47373,22.61003],[-101.47961,22.61044],[-101.47695,22.60547],[-101.47882,22.6035],[-101.47166,22.60212],[-101.47128,22.60516],[-101.47472,22.6062]]],[[[-101.46529,22.59408],[-101.46667,22.59314],[-101.4643,22.59087],[-101.46202,22.59208],[-101.46529,22.59408]]],[[[-101.46158,22.59614],[-101.46519,22.59464],[-101.46219,22.59375],[-101.46158,22.59614]]],[[[-101.45822,22.59585],[-101.45721,22.59872],[-101.46026,22.59714],[-101.45822,22.59585]]],[[[-101.45069,22.59866],[-101.45589,22.59722],[-101.45657,22.59484],[-101.45113,22.59673],[-101.45069,22.59866]]],[[[-101.44499,22.59827],[-101.44783,22.59593],[-101.44481,22.59569],[-101.44499,22.59827]]],[[[-101.54395,22.60587],[-101.54592,22.60281],[-101.54248,22.60377],[-101.54395,22.60587]]],[[[-101.46566,22.56508],[-101.47203,22.56359],[-101.47523,22.55641],[-101.47599,22.55985],[-101.47925,22.55805],[-101.47631,22.55681],[-101.47778,22.55557],[-101.48004,22.54952],[-101.48296,22.54594],[-101.48275,22.54303],[-101.48406,22.54034],[-101.48257,22.53703],[-101.486,22.53378],[-101.48594,22.53063],[-101.4818,22.53034],[-101.47952,22.52753],[-101.47951,22.53548],[-101.48033,22.53867],[-101.47802,22.53971],[-101.47741,22.5366],[-101.47641,22.5413],[-101.47404,22.54342],[-101.47106,22.55109],[-101.46899,22.5505],[-101.46924,22.5558],[-101.46604,22.55588],[-101.46449,22.56295],[-101.463,22.56097],[-101.46191,22.56392],[-101.46566,22.56508]]],[[[-101.43929,22.55603],[-101.44233,22.55393],[-101.4406,22.55286],[-101.4432,22.5451],[-101.44086,22.54415],[-101.43914,22.54935],[-101.43471,22.54883],[-101.43574,22.55489],[-101.43929,22.55603]]],[[[-101.30141,22.55069],[-101.30241,22.55248],[-101.3066,22.54938],[-101.30652,22.54759],[-101.30141,22.55069]]],[[[-101.30721,22.54205],[-101.30633,22.54474],[-101.30901,22.54595],[-101.30995,22.5441],[-101.30721,22.54205]]],[[[-101.31948,22.54567],[-101.3276,22.54602],[-101.32149,22.54385],[-101.32031,22.54097],[-101.31391,22.54029],[-101.31267,22.54266],[-101.31647,22.54553],[-101.31948,22.54567]]],[[[-101.31561,22.54741],[-101.31739,22.54615],[-101.31171,22.54285],[-101.31061,22.54628],[-101.31561,22.54741]]],[[[-101.33205,22.54984],[-101.33307,22.55054],[-101.33402,22.54783],[-101.33024,22.54648],[-101.33205,22.54984]]],[[[-101.36623,22.55023],[-101.36739,22.54944],[-101.36511,22.54532],[-101.36291,22.54628],[-101.36623,22.55023]]],[[[-101.33492,22.54355],[-101.33506,22.54545],[-101.33834,22.54522],[-101.33822,22.54083],[-101.33492,22.54355]]],[[[-101.33357,22.54326],[-101.3349,22.54309],[-101.34168,22.53612],[-101.3392,22.53418],[-101.33289,22.53917],[-101.33357,22.54326]]],[[[-101.33063,22.53764],[-101.32988,22.53972],[-101.3339,22.53818],[-101.33063,22.53764]]],[[[-101.33524,22.536],[-101.3343,22.53767],[-101.34147,22.53219],[-101.34015,22.53085],[-101.33213,22.53642],[-101.33524,22.536]]],[[[-101.33702,22.53003],[-101.33749,22.53173],[-101.34244,22.52851],[-101.3423,22.52664],[-101.33754,22.5271],[-101.33702,22.53003]]],[[[-101.33406,22.52807],[-101.33667,22.53037],[-101.33712,22.52709],[-101.33406,22.52807]]],[[[-101.33167,22.52392],[-101.33434,22.52568],[-101.33454,22.52362],[-101.33167,22.52392]]],[[[-101.31989,22.5228],[-101.32192,22.5207],[-101.31914,22.52092],[-101.32169,22.51832],[-101.31127,22.51584],[-101.31154,22.51799],[-101.31441,22.51843],[-101.31565,22.52151],[-101.31989,22.5228]]],[[[-101.30726,22.5177],[-101.30993,22.51592],[-101.30579,22.51606],[-101.30726,22.5177]]],[[[-101.33946,22.52329],[-101.34033,22.52032],[-101.34474,22.52019],[-101.34782,22.5156],[-101.34224,22.51202],[-101.34222,22.50561],[-101.33886,22.50259],[-101.33972,22.49992],[-101.33003,22.50115],[-101.32909,22.50631],[-101.33261,22.50715],[-101.33183,22.50455],[-101.33571,22.50541],[-101.33365,22.50766],[-101.32805,22.50699],[-101.32724,22.51216],[-101.33347,22.51286],[-101.33627,22.51204],[-101.33528,22.51641],[-101.33207,22.51717],[-101.32728,22.51604],[-101.32499,22.51396],[-101.3254,22.51863],[-101.33007,22.51969],[-101.33165,22.5225],[-101.33946,22.52329]]],[[[-101.33495,22.52541],[-101.33815,22.52569],[-101.33795,22.52324],[-101.3351,22.52303],[-101.33495,22.52541]]],[[[-101.34668,22.52302],[-101.34525,22.52446],[-101.34677,22.52799],[-101.3506,22.52484],[-101.35103,22.52026],[-101.34792,22.51782],[-101.34533,22.52125],[-101.34668,22.52302]]],[[[-101.35921,22.51904],[-101.36754,22.51784],[-101.36592,22.51385],[-101.3633,22.51465],[-101.35921,22.51904]]],[[[-101.57375,22.52088],[-101.57684,22.51974],[-101.57919,22.51651],[-101.57701,22.51335],[-101.57675,22.50858],[-101.56903,22.50342],[-101.55825,22.50985],[-101.55939,22.51712],[-101.56858,22.51868],[-101.57375,22.52088]]],[[[-101.5074,22.52287],[-101.50935,22.52492],[-101.51188,22.52065],[-101.50899,22.51924],[-101.50911,22.52234],[-101.5074,22.52287]]],[[[-101.4964,22.52658],[-101.50118,22.52427],[-101.49999,22.52026],[-101.49511,22.52325],[-101.4964,22.52658]]],[[[-101.48613,22.52716],[-101.48964,22.52618],[-101.48817,22.52327],[-101.48613,22.52716]]],[[[-101.38305,22.52492],[-101.38643,22.52553],[-101.38647,22.52283],[-101.39032,22.5225],[-101.39071,22.51997],[-101.38662,22.52081],[-101.38267,22.51852],[-101.38055,22.52394],[-101.38305,22.52492]]],[[[-101.37449,22.53193],[-101.37736,22.53162],[-101.37657,22.52776],[-101.37881,22.52395],[-101.37608,22.52312],[-101.37637,22.52576],[-101.37326,22.52435],[-101.37605,22.52472],[-101.37559,22.52312],[-101.37315,22.52201],[-101.36593,22.5225],[-101.36036,22.5215],[-101.35966,22.52256],[-101.36395,22.52623],[-101.36155,22.52266],[-101.36468,22.52369],[-101.36436,22.52947],[-101.36641,22.53167],[-101.36793,22.52746],[-101.36952,22.53133],[-101.37449,22.53193]]],[[[-101.39197,22.52978],[-101.39029,22.5304],[-101.38613,22.53029],[-101.3807,22.53408],[-101.38821,22.53443],[-101.3864,22.53303],[-101.39039,22.53304],[-101.39277,22.53755],[-101.39575,22.53702],[-101.39266,22.53297],[-101.39197,22.52978]]],[[[-101.37895,22.53979],[-101.38171,22.53786],[-101.37873,22.53543],[-101.37895,22.53979]]],[[[-101.37163,22.53933],[-101.37579,22.5387],[-101.3752,22.53546],[-101.37101,22.53559],[-101.37163,22.53933]]],[[[-101.36404,22.5446],[-101.3713,22.5444],[-101.37008,22.53915],[-101.36573,22.54115],[-101.36541,22.53902],[-101.36131,22.5435],[-101.36404,22.5446]]],[[[-101.35754,22.54335],[-101.36079,22.54364],[-101.36191,22.53938],[-101.35412,22.54061],[-101.35754,22.54335]]],[[[-101.34344,22.54208],[-101.34731,22.54162],[-101.34806,22.53545],[-101.34515,22.53923],[-101.34369,22.53502],[-101.34648,22.53386],[-101.35178,22.53625],[-101.35474,22.53321],[-101.35372,22.52643],[-101.34963,22.52826],[-101.34725,22.53125],[-101.34508,22.53129],[-101.34253,22.53535],[-101.3409,22.54141],[-101.34344,22.54208]]],[[[-101.34061,22.5352],[-101.34347,22.53325],[-101.34449,22.53013],[-101.34073,22.53309],[-101.34061,22.5352]]],[[[-101.34087,22.53105],[-101.34432,22.53003],[-101.3434,22.52862],[-101.34087,22.53105]]],[[[-101.36089,22.52816],[-101.36425,22.52769],[-101.36084,22.52392],[-101.35823,22.52484],[-101.36089,22.52816]]],[[[-101.35822,22.53423],[-101.36075,22.5333],[-101.35901,22.52884],[-101.35633,22.52844],[-101.35588,22.53114],[-101.35822,22.53423]]],[[[-101.36022,22.5371],[-101.36396,22.53673],[-101.36009,22.5352],[-101.36022,22.5371]]],[[[-101.38074,22.54355],[-101.37792,22.53909],[-101.37073,22.54008],[-101.37177,22.54438],[-101.3786,22.54441],[-101.38074,22.54355]]],[[[-101.38971,22.52963],[-101.39232,22.52831],[-101.38877,22.52627],[-101.38971,22.52963]]],[[[-101.39413,22.52475],[-101.39203,22.52732],[-101.39348,22.52914],[-101.39704,22.52814],[-101.39679,22.52417],[-101.39413,22.52475]]],[[[-101.40224,22.52899],[-101.40452,22.52865],[-101.40458,22.52422],[-101.40245,22.52382],[-101.40224,22.52899]]],[[[-101.3696,22.52174],[-101.37314,22.52155],[-101.37044,22.51791],[-101.36485,22.51909],[-101.36533,22.52144],[-101.3696,22.52174]]],[[[-101.37438,22.51918],[-101.37471,22.52269],[-101.37887,22.52327],[-101.37879,22.51976],[-101.3809,22.51739],[-101.37801,22.51782],[-101.37616,22.51501],[-101.37438,22.51918]]],[[[-101.56457,22.52928],[-101.56668,22.52856],[-101.56286,22.52745],[-101.55653,22.52796],[-101.56043,22.52238],[-101.5565,22.52576],[-101.55402,22.5259],[-101.55076,22.52907],[-101.5451,22.53043],[-101.54321,22.53214],[-101.53846,22.53346],[-101.53809,22.53575],[-101.53441,22.53854],[-101.5323,22.53686],[-101.52638,22.5348],[-101.52341,22.53812],[-101.52994,22.53693],[-101.52888,22.54018],[-101.53543,22.53961],[-101.53787,22.54153],[-101.53943,22.53818],[-101.53609,22.53934],[-101.54148,22.53565],[-101.5406,22.5343],[-101.54608,22.53157],[-101.55153,22.53222],[-101.55231,22.53025],[-101.55665,22.52812],[-101.56423,22.52946],[-101.56438,22.52935],[-101.56457,22.52928]]],[[[-101.57316,22.527],[-101.57469,22.5267],[-101.57531,22.52627],[-101.57544,22.52624],[-101.57595,22.52628],[-101.57767,22.52643],[-101.57852,22.52651],[-101.5823,22.52827],[-101.58237,22.52833],[-101.5841,22.53],[-101.58451,22.53039],[-101.5851,22.53233],[-101.58597,22.53012],[-101.57841,22.52383],[-101.57733,22.5216],[-101.57422,22.52563],[-101.56449,22.52653],[-101.56756,22.52826],[-101.57196,22.52724],[-101.57316,22.527]]],[[[-101.60694,22.53976],[-101.61034,22.53824],[-101.60986,22.53677],[-101.60496,22.53553],[-101.60105,22.53127],[-101.59734,22.53026],[-101.59727,22.52698],[-101.59558,22.52883],[-101.5921,22.52883],[-101.59545,22.53073],[-101.59793,22.5342],[-101.6031,22.53482],[-101.60694,22.53976]]],[[[-101.54767,22.53662],[-101.55065,22.53326],[-101.54561,22.53288],[-101.54245,22.53497],[-101.54767,22.53662]]],[[[-101.58674,22.52907],[-101.59018,22.52892],[-101.58965,22.52635],[-101.58674,22.52907]]],[[[-101.49241,22.54752],[-101.49252,22.54943],[-101.49784,22.54973],[-101.49978,22.5479],[-101.49685,22.54709],[-101.50054,22.54237],[-101.49779,22.54048],[-101.50339,22.53168],[-101.50609,22.53335],[-101.50944,22.53031],[-101.50503,22.52803],[-101.50392,22.53038],[-101.49929,22.53029],[-101.49611,22.53157],[-101.49387,22.53465],[-101.49155,22.53171],[-101.48842,22.53702],[-101.48423,22.5359],[-101.48469,22.53964],[-101.48325,22.54375],[-101.48384,22.54727],[-101.48832,22.54741],[-101.49022,22.54546],[-101.49447,22.54517],[-101.49241,22.54752]]],[[[-101.49674,22.53091],[-101.49735,22.52915],[-101.49406,22.52836],[-101.49674,22.53091]]],[[[-101.49991,22.55275],[-101.50341,22.55332],[-101.50499,22.55191],[-101.49903,22.55043],[-101.49991,22.55275]]],[[[-101.49694,22.55433],[-101.49911,22.55287],[-101.49483,22.55299],[-101.49694,22.55433]]],[[[-101.49092,22.55814],[-101.49617,22.55558],[-101.49292,22.55478],[-101.49092,22.55814]]],[[[-101.47784,22.55564],[-101.47944,22.55701],[-101.4808,22.55482],[-101.47784,22.55564]]],[[[-101.48931,22.55763],[-101.4868,22.5585],[-101.48743,22.56125],[-101.48931,22.55763]]],[[[-101.48548,22.56335],[-101.4839,22.55944],[-101.48335,22.56203],[-101.48548,22.56335]]],[[[-101.57931,22.5721],[-101.58351,22.57226],[-101.5872,22.5706],[-101.58688,22.56878],[-101.5931,22.56604],[-101.59648,22.56303],[-101.60109,22.56274],[-101.5978,22.56164],[-101.59401,22.56262],[-101.58996,22.5659],[-101.5844,22.56681],[-101.58318,22.56826],[-101.57876,22.56719],[-101.57826,22.56565],[-101.57093,22.56307],[-101.57732,22.56337],[-101.58037,22.56197],[-101.58329,22.55771],[-101.58313,22.55516],[-101.57875,22.55702],[-101.57651,22.56003],[-101.57509,22.55753],[-101.57644,22.55588],[-101.58161,22.55526],[-101.5769,22.55453],[-101.57238,22.55516],[-101.56933,22.55285],[-101.56753,22.55542],[-101.56935,22.56085],[-101.56491,22.56297],[-101.56353,22.56219],[-101.55994,22.56417],[-101.56217,22.56569],[-101.55866,22.56752],[-101.55771,22.56637],[-101.55077,22.56901],[-101.55191,22.57082],[-101.55684,22.57184],[-101.55705,22.56918],[-101.56821,22.56611],[-101.57124,22.56602],[-101.5701,22.56845],[-101.57322,22.5688],[-101.57931,22.5721]]],[[[-101.52062,22.57179],[-101.52151,22.57326],[-101.52452,22.56838],[-101.51892,22.56581],[-101.51717,22.56839],[-101.52062,22.57179]]],[[[-101.55184,22.56792],[-101.55583,22.56668],[-101.55268,22.56371],[-101.55184,22.56792]]],[[[-101.34779,22.50918],[-101.3503,22.50926],[-101.35116,22.50622],[-101.34848,22.50674],[-101.34779,22.50918]]],[[[-101.34727,22.50534],[-101.35055,22.50568],[-101.34853,22.50382],[-101.34727,22.50534]]],[[[-101.4886,22.51056],[-101.49045,22.50913],[-101.49447,22.5093],[-101.48647,22.5035],[-101.48353,22.50497],[-101.48555,22.50921],[-101.4886,22.51056]]],[[[-101.50752,22.50696],[-101.5067,22.50602],[-101.50238,22.50936],[-101.50346,22.5114],[-101.50076,22.5124],[-101.50361,22.51393],[-101.50752,22.50696]]],[[[-101.33514,22.50008],[-101.33544,22.49712],[-101.33223,22.49823],[-101.33514,22.50008]]],[[[-101.4789,22.49646],[-101.47963,22.49762],[-101.48494,22.49786],[-101.48342,22.49066],[-101.48574,22.48901],[-101.48671,22.48407],[-101.48684,22.47461],[-101.48909,22.46966],[-101.49031,22.45904],[-101.48592,22.45965],[-101.48302,22.46216],[-101.48272,22.46707],[-101.47933,22.46858],[-101.48075,22.4636],[-101.47994,22.46077],[-101.47414,22.45569],[-101.47198,22.45966],[-101.47255,22.46169],[-101.47552,22.46028],[-101.47534,22.46975],[-101.4736,22.4677],[-101.47478,22.46483],[-101.47227,22.46288],[-101.4687,22.46274],[-101.47055,22.46089],[-101.46431,22.4575],[-101.46271,22.46295],[-101.46421,22.46535],[-101.46191,22.47028],[-101.46443,22.47284],[-101.46287,22.47391],[-101.46169,22.47821],[-101.46456,22.48281],[-101.46212,22.4857],[-101.46639,22.48577],[-101.4659,22.49042],[-101.46852,22.49102],[-101.46694,22.49701],[-101.47554,22.49725],[-101.4789,22.49646]]],[[[-101.34327,22.48866],[-101.34496,22.49117],[-101.34554,22.48883],[-101.34327,22.48866]]],[[[-101.34359,22.48373],[-101.34589,22.48532],[-101.34591,22.48156],[-101.34204,22.48196],[-101.34359,22.48373]]],[[[-101.34998,22.46399],[-101.35314,22.46413],[-101.35122,22.46167],[-101.34998,22.46399]]],[[[-101.46254,22.45547],[-101.46399,22.45715],[-101.46559,22.44898],[-101.46262,22.44785],[-101.46137,22.45406],[-101.46254,22.45547]]],[[[-101.46887,22.43215],[-101.46369,22.43047],[-101.46024,22.42593],[-101.45902,22.42711],[-101.46164,22.43248],[-101.45929,22.43299],[-101.45836,22.44136],[-101.45985,22.44133],[-101.46183,22.44736],[-101.46483,22.4472],[-101.4631,22.44468],[-101.46539,22.44431],[-101.46187,22.44003],[-101.46158,22.43379],[-101.46495,22.43505],[-101.46887,22.43215]]],[[[-101.47311,22.44819],[-101.47497,22.4482],[-101.47695,22.4437],[-101.48061,22.43982],[-101.48107,22.43708],[-101.47573,22.43304],[-101.4693,22.43666],[-101.47417,22.4387],[-101.47311,22.44819]]],[[[-101.4818,22.45052],[-101.48388,22.44889],[-101.48112,22.44003],[-101.48021,22.44191],[-101.48239,22.44902],[-101.4818,22.45052]]],[[[-101.48292,22.4567],[-101.48367,22.45359],[-101.48129,22.45074],[-101.47912,22.45584],[-101.48309,22.45393],[-101.48292,22.4567]]],[[[-101.46925,22.45833],[-101.47072,22.46014],[-101.47357,22.45539],[-101.46925,22.45833]]],[[[-101.4668,22.45412],[-101.46925,22.45715],[-101.47224,22.45195],[-101.4668,22.45412]]],[[[-101.48423,22.45601],[-101.48666,22.44873],[-101.48892,22.44593],[-101.48513,22.44646],[-101.48329,22.44351],[-101.48455,22.45078],[-101.48423,22.45601]]],[[[-101.51335,22.45682],[-101.51117,22.45171],[-101.5106,22.45588],[-101.51335,22.45682]]],[[[-101.48112,22.4359],[-101.48181,22.43296],[-101.479,22.43431],[-101.48112,22.4359]]],[[[-101.48646,22.42571],[-101.48663,22.42517],[-101.48308,22.42444],[-101.48357,22.43004],[-101.48646,22.42571]]],[[[-101.45566,22.4271],[-101.4589,22.42887],[-101.4559,22.42405],[-101.45065,22.422],[-101.45029,22.42392],[-101.45566,22.4271]]],[[[-101.4106,22.41223],[-101.41133,22.41522],[-101.41042,22.42822],[-101.4164,22.42962],[-101.41732,22.42785],[-101.41867,22.41133],[-101.4103,22.41003],[-101.4106,22.41223]]],[[[-101.38531,22.41211],[-101.39067,22.40965],[-101.3909,22.40687],[-101.38778,22.41091],[-101.38531,22.41211]]],[[[-101.38625,22.40927],[-101.38821,22.4089],[-101.38809,22.40616],[-101.38471,22.40807],[-101.38625,22.40927]]],[[[-101.38391,22.40647],[-101.38424,22.40362],[-101.38218,22.40275],[-101.38391,22.40647]]],[[[-101.38411,22.39287],[-101.38377,22.39306],[-101.38499,22.39649],[-101.38458,22.40131],[-101.38213,22.40237],[-101.38466,22.40347],[-101.3879,22.39884],[-101.38411,22.39287]]],[[[-101.40518,22.38917],[-101.40803,22.38886],[-101.40834,22.38638],[-101.40518,22.38917]]],[[[-101.40345,22.39932],[-101.40419,22.39746],[-101.40764,22.39696],[-101.40506,22.39431],[-101.40345,22.39932]]],[[[-101.39494,22.40326],[-101.39739,22.40228],[-101.39716,22.39614],[-101.39469,22.4002],[-101.39699,22.4006],[-101.39494,22.40326]]],[[[-101.45567,22.4234],[-101.45782,22.42412],[-101.45875,22.42061],[-101.4574,22.41478],[-101.45734,22.41046],[-101.45753,22.40777],[-101.4585,22.40377],[-101.45498,22.40323],[-101.45595,22.40772],[-101.45356,22.41137],[-101.45436,22.41684],[-101.45179,22.41737],[-101.45094,22.42057],[-101.45567,22.4234]]],[[[-101.41603,22.40722],[-101.41593,22.41027],[-101.41882,22.41079],[-101.41903,22.40484],[-101.4161,22.40466],[-101.41603,22.40722]]],[[[-101.43537,22.38495],[-101.43502,22.38417],[-101.43497,22.38387],[-101.43477,22.38285],[-101.43419,22.3803],[-101.43013,22.37833],[-101.4272,22.38464],[-101.4186,22.39844],[-101.42159,22.40143],[-101.4283,22.40265],[-101.43044,22.40052],[-101.43099,22.39684],[-101.43597,22.39545],[-101.43491,22.39145],[-101.43897,22.39151],[-101.43904,22.38988],[-101.43554,22.38527],[-101.43537,22.38495]]],[[[-101.45339,22.40263],[-101.45953,22.40212],[-101.45991,22.39973],[-101.46264,22.39973],[-101.4633,22.39872],[-101.46428,22.39527],[-101.46256,22.39041],[-101.4569,22.39182],[-101.4573,22.39357],[-101.46069,22.39453],[-101.45774,22.39709],[-101.45631,22.39488],[-101.45359,22.39479],[-101.45339,22.40263]]],[[[-101.4496,22.40247],[-101.45297,22.40269],[-101.45268,22.39857],[-101.44874,22.39796],[-101.44662,22.39931],[-101.4496,22.40247]]],[[[-101.46263,22.39033],[-101.46264,22.38664],[-101.45898,22.38729],[-101.45927,22.38956],[-101.46263,22.39033]]],[[[-101.47505,22.37563],[-101.47506,22.37539],[-101.47507,22.37493],[-101.47507,22.37466],[-101.47508,22.37443],[-101.47512,22.37238],[-101.47513,22.37185],[-101.47514,22.37128],[-101.47065,22.37101],[-101.47103,22.36736],[-101.46847,22.36693],[-101.46842,22.3692],[-101.46279,22.36781],[-101.46356,22.37112],[-101.45942,22.37223],[-101.45916,22.37267],[-101.46002,22.37715],[-101.45642,22.37948],[-101.45672,22.38144],[-101.4572,22.38358],[-101.46004,22.38676],[-101.46243,22.38606],[-101.47096,22.38935],[-101.47317,22.38661],[-101.4749,22.37987],[-101.47347,22.37867],[-101.47505,22.37563]]],[[[-101.46787,22.39318],[-101.47043,22.39001],[-101.4665,22.38878],[-101.4635,22.39225],[-101.46441,22.39493],[-101.46787,22.39318]]],[[[-101.46362,22.40139],[-101.46546,22.39691],[-101.46558,22.39661],[-101.46768,22.39342],[-101.46479,22.39524],[-101.4637,22.39896],[-101.46253,22.40029],[-101.46123,22.40067],[-101.46362,22.40139]]],[[[-101.60757,22.35439],[-101.60818,22.35811],[-101.60866,22.35961],[-101.61086,22.36241],[-101.61401,22.35686],[-101.61271,22.35547],[-101.61023,22.35421],[-101.60748,22.34926],[-101.60629,22.35014],[-101.60753,22.35412],[-101.60757,22.35439]]],[[[-101.59978,22.38238],[-101.59789,22.37959],[-101.59727,22.38289],[-101.59396,22.38136],[-101.59223,22.37768],[-101.58999,22.37743],[-101.58473,22.38063],[-101.58267,22.37945],[-101.58484,22.38385],[-101.59185,22.38871],[-101.59197,22.38663],[-101.59529,22.389],[-101.59979,22.38479],[-101.59978,22.38238]]],[[[-101.60397,22.36939],[-101.60393,22.37],[-101.60391,22.37038],[-101.60393,22.37063],[-101.60397,22.36939]]],[[[-101.6106,22.37653],[-101.60996,22.37448],[-101.6083,22.37861],[-101.6106,22.37653]]],[[[-101.60225,22.38261],[-101.60179,22.38262],[-101.60367,22.38644],[-101.60512,22.38305],[-101.60225,22.38261]]],[[[-101.5881,22.39191],[-101.59086,22.38984],[-101.58527,22.38477],[-101.584,22.38782],[-101.58593,22.3875],[-101.5881,22.39191]]],[[[-101.55214,22.4421],[-101.55184,22.44245],[-101.54888,22.44588],[-101.54862,22.44618],[-101.54805,22.44684],[-101.53727,22.46379],[-101.53214,22.46716],[-101.52806,22.47677],[-101.5265,22.47882],[-101.52714,22.48252],[-101.52491,22.48774],[-101.52614,22.48935],[-101.53145,22.48284],[-101.53086,22.48221],[-101.53452,22.47694],[-101.53482,22.4745],[-101.53825,22.47192],[-101.54119,22.46587],[-101.54525,22.46235],[-101.54805,22.46194],[-101.54671,22.46009],[-101.55073,22.45905],[-101.55004,22.4558],[-101.55215,22.45696],[-101.55081,22.45228],[-101.5535,22.45149],[-101.55505,22.44836],[-101.55673,22.45009],[-101.56059,22.44481],[-101.56803,22.4411],[-101.57087,22.43758],[-101.57983,22.43255],[-101.58345,22.42868],[-101.58561,22.42397],[-101.58459,22.41962],[-101.57972,22.42453],[-101.57926,22.42501],[-101.57442,22.4283],[-101.57612,22.42975],[-101.56985,22.43283],[-101.56826,22.43207],[-101.56409,22.43597],[-101.5668,22.43126],[-101.56269,22.43265],[-101.56165,22.43638],[-101.5585,22.43761],[-101.55784,22.44039],[-101.55214,22.4421]]],[[[-101.52413,22.46736],[-101.52015,22.46274],[-101.5182,22.46326],[-101.51728,22.46],[-101.5144,22.45983],[-101.51197,22.45743],[-101.50979,22.45791],[-101.52121,22.46668],[-101.52413,22.46736]]],[[[-101.57531,22.39733],[-101.5753,22.39726],[-101.57322,22.39469],[-101.5731,22.39945],[-101.57481,22.40146],[-101.57309,22.40406],[-101.57535,22.40894],[-101.57485,22.41118],[-101.57205,22.40877],[-101.57292,22.40648],[-101.5706,22.39744],[-101.57206,22.39749],[-101.56856,22.38931],[-101.5687,22.39679],[-101.57019,22.40212],[-101.5693,22.40378],[-101.56757,22.39941],[-101.5661,22.39922],[-101.56281,22.41298],[-101.56312,22.41779],[-101.56094,22.41941],[-101.56644,22.4201],[-101.56713,22.42018],[-101.56874,22.42027],[-101.57004,22.42011],[-101.57443,22.41956],[-101.57572,22.41502],[-101.57801,22.41189],[-101.57576,22.404],[-101.57537,22.39824],[-101.57531,22.39733]]],[[[-101.4876,22.42348],[-101.48786,22.42304],[-101.48815,22.42254],[-101.48931,22.42057],[-101.48675,22.41939],[-101.48541,22.42229],[-101.48714,22.42425],[-101.48748,22.42369],[-101.4876,22.42348]]],[[[-101.45914,22.4137],[-101.45919,22.4135],[-101.45946,22.41237],[-101.46336,22.40198],[-101.45873,22.4041],[-101.45765,22.40808],[-101.45841,22.41242],[-101.45833,22.41657],[-101.45914,22.4137]]],[[[-101.57303,22.38472],[-101.57309,22.38448],[-101.57316,22.38417],[-101.5732,22.38401],[-101.57303,22.38472]]],[[[-101.49099,22.41773],[-101.49282,22.41463],[-101.49287,22.41454],[-101.49288,22.41453],[-101.49006,22.4161],[-101.49099,22.41773]]],[[[-101.55897,22.46753],[-101.55931,22.46838],[-101.56688,22.46702],[-101.56885,22.46262],[-101.56635,22.45611],[-101.56924,22.45112],[-101.56547,22.44926],[-101.56313,22.45361],[-101.55956,22.45665],[-101.55736,22.46078],[-101.55897,22.46753]]],[[[-101.55208,22.47163],[-101.55384,22.46987],[-101.54839,22.47133],[-101.55208,22.47163]]],[[[-101.55425,22.47269],[-101.55777,22.47228],[-101.5449,22.47141],[-101.55425,22.47269]]],[[[-101.57778,22.50868],[-101.58201,22.50521],[-101.58157,22.50358],[-101.58431,22.50024],[-101.58892,22.49896],[-101.59932,22.48962],[-101.5923,22.47522],[-101.58663,22.48022],[-101.5887,22.48541],[-101.58767,22.48968],[-101.58273,22.49523],[-101.57649,22.49687],[-101.57469,22.49549],[-101.57006,22.50074],[-101.57095,22.50352],[-101.57778,22.50868]]],[[[-101.51452,22.50616],[-101.51564,22.50849],[-101.51814,22.50475],[-101.52093,22.50488],[-101.52555,22.49993],[-101.52366,22.49778],[-101.52045,22.50095],[-101.51264,22.50262],[-101.51452,22.50616]]],[[[-101.52263,22.49741],[-101.5263,22.49746],[-101.52618,22.4943],[-101.52801,22.48919],[-101.52357,22.49216],[-101.52263,22.49741]]],[[[-101.51629,22.48768],[-101.51796,22.4849],[-101.51347,22.48727],[-101.51487,22.48937],[-101.51529,22.48887],[-101.51629,22.48768]]],[[[-101.5024,22.48153],[-101.49877,22.48531],[-101.50106,22.48733],[-101.50736,22.48085],[-101.50711,22.47756],[-101.5024,22.48153]]],[[[-101.49426,22.48284],[-101.49895,22.48249],[-101.49947,22.47988],[-101.49457,22.47904],[-101.49426,22.48284]]],[[[-101.51422,22.47415],[-101.51779,22.47161],[-101.51797,22.46822],[-101.52101,22.46694],[-101.51791,22.46461],[-101.51218,22.47272],[-101.51422,22.47415]]],[[[-101.50762,22.47316],[-101.50815,22.47531],[-101.51257,22.47094],[-101.51214,22.4686],[-101.50968,22.46813],[-101.50692,22.47017],[-101.50579,22.47298],[-101.50762,22.47316]]],[[[-101.5093,22.46661],[-101.51167,22.46792],[-101.5147,22.46385],[-101.51631,22.46398],[-101.51168,22.46009],[-101.5093,22.46661]]],[[[-101.52127,22.49243],[-101.52367,22.4859],[-101.5221,22.48594],[-101.52127,22.49243]]],[[[-101.52523,22.49896],[-101.52709,22.50012],[-101.53107,22.49677],[-101.52523,22.49896]]],[[[-101.48194,22.46119],[-101.48448,22.46062],[-101.48243,22.45718],[-101.48194,22.46119]]],[[[-101.42192,22.37891],[-101.42345,22.38334],[-101.42493,22.38016],[-101.42192,22.37891]]],[[[-101.40102,22.381],[-101.40185,22.38396],[-101.40383,22.38105],[-101.40102,22.381]]],[[[-101.40624,22.39455],[-101.40882,22.39413],[-101.41026,22.39108],[-101.40624,22.39455]]],[[[-101.38431,22.40079],[-101.38484,22.39748],[-101.38229,22.39916],[-101.38431,22.40079]]],[[[-101.32502,22.5224],[-101.32608,22.51935],[-101.32247,22.5188],[-101.32502,22.5224]]],[[[-101.3277,22.51464],[-101.32926,22.5158],[-101.33091,22.51317],[-101.32736,22.51231],[-101.3277,22.51464]]],[[[-101.33258,22.51685],[-101.33555,22.51468],[-101.3323,22.51354],[-101.33258,22.51685]]],[[[-101.32299,22.50805],[-101.32326,22.50576],[-101.32015,22.50595],[-101.32299,22.50805]]],[[[-101.56736,22.62486],[-101.56931,22.62694],[-101.57061,22.62436],[-101.5697,22.62177],[-101.56736,22.62486]]],[[[-101.57885,22.59322],[-101.58303,22.59137],[-101.57534,22.59091],[-101.5752,22.59274],[-101.57885,22.59322]]],[[[-101.64581,22.51988],[-101.64699,22.51695],[-101.64454,22.51687],[-101.64581,22.51988]]],[[[-101.62093,22.39886],[-101.62184,22.40185],[-101.62294,22.39844],[-101.62093,22.39886]]],[[[-101.43666,22.32863],[-101.43669,22.32669],[-101.43037,22.32836],[-101.43397,22.32998],[-101.43666,22.32863]]],[[[-101.419,22.30487],[-101.41835,22.30426],[-101.41583,22.30609],[-101.41466,22.30722],[-101.41804,22.30922],[-101.42085,22.30661],[-101.41957,22.30541],[-101.419,22.30487]]],[[[-101.45047,22.29323],[-101.45146,22.29381],[-101.45211,22.29419],[-101.45298,22.2947],[-101.45445,22.29284],[-101.4531,22.28997],[-101.44737,22.28492],[-101.45162,22.29086],[-101.45047,22.29323]]],[[[-101.46063,22.2852],[-101.46381,22.28319],[-101.46196,22.28152],[-101.46063,22.2852]]],[[[-101.47317,22.27744],[-101.47413,22.27844],[-101.47532,22.27968],[-101.47671,22.28113],[-101.48281,22.28033],[-101.48331,22.27815],[-101.48016,22.27927],[-101.47368,22.27496],[-101.47317,22.27744]]],[[[-101.53859,22.28126],[-101.53857,22.27665],[-101.5373,22.27939],[-101.53859,22.28126]]],[[[-101.49996,22.28095],[-101.50489,22.27939],[-101.49948,22.27884],[-101.49996,22.28095]]],[[[-101.54535,22.27832],[-101.54521,22.28575],[-101.55,22.28671],[-101.54728,22.28138],[-101.54869,22.28007],[-101.54535,22.27832]]],[[[-101.5753,22.2888],[-101.5753,22.29132],[-101.57793,22.28793],[-101.57793,22.28571],[-101.58038,22.28137],[-101.58027,22.27643],[-101.57671,22.28638],[-101.5753,22.2888]]],[[[-101.5373,22.2916],[-101.53859,22.29124],[-101.53881,22.28646],[-101.53597,22.28822],[-101.5373,22.2916]]],[[[-101.54374,22.30166],[-101.54459,22.30096],[-101.5437,22.29252],[-101.54144,22.29083],[-101.54415,22.2969],[-101.54173,22.30016],[-101.54251,22.30267],[-101.54324,22.30207],[-101.54374,22.30166]]],[[[-101.58756,22.28551],[-101.58693,22.28219],[-101.58492,22.28143],[-101.58571,22.28462],[-101.5845,22.28867],[-101.58756,22.28551]]],[[[-101.594,22.28355],[-101.59346,22.28863],[-101.59414,22.29277],[-101.59605,22.28853],[-101.59431,22.28761],[-101.594,22.28355]]],[[[-101.58649,22.28003],[-101.584,22.27695],[-101.58356,22.27885],[-101.58649,22.28003]]],[[[-101.57247,22.26549],[-101.57346,22.26462],[-101.57415,22.264],[-101.57679,22.26166],[-101.57715,22.26044],[-101.5784,22.25617],[-101.57723,22.2556],[-101.58004,22.25058],[-101.58078,22.24804],[-101.57633,22.24993],[-101.5755,22.25086],[-101.5752,22.2512],[-101.56923,22.25435],[-101.56902,22.25319],[-101.56703,22.25427],[-101.56957,22.25628],[-101.5729,22.25404],[-101.57358,22.25643],[-101.57009,22.2574],[-101.56847,22.26278],[-101.5698,22.26294],[-101.56789,22.26855],[-101.5679,22.265],[-101.56517,22.2642],[-101.56419,22.25772],[-101.56064,22.25663],[-101.56141,22.25508],[-101.55594,22.25895],[-101.55883,22.25879],[-101.56084,22.2615],[-101.55863,22.26403],[-101.56285,22.26265],[-101.56012,22.26876],[-101.5598,22.27172],[-101.55778,22.27215],[-101.55422,22.2774],[-101.55629,22.27714],[-101.56027,22.27258],[-101.56106,22.27632],[-101.56527,22.27138],[-101.57136,22.26648],[-101.57247,22.26549]]],[[[-101.58198,22.26604],[-101.57911,22.26599],[-101.57887,22.26598],[-101.57763,22.2681],[-101.5785,22.26786],[-101.57689,22.27603],[-101.58095,22.27494],[-101.57927,22.27275],[-101.58081,22.26973],[-101.5799,22.26705],[-101.58198,22.26604]]],[[[-101.59143,22.2736],[-101.59286,22.27436],[-101.59034,22.26866],[-101.58903,22.25848],[-101.58688,22.26372],[-101.58857,22.2687],[-101.59143,22.2736]]],[[[-101.59444,22.27472],[-101.59588,22.27604],[-101.59691,22.26925],[-101.59644,22.26612],[-101.59388,22.27216],[-101.59444,22.27472]]],[[[-101.46071,22.27151],[-101.46193,22.27195],[-101.46222,22.26983],[-101.45856,22.26965],[-101.46071,22.27151]]],[[[-101.42136,22.26365],[-101.42335,22.26414],[-101.42563,22.2619],[-101.42136,22.26365]]],[[[-101.38936,22.23809],[-101.38952,22.23875],[-101.38958,22.239],[-101.39008,22.24106],[-101.3942,22.24438],[-101.40076,22.24598],[-101.4042,22.24929],[-101.40598,22.25553],[-101.40806,22.25688],[-101.4129,22.25865],[-101.41157,22.24908],[-101.40854,22.24501],[-101.40872,22.24072],[-101.41764,22.24372],[-101.42405,22.24329],[-101.42436,22.24231],[-101.41783,22.24268],[-101.40904,22.23951],[-101.40586,22.24048],[-101.38936,22.23809]]],[[[-101.38675,22.24774],[-101.38706,22.24774],[-101.38879,22.24561],[-101.38782,22.2453],[-101.38675,22.24774]]],[[[-101.46638,22.26624],[-101.46965,22.26616],[-101.46666,22.26369],[-101.46638,22.26624]]],[[[-101.43077,22.25992],[-101.43163,22.25851],[-101.43434,22.25705],[-101.43929,22.25695],[-101.43363,22.25531],[-101.42751,22.25699],[-101.42517,22.25554],[-101.42015,22.25732],[-101.42094,22.25552],[-101.41621,22.25601],[-101.4177,22.25452],[-101.41563,22.25232],[-101.41526,22.24914],[-101.41868,22.24821],[-101.42234,22.24988],[-101.42747,22.24872],[-101.41923,22.24628],[-101.41514,22.24653],[-101.41268,22.25308],[-101.41386,22.2575],[-101.41568,22.25958],[-101.41595,22.25979],[-101.41556,22.25735],[-101.42375,22.25812],[-101.42613,22.25989],[-101.43029,22.25883],[-101.43049,22.26139],[-101.43056,22.26102],[-101.43077,22.25992]]],[[[-101.50243,22.23857],[-101.50199,22.23878],[-101.50132,22.24153],[-101.50343,22.24402],[-101.50222,22.24746],[-101.50547,22.24904],[-101.50643,22.25141],[-101.50804,22.24982],[-101.50427,22.24669],[-101.50618,22.24299],[-101.50243,22.23857]]],[[[-101.48767,22.23863],[-101.48742,22.23577],[-101.48463,22.23388],[-101.48767,22.23863]]],[[[-101.42465,22.2368],[-101.42674,22.2364],[-101.42049,22.23489],[-101.41721,22.2326],[-101.41639,22.22712],[-101.4228,22.22712],[-101.4275,22.23072],[-101.42451,22.22651],[-101.41871,22.22571],[-101.41419,22.2237],[-101.41029,22.22632],[-101.41029,22.22333],[-101.40833,22.22193],[-101.41059,22.21888],[-101.4101,22.21174],[-101.40882,22.21289],[-101.40852,22.21869],[-101.40526,22.21892],[-101.407,22.22277],[-101.40165,22.22297],[-101.40561,22.22555],[-101.41511,22.23352],[-101.42371,22.23572],[-101.42465,22.2368]]],[[[-101.37996,22.22931],[-101.38314,22.23154],[-101.38487,22.22788],[-101.38388,22.22667],[-101.39453,22.22675],[-101.39656,22.22491],[-101.39404,22.22384],[-101.38933,22.22565],[-101.38562,22.22516],[-101.38077,22.22668],[-101.37835,22.22527],[-101.37694,22.22731],[-101.37996,22.22931]]],[[[-101.38127,22.2131],[-101.38411,22.21555],[-101.3847,22.20969],[-101.38631,22.20667],[-101.37343,22.20703],[-101.37172,22.20862],[-101.37435,22.21362],[-101.37581,22.21002],[-101.38127,22.2131]]],[[[-101.39333,22.19507],[-101.39132,22.20605],[-101.40761,22.20386],[-101.40712,22.19421],[-101.40981,22.19421],[-101.40822,22.18762],[-101.41262,22.18762],[-101.41805,22.19806],[-101.41823,22.19983],[-101.42421,22.20044],[-101.42263,22.19781],[-101.42464,22.19763],[-101.42,22.19006],[-101.4189,22.18542],[-101.4175,22.18542],[-101.41451,22.18023],[-101.41152,22.17846],[-101.4045,22.17822],[-101.40273,22.16662],[-101.39901,22.16601],[-101.39333,22.19507]]],[[[-101.38143,22.20562],[-101.38631,22.20465],[-101.38765,22.20213],[-101.38692,22.19903],[-101.38329,22.19891],[-101.38741,22.1929],[-101.38462,22.19067],[-101.3819,22.1914],[-101.37968,22.19414],[-101.37831,22.19875],[-101.38249,22.19814],[-101.38143,22.20562]]],[[[-101.37831,22.17504],[-101.37815,22.18122],[-101.38485,22.18261],[-101.38649,22.17126],[-101.37941,22.17022],[-101.37831,22.17504]]],[[[-101.37404,22.16887],[-101.37693,22.16894],[-101.38253,22.16241],[-101.38273,22.16002],[-101.37902,22.16186],[-101.3788,22.16546],[-101.37404,22.16887]]],[[[-101.51654,22.21688],[-101.52488,22.21795],[-101.52616,22.21685],[-101.52255,22.21411],[-101.52043,22.21528],[-101.51847,22.21351],[-101.51654,22.21688]]],[[[-101.54659,22.23274],[-101.54684,22.23254],[-101.54719,22.23226],[-101.54768,22.23188],[-101.5479,22.2317],[-101.54818,22.23148],[-101.54871,22.23106],[-101.55157,22.22874],[-101.54704,22.22844],[-101.54466,22.23021],[-101.54659,22.23274]]],[[[-101.54237,22.23439],[-101.54604,22.23317],[-101.54243,22.23162],[-101.54237,22.23439]]],[[[-101.59805,22.29006],[-101.59799,22.29266],[-101.60039,22.29222],[-101.59805,22.29006]]],[[[-101.58892,22.29847],[-101.58959,22.3014],[-101.59055,22.29477],[-101.58892,22.29847]]],[[[-101.59939,22.30487],[-101.60006,22.31177],[-101.60296,22.31183],[-101.60152,22.30983],[-101.60536,22.30601],[-101.60214,22.30644],[-101.59939,22.30487]]],[[[-101.65094,22.3179],[-101.65508,22.31942],[-101.65554,22.31785],[-101.65094,22.3179]]],[[[-101.66848,22.32156],[-101.66786,22.32007],[-101.66274,22.31874],[-101.65986,22.32021],[-101.66703,22.32068],[-101.66848,22.32156]]],[[[-101.66865,22.31605],[-101.66409,22.31607],[-101.66942,22.31837],[-101.66865,22.31605]]],[[[-101.55585,22.28288],[-101.55863,22.27918],[-101.55722,22.27853],[-101.55585,22.28288]]],[[[-101.67363,22.33015],[-101.6764,22.33006],[-101.67116,22.32717],[-101.66809,22.3269],[-101.66838,22.32908],[-101.67363,22.33015]]],[[[-101.67324,22.33154],[-101.67304,22.33008],[-101.66921,22.32989],[-101.67324,22.33154]]],[[[-101.64132,22.28984],[-101.64376,22.29092],[-101.64903,22.28799],[-101.6457,22.28651],[-101.64132,22.28984]]],[[[-101.65858,22.29351],[-101.65571,22.29076],[-101.6583,22.29023],[-101.65872,22.28695],[-101.65572,22.2828],[-101.64582,22.28589],[-101.6488,22.28722],[-101.65249,22.28401],[-101.65468,22.29312],[-101.65858,22.29351]]],[[[-101.65867,22.29432],[-101.65934,22.30005],[-101.66129,22.29621],[-101.65867,22.29432]]],[[[-101.65435,22.29555],[-101.65467,22.2979],[-101.65716,22.29807],[-101.65695,22.2956],[-101.65435,22.29555]]],[[[-101.64638,22.27988],[-101.6491,22.28111],[-101.65341,22.27464],[-101.65078,22.2748],[-101.65057,22.26922],[-101.64835,22.2693],[-101.64905,22.27311],[-101.64667,22.2764],[-101.64638,22.27988]]],[[[-101.6491,22.26592],[-101.64691,22.26402],[-101.64185,22.26456],[-101.6491,22.26592]]],[[[-101.5007,22.19461],[-101.50145,22.19512],[-101.50589,22.19611],[-101.5073,22.19474],[-101.52237,22.19391],[-101.52408,22.18592],[-101.52017,22.18529],[-101.52274,22.18197],[-101.52597,22.1803],[-101.52017,22.17951],[-101.51956,22.18171],[-101.51627,22.18049],[-101.51312,22.18836],[-101.51155,22.18761],[-101.51158,22.18309],[-101.51031,22.18168],[-101.51311,22.17602],[-101.5095,22.1766],[-101.50589,22.18311],[-101.50388,22.18348],[-101.49887,22.19153],[-101.5007,22.19461]]],[[[-101.50118,22.18171],[-101.50036,22.18251],[-101.5001,22.18435],[-101.49831,22.18697],[-101.502,22.18463],[-101.5019,22.18337],[-101.50075,22.18244],[-101.50168,22.18171],[-101.50313,22.18214],[-101.50384,22.17906],[-101.50118,22.18171]]],[[[-101.50222,22.17465],[-101.50337,22.17264],[-101.49926,22.17432],[-101.4993,22.17537],[-101.50222,22.17465]]],[[[-101.44605,22.17305],[-101.45476,22.1702],[-101.45011,22.16975],[-101.44989,22.17049],[-101.4471,22.1708],[-101.44141,22.16897],[-101.44605,22.17305]]],[[[-101.44696,22.1704],[-101.44969,22.1703],[-101.44992,22.16948],[-101.45256,22.16936],[-101.4504,22.16835],[-101.44594,22.16924],[-101.44696,22.1704]]],[[[-101.43642,22.12261],[-101.43949,22.12619],[-101.44108,22.12267],[-101.44329,22.12214],[-101.44575,22.1188],[-101.44204,22.11583],[-101.43653,22.11329],[-101.43624,22.11472],[-101.44297,22.11828],[-101.43827,22.12021],[-101.43598,22.11947],[-101.43642,22.12261]]],[[[-101.4451,22.12092],[-101.44822,22.12021],[-101.44615,22.11833],[-101.4451,22.12092]]],[[[-101.45953,22.10271],[-101.46492,22.10177],[-101.46398,22.0984],[-101.46137,22.09683],[-101.45769,22.09965],[-101.45953,22.10271]]],[[[-101.44992,22.07149],[-101.45358,22.07006],[-101.44949,22.06869],[-101.44992,22.07149]]],[[[-101.50524,22.04946],[-101.49957,22.04722],[-101.49774,22.04744],[-101.50018,22.05141],[-101.5,22.05398],[-101.49567,22.05829],[-101.49227,22.0577],[-101.4906,22.06417],[-101.49104,22.06622],[-101.49878,22.06222],[-101.50242,22.05949],[-101.50617,22.05867],[-101.50858,22.05682],[-101.50557,22.0541],[-101.50606,22.05794],[-101.50466,22.05841],[-101.50408,22.05414],[-101.50524,22.04946]]],[[[-101.49254,22.08387],[-101.49549,22.08357],[-101.49892,22.07871],[-101.50515,22.0797],[-101.50534,22.07847],[-101.50051,22.07267],[-101.50504,22.07177],[-101.50741,22.07308],[-101.50972,22.06838],[-101.50796,22.06415],[-101.5056,22.06404],[-101.50495,22.06092],[-101.50315,22.061],[-101.4957,22.06826],[-101.49517,22.07133],[-101.49167,22.07413],[-101.49544,22.07942],[-101.49254,22.08387]]],[[[-101.51315,22.08271],[-101.51491,22.08316],[-101.51351,22.0861],[-101.51215,22.08295],[-101.50446,22.08423],[-101.49346,22.08924],[-101.49456,22.09755],[-101.50334,22.09268],[-101.50745,22.09567],[-101.50742,22.09058],[-101.51041,22.09044],[-101.51021,22.09607],[-101.51192,22.09784],[-101.51613,22.09845],[-101.51601,22.09985],[-101.5204,22.10022],[-101.5237,22.09741],[-101.52632,22.09765],[-101.5259,22.09265],[-101.52852,22.09466],[-101.5342,22.09247],[-101.53713,22.09521],[-101.53481,22.08984],[-101.53463,22.08685],[-101.5309,22.08624],[-101.53182,22.08264],[-101.52741,22.08236],[-101.52553,22.07782],[-101.52614,22.07202],[-101.5187,22.07165],[-101.51048,22.07291],[-101.51194,22.07527],[-101.51389,22.08253],[-101.51315,22.08271]]],[[[-101.51517,22.13798],[-101.51898,22.13888],[-101.51914,22.13659],[-101.52426,22.13471],[-101.5239,22.13251],[-101.52682,22.13252],[-101.52695,22.1297],[-101.52976,22.12848],[-101.52817,22.12293],[-101.52878,22.12073],[-101.53305,22.11609],[-101.53189,22.11548],[-101.53116,22.11048],[-101.53336,22.11091],[-101.53098,22.1059],[-101.52756,22.10529],[-101.52817,22.1037],[-101.52188,22.10108],[-101.50986,22.1009],[-101.51016,22.09772],[-101.50266,22.09845],[-101.5022,22.10189],[-101.50785,22.1009],[-101.51259,22.10415],[-101.51016,22.10669],[-101.50418,22.10889],[-101.50234,22.11296],[-101.50818,22.11396],[-101.50797,22.11609],[-101.50211,22.11511],[-101.50383,22.11743],[-101.50345,22.12092],[-101.50937,22.12153],[-101.50949,22.12425],[-101.51376,22.12507],[-101.51416,22.12739],[-101.50941,22.1243],[-101.505,22.12469],[-101.50055,22.12363],[-101.49856,22.12542],[-101.47749,22.12279],[-101.47674,22.12438],[-101.48248,22.12778],[-101.48517,22.13124],[-101.48566,22.12946],[-101.47987,22.1244],[-101.49007,22.12763],[-101.4921,22.12671],[-101.49535,22.12881],[-101.49979,22.12989],[-101.5014,22.12723],[-101.5029,22.12952],[-101.50595,22.12989],[-101.50577,22.13208],[-101.51741,22.13549],[-101.5175,22.1379],[-101.51517,22.13798]]],[[[-101.48773,22.10391],[-101.49012,22.10427],[-101.49753,22.10307],[-101.49497,22.1025],[-101.49199,22.09738],[-101.49107,22.10115],[-101.48899,22.10097],[-101.48773,22.10391]]],[[[-101.50659,22.0289],[-101.509,22.03057],[-101.5092,22.02457],[-101.50572,22.01729],[-101.50368,22.0183],[-101.50564,22.02442],[-101.50166,22.02483],[-101.50094,22.02779],[-101.50659,22.0289]]],[[[-101.49677,22.02073],[-101.50144,22.01907],[-101.50513,22.01623],[-101.50367,22.01307],[-101.49984,22.01173],[-101.49677,22.02073]]],[[[-101.60022,21.9774],[-101.6027,21.97473],[-101.59897,21.97201],[-101.59698,21.97509],[-101.60022,21.9774]]],[[[-101.59485,21.96728],[-101.59703,21.96692],[-101.59983,21.96026],[-101.59593,21.96316],[-101.59485,21.96728]]],[[[-101.59595,21.95788],[-101.59772,21.9597],[-101.5986,21.95431],[-101.60198,21.95312],[-101.60437,21.94918],[-101.5973,21.94993],[-101.59595,21.95788]]],[[[-101.49803,21.9795],[-101.5038,21.97853],[-101.50285,21.97691],[-101.49924,21.97751],[-101.49803,21.9795]]],[[[-101.50058,21.95838],[-101.50107,21.96418],[-101.50845,21.96156],[-101.50674,21.95796],[-101.50235,21.9452],[-101.4993,21.94575],[-101.49667,21.94837],[-101.49838,21.95075],[-101.49875,21.95735],[-101.50058,21.95838]]],[[[-101.46435,21.95342],[-101.46687,21.959],[-101.4674,21.95627],[-101.46592,21.95375],[-101.46285,21.95257],[-101.46201,21.94999],[-101.45925,21.94964],[-101.46141,21.95215],[-101.46232,21.95568],[-101.46435,21.95342]]],[[[-101.44658,21.95429],[-101.44415,21.95027],[-101.4426,21.95269],[-101.44729,21.95716],[-101.44658,21.95429]]],[[[-101.45095,21.95046],[-101.44775,21.95174],[-101.45465,21.95597],[-101.45419,21.95356],[-101.45095,21.95046]]],[[[-101.43852,21.93789],[-101.44135,21.94021],[-101.44076,21.93696],[-101.43852,21.93789]]],[[[-101.47077,21.94315],[-101.46918,21.93912],[-101.46675,21.94272],[-101.47077,21.94315]]],[[[-101.42565,22.05682],[-101.4262,22.0608],[-101.42878,22.05791],[-101.42565,22.05682]]],[[[-101.79075,22.02348],[-101.7861,22.02379],[-101.78599,22.0238],[-101.79075,22.02348]]],[[[-101.77997,22.17991],[-101.77317,22.18605],[-101.77558,22.18733],[-101.77059,22.19155],[-101.772,22.18796],[-101.76934,22.19014],[-101.76898,22.19358],[-101.76734,22.19342],[-101.76291,22.20047],[-101.76808,22.20213],[-101.77334,22.19565],[-101.77729,22.19591],[-101.776,22.19317],[-101.77786,22.18892],[-101.77825,22.18431],[-101.78455,22.18021],[-101.77997,22.17991]]],[[[-101.78798,22.18163],[-101.78896,22.17705],[-101.78198,22.1785],[-101.78221,22.17862],[-101.78798,22.18163]]],[[[-101.81799,22.23222],[-101.81826,22.23216],[-101.81995,22.22946],[-101.81954,22.22147],[-101.81839,22.22443],[-101.81535,22.22612],[-101.81577,22.22957],[-101.81876,22.22955],[-101.81799,22.23222]]],[[[-101.80146,22.20616],[-101.8036,22.20605],[-101.80816,22.20198],[-101.80577,22.20029],[-101.80536,22.20347],[-101.80307,22.20327],[-101.80146,22.20616]]],[[[-101.80236,22.21148],[-101.8051,22.21008],[-101.80484,22.20758],[-101.8012,22.20671],[-101.7991,22.20845],[-101.80236,22.21148]]],[[[-101.79788,22.21431],[-101.80058,22.21025],[-101.79862,22.21032],[-101.79788,22.21431]]],[[[-101.79167,22.21487],[-101.79385,22.21571],[-101.79468,22.21319],[-101.79167,22.21487]]],[[[-101.7932,22.21225],[-101.7952,22.21295],[-101.79649,22.21022],[-101.7932,22.21225]]],[[[-101.79052,22.22406],[-101.79276,22.21968],[-101.79121,22.21854],[-101.78957,22.22341],[-101.79052,22.22406]]],[[[-101.77256,22.25267],[-101.77622,22.24839],[-101.77446,22.24542],[-101.77313,22.24652],[-101.76669,22.24457],[-101.76488,22.24733],[-101.76923,22.2503],[-101.76965,22.25222],[-101.77256,22.25267]]],[[[-101.77593,22.26005],[-101.77301,22.25813],[-101.77326,22.25628],[-101.76837,22.25508],[-101.76741,22.25697],[-101.77593,22.26005]]],[[[-101.72052,22.15824],[-101.72076,22.15793],[-101.71542,22.15631],[-101.71228,22.15944],[-101.71562,22.16119],[-101.72052,22.15824]]],[[[-101.71156,22.15719],[-101.70899,22.15777],[-101.71185,22.15922],[-101.71156,22.15719]]],[[[-101.69351,22.16263],[-101.69659,22.16168],[-101.69612,22.15781],[-101.69653,22.15534],[-101.69171,22.15427],[-101.69351,22.16263]]],[[[-101.71582,22.15254],[-101.71728,22.15547],[-101.71782,22.15239],[-101.71582,22.15254]]],[[[-101.70356,22.15354],[-101.70649,22.15283],[-101.70443,22.14975],[-101.70356,22.15354]]],[[[-101.72094,22.15768],[-101.72152,22.15648],[-101.71967,22.15488],[-101.71709,22.15618],[-101.72094,22.15768]]],[[[-101.73187,22.10248],[-101.73207,22.10188],[-101.72967,22.1],[-101.72535,22.10138],[-101.72838,22.10174],[-101.72979,22.10518],[-101.73187,22.10248]]],[[[-101.76184,22.05318],[-101.76403,22.05765],[-101.76399,22.05347],[-101.76232,22.05026],[-101.76184,22.05318]]],[[[-101.75924,22.05204],[-101.76262,22.04999],[-101.76171,22.04786],[-101.75776,22.05031],[-101.75924,22.05204]]],[[[-101.74048,22.04892],[-101.73886,22.05055],[-101.74404,22.04897],[-101.74011,22.04386],[-101.73651,22.04462],[-101.74048,22.04892]]],[[[-101.73593,22.04104],[-101.74057,22.03901],[-101.73651,22.03605],[-101.73388,22.03948],[-101.73593,22.04104]]],[[[-101.72968,22.03692],[-101.73274,22.0384],[-101.72871,22.0347],[-101.72701,22.03668],[-101.72968,22.03692]]],[[[-101.75791,22.04131],[-101.76142,22.03664],[-101.75738,22.03426],[-101.7546,22.03704],[-101.7581,22.03904],[-101.75791,22.04131]]],[[[-101.6924,22.17899],[-101.69721,22.17883],[-101.69623,22.17731],[-101.69094,22.17525],[-101.69015,22.17873],[-101.6924,22.17899]]],[[[-101.3774,22.26113],[-101.37782,22.26074],[-101.37617,22.26042],[-101.37624,22.26077],[-101.37636,22.26129],[-101.37699,22.26156],[-101.3774,22.26113]]],[[[-101.6636,22.05683],[-101.66741,22.05605],[-101.66851,22.05243],[-101.67086,22.05098],[-101.66479,22.04998],[-101.6636,22.05683]]],[[[-101.66543,22.05866],[-101.66328,22.0591],[-101.66266,22.06291],[-101.68079,22.05913],[-101.68241,22.05832],[-101.68347,22.0531],[-101.68107,22.05532],[-101.67254,22.05689],[-101.67262,22.05503],[-101.66802,22.05614],[-101.66543,22.05866]]],[[[-101.66516,22.04771],[-101.66916,22.04865],[-101.6694,22.04686],[-101.6655,22.04592],[-101.66516,22.04771]]],[[[-101.42956,21.92909],[-101.42806,21.92485],[-101.42522,21.92484],[-101.42956,21.92909]]],[[[-101.56408,21.86496],[-101.56244,21.85638],[-101.56162,21.84712],[-101.56449,21.84107],[-101.56196,21.83987],[-101.56175,21.83619],[-101.55788,21.83552],[-101.55224,21.83468],[-101.54937,21.836],[-101.54687,21.8464],[-101.54965,21.84771],[-101.54973,21.84979],[-101.55655,21.85786],[-101.55972,21.85726],[-101.56168,21.85868],[-101.56408,21.86496]]],[[[-101.49635,21.80999],[-101.49606,21.81022],[-101.49864,21.81641],[-101.49635,21.80999]]],[[[-102.48302,23.05314],[-102.48031,23.05798],[-102.48108,23.06023],[-102.48325,23.05714],[-102.48302,23.05314]]],[[[-102.49863,23.03636],[-102.49405,23.03796],[-102.48912,23.03786],[-102.48606,23.04104],[-102.48502,23.04955],[-102.48377,23.05179],[-102.48771,23.05147],[-102.49863,23.03636]]],[[[-102.52004,23.00669],[-102.51208,23.00414],[-102.50378,23.00584],[-102.49675,23.0119],[-102.48919,23.01288],[-102.48752,23.01421],[-102.49003,23.01792],[-102.48981,23.029],[-102.49167,23.03446],[-102.49567,23.03101],[-102.49645,23.03034],[-102.50174,23.02707],[-102.50166,23.03222],[-102.50779,23.02381],[-102.50553,23.02209],[-102.5098,23.0209],[-102.52004,23.00669]]],[[[-102.49224,23.00185],[-102.50012,22.9946],[-102.50923,22.99708],[-102.5231,22.98793],[-102.53063,22.99119],[-102.5288,22.9859],[-102.53081,22.98286],[-102.5329,22.98239],[-102.53379,22.97992],[-102.53226,22.97864],[-102.53178,22.97679],[-102.53251,22.97338],[-102.5343,22.97198],[-102.53869,22.97172],[-102.54164,22.96809],[-102.54437,22.9619],[-102.54797,22.95753],[-102.54842,22.95407],[-102.55224,22.94701],[-102.55623,22.94323],[-102.55199,22.94098],[-102.55259,22.93979],[-102.54692,22.93691],[-102.54613,22.94164],[-102.54368,22.93966],[-102.54613,22.93634],[-102.53988,22.93317],[-102.52541,22.9322],[-102.52529,22.9518],[-102.52794,22.95507],[-102.52527,22.96024],[-102.52158,22.96144],[-102.51663,22.95533],[-102.51074,22.96056],[-102.50848,22.96483],[-102.51346,22.97104],[-102.51197,22.98148],[-102.51386,22.98394],[-102.51331,22.98654],[-102.511,22.98703],[-102.51051,22.98979],[-102.50619,22.99067],[-102.49909,22.9899],[-102.49609,22.99455],[-102.49765,22.99617],[-102.49411,22.99676],[-102.49297,22.99525],[-102.49224,23.00185]]],[[[-102.48632,22.99566],[-102.48568,22.99764],[-102.48015,22.99832],[-102.47304,23.00363],[-102.47617,23.00736],[-102.48835,23.00542],[-102.49161,23.00243],[-102.4891,23.00239],[-102.48719,23],[-102.48632,22.99566]]],[[[-102.48124,22.95716],[-102.48055,22.95852],[-102.47651,22.95608],[-102.47618,22.95604],[-102.47085,22.95546],[-102.4692,22.94976],[-102.46998,22.94883],[-102.46818,22.94612],[-102.4724,22.94234],[-102.47126,22.93906],[-102.46041,22.94577],[-102.45754,22.94907],[-102.4564,22.95261],[-102.45316,22.94963],[-102.46141,22.94253],[-102.46144,22.94143],[-102.45664,22.94469],[-102.45043,22.9457],[-102.44672,22.95724],[-102.44974,22.96014],[-102.45088,22.96124],[-102.45236,22.96266],[-102.453,22.96433],[-102.45343,22.96564],[-102.46002,22.97198],[-102.4611,22.97858],[-102.46835,22.98211],[-102.47316,22.98201],[-102.47762,22.98382],[-102.48264,22.98713],[-102.48047,22.97943],[-102.48346,22.9757],[-102.48911,22.97165],[-102.4894,22.96797],[-102.48713,22.96785],[-102.4858,22.96464],[-102.48166,22.96642],[-102.48148,22.96401],[-102.48463,22.96343],[-102.48371,22.95891],[-102.48124,22.95716]],[[-102.45382,22.95975],[-102.45224,22.95777],[-102.45649,22.95764],[-102.45382,22.95975]]],[[[-102.49504,22.917],[-102.49071,22.92189],[-102.49209,22.92179],[-102.49504,22.917]]],[[[-102.50321,22.91113],[-102.49878,22.9131],[-102.49523,22.9168],[-102.49892,22.91971],[-102.50204,22.9175],[-102.50088,22.91377],[-102.50321,22.91113]]],[[[-102.59415,22.92042],[-102.59406,22.91517],[-102.5882,22.91296],[-102.58639,22.91548],[-102.59365,22.91691],[-102.59415,22.92042]]],[[[-102.59353,22.92811],[-102.59406,22.92155],[-102.5926,22.92764],[-102.59353,22.92811]]],[[[-102.58625,22.95541],[-102.59077,22.94797],[-102.59158,22.93629],[-102.59343,22.92933],[-102.59161,22.92926],[-102.59014,22.93514],[-102.58519,22.93446],[-102.58698,22.9363],[-102.5881,22.94139],[-102.58081,22.94091],[-102.58092,22.94278],[-102.57771,22.94274],[-102.5769,22.94651],[-102.5808,22.94694],[-102.58088,22.94451],[-102.58453,22.94282],[-102.58857,22.94298],[-102.58993,22.94453],[-102.58978,22.94863],[-102.58653,22.94944],[-102.58514,22.95456],[-102.58625,22.95541]]],[[[-102.536,22.98905],[-102.53893,22.98754],[-102.54527,22.98971],[-102.5506,22.98862],[-102.55329,22.99044],[-102.55854,22.98831],[-102.56244,22.99127],[-102.56657,22.9926],[-102.57736,22.98769],[-102.58085,22.97594],[-102.58563,22.97439],[-102.58659,22.9703],[-102.58309,22.96339],[-102.58608,22.9557],[-102.58505,22.95493],[-102.58076,22.96985],[-102.57683,22.96889],[-102.57425,22.96672],[-102.57673,22.96301],[-102.56438,22.95721],[-102.55977,22.95847],[-102.55902,22.96057],[-102.55495,22.95894],[-102.536,22.98905]]],[[[-102.49277,23.0524],[-102.49304,23.05378],[-102.49691,23.05276],[-102.49473,23.05187],[-102.49407,23.04897],[-102.49218,23.04976],[-102.49277,23.0524]]],[[[-102.53273,22.99073],[-102.53527,22.98943],[-102.54759,22.97016],[-102.54688,22.96523],[-102.55051,22.96546],[-102.55474,22.95841],[-102.55587,22.95459],[-102.55952,22.94986],[-102.55534,22.94571],[-102.55248,22.94711],[-102.54877,22.95361],[-102.5514,22.95314],[-102.54832,22.95683],[-102.54673,22.96035],[-102.54547,22.96115],[-102.54276,22.96574],[-102.54253,22.96707],[-102.54085,22.9691],[-102.53873,22.9721],[-102.53364,22.97257],[-102.53216,22.97757],[-102.53404,22.98002],[-102.53343,22.98212],[-102.52938,22.98513],[-102.5303,22.98946],[-102.53273,22.99073]]],[[[-102.56707,22.94228],[-102.56966,22.94379],[-102.57587,22.94079],[-102.57659,22.93856],[-102.57299,22.9406],[-102.57314,22.93814],[-102.57938,22.93578],[-102.58039,22.92987],[-102.57638,22.92952],[-102.57064,22.9374],[-102.57026,22.94048],[-102.56707,22.94228]]],[[[-102.50313,22.92803],[-102.50421,22.92768],[-102.50578,22.92717],[-102.51248,22.9264],[-102.51164,22.92803],[-102.51691,22.92781],[-102.5171,22.9255],[-102.52032,22.92554],[-102.52074,22.92765],[-102.52545,22.92786],[-102.52542,22.93192],[-102.54004,22.93283],[-102.55212,22.93926],[-102.56333,22.94319],[-102.56394,22.94151],[-102.56721,22.94149],[-102.57332,22.93299],[-102.5679,22.93289],[-102.56472,22.93012],[-102.56476,22.9276],[-102.56051,22.92768],[-102.56075,22.92977],[-102.55224,22.92883],[-102.55392,22.92731],[-102.54863,22.92699],[-102.54752,22.92834],[-102.54865,22.9212],[-102.54485,22.92378],[-102.54671,22.9271],[-102.54317,22.92838],[-102.54104,22.92445],[-102.54234,22.91911],[-102.5446,22.91913],[-102.54454,22.91605],[-102.53749,22.91713],[-102.54081,22.9177],[-102.54038,22.92073],[-102.53669,22.92239],[-102.53449,22.92121],[-102.53039,22.92225],[-102.52929,22.91992],[-102.52353,22.91754],[-102.51626,22.91766],[-102.50703,22.92217],[-102.49803,22.92849],[-102.50249,22.92824],[-102.50274,22.92816],[-102.50313,22.92803]]],[[[-102.50928,22.93412],[-102.50403,22.93553],[-102.49896,22.93542],[-102.49841,22.93714],[-102.50967,22.93487],[-102.50928,22.93412]]],[[[-102.49205,22.93173],[-102.49756,22.93075],[-102.49694,22.92826],[-102.49205,22.93173]]],[[[-102.54627,22.91572],[-102.54643,22.91824],[-102.54868,22.9159],[-102.54898,22.91285],[-102.54627,22.91572]]],[[[-102.58527,22.90451],[-102.58664,22.90385],[-102.58665,22.89644],[-102.58561,22.89921],[-102.58324,22.8995],[-102.58527,22.90451]]],[[[-102.58787,22.91285],[-102.58324,22.91135],[-102.58161,22.90629],[-102.58353,22.90535],[-102.58024,22.90513],[-102.58051,22.91438],[-102.58602,22.91548],[-102.58787,22.91285]]],[[[-102.58667,22.89546],[-102.58662,22.89319],[-102.58371,22.89347],[-102.58667,22.89546]]],[[[-102.57364,22.88875],[-102.57546,22.88867],[-102.57468,22.88503],[-102.57364,22.88875]]],[[[-102.5713,22.92231],[-102.57377,22.9247],[-102.57467,22.92307],[-102.5713,22.92231]]],[[[-102.49329,22.94226],[-102.49494,22.9475],[-102.49859,22.95005],[-102.50014,22.948],[-102.49329,22.94226]]],[[[-102.50406,22.9569],[-102.50434,22.96021],[-102.5109,22.95603],[-102.51152,22.95161],[-102.51426,22.95076],[-102.5174,22.94719],[-102.5141,22.94474],[-102.51075,22.94756],[-102.50442,22.94937],[-102.50415,22.95298],[-102.50573,22.95449],[-102.50171,22.9556],[-102.50406,22.9569]]],[[[-102.49115,22.9644],[-102.48753,22.96551],[-102.48968,22.9676],[-102.49438,22.96552],[-102.49564,22.96339],[-102.49653,22.96219],[-102.49783,22.96148],[-102.50254,22.9601],[-102.50121,22.95676],[-102.49716,22.95774],[-102.49438,22.96203],[-102.49115,22.9644]]],[[[-102.49807,22.9861],[-102.50489,22.97882],[-102.50729,22.97781],[-102.50657,22.96886],[-102.50274,22.96466],[-102.5026,22.96087],[-102.49932,22.96147],[-102.49657,22.9625],[-102.49579,22.9638],[-102.49544,22.96578],[-102.49009,22.96849],[-102.49018,22.97161],[-102.49332,22.97156],[-102.48845,22.976],[-102.48677,22.97557],[-102.48533,22.97936],[-102.48836,22.98194],[-102.49358,22.98257],[-102.49294,22.98524],[-102.49807,22.9861]]],[[[-102.52217,22.94813],[-102.5231,22.94582],[-102.52019,22.94607],[-102.52217,22.94813]]],[[[-102.59593,23.03273],[-102.597,23.03164],[-102.59521,23.03179],[-102.59593,23.03273]]],[[[-102.3634,22.9959],[-102.35937,22.99821],[-102.36232,23.00495],[-102.36864,23.00344],[-102.3638,23.00048],[-102.3634,22.9959]]],[[[-102.47735,22.99866],[-102.47172,22.99976],[-102.47234,23.00157],[-102.47735,22.99866]]],[[[-102.62552,23.00444],[-102.62583,23.00463],[-102.62827,23.00427],[-102.63488,23.00631],[-102.64113,23.005],[-102.64064,23.00026],[-102.63575,22.99557],[-102.64237,22.99393],[-102.63767,22.9881],[-102.64046,22.97847],[-102.63981,22.97785],[-102.63958,22.98139],[-102.6364,22.98123],[-102.63648,22.97798],[-102.63323,22.98544],[-102.63108,22.98648],[-102.62576,22.98457],[-102.62401,22.98461],[-102.61686,22.99362],[-102.61575,22.99718],[-102.61793,23.00141],[-102.61699,23.00416],[-102.6255,23.00467],[-102.62552,23.00444]]],[[[-102.62795,22.93876],[-102.62417,22.93567],[-102.61699,22.93505],[-102.61482,22.93707],[-102.60735,22.93795],[-102.60494,22.93918],[-102.60772,22.9443],[-102.60232,22.95089],[-102.60251,22.95419],[-102.60659,22.95783],[-102.61449,22.9593],[-102.61599,22.95762],[-102.6132,22.95128],[-102.6169,22.94965],[-102.62256,22.95168],[-102.62607,22.95456],[-102.62895,22.95692],[-102.63006,22.96527],[-102.63857,22.9679],[-102.63941,22.96696],[-102.64004,22.95605],[-102.64336,22.95596],[-102.63632,22.943],[-102.62908,22.93968],[-102.62898,22.94092],[-102.62795,22.93876]],[[-102.63134,22.94995],[-102.63278,22.94997],[-102.63418,22.95474],[-102.63649,22.95477],[-102.63638,22.9586],[-102.63252,22.95851],[-102.63252,22.95298],[-102.63134,22.94995]]],[[[-102.20213,22.74832],[-102.20861,22.75172],[-102.2112,22.74962],[-102.22467,22.75012],[-102.22479,22.74761],[-102.22778,22.75015],[-102.22794,22.74545],[-102.22424,22.74574],[-102.22435,22.74364],[-102.22712,22.74446],[-102.22732,22.74251],[-102.22792,22.73662],[-102.22837,22.73223],[-102.22829,22.73219],[-102.21751,22.72719],[-102.21608,22.7236],[-102.22428,22.72129],[-102.22522,22.71648],[-102.22955,22.71387],[-102.22847,22.70859],[-102.22514,22.70567],[-102.22048,22.71052],[-102.20764,22.71231],[-102.20313,22.70998],[-102.20104,22.7047],[-102.20109,22.70221],[-102.20492,22.69853],[-102.21018,22.69683],[-102.21281,22.69562],[-102.21301,22.69237],[-102.2084,22.69356],[-102.20722,22.69156],[-102.20412,22.69113],[-102.20013,22.6879],[-102.19839,22.68672],[-102.19525,22.68485],[-102.1943,22.67806],[-102.19004,22.67527],[-102.18966,22.67502],[-102.18937,22.67385],[-102.18733,22.67903],[-102.18653,22.67277],[-102.18942,22.67144],[-102.18946,22.66925],[-102.19367,22.66649],[-102.19386,22.66636],[-102.19659,22.66415],[-102.19617,22.66333],[-102.19559,22.66222],[-102.19165,22.66082],[-102.18936,22.66249],[-102.18506,22.661],[-102.18417,22.66234],[-102.18416,22.66227],[-102.18174,22.65994],[-102.18,22.6599],[-102.17643,22.65983],[-102.16924,22.66198],[-102.1689,22.66423],[-102.16493,22.66584],[-102.16315,22.66446],[-102.16405,22.66112],[-102.16122,22.66061],[-102.1576,22.6653],[-102.15298,22.66448],[-102.15483,22.66806],[-102.16427,22.66909],[-102.16917,22.67657],[-102.16734,22.68193],[-102.16962,22.68807],[-102.17202,22.69161],[-102.17804,22.69453],[-102.18698,22.70239],[-102.18876,22.70787],[-102.18757,22.71017],[-102.18508,22.70888],[-102.18069,22.70431],[-102.1749,22.69973],[-102.16998,22.6928],[-102.16853,22.69194],[-102.16794,22.69159],[-102.16505,22.69335],[-102.16091,22.69066],[-102.16367,22.68906],[-102.16052,22.68692],[-102.15914,22.67986],[-102.16277,22.67345],[-102.15565,22.67229],[-102.15152,22.67237],[-102.1524,22.67752],[-102.15476,22.67839],[-102.15599,22.68167],[-102.1529,22.68163],[-102.15277,22.68808],[-102.15407,22.69702],[-102.15806,22.70283],[-102.16316,22.70408],[-102.16527,22.70665],[-102.16377,22.7125],[-102.16441,22.72192],[-102.16462,22.7276],[-102.16424,22.72872],[-102.16886,22.73771],[-102.16872,22.73801],[-102.16814,22.73877],[-102.16772,22.73932],[-102.1668,22.74053],[-102.16677,22.74188],[-102.17221,22.74293],[-102.16761,22.74409],[-102.16574,22.74202],[-102.16479,22.74347],[-102.16476,22.74512],[-102.16885,22.7474],[-102.17643,22.74724],[-102.1771,22.74723],[-102.17822,22.74751],[-102.18195,22.74533],[-102.19184,22.74521],[-102.19191,22.74146],[-102.19196,22.73513],[-102.20106,22.73347],[-102.203,22.73207],[-102.20352,22.72718],[-102.20866,22.72982],[-102.2072,22.73301],[-102.20658,22.73809],[-102.20594,22.74018],[-102.20588,22.74155],[-102.20249,22.74222],[-102.20247,22.74304],[-102.20244,22.74507],[-102.19733,22.74541],[-102.19195,22.74531],[-102.19185,22.75262],[-102.20677,22.76531],[-102.21022,22.76822],[-102.21157,22.76366],[-102.2086,22.75625],[-102.20728,22.7531],[-102.20199,22.74864],[-102.20213,22.74832]],[[-102.21975,22.7135],[-102.22247,22.71212],[-102.22255,22.7148],[-102.21975,22.7135]]],[[[-102.40879,22.59842],[-102.40457,22.59671],[-102.40399,22.59806],[-102.40879,22.59842]]],[[[-102.41996,22.60016],[-102.41962,22.59966],[-102.41901,22.59976],[-102.41894,22.59978],[-102.41577,22.60198],[-102.41795,22.60256],[-102.41996,22.60016]]],[[[-102.43257,22.61763],[-102.43302,22.61342],[-102.43007,22.61143],[-102.43053,22.61013],[-102.43114,22.61034],[-102.43058,22.60998],[-102.42759,22.60577],[-102.42693,22.6054],[-102.42402,22.60395],[-102.4214,22.60513],[-102.41812,22.60304],[-102.41644,22.60467],[-102.4183,22.60716],[-102.42324,22.60683],[-102.4251,22.60956],[-102.42418,22.61308],[-102.42827,22.61518],[-102.4298,22.61315],[-102.43162,22.61819],[-102.43257,22.61763]]],[[[-102.39004,22.66142],[-102.39288,22.66366],[-102.40066,22.6634],[-102.39982,22.66198],[-102.39989,22.6619],[-102.40287,22.66443],[-102.40675,22.66294],[-102.40868,22.65957],[-102.40251,22.66209],[-102.4005,22.66061],[-102.40131,22.65935],[-102.40135,22.6591],[-102.40133,22.65859],[-102.40108,22.65739],[-102.39644,22.66104],[-102.39099,22.66004],[-102.39004,22.66142]]],[[[-102.36696,22.67168],[-102.36831,22.67165],[-102.36905,22.66611],[-102.36359,22.66766],[-102.36368,22.66965],[-102.36696,22.67168]]],[[[-102.39855,22.64915],[-102.39602,22.64961],[-102.39586,22.65299],[-102.39929,22.65338],[-102.39855,22.64915]]],[[[-102.39415,22.65868],[-102.39675,22.65931],[-102.39792,22.65721],[-102.39415,22.65868]]],[[[-102.36339,22.58755],[-102.36174,22.58415],[-102.35966,22.58641],[-102.36339,22.58755]]],[[[-102.25015,22.59176],[-102.24912,22.58946],[-102.25052,22.58695],[-102.25042,22.5822],[-102.24726,22.58015],[-102.24669,22.57797],[-102.24189,22.5834],[-102.24197,22.58537],[-102.24542,22.58999],[-102.24738,22.59066],[-102.2473,22.59439],[-102.24983,22.59407],[-102.25015,22.59176]]],[[[-102.24096,22.57715],[-102.23828,22.58237],[-102.24084,22.58304],[-102.24343,22.57791],[-102.24096,22.57715]]],[[[-102.26555,22.58167],[-102.2751,22.58188],[-102.27152,22.57858],[-102.26689,22.5777],[-102.26555,22.58167]]],[[[-102.24509,22.5655],[-102.24474,22.5698],[-102.24467,22.57016],[-102.24452,22.57089],[-102.24685,22.57098],[-102.24685,22.56719],[-102.24509,22.5655]]],[[[-102.15856,22.42668],[-102.15986,22.42838],[-102.16288,22.42754],[-102.16759,22.42264],[-102.17214,22.42152],[-102.17122,22.41959],[-102.17203,22.41519],[-102.17911,22.41679],[-102.17953,22.42167],[-102.18513,22.42179],[-102.18776,22.42089],[-102.19162,22.42188],[-102.20348,22.41674],[-102.21315,22.41884],[-102.21628,22.42185],[-102.21699,22.42875],[-102.21501,22.44146],[-102.21865,22.44467],[-102.22219,22.44467],[-102.22371,22.44417],[-102.23005,22.43758],[-102.23682,22.43759],[-102.23901,22.43514],[-102.24003,22.43753],[-102.24154,22.43822],[-102.24068,22.43305],[-102.24122,22.428],[-102.24675,22.43014],[-102.24623,22.4253],[-102.25706,22.42347],[-102.25787,22.42671],[-102.25283,22.43143],[-102.25386,22.43332],[-102.25244,22.43664],[-102.25441,22.43755],[-102.25925,22.43921],[-102.26432,22.43763],[-102.2644,22.43349],[-102.26269,22.42757],[-102.26187,22.42083],[-102.25949,22.41622],[-102.2638,22.40911],[-102.2639,22.40895],[-102.25394,22.39427],[-102.25072,22.38803],[-102.25044,22.38767],[-102.25029,22.38748],[-102.24997,22.38729],[-102.24964,22.38714],[-102.24943,22.38668],[-102.24908,22.38609],[-102.24898,22.38579],[-102.2433,22.37844],[-102.24274,22.37874],[-102.24255,22.37884],[-102.23872,22.38089],[-102.24104,22.38315],[-102.23836,22.38839],[-102.23694,22.38571],[-102.23425,22.3876],[-102.23392,22.38976],[-102.23673,22.38834],[-102.23856,22.39078],[-102.2374,22.39491],[-102.23642,22.39252],[-102.23572,22.39591],[-102.23294,22.39422],[-102.23219,22.39545],[-102.22683,22.39063],[-102.21882,22.3896],[-102.2146,22.38717],[-102.21757,22.3858],[-102.21581,22.38504],[-102.2217,22.38326],[-102.22098,22.38012],[-102.2232,22.38069],[-102.21941,22.37606],[-102.22519,22.37516],[-102.22654,22.37376],[-102.2256,22.37325],[-102.22333,22.37134],[-102.21199,22.3727],[-102.21199,22.36775],[-102.20915,22.368],[-102.20759,22.3714],[-102.20505,22.36935],[-102.19534,22.37399],[-102.19181,22.37781],[-102.19161,22.37566],[-102.18856,22.37438],[-102.18758,22.37802],[-102.19066,22.37727],[-102.18975,22.38015],[-102.18483,22.37799],[-102.18129,22.37829],[-102.1807,22.38005],[-102.17692,22.38031],[-102.1767,22.37775],[-102.17291,22.37749],[-102.17294,22.3757],[-102.16888,22.37536],[-102.1686,22.3644],[-102.16755,22.36747],[-102.15574,22.37132],[-102.1544,22.37522],[-102.15402,22.37677],[-102.15374,22.37792],[-102.15334,22.37955],[-102.15174,22.38324],[-102.15232,22.38506],[-102.1486,22.38761],[-102.14782,22.38928],[-102.15117,22.38852],[-102.1489,22.39096],[-102.15125,22.39091],[-102.1512,22.39331],[-102.15382,22.40066],[-102.16026,22.4039],[-102.16191,22.40578],[-102.16194,22.4093],[-102.16196,22.41009],[-102.16152,22.41262],[-102.16377,22.41549],[-102.15856,22.42668]],[[-102.24183,22.4208],[-102.24575,22.42076],[-102.24596,22.42246],[-102.24262,22.42261],[-102.24183,22.4208]],[[-102.23335,22.41702],[-102.23515,22.41468],[-102.23894,22.41568],[-102.23807,22.41747],[-102.23335,22.41702]],[[-102.24404,22.41035],[-102.24068,22.40951],[-102.2416,22.40692],[-102.2438,22.40705],[-102.24404,22.41035]],[[-102.22285,22.42768],[-102.2276,22.42748],[-102.22537,22.4291],[-102.22039,22.42844],[-102.22285,22.42768]]],[[[-102.10286,22.50228],[-102.10489,22.50063],[-102.10536,22.5004],[-102.10626,22.49997],[-102.1039,22.49844],[-102.10001,22.50234],[-102.09368,22.49779],[-102.09307,22.50021],[-102.09773,22.5022],[-102.09682,22.50468],[-102.09883,22.50669],[-102.09914,22.50362],[-102.10078,22.50775],[-102.1031,22.50971],[-102.10254,22.50423],[-102.10286,22.50228]]],[[[-102.10617,22.52623],[-102.10255,22.52568],[-102.0985,22.52506],[-102.09008,22.52383],[-102.07717,22.5243],[-102.07714,22.52431],[-102.07647,22.528],[-102.0769,22.53358],[-102.07135,22.53245],[-102.07226,22.52998],[-102.06788,22.53117],[-102.06822,22.52808],[-102.07154,22.52809],[-102.06866,22.52661],[-102.06723,22.52555],[-102.06449,22.52326],[-102.0599,22.52391],[-102.05765,22.52783],[-102.05831,22.53566],[-102.08173,22.53642],[-102.08494,22.54082],[-102.08859,22.54769],[-102.09147,22.55104],[-102.08817,22.54986],[-102.08721,22.5541],[-102.09104,22.55294],[-102.09282,22.55207],[-102.09293,22.54685],[-102.09118,22.53996],[-102.08702,22.53447],[-102.10063,22.53367],[-102.10206,22.52926],[-102.10347,22.52931],[-102.10133,22.53362],[-102.10534,22.53331],[-102.10781,22.52954],[-102.11116,22.52706],[-102.11531,22.52398],[-102.11415,22.51946],[-102.10406,22.51156],[-102.10354,22.51056],[-102.10023,22.5106],[-102.10046,22.51574],[-102.10795,22.51751],[-102.11081,22.51941],[-102.10938,22.52661],[-102.10617,22.52623]]],[[[-101.848,22.48776],[-101.84807,22.48986],[-101.85083,22.48758],[-101.848,22.48776]]],[[[-101.80901,22.44783],[-101.81104,22.44515],[-101.80995,22.44301],[-101.80766,22.44793],[-101.80901,22.44783]]],[[[-101.97485,22.46285],[-101.98267,22.46338],[-101.98175,22.46032],[-101.9749,22.45973],[-101.97485,22.46285]]],[[[-101.86653,22.39698],[-101.86713,22.40156],[-101.86816,22.39864],[-101.86653,22.39698]]],[[[-101.94721,22.37304],[-101.94861,22.37377],[-101.94891,22.36429],[-101.94324,22.36529],[-101.94782,22.37044],[-101.94721,22.37304]]],[[[-101.93877,22.36247],[-101.94069,22.36567],[-101.9415,22.36384],[-101.93877,22.36247]]],[[[-101.93563,22.35532],[-101.93542,22.35463],[-101.92919,22.35216],[-101.92521,22.35211],[-101.92243,22.35039],[-101.92322,22.353],[-101.9172,22.35295],[-101.91758,22.35464],[-101.92227,22.35557],[-101.92635,22.35435],[-101.93277,22.35641],[-101.93563,22.35532]]],[[[-101.85425,22.42893],[-101.85647,22.42773],[-101.85339,22.42631],[-101.85354,22.4209],[-101.85046,22.41727],[-101.84669,22.41825],[-101.84795,22.42103],[-101.85255,22.42187],[-101.85083,22.42528],[-101.85425,22.42893]]],[[[-101.82597,22.39469],[-101.82734,22.39354],[-101.81917,22.39344],[-101.81898,22.39453],[-101.82597,22.39469]]],[[[-101.815,22.3867],[-101.81659,22.3882],[-101.82005,22.38156],[-101.81857,22.37944],[-101.81605,22.38653],[-101.815,22.3867]]],[[[-101.88868,22.32681],[-101.88906,22.32697],[-101.89034,22.32753],[-101.8907,22.32766],[-101.893,22.32767],[-101.89448,22.32797],[-101.89252,22.32637],[-101.88975,22.32546],[-101.88634,22.32336],[-101.88602,22.32313],[-101.88461,22.3221],[-101.88357,22.32542],[-101.88255,22.32965],[-101.87649,22.32932],[-101.87346,22.33331],[-101.87495,22.33432],[-101.8703,22.33515],[-101.86937,22.3375],[-101.87505,22.33563],[-101.87953,22.33595],[-101.88447,22.33201],[-101.8858,22.32877],[-101.88868,22.32681]]],[[[-102.75669,21.32997],[-102.75589,21.33335],[-102.75867,21.33402],[-102.75918,21.33443],[-102.75925,21.33448],[-102.75952,21.33523],[-102.75922,21.33284],[-102.7573,21.33274],[-102.75669,21.32997]]],[[[-102.75912,21.32818],[-102.75908,21.32797],[-102.75768,21.32922],[-102.75912,21.32818]]],[[[-102.75671,21.32441],[-102.75667,21.32437],[-102.75626,21.32388],[-102.75583,21.32339],[-102.75589,21.32437],[-102.75716,21.3258],[-102.75749,21.32623],[-102.7584,21.32675],[-102.75671,21.32441]]],[[[-102.77602,21.55795],[-102.77602,21.55787],[-102.7759,21.55778],[-102.77602,21.55795]]],[[[-102.77717,21.579],[-102.77815,21.58069],[-102.77904,21.58103],[-102.77898,21.58027],[-102.77717,21.579]]],[[[-102.77607,21.56997],[-102.77517,21.56943],[-102.7773,21.57307],[-102.77639,21.57653],[-102.77663,21.57754],[-102.77792,21.5734],[-102.77607,21.56997]]],[[[-102.77415,21.56378],[-102.7726,21.56315],[-102.77234,21.56864],[-102.77454,21.5671],[-102.77534,21.56553],[-102.77415,21.56378]]],[[[-102.81138,21.50255],[-102.8183,21.50488],[-102.81499,21.50586],[-102.81538,21.50796],[-102.82149,21.50502],[-102.81879,21.50383],[-102.82038,21.50172],[-102.82812,21.50224],[-102.82576,21.50552],[-102.82971,21.50497],[-102.83028,21.50102],[-102.83359,21.50125],[-102.83649,21.49869],[-102.83948,21.50091],[-102.83895,21.50439],[-102.84115,21.50303],[-102.84018,21.50708],[-102.83728,21.50928],[-102.84068,21.5087],[-102.84261,21.50493],[-102.84185,21.50267],[-102.84552,21.49814],[-102.84521,21.49598],[-102.84106,21.49466],[-102.8404,21.49787],[-102.83831,21.49742],[-102.83456,21.49942],[-102.83308,21.49806],[-102.82858,21.49955],[-102.82218,21.49885],[-102.82377,21.49502],[-102.81641,21.4957],[-102.81497,21.4977],[-102.82045,21.49853],[-102.81762,21.50057],[-102.81237,21.5015],[-102.81138,21.50255]]],[[[-102.82013,21.40632],[-102.82015,21.40633],[-102.82058,21.4055],[-102.82149,21.40466],[-102.82182,21.40466],[-102.82265,21.40466],[-102.82267,21.40458],[-102.82281,21.40403],[-102.82397,21.39952],[-102.82634,21.39645],[-102.82756,21.39538],[-102.8293,21.39227],[-102.82913,21.39161],[-102.82799,21.38844],[-102.82586,21.38813],[-102.82376,21.39036],[-102.821,21.38936],[-102.82152,21.38557],[-102.81972,21.38564],[-102.81809,21.38043],[-102.82105,21.37894],[-102.82222,21.37487],[-102.81964,21.37353],[-102.81807,21.37208],[-102.8162,21.37034],[-102.81182,21.36719],[-102.81304,21.37076],[-102.80808,21.3727],[-102.81023,21.37476],[-102.81008,21.37193],[-102.81336,21.37141],[-102.81645,21.37291],[-102.81596,21.3767],[-102.81198,21.37644],[-102.81555,21.37987],[-102.81891,21.39021],[-102.82079,21.39202],[-102.82087,21.3921],[-102.8226,21.39418],[-102.82191,21.39434],[-102.81867,21.395],[-102.81813,21.39473],[-102.81553,21.39339],[-102.81488,21.39072],[-102.81284,21.39311],[-102.81033,21.39093],[-102.81473,21.3901],[-102.81391,21.38675],[-102.81157,21.38416],[-102.81097,21.38447],[-102.80972,21.38512],[-102.80973,21.39012],[-102.80841,21.39139],[-102.80903,21.39843],[-102.81176,21.40195],[-102.81764,21.40251],[-102.81771,21.40583],[-102.81854,21.406],[-102.82013,21.40632]]],[[[-102.80548,21.3551],[-102.80516,21.35387],[-102.80101,21.35427],[-102.80186,21.35644],[-102.80548,21.3551]]],[[[-102.83064,21.37265],[-102.83014,21.37219],[-102.82971,21.37272],[-102.83064,21.37265]]],[[[-102.80655,21.36455],[-102.81099,21.36636],[-102.81069,21.36517],[-102.80655,21.36455]]],[[[-102.77398,21.35332],[-102.77115,21.35173],[-102.77099,21.3516],[-102.76859,21.34966],[-102.76811,21.35094],[-102.77131,21.35401],[-102.77186,21.35455],[-102.77262,21.35497],[-102.77398,21.35332]]],[[[-102.78694,21.35471],[-102.77555,21.35346],[-102.77858,21.35553],[-102.78694,21.35471]]],[[[-102.78654,21.34846],[-102.78646,21.34845],[-102.78621,21.34858],[-102.78658,21.34858],[-102.78654,21.34846]]],[[[-102.78027,21.34555],[-102.78018,21.34504],[-102.77988,21.34471],[-102.77935,21.34428],[-102.77924,21.34385],[-102.77842,21.34363],[-102.77649,21.34514],[-102.78039,21.34814],[-102.78027,21.34555]]],[[[-102.77389,21.34078],[-102.77285,21.33988],[-102.77264,21.33951],[-102.77249,21.33926],[-102.77265,21.34087],[-102.76865,21.33968],[-102.76729,21.34092],[-102.77099,21.34206],[-102.77389,21.34078]]],[[[-102.76089,21.34488],[-102.76107,21.34416],[-102.75898,21.34356],[-102.75952,21.34472],[-102.75968,21.34506],[-102.76012,21.34599],[-102.76089,21.34488]]],[[[-102.78548,21.35955],[-102.78726,21.36083],[-102.78739,21.35525],[-102.78548,21.35955]]],[[[-102.79145,21.36486],[-102.79226,21.3693],[-102.79614,21.36884],[-102.79679,21.37089],[-102.79721,21.37119],[-102.80019,21.36575],[-102.79891,21.36429],[-102.79752,21.35717],[-102.79528,21.35633],[-102.79461,21.35907],[-102.79306,21.35591],[-102.79261,21.35876],[-102.79457,21.36158],[-102.79197,21.36248],[-102.79145,21.36486]]],[[[-102.80917,21.36275],[-102.80902,21.36237],[-102.80843,21.36079],[-102.80556,21.3554],[-102.80197,21.35671],[-102.80312,21.36236],[-102.80917,21.36275]]],[[[-102.82748,21.37835],[-102.82897,21.37571],[-102.82557,21.37528],[-102.82748,21.37835]]],[[[-102.8622,21.50031],[-102.8655,21.49869],[-102.8621,21.49735],[-102.8622,21.50031]]],[[[-102.88705,21.50312],[-102.89252,21.50143],[-102.89086,21.49947],[-102.88705,21.50312]]],[[[-102.64791,22.86207],[-102.64573,22.86305],[-102.638,22.86396],[-102.63767,22.86481],[-102.64372,22.87124],[-102.64725,22.87286],[-102.65525,22.87975],[-102.64791,22.86207]]],[[[-102.61884,22.79749],[-102.6166,22.79457],[-102.61864,22.79269],[-102.61469,22.79357],[-102.61294,22.79593],[-102.61421,22.79772],[-102.6103,22.7978],[-102.61396,22.80083],[-102.61636,22.79916],[-102.61663,22.79614],[-102.61884,22.79749]]],[[[-102.65615,22.87986],[-102.66155,22.88049],[-102.66896,22.88375],[-102.66926,22.87861],[-102.66822,22.87633],[-102.66405,22.87368],[-102.6703,22.86982],[-102.67614,22.873],[-102.67743,22.87046],[-102.67488,22.86818],[-102.67884,22.86609],[-102.67067,22.86389],[-102.66834,22.86128],[-102.66511,22.86244],[-102.66012,22.85973],[-102.65445,22.85845],[-102.64853,22.86178],[-102.65363,22.8623],[-102.65198,22.86989],[-102.65615,22.87986]]],[[[-102.6125,22.80868],[-102.61155,22.80473],[-102.61706,22.8032],[-102.61307,22.80243],[-102.60784,22.80323],[-102.6108,22.80863],[-102.6125,22.80868]]],[[[-102.61468,22.81713],[-102.61404,22.8161],[-102.61282,22.8153],[-102.60684,22.81701],[-102.61045,22.82213],[-102.61111,22.81734],[-102.61468,22.81713]]],[[[-103.40155,22.19491],[-103.3987,22.19407],[-103.39627,22.19958],[-103.39772,22.20257],[-103.39518,22.20314],[-103.39334,22.20946],[-103.39234,22.20935],[-103.38979,22.21473],[-103.39462,22.21697],[-103.39751,22.21047],[-103.39986,22.21294],[-103.40879,22.21334],[-103.40362,22.21168],[-103.40606,22.21111],[-103.40448,22.20798],[-103.41039,22.2087],[-103.41162,22.20392],[-103.40863,22.20043],[-103.41046,22.19979],[-103.41071,22.19664],[-103.40803,22.19754],[-103.40694,22.19573],[-103.41109,22.19342],[-103.40792,22.19092],[-103.40749,22.19284],[-103.40416,22.19101],[-103.40155,22.19491]]],[[[-103.41116,22.18087],[-103.40465,22.18992],[-103.40796,22.19087],[-103.40904,22.18748],[-103.41307,22.1881],[-103.41396,22.18286],[-103.41027,22.18249],[-103.41116,22.18087]]],[[[-103.44885,22.3034],[-103.44925,22.30353],[-103.44746,22.29985],[-103.44645,22.29813],[-103.44485,22.30091],[-103.44721,22.30288],[-103.44885,22.3034]]],[[[-103.46142,22.26185],[-103.46179,22.26418],[-103.46439,22.26209],[-103.46283,22.25652],[-103.46094,22.25725],[-103.46142,22.26185]]],[[[-103.47576,22.24416],[-103.47658,22.24262],[-103.47315,22.23992],[-103.47413,22.23808],[-103.47157,22.23721],[-103.46884,22.24177],[-103.47576,22.24416]]],[[[-103.43397,22.23965],[-103.43536,22.23947],[-103.43134,22.2338],[-103.42925,22.23485],[-103.43023,22.23928],[-103.43333,22.23774],[-103.43397,22.23965]]],[[[-103.38597,22.2327],[-103.38952,22.23461],[-103.39281,22.23151],[-103.38542,22.22813],[-103.38351,22.23052],[-103.38597,22.2327]]],[[[-103.47915,22.2357],[-103.48126,22.23136],[-103.48197,22.22808],[-103.47721,22.23082],[-103.47514,22.22962],[-103.47436,22.23564],[-103.47915,22.2357]]],[[[-103.51257,22.23222],[-103.5141,22.23103],[-103.51881,22.23154],[-103.52057,22.22959],[-103.51379,22.22797],[-103.51257,22.23222]]],[[[-103.50707,22.23107],[-103.50949,22.23173],[-103.511,22.22986],[-103.50863,22.22917],[-103.50707,22.23107]]],[[[-103.52573,22.2366],[-103.52496,22.23439],[-103.52147,22.23339],[-103.52057,22.23523],[-103.51328,22.23486],[-103.51768,22.23634],[-103.51868,22.23904],[-103.52179,22.23893],[-103.52303,22.23602],[-103.52573,22.2366]]],[[[-103.4534,22.2517],[-103.45752,22.24942],[-103.45561,22.24496],[-103.45104,22.24703],[-103.45136,22.25142],[-103.4534,22.2517]]],[[[-103.41068,22.21106],[-103.41045,22.2137],[-103.41579,22.21436],[-103.4168,22.20874],[-103.41354,22.2065],[-103.41068,22.21106]]],[[[-103.4536,22.21083],[-103.45826,22.21065],[-103.45942,22.20874],[-103.46393,22.20838],[-103.46433,22.20689],[-103.45652,22.20708],[-103.45645,22.21057],[-103.4536,22.21083]]],[[[-103.46471,22.20989],[-103.46053,22.21022],[-103.4605,22.2119],[-103.45359,22.2123],[-103.45331,22.21548],[-103.46481,22.21458],[-103.46649,22.20982],[-103.46471,22.20989]]],[[[-103.41652,22.20229],[-103.41841,22.19984],[-103.41626,22.19935],[-103.41652,22.20229]]],[[[-103.62659,22.17081],[-103.62638,22.17115],[-103.62978,22.17252],[-103.63137,22.1683],[-103.62744,22.16776],[-103.62706,22.17006],[-103.62659,22.17081]]],[[[-103.63327,22.16034],[-103.63634,22.15901],[-103.63451,22.15799],[-103.63327,22.16034]]],[[[-103.62815,22.1329],[-103.63253,22.12901],[-103.62803,22.1292],[-103.62815,22.1329]]],[[[-103.6405,22.1331],[-103.63876,22.12962],[-103.63745,22.13239],[-103.6405,22.1331]]],[[[-103.62274,22.11538],[-103.62563,22.11519],[-103.62322,22.11296],[-103.62274,22.11538]]],[[[-103.34185,21.92021],[-103.34345,21.91696],[-103.34051,21.91962],[-103.34185,21.92021]]],[[[-103.34173,21.92284],[-103.3417,21.92265],[-103.33993,21.92131],[-103.33545,21.9215],[-103.33669,21.9247],[-103.33864,21.92266],[-103.34173,21.92284]]],[[[-103.2668,21.96416],[-103.26991,21.96251],[-103.26905,21.96092],[-103.26485,21.96048],[-103.2668,21.96416]]],[[[-103.21852,21.96762],[-103.21973,21.96806],[-103.22364,21.96801],[-103.2238,21.97063],[-103.22387,21.97083],[-103.22778,21.97175],[-103.22801,21.96904],[-103.23029,21.96824],[-103.23123,21.96129],[-103.22917,21.95574],[-103.23222,21.95542],[-103.23392,21.952],[-103.22933,21.95308],[-103.23297,21.95059],[-103.23127,21.9496],[-103.2282,21.95151],[-103.22678,21.95959],[-103.22354,21.96066],[-103.22622,21.96182],[-103.23028,21.96158],[-103.22927,21.96341],[-103.22281,21.96323],[-103.21914,21.96441],[-103.21852,21.96762]]],[[[-103.22183,21.95812],[-103.21956,21.95985],[-103.22246,21.96052],[-103.22183,21.95812]]],[[[-103.2489,21.94873],[-103.2517,21.95031],[-103.25308,21.94811],[-103.2489,21.94873]]],[[[-103.23286,21.94746],[-103.23508,21.94413],[-103.23883,21.94415],[-103.23145,21.94103],[-103.23117,21.94683],[-103.23286,21.94746]]],[[[-103.22991,21.94306],[-103.23237,21.93716],[-103.23798,21.93863],[-103.23764,21.93696],[-103.24144,21.93779],[-103.2413,21.93969],[-103.24647,21.93853],[-103.24795,21.93989],[-103.24936,21.93725],[-103.24288,21.93707],[-103.23795,21.9356],[-103.23487,21.93227],[-103.22526,21.93291],[-103.22561,21.93643],[-103.22816,21.93751],[-103.22625,21.94062],[-103.22991,21.94306]]],[[[-103.29641,21.94045],[-103.29771,21.93655],[-103.29497,21.93649],[-103.2935,21.93993],[-103.29179,21.93913],[-103.28865,21.94278],[-103.28931,21.94698],[-103.29178,21.94759],[-103.29331,21.94502],[-103.29182,21.94353],[-103.29356,21.94008],[-103.29641,21.94045]]],[[[-103.28835,21.95332],[-103.29108,21.95063],[-103.28565,21.94952],[-103.28876,21.9515],[-103.28835,21.95332]]],[[[-103.27991,21.95617],[-103.28223,21.95581],[-103.28319,21.95343],[-103.28602,21.95361],[-103.28654,21.9517],[-103.28272,21.95062],[-103.28253,21.9483],[-103.27523,21.94888],[-103.27191,21.95],[-103.2734,21.95329],[-103.27673,21.95456],[-103.27617,21.95705],[-103.27911,21.9563],[-103.27991,21.95617]]],[[[-103.24553,21.95951],[-103.24923,21.95979],[-103.24996,21.95446],[-103.24595,21.9553],[-103.24553,21.95951]]],[[[-103.26162,21.94826],[-103.26032,21.94641],[-103.25667,21.94767],[-103.26162,21.94826]]],[[[-103.24468,21.94673],[-103.24626,21.94545],[-103.23952,21.94469],[-103.24468,21.94673]]],[[[-103.25589,21.93584],[-103.25426,21.93767],[-103.25802,21.93824],[-103.25589,21.93584]]],[[[-103.25691,21.92804],[-103.25511,21.92986],[-103.25754,21.9313],[-103.25691,21.92804]]],[[[-103.31878,21.92435],[-103.31807,21.92423],[-103.31694,21.92565],[-103.31878,21.92435]]],[[[-103.32652,21.92404],[-103.3332,21.92074],[-103.32646,21.92189],[-103.32547,21.92355],[-103.32652,21.92404]]],[[[-103.31544,21.9323],[-103.31557,21.93256],[-103.31645,21.93263],[-103.31544,21.9323]]],[[[-103.35824,21.90516],[-103.35977,21.90531],[-103.36103,21.90035],[-103.35824,21.90516]]],[[[-103.2311,21.92413],[-103.23674,21.92637],[-103.23726,21.92368],[-103.23312,21.92233],[-103.2311,21.92413]]],[[[-103.27018,21.92062],[-103.26732,21.92363],[-103.27013,21.9233],[-103.27233,21.92037],[-103.27018,21.92062]]],[[[-103.47777,24.32045],[-103.47892,24.31963],[-103.47485,24.31933],[-103.47085,24.32127],[-103.47732,24.3206],[-103.47777,24.32045]]],[[[-103.4749,24.31259],[-103.47895,24.31525],[-103.48251,24.31497],[-103.47998,24.3076],[-103.47159,24.30174],[-103.4667,24.29343],[-103.46296,24.29404],[-103.46725,24.2971],[-103.46596,24.29956],[-103.46176,24.29852],[-103.46507,24.3002],[-103.46655,24.30474],[-103.46672,24.30529],[-103.46697,24.30605],[-103.46891,24.30781],[-103.47204,24.30857],[-103.47372,24.31113],[-103.4749,24.31259]]],[[[-103.505,24.28483],[-103.50152,24.28262],[-103.49774,24.2827],[-103.49707,24.28494],[-103.49412,24.28165],[-103.49039,24.28163],[-103.49056,24.27982],[-103.48782,24.27864],[-103.48318,24.28006],[-103.47898,24.2833],[-103.47624,24.28123],[-103.47562,24.28091],[-103.47367,24.2827],[-103.46847,24.28051],[-103.46796,24.28204],[-103.47116,24.28439],[-103.47051,24.28637],[-103.464,24.28832],[-103.4667,24.2901],[-103.46708,24.28954],[-103.4706,24.2892],[-103.47753,24.28852],[-103.48438,24.28653],[-103.49023,24.28773],[-103.50479,24.28767],[-103.505,24.28483]]],[[[-103.50919,24.28356],[-103.51413,24.28388],[-103.51447,24.2839],[-103.52019,24.28426],[-103.52218,24.27842],[-103.51625,24.27835],[-103.51609,24.27041],[-103.51813,24.26962],[-103.51835,24.26782],[-103.51537,24.2704],[-103.5144,24.27453],[-103.51097,24.27668],[-103.50936,24.2732],[-103.50809,24.27621],[-103.50893,24.28297],[-103.50919,24.28356]]],[[[-103.52246,24.2846],[-103.52468,24.28502],[-103.52594,24.28525],[-103.53012,24.28581],[-103.5278,24.28362],[-103.52354,24.28255],[-103.5212,24.28436],[-103.52215,24.28454],[-103.52246,24.2846]]],[[[-103.49737,24.25566],[-103.4975,24.25441],[-103.49984,24.25205],[-103.50406,24.24563],[-103.50412,24.24119],[-103.50775,24.23431],[-103.50348,24.23402],[-103.49728,24.23168],[-103.4953,24.23304],[-103.49468,24.22997],[-103.49245,24.22846],[-103.48922,24.23213],[-103.48812,24.22734],[-103.48835,24.22265],[-103.48543,24.22404],[-103.48715,24.22771],[-103.48582,24.23519],[-103.48725,24.23639],[-103.48621,24.24045],[-103.48747,24.24206],[-103.48859,24.24198],[-103.48927,24.24272],[-103.48997,24.24347],[-103.48998,24.24348],[-103.49234,24.24603],[-103.49446,24.24511],[-103.49497,24.24132],[-103.49756,24.23891],[-103.50174,24.23464],[-103.5011,24.23837],[-103.49818,24.24068],[-103.50014,24.24627],[-103.4959,24.24934],[-103.49477,24.25045],[-103.49397,24.25902],[-103.49634,24.26268],[-103.49758,24.26096],[-103.49738,24.25586],[-103.49737,24.25566]]],[[[-103.478,24.23088],[-103.47682,24.2353],[-103.47529,24.24375],[-103.47996,24.24595],[-103.48171,24.25223],[-103.48174,24.25302],[-103.48064,24.25506],[-103.47711,24.25906],[-103.47496,24.25772],[-103.47605,24.25529],[-103.47269,24.25635],[-103.4743,24.25705],[-103.47053,24.25889],[-103.4699,24.25962],[-103.46956,24.2607],[-103.47157,24.26131],[-103.47183,24.26123],[-103.47615,24.25901],[-103.47991,24.261],[-103.48093,24.25897],[-103.48481,24.26182],[-103.48911,24.26246],[-103.49006,24.25974],[-103.49113,24.26276],[-103.49204,24.2629],[-103.4927,24.26299],[-103.49161,24.25711],[-103.49169,24.25528],[-103.49002,24.24853],[-103.48757,24.24388],[-103.48195,24.23625],[-103.47794,24.23253],[-103.478,24.23088]]],[[[-103.48177,24.21554],[-103.48364,24.22027],[-103.48495,24.21524],[-103.48334,24.21725],[-103.48177,24.21554]]],[[[-103.44992,24.24383],[-103.44999,24.24267],[-103.45005,24.24096],[-103.45001,24.23986],[-103.44659,24.23987],[-103.44666,24.23631],[-103.45061,24.23768],[-103.45086,24.23733],[-103.4478,24.2335],[-103.44738,24.22932],[-103.44229,24.22948],[-103.44447,24.22625],[-103.44942,24.23005],[-103.44908,24.22804],[-103.44912,24.22709],[-103.44913,24.22686],[-103.44919,24.22529],[-103.44639,24.22442],[-103.44793,24.22294],[-103.44546,24.22001],[-103.44462,24.2212],[-103.44257,24.21718],[-103.4438,24.21309],[-103.44919,24.21775],[-103.45532,24.22089],[-103.45129,24.2173],[-103.45044,24.21408],[-103.44829,24.21243],[-103.45021,24.21135],[-103.4474,24.20832],[-103.44116,24.21127],[-103.4359,24.21942],[-103.43269,24.22043],[-103.42962,24.22863],[-103.42837,24.23352],[-103.42669,24.23784],[-103.42235,24.24112],[-103.42143,24.24156],[-103.42082,24.24425],[-103.42635,24.2499],[-103.42813,24.25405],[-103.42894,24.2502],[-103.43142,24.24936],[-103.4339,24.24579],[-103.4309,24.25525],[-103.43776,24.25814],[-103.439,24.25552],[-103.44519,24.25321],[-103.44278,24.24736],[-103.44538,24.24366],[-103.44992,24.24383]]],[[[-103.56245,24.23033],[-103.56296,24.22887],[-103.56311,24.22818],[-103.56307,24.22767],[-103.56291,24.22748],[-103.56244,24.22248],[-103.55892,24.22722],[-103.55713,24.22681],[-103.55678,24.2298],[-103.56245,24.23033]]],[[[-103.55832,24.2553],[-103.55862,24.25687],[-103.56081,24.25891],[-103.55928,24.26031],[-103.56225,24.2618],[-103.56326,24.26227],[-103.56413,24.26268],[-103.56502,24.26381],[-103.56544,24.26873],[-103.56756,24.26885],[-103.56738,24.26613],[-103.56698,24.26529],[-103.56659,24.26446],[-103.56561,24.2624],[-103.5656,24.26033],[-103.56475,24.26012],[-103.56466,24.2573],[-103.56315,24.25716],[-103.56292,24.25694],[-103.56226,24.25333],[-103.56196,24.25572],[-103.55832,24.2553]]],[[[-103.56452,24.27134],[-103.56439,24.27171],[-103.56787,24.27479],[-103.56854,24.27035],[-103.56745,24.27027],[-103.56452,24.27134]]],[[[-103.55556,24.2453],[-103.55798,24.24586],[-103.55662,24.24318],[-103.55556,24.2453]]],[[[-103.4828,24.2108],[-103.481,24.21257],[-103.48543,24.2116],[-103.4828,24.2108]]],[[[-103.43059,24.26113],[-103.4324,24.25788],[-103.43415,24.25849],[-103.43067,24.25626],[-103.43059,24.26113]]],[[[-103.42317,24.24825],[-103.42227,24.25125],[-103.41502,24.25442],[-103.41092,24.25426],[-103.41172,24.25605],[-103.41693,24.25987],[-103.41813,24.26215],[-103.42122,24.26484],[-103.42005,24.26935],[-103.41867,24.27043],[-103.414,24.27281],[-103.41594,24.2779],[-103.41517,24.27928],[-103.42476,24.27692],[-103.43446,24.28188],[-103.43413,24.27687],[-103.43582,24.27437],[-103.43937,24.27352],[-103.43412,24.2726],[-103.43341,24.26974],[-103.42758,24.26454],[-103.42748,24.26187],[-103.43031,24.26119],[-103.42317,24.24825]]],[[[-103.36004,24.19959],[-103.36091,24.20454],[-103.3674,24.20193],[-103.36783,24.19991],[-103.35978,24.19537],[-103.35881,24.19659],[-103.35472,24.19472],[-103.35587,24.19773],[-103.36004,24.19959]]],[[[-103.53422,24.15706],[-103.53772,24.15694],[-103.53773,24.15515],[-103.54119,24.15501],[-103.53891,24.15139],[-103.54123,24.14816],[-103.53415,24.14776],[-103.53422,24.15706]]],[[[-103.54477,24.14762],[-103.54904,24.14843],[-103.54977,24.14722],[-103.54477,24.14762]]],[[[-103.42198,24.1556],[-103.42238,24.15724],[-103.42239,24.15731],[-103.4231,24.15784],[-103.42198,24.1556]]],[[[-103.67504,24.11277],[-103.68099,24.11373],[-103.68924,24.11287],[-103.68727,24.1103],[-103.67504,24.11277]]],[[[-103.64133,24.09194],[-103.64761,24.09459],[-103.65205,24.09787],[-103.65314,24.09634],[-103.65011,24.09382],[-103.64715,24.09414],[-103.64566,24.09021],[-103.64451,24.09202],[-103.64133,24.09194]]],[[[-103.68363,24.01233],[-103.68246,24.01574],[-103.68548,24.02045],[-103.68539,24.01477],[-103.68363,24.01233]]],[[[-103.67461,24.08927],[-103.67631,24.0852],[-103.67396,24.08726],[-103.67461,24.08927]]],[[[-103.6875,24.0204],[-103.68811,24.02039],[-103.69207,24.01867],[-103.68803,24.01797],[-103.6875,24.0204]]],[[[-103.46435,24.1041],[-103.46688,24.10166],[-103.46688,24.09845],[-103.46175,24.09737],[-103.46435,24.10134],[-103.46435,24.1041]]],[[[-103.50572,24.03953],[-103.50154,24.03502],[-103.49071,24.03372],[-103.48741,24.03198],[-103.48439,24.0321],[-103.4801,24.02789],[-103.47261,24.02686],[-103.46961,24.02221],[-103.46706,24.02356],[-103.47292,24.02755],[-103.46656,24.02755],[-103.4667,24.02375],[-103.46264,24.02042],[-103.46181,24.02111],[-103.46392,24.02203],[-103.46278,24.02932],[-103.46458,24.03528],[-103.46587,24.03514],[-103.46708,24.02991],[-103.47481,24.03023],[-103.47889,24.03208],[-103.4789,24.02983],[-103.48541,24.03503],[-103.4885,24.03664],[-103.49949,24.03492],[-103.50572,24.03953]]],[[[-103.48686,24.08391],[-103.4874,24.0839],[-103.48743,24.0715],[-103.48631,24.07315],[-103.48614,24.08141],[-103.48686,24.08391]]],[[[-103.47641,24.05658],[-103.47739,24.05659],[-103.47755,24.04939],[-103.4764,24.05155],[-103.47641,24.05658]]],[[[-103.59434,24.02923],[-103.59182,24.03289],[-103.59258,24.034],[-103.5949,24.03141],[-103.59434,24.02923]]],[[[-103.42132,24.31366],[-103.41747,24.31302],[-103.42206,24.31465],[-103.42207,24.31306],[-103.42132,24.31366]]],[[[-103.41787,24.31068],[-103.41795,24.31075],[-103.4189,24.3095],[-103.4156,24.30673],[-103.41787,24.31068]]],[[[-103.45699,24.30654],[-103.45902,24.30446],[-103.45977,24.30064],[-103.45688,24.29985],[-103.45366,24.30115],[-103.45402,24.30438],[-103.44959,24.30065],[-103.4474,24.30182],[-103.45295,24.30492],[-103.45391,24.30691],[-103.45699,24.30654]]],[[[-103.43075,24.33202],[-103.43087,24.33219],[-103.43202,24.32917],[-103.43443,24.32815],[-103.43248,24.32438],[-103.43164,24.32493],[-103.43022,24.32798],[-103.43075,24.33202]]],[[[-103.44381,24.30928],[-103.43577,24.31269],[-103.43336,24.3152],[-103.43253,24.32104],[-103.43485,24.32088],[-103.43862,24.31537],[-103.44407,24.31326],[-103.44381,24.30928]]],[[[-103.40891,24.28705],[-103.40969,24.29172],[-103.41187,24.29245],[-103.41647,24.28904],[-103.41738,24.28538],[-103.41468,24.28456],[-103.41689,24.28295],[-103.41551,24.28072],[-103.42044,24.28065],[-103.42187,24.2781],[-103.41502,24.27978],[-103.41456,24.28121],[-103.41057,24.28073],[-103.40749,24.27455],[-103.40525,24.27354],[-103.40157,24.27468],[-103.40494,24.27868],[-103.40365,24.28035],[-103.40891,24.28705]]],[[[-103.43037,24.28847],[-103.43179,24.2881],[-103.43355,24.28244],[-103.42981,24.28193],[-103.42989,24.28002],[-103.42664,24.2786],[-103.42512,24.28408],[-103.42976,24.28221],[-103.43037,24.28847]]],[[[-103.41844,24.28845],[-103.42274,24.28662],[-103.42547,24.28102],[-103.4218,24.28096],[-103.41831,24.28557],[-103.41844,24.28845]]],[[[-103.43636,24.28766],[-103.4399,24.28581],[-103.43807,24.28404],[-103.43636,24.28766]]],[[[-103.4343,24.28422],[-103.43274,24.28611],[-103.43503,24.28787],[-103.43785,24.28392],[-103.4343,24.28422]]],[[[-103.46619,24.27778],[-103.46331,24.28354],[-103.46605,24.28496],[-103.46858,24.27783],[-103.46619,24.27778]]],[[[-101.59166,24.71711],[-101.58941,24.71682],[-101.59362,24.71368],[-101.59392,24.71333],[-101.59773,24.70916],[-101.59778,24.70909],[-101.59493,24.71001],[-101.59511,24.70486],[-101.59354,24.70501],[-101.59352,24.71186],[-101.58549,24.71712],[-101.57913,24.71657],[-101.58063,24.71849],[-101.5911,24.7186],[-101.59166,24.71711]]],[[[-102.10295,24.82665],[-102.103,24.82679],[-102.10306,24.82698],[-102.10286,24.82636],[-102.10295,24.82665]]],[[[-102.10323,24.82969],[-102.10346,24.83018],[-102.10447,24.8307],[-102.10373,24.82897],[-102.10323,24.82969]]],[[[-102.10543,24.83363],[-102.10607,24.83462],[-102.1063,24.83448],[-102.10549,24.8328],[-102.10543,24.83363]]],[[[-101.85465,25.00797],[-101.8559,25.00947],[-101.85818,25.00694],[-101.85465,25.00797]]],[[[-101.8641,24.99325],[-101.8651,24.99688],[-101.86725,24.99413],[-101.8641,24.99325]]],[[[-102.14137,24.94542],[-102.14331,24.94491],[-102.14225,24.94171],[-102.14137,24.94542]]],[[[-102.13838,24.94399],[-102.13956,24.94589],[-102.14077,24.94161],[-102.14285,24.93879],[-102.13835,24.94209],[-102.13838,24.94399]]],[[[-101.65229,24.82891],[-101.65235,24.82889],[-101.65357,24.82435],[-101.64882,24.82889],[-101.64953,24.82946],[-101.65229,24.82891]]],[[[-101.63464,24.82549],[-101.6299,24.82137],[-101.62852,24.82287],[-101.63464,24.82549]]],[[[-101.59563,24.82237],[-101.59297,24.82343],[-101.59201,24.82377],[-101.59021,24.82368],[-101.59139,24.82615],[-101.59806,24.82282],[-101.59752,24.82077],[-101.5962,24.82188],[-101.59563,24.82237]]],[[[-101.67557,24.83791],[-101.67389,24.83797],[-101.6728,24.84252],[-101.67712,24.83785],[-101.67618,24.83788],[-101.67557,24.83791]]],[[[-101.57231,24.84164],[-101.57289,24.84148],[-101.5729,24.84148],[-101.57369,24.84125],[-101.57419,24.84111],[-101.57496,24.8409],[-101.57585,24.84064],[-101.5809,24.83808],[-101.57212,24.8405],[-101.57231,24.84164]]],[[[-101.66686,24.84173],[-101.66959,24.84205],[-101.67123,24.83897],[-101.66686,24.84173]]],[[[-101.728,24.79528],[-101.73229,24.79179],[-101.72915,24.79164],[-101.728,24.79528]]],[[[-101.72593,24.78492],[-101.72026,24.78529],[-101.72602,24.78636],[-101.72714,24.78914],[-101.72504,24.79129],[-101.7276,24.79153],[-101.72959,24.78863],[-101.72593,24.78492]]],[[[-101.74791,24.7824],[-101.74756,24.78262],[-101.74725,24.7832],[-101.74546,24.78744],[-101.75038,24.78405],[-101.74791,24.7824]]],[[[-101.7005,24.77763],[-101.70401,24.77631],[-101.70179,24.77549],[-101.7005,24.77763]]],[[[-101.66667,24.77291],[-101.66528,24.77084],[-101.66876,24.77054],[-101.67184,24.76833],[-101.66457,24.76926],[-101.66446,24.77204],[-101.66667,24.77291]]],[[[-101.7024,24.77037],[-101.70232,24.77043],[-101.70077,24.77287],[-101.70458,24.77148],[-101.7024,24.77037]]],[[[-101.64845,24.75378],[-101.64347,24.75237],[-101.63989,24.75284],[-101.63973,24.75555],[-101.64845,24.75378]]],[[[-101.65381,24.75728],[-101.65177,24.75563],[-101.65153,24.75937],[-101.65381,24.75728]]],[[[-101.65497,24.74468],[-101.65815,24.74019],[-101.65312,24.74052],[-101.64881,24.7384],[-101.64371,24.73248],[-101.64047,24.73325],[-101.63196,24.73101],[-101.63118,24.72781],[-101.6281,24.72771],[-101.6309,24.72982],[-101.62513,24.7299],[-101.62186,24.72777],[-101.61848,24.72729],[-101.6156,24.7251],[-101.6152,24.72035],[-101.61296,24.72016],[-101.61102,24.72497],[-101.61662,24.7264],[-101.61817,24.72917],[-101.61469,24.73263],[-101.61982,24.72927],[-101.62964,24.73209],[-101.63735,24.7332],[-101.63897,24.73506],[-101.63174,24.73593],[-101.63494,24.73773],[-101.63961,24.73582],[-101.64958,24.73963],[-101.6554,24.74245],[-101.65497,24.74468]]],[[[-101.62708,24.74503],[-101.63578,24.74378],[-101.63814,24.74188],[-101.62648,24.7442],[-101.62708,24.74503]]],[[[-101.6185,24.73901],[-101.62416,24.73534],[-101.6175,24.73861],[-101.6185,24.73901]]],[[[-101.62635,24.73545],[-101.63048,24.73373],[-101.62855,24.73292],[-101.62635,24.73545]]],[[[-101.78297,24.73251],[-101.78177,24.73398],[-101.78357,24.73643],[-101.78297,24.73251]]],[[[-101.79835,24.74103],[-101.80453,24.73946],[-101.80332,24.73742],[-101.80501,24.73539],[-101.79772,24.73989],[-101.79835,24.74103]]],[[[-101.63787,24.72464],[-101.63825,24.72742],[-101.64017,24.72708],[-101.63787,24.72464]]],[[[-101.67896,24.72917],[-101.68048,24.72741],[-101.67947,24.72395],[-101.67691,24.72411],[-101.67866,24.72708],[-101.67388,24.72453],[-101.67224,24.72597],[-101.67896,24.72917]]],[[[-101.61187,24.71578],[-101.61488,24.71532],[-101.61325,24.71289],[-101.61187,24.71578]]],[[[-101.56307,24.54666],[-101.56336,24.5442],[-101.56228,24.54199],[-101.56033,24.54449],[-101.55723,24.54245],[-101.54995,24.5408],[-101.54213,24.53786],[-101.53739,24.53806],[-101.52649,24.53639],[-101.52578,24.54007],[-101.5288,24.53887],[-101.53063,24.54077],[-101.54348,24.54048],[-101.54622,24.54205],[-101.54419,24.54374],[-101.54255,24.54162],[-101.53576,24.54437],[-101.53505,24.54698],[-101.53104,24.54421],[-101.52853,24.54662],[-101.53045,24.54822],[-101.5281,24.55011],[-101.5268,24.54871],[-101.52736,24.55009],[-101.52939,24.5521],[-101.53178,24.54844],[-101.53434,24.55019],[-101.54009,24.54864],[-101.53957,24.54741],[-101.54513,24.54743],[-101.54674,24.54469],[-101.54893,24.54607],[-101.54517,24.54794],[-101.54093,24.55246],[-101.53743,24.55452],[-101.5299,24.5558],[-101.53364,24.5596],[-101.5375,24.55866],[-101.53978,24.55582],[-101.54154,24.55617],[-101.54716,24.55166],[-101.55089,24.55454],[-101.55529,24.55287],[-101.55998,24.54865],[-101.56343,24.54809],[-101.56325,24.54737],[-101.56005,24.54831],[-101.55929,24.54523],[-101.56307,24.54666]],[[-101.55309,24.5492],[-101.55647,24.54633],[-101.5586,24.54863],[-101.55125,24.55199],[-101.55309,24.5492]]],[[[-101.95946,23.86355],[-101.95949,23.86457],[-101.96211,23.86451],[-101.96261,23.86064],[-101.96156,23.85698],[-101.96243,23.85263],[-101.95916,23.85369],[-101.95919,23.85482],[-101.9592,23.85515],[-101.9592,23.85522],[-101.95926,23.85705],[-101.95927,23.8573],[-101.95928,23.85784],[-101.95934,23.85984],[-101.96095,23.8636],[-101.95946,23.86355]]],[[[-102.17771,24.82032],[-102.17544,24.82468],[-102.17813,24.82331],[-102.17771,24.82032]]],[[[-102.13478,24.80693],[-102.13404,24.80811],[-102.13547,24.81017],[-102.13717,24.80843],[-102.13478,24.80693]]],[[[-102.14952,24.8007],[-102.15225,24.80088],[-102.14909,24.79698],[-102.14669,24.79865],[-102.14952,24.8007]]],[[[-102.1506,24.788],[-102.15034,24.78748],[-102.14782,24.79133],[-102.1491,24.79392],[-102.1506,24.788]]],[[[-102.14356,24.7897],[-102.14628,24.78926],[-102.14375,24.78712],[-102.14356,24.7897]]],[[[-102.19611,24.77551],[-102.19794,24.77316],[-102.19504,24.77512],[-102.19594,24.77666],[-102.19603,24.77576],[-102.19611,24.77551]]],[[[-102.12487,24.74302],[-102.12743,24.74212],[-102.12589,24.74026],[-102.12487,24.74302]]],[[[-102.18238,24.73821],[-102.18241,24.7381],[-102.18028,24.73248],[-102.17907,24.73304],[-102.18238,24.73821]]],[[[-102.18077,24.72902],[-102.17985,24.72856],[-102.17953,24.72919],[-102.18077,24.72902]]],[[[-101.7905,24.67411],[-101.78666,24.67183],[-101.78189,24.6743],[-101.7905,24.67411]]],[[[-101.52906,24.65007],[-101.5293,24.65017],[-101.52991,24.65045],[-101.53218,24.65148],[-101.53916,24.64491],[-101.53591,24.64199],[-101.54026,24.64081],[-101.54183,24.63821],[-101.53139,24.63914],[-101.52846,24.64337],[-101.53417,24.64325],[-101.52906,24.65007]]],[[[-101.51757,24.63987],[-101.52102,24.64564],[-101.52675,24.64117],[-101.52698,24.63742],[-101.52329,24.63695],[-101.52396,24.64105],[-101.51757,24.63987]]],[[[-101.54182,24.63752],[-101.54082,24.63519],[-101.53851,24.63643],[-101.54182,24.63752]]],[[[-101.51672,24.62707],[-101.51711,24.63447],[-101.51783,24.63295],[-101.5246,24.63173],[-101.52483,24.63013],[-101.51672,24.62707]]],[[[-101.55956,24.62958],[-101.5632,24.62989],[-101.5615,24.62723],[-101.56366,24.62622],[-101.56297,24.62385],[-101.55956,24.62958]]],[[[-101.55257,24.63312],[-101.55689,24.63553],[-101.55787,24.63284],[-101.55585,24.6284],[-101.5519,24.62305],[-101.55006,24.62332],[-101.55175,24.62948],[-101.54825,24.63088],[-101.54271,24.62621],[-101.54094,24.62766],[-101.54477,24.62857],[-101.54549,24.63054],[-101.55078,24.63312],[-101.55202,24.63062],[-101.55511,24.63181],[-101.55257,24.63312]]],[[[-101.54505,24.63446],[-101.54562,24.63246],[-101.53971,24.6314],[-101.54085,24.63375],[-101.54505,24.63446]]],[[[-101.53299,24.63358],[-101.5363,24.63397],[-101.53602,24.63222],[-101.53299,24.63358]]],[[[-101.53397,24.6317],[-101.5342,24.63038],[-101.52894,24.62771],[-101.53397,24.6317]]],[[[-101.56494,24.64322],[-101.56977,24.6457],[-101.5689,24.6401],[-101.56569,24.63925],[-101.56489,24.63431],[-101.55905,24.63225],[-101.56288,24.63879],[-101.56799,24.6422],[-101.56494,24.64322]]],[[[-101.55084,24.64247],[-101.55193,24.64647],[-101.55321,24.64184],[-101.55084,24.64247]]],[[[-101.56244,24.63994],[-101.56235,24.64201],[-101.56599,24.64105],[-101.56244,24.63994]]],[[[-101.53547,24.64931],[-101.54065,24.64945],[-101.54543,24.64831],[-101.54773,24.6453],[-101.54691,24.6408],[-101.53986,24.64658],[-101.53547,24.64931]]],[[[-101.55991,24.65137],[-101.5673,24.64865],[-101.56647,24.64663],[-101.56954,24.64598],[-101.56399,24.6432],[-101.5587,24.64871],[-101.55991,24.65137]]],[[[-101.55616,24.65019],[-101.55738,24.64693],[-101.55263,24.64894],[-101.55616,24.65019]]],[[[-101.58458,24.6503],[-101.58676,24.65017],[-101.5847,24.64716],[-101.5779,24.64516],[-101.57675,24.64146],[-101.57548,24.64368],[-101.57938,24.64786],[-101.58458,24.6503]]],[[[-101.57036,24.65311],[-101.57632,24.64653],[-101.56757,24.65151],[-101.57036,24.65311]]],[[[-101.59217,24.64806],[-101.58819,24.64448],[-101.58854,24.64701],[-101.59217,24.64806]]],[[[-101.60406,24.64955],[-101.60965,24.64727],[-101.60978,24.64526],[-101.60501,24.64721],[-101.60428,24.64581],[-101.59796,24.64376],[-101.60406,24.64955]]],[[[-101.61934,24.6483],[-101.62223,24.64807],[-101.62282,24.64363],[-101.6184,24.64382],[-101.61943,24.64571],[-101.61368,24.64481],[-101.6128,24.64732],[-101.61934,24.6483]]],[[[-101.6117,24.65103],[-101.61491,24.64943],[-101.61111,24.64811],[-101.60736,24.64914],[-101.6117,24.65103]]],[[[-101.59083,24.65605],[-101.59453,24.65399],[-101.59722,24.65058],[-101.59868,24.65239],[-101.60274,24.65272],[-101.60428,24.65046],[-101.60104,24.64812],[-101.59795,24.64819],[-101.59125,24.65025],[-101.59262,24.65172],[-101.59083,24.65605]]],[[[-101.73484,24.65069],[-101.73085,24.65326],[-101.7353,24.65249],[-101.73484,24.65069]]],[[[-101.6449,24.64465],[-101.64718,24.64212],[-101.64306,24.64003],[-101.63633,24.64172],[-101.63058,24.64235],[-101.62941,24.64518],[-101.6335,24.64549],[-101.63622,24.64406],[-101.6449,24.64465]]],[[[-101.62528,24.63895],[-101.6235,24.63781],[-101.62651,24.64107],[-101.62609,24.64338],[-101.62878,24.64365],[-101.62881,24.64079],[-101.62528,24.63895]]],[[[-101.65198,24.64082],[-101.65761,24.6406],[-101.6568,24.63708],[-101.66095,24.63712],[-101.65986,24.63413],[-101.65812,24.63669],[-101.65666,24.63416],[-101.65266,24.63582],[-101.65022,24.63422],[-101.64665,24.63458],[-101.64738,24.63931],[-101.65198,24.64082]]],[[[-101.61718,24.63559],[-101.61389,24.63154],[-101.61387,24.63319],[-101.61718,24.63559]]],[[[-101.60648,24.63332],[-101.59896,24.62971],[-101.59968,24.63292],[-101.60648,24.63332]]],[[[-101.7684,24.65449],[-101.76472,24.65403],[-101.76695,24.65747],[-101.7684,24.65449]]],[[[-101.75098,24.64629],[-101.74851,24.6454],[-101.74641,24.64824],[-101.75098,24.64629]]],[[[-101.73869,24.64655],[-101.73704,24.64997],[-101.74414,24.64904],[-101.74462,24.64612],[-101.73869,24.64655]]],[[[-101.63117,24.55842],[-101.62955,24.55926],[-101.63061,24.56217],[-101.63576,24.55838],[-101.63362,24.55829],[-101.63117,24.55842]]],[[[-101.52546,24.54175],[-101.525,24.54428],[-101.52713,24.54543],[-101.52686,24.54109],[-101.52546,24.54175]]],[[[-101.56929,24.55065],[-101.56641,24.55009],[-101.56232,24.5517],[-101.56564,24.55234],[-101.56325,24.55576],[-101.56814,24.55267],[-101.56929,24.55065]]],[[[-101.5795,24.56198],[-101.57868,24.55947],[-101.57992,24.55394],[-101.5732,24.55532],[-101.57754,24.55806],[-101.57665,24.56132],[-101.5795,24.56198]]],[[[-101.60199,24.5574],[-101.59848,24.55747],[-101.59576,24.56162],[-101.59093,24.56318],[-101.59559,24.56602],[-101.59872,24.5638],[-101.60199,24.5574]]],[[[-101.37721,24.51435],[-101.3819,24.51481],[-101.38273,24.51328],[-101.37748,24.51172],[-101.37721,24.51435]]],[[[-101.58706,24.5127],[-101.59269,24.50935],[-101.6001,24.50667],[-101.59984,24.50791],[-101.60499,24.50807],[-101.60465,24.50622],[-101.59701,24.5056],[-101.59438,24.50806],[-101.58584,24.51092],[-101.58706,24.5127]]],[[[-101.37499,24.48195],[-101.37686,24.48113],[-101.37783,24.47731],[-101.37563,24.47694],[-101.37499,24.48195]]],[[[-101.65,24.42889],[-101.65282,24.42932],[-101.65263,24.42575],[-101.64791,24.42481],[-101.64744,24.42734],[-101.65,24.42889]]],[[[-101.65633,24.42754],[-101.65845,24.42322],[-101.65422,24.42384],[-101.65633,24.42754]]],[[[-101.68342,24.42428],[-101.68366,24.424],[-101.68368,24.42398],[-101.68489,24.42258],[-101.6825,24.42412],[-101.68328,24.42429],[-101.68342,24.42428]]],[[[-101.65098,24.40915],[-101.65072,24.4059],[-101.64859,24.40294],[-101.64644,24.40653],[-101.64989,24.40722],[-101.65098,24.40915]]],[[[-101.64624,24.39969],[-101.64389,24.39562],[-101.64393,24.39816],[-101.64624,24.39969]]],[[[-101.66686,24.38903],[-101.66568,24.38837],[-101.66312,24.39246],[-101.66273,24.39379],[-101.66305,24.39782],[-101.66619,24.392],[-101.66868,24.39254],[-101.66512,24.39883],[-101.66684,24.40746],[-101.66669,24.39744],[-101.66879,24.39349],[-101.67504,24.39343],[-101.67531,24.39178],[-101.67223,24.39047],[-101.66917,24.39137],[-101.66686,24.38903]]],[[[-101.66623,24.38508],[-101.66613,24.38522],[-101.66601,24.38574],[-101.66699,24.38618],[-101.66623,24.38508]]],[[[-101.65575,24.38327],[-101.65532,24.38419],[-101.65564,24.38724],[-101.65388,24.38955],[-101.65783,24.39053],[-101.65812,24.38727],[-101.65973,24.38827],[-101.66135,24.38539],[-101.65575,24.38327]]],[[[-101.63413,24.39107],[-101.63443,24.39057],[-101.63278,24.38939],[-101.62834,24.39219],[-101.63413,24.39107]]],[[[-101.6409,24.34885],[-101.64282,24.34876],[-101.64172,24.3476],[-101.64059,24.34853],[-101.6409,24.34885]]],[[[-101.68439,24.37587],[-101.68193,24.37552],[-101.67379,24.37752],[-101.67661,24.37711],[-101.67883,24.37982],[-101.68439,24.37587]]],[[[-101.64645,24.44956],[-101.64571,24.44366],[-101.64363,24.44381],[-101.64492,24.44877],[-101.64645,24.44956]]],[[[-101.60993,24.43685],[-101.61388,24.43621],[-101.61457,24.43468],[-101.60942,24.43427],[-101.60993,24.43685]]],[[[-101.61642,24.43505],[-101.6246,24.43312],[-101.62353,24.43194],[-101.61855,24.43236],[-101.61642,24.43505]]],[[[-101.68249,24.47989],[-101.68347,24.48158],[-101.68635,24.48098],[-101.68249,24.47989]]],[[[-101.68442,24.39203],[-101.68758,24.39086],[-101.68637,24.38834],[-101.68286,24.38805],[-101.67902,24.39043],[-101.68442,24.39203]]],[[[-101.62374,24.56237],[-101.62075,24.56296],[-101.62181,24.56528],[-101.6241,24.56486],[-101.62374,24.56237]]],[[[-101.58701,24.56251],[-101.58233,24.5631],[-101.58419,24.56626],[-101.58701,24.56251]]],[[[-101.59038,24.57316],[-101.59084,24.57466],[-101.59397,24.57222],[-101.58993,24.57097],[-101.59038,24.57316]]],[[[-101.56898,24.55754],[-101.5722,24.5561],[-101.57097,24.55443],[-101.56803,24.55575],[-101.56898,24.55754]]],[[[-101.52992,24.62641],[-101.52968,24.62261],[-101.52485,24.62421],[-101.52992,24.62641]]],[[[-101.64682,24.62601],[-101.65114,24.62577],[-101.65143,24.62431],[-101.64072,24.62228],[-101.6424,24.62477],[-101.64682,24.62601]]],[[[-101.66774,24.61786],[-101.66948,24.6174],[-101.67088,24.61572],[-101.66711,24.61606],[-101.66774,24.61786]]],[[[-102.01987,23.88153],[-102.01669,23.8836],[-102.0188,23.88408],[-102.0211,23.88195],[-102.01987,23.88153]]],[[[-101.97739,23.86579],[-101.97946,23.86549],[-101.97939,23.86216],[-101.97543,23.8626],[-101.97739,23.86579]]],[[[-101.94081,23.85581],[-101.94229,23.85735],[-101.94621,23.85672],[-101.94444,23.85273],[-101.94081,23.85581]]],[[[-101.99559,23.86156],[-101.9961,23.8606],[-101.99648,23.8546],[-101.99798,23.85349],[-101.99402,23.85217],[-101.99335,23.85566],[-101.9902,23.85436],[-101.98453,23.85741],[-101.9853,23.85505],[-101.98759,23.85568],[-101.98978,23.85306],[-101.99275,23.85305],[-101.98649,23.85089],[-101.98479,23.85425],[-101.98167,23.851],[-101.98242,23.84744],[-101.98426,23.84626],[-101.98151,23.84661],[-101.97891,23.84275],[-101.97709,23.84354],[-101.97915,23.83861],[-101.97768,23.83826],[-101.97424,23.84736],[-101.97741,23.84798],[-101.97721,23.8505],[-101.97405,23.84973],[-101.9715,23.85729],[-101.97329,23.85831],[-101.97291,23.86113],[-101.9766,23.86076],[-101.98292,23.85863],[-101.98173,23.85742],[-101.98686,23.85752],[-101.98799,23.86242],[-101.99499,23.8635],[-101.99515,23.86298],[-101.99559,23.86156]]],[[[-101.97079,23.86324],[-101.97488,23.86253],[-101.97066,23.86177],[-101.97079,23.86324]]],[[[-101.96939,23.85948],[-101.97082,23.85786],[-101.96845,23.85605],[-101.96939,23.85948]]],[[[-101.99278,23.84788],[-101.99461,23.84965],[-101.99593,23.84739],[-101.99278,23.84788]]],[[[-102.04219,23.86625],[-102.04388,23.86998],[-102.04518,23.86904],[-102.04219,23.86625]]],[[[-101.47281,24.68844],[-101.47619,24.68831],[-101.47419,24.68644],[-101.47281,24.68844]]],[[[-101.43714,24.68774],[-101.43859,24.69094],[-101.43984,24.68928],[-101.43714,24.68774]]],[[[-101.47289,24.6935],[-101.47498,24.69433],[-101.47639,24.69198],[-101.47289,24.6935]]],[[[-101.46174,24.70084],[-101.45943,24.70657],[-101.45699,24.71223],[-101.45938,24.70995],[-101.46046,24.70617],[-101.46758,24.70243],[-101.46174,24.70084]]],[[[-101.45482,24.69733],[-101.45449,24.69621],[-101.45206,24.69571],[-101.45026,24.69578],[-101.44811,24.70121],[-101.44525,24.70143],[-101.44529,24.70531],[-101.4479,24.70476],[-101.4492,24.70245],[-101.45315,24.70079],[-101.45143,24.69907],[-101.45482,24.69733]]],[[[-101.43783,24.70117],[-101.43905,24.70127],[-101.44392,24.70053],[-101.43923,24.69967],[-101.43783,24.70117]]],[[[-101.44856,24.72323],[-101.44609,24.72232],[-101.4456,24.72483],[-101.44856,24.72323]]],[[[-101.46337,24.72263],[-101.46331,24.72542],[-101.4678,24.72424],[-101.46416,24.72398],[-101.46517,24.72002],[-101.46343,24.7194],[-101.46338,24.72172],[-101.46337,24.72263]]],[[[-101.49174,24.71459],[-101.4903,24.71494],[-101.49002,24.71501],[-101.48998,24.71502],[-101.48928,24.71519],[-101.48797,24.71668],[-101.48616,24.722],[-101.48676,24.72648],[-101.48855,24.72645],[-101.48887,24.7179],[-101.49088,24.71773],[-101.49174,24.71459]]],[[[-101.53822,24.71155],[-101.53965,24.71212],[-101.54622,24.70906],[-101.54074,24.71045],[-101.54095,24.70807],[-101.53822,24.71155]]],[[[-101.55587,24.71729],[-101.55012,24.7197],[-101.54961,24.71977],[-101.54465,24.72037],[-101.54139,24.72077],[-101.53838,24.72225],[-101.53865,24.72422],[-101.54427,24.72431],[-101.5489,24.73214],[-101.55446,24.73181],[-101.54912,24.72874],[-101.54566,24.7232],[-101.54796,24.72312],[-101.55146,24.72612],[-101.55197,24.72444],[-101.55999,24.73446],[-101.56277,24.73317],[-101.55937,24.73016],[-101.55761,24.72624],[-101.56115,24.72557],[-101.55921,24.72393],[-101.54666,24.72121],[-101.55929,24.71853],[-101.56643,24.7186],[-101.5697,24.72118],[-101.57175,24.71844],[-101.57422,24.72098],[-101.57731,24.71788],[-101.57101,24.71505],[-101.56771,24.71624],[-101.57137,24.71074],[-101.56835,24.70967],[-101.56272,24.71735],[-101.56374,24.71405],[-101.56019,24.71641],[-101.55794,24.71457],[-101.55707,24.71671],[-101.55587,24.71729]],[[-101.55316,24.7245],[-101.55465,24.72438],[-101.55856,24.72903],[-101.55734,24.72999],[-101.55316,24.7245]]],[[[-101.55889,24.71181],[-101.56184,24.70891],[-101.55869,24.70982],[-101.55889,24.71181]]],[[[-101.5716,24.71342],[-101.57445,24.71342],[-101.58072,24.70964],[-101.57805,24.70825],[-101.5716,24.71342]]],[[[-101.58438,24.72668],[-101.58533,24.7256],[-101.58192,24.7237],[-101.58438,24.72668]]],[[[-101.50901,24.72887],[-101.50551,24.73055],[-101.50672,24.73237],[-101.51673,24.73313],[-101.51354,24.73212],[-101.50901,24.72887]]],[[[-101.52995,24.71735],[-101.52927,24.71866],[-101.53109,24.72012],[-101.53569,24.71614],[-101.53879,24.7149],[-101.53644,24.71376],[-101.52995,24.71735]]],[[[-101.52754,24.72734],[-101.52578,24.7273],[-101.52642,24.7292],[-101.53086,24.73015],[-101.53091,24.72867],[-101.53735,24.72412],[-101.53583,24.72408],[-101.53119,24.72741],[-101.52764,24.72734],[-101.52754,24.72734]]],[[[-101.53669,24.72776],[-101.53937,24.72953],[-101.53989,24.7269],[-101.53669,24.72776]]],[[[-101.49434,24.7365],[-101.49206,24.73645],[-101.49073,24.73676],[-101.48525,24.73864],[-101.4887,24.74027],[-101.48923,24.73869],[-101.49434,24.7365]]],[[[-101.76957,24.68943],[-101.76944,24.69195],[-101.77274,24.69167],[-101.77291,24.68849],[-101.76957,24.68943]]],[[[-102.17738,22.36243],[-102.18072,22.3504],[-102.16827,22.34914],[-102.16283,22.35222],[-102.16272,22.35757],[-102.1686,22.36438],[-102.16857,22.36246],[-102.17738,22.36243]]],[[[-102.10783,22.35014],[-102.10612,22.34784],[-102.11018,22.34346],[-102.11955,22.33679],[-102.12033,22.336],[-102.12203,22.32974],[-102.12121,22.3261],[-102.11861,22.32745],[-102.11573,22.32391],[-102.11128,22.3262],[-102.1169,22.32176],[-102.11736,22.32028],[-102.11704,22.31981],[-102.11646,22.31897],[-102.11612,22.31798],[-102.11366,22.31858],[-102.11314,22.31209],[-102.11451,22.31194],[-102.11351,22.31065],[-102.11357,22.31042],[-102.11379,22.30955],[-102.11416,22.30816],[-102.11426,22.30778],[-102.11433,22.3075],[-102.11516,22.3039],[-102.11518,22.30336],[-102.1154,22.29785],[-102.11546,22.29619],[-102.11416,22.29517],[-102.10846,22.3006],[-102.10885,22.30379],[-102.1021,22.31059],[-102.09845,22.31294],[-102.09409,22.31765],[-102.09303,22.3203],[-102.09708,22.32366],[-102.10271,22.32248],[-102.10776,22.32645],[-102.10791,22.33006],[-102.1059,22.33144],[-102.10482,22.33218],[-102.10376,22.33232],[-102.09923,22.33436],[-102.10136,22.33161],[-102.10313,22.33199],[-102.1007,22.3307],[-102.09649,22.33159],[-102.09902,22.33264],[-102.09656,22.33497],[-102.09345,22.33562],[-102.09085,22.33417],[-102.09286,22.3368],[-102.09188,22.33961],[-102.09225,22.34314],[-102.09311,22.34476],[-102.09137,22.34803],[-102.09206,22.35034],[-102.08999,22.35286],[-102.08924,22.35499],[-102.08951,22.35594],[-102.09702,22.35514],[-102.10244,22.3534],[-102.10783,22.35014]]],[[[-102.09618,22.30563],[-102.09699,22.29765],[-102.10219,22.28303],[-102.0986,22.28566],[-102.09831,22.28587],[-102.09474,22.28845],[-102.09473,22.28845],[-102.0911,22.29108],[-102.09092,22.29121],[-102.09078,22.29098],[-102.08973,22.29234],[-102.08947,22.29268],[-102.08811,22.29446],[-102.0874,22.29539],[-102.0873,22.29552],[-102.08674,22.29635],[-102.08678,22.29738],[-102.08681,22.29796],[-102.08693,22.30797],[-102.0868,22.30833],[-102.08665,22.30875],[-102.08797,22.31341],[-102.08669,22.31361],[-102.08969,22.31685],[-102.09381,22.31439],[-102.09545,22.31157],[-102.09618,22.30563]]],[[[-101.90672,22.23256],[-101.90649,22.23246],[-101.90589,22.23222],[-101.90528,22.23197],[-101.905,22.23639],[-101.90249,22.24367],[-101.89859,22.24086],[-101.89261,22.2386],[-101.89131,22.23672],[-101.89548,22.23272],[-101.89631,22.22974],[-101.8957,22.22962],[-101.89025,22.23707],[-101.88435,22.24028],[-101.88132,22.24009],[-101.88376,22.24284],[-101.89006,22.24332],[-101.89121,22.24793],[-101.88817,22.25172],[-101.89631,22.25373],[-101.90109,22.25252],[-101.90248,22.24992],[-101.90906,22.24725],[-101.91127,22.2421],[-101.91341,22.24057],[-101.90931,22.23788],[-101.90873,22.234],[-101.90799,22.23847],[-101.90633,22.23783],[-101.90672,22.23256]]],[[[-101.93793,22.29109],[-101.94217,22.29118],[-101.94228,22.28854],[-101.93863,22.28476],[-101.93635,22.28529],[-101.93793,22.29109]]],[[[-101.91549,22.27298],[-101.91477,22.26894],[-101.91368,22.27049],[-101.91549,22.27298]]],[[[-101.89368,22.27108],[-101.90694,22.26944],[-101.90706,22.2642],[-101.90916,22.25957],[-101.91178,22.25694],[-101.90834,22.25548],[-101.90824,22.25171],[-101.8984,22.26852],[-101.89429,22.26759],[-101.89228,22.26867],[-101.89368,22.27108]]],[[[-101.91522,22.2517],[-101.91737,22.25386],[-101.91946,22.25032],[-101.91616,22.24822],[-101.91522,22.2517]]],[[[-101.94431,22.24395],[-101.94037,22.24671],[-101.94289,22.24712],[-101.94431,22.24395]]],[[[-101.94091,22.2364],[-101.9382,22.23902],[-101.94116,22.23914],[-101.94398,22.23575],[-101.94091,22.2364]]],[[[-101.86563,22.24581],[-101.86743,22.24337],[-101.87071,22.24531],[-101.87138,22.2435],[-101.86723,22.24164],[-101.86422,22.24276],[-101.86563,22.24581]]],[[[-101.86771,22.23987],[-101.86935,22.23981],[-101.87594,22.23081],[-101.87563,22.2276],[-101.87196,22.23609],[-101.87277,22.23191],[-101.86919,22.23162],[-101.86461,22.23472],[-101.86647,22.23123],[-101.86029,22.23186],[-101.85926,22.23465],[-101.85592,22.23439],[-101.85674,22.23759],[-101.8589,22.23842],[-101.86199,22.23556],[-101.86408,22.23608],[-101.86328,22.23953],[-101.86771,22.23987]]],[[[-101.85057,22.23099],[-101.85209,22.22993],[-101.85105,22.22715],[-101.84869,22.2276],[-101.85057,22.23099]]],[[[-101.85481,22.22609],[-101.85193,22.22324],[-101.85324,22.22265],[-101.85293,22.22154],[-101.85606,22.22164],[-101.85631,22.22527],[-101.85841,22.22267],[-101.85748,22.21604],[-101.85572,22.21315],[-101.85986,22.2131],[-101.86212,22.21756],[-101.85998,22.22055],[-101.86111,22.22312],[-101.86286,22.2158],[-101.86085,22.21139],[-101.85581,22.21061],[-101.84961,22.21371],[-101.84524,22.2105],[-101.84648,22.21721],[-101.84519,22.21854],[-101.84671,22.22126],[-101.84679,22.22514],[-101.84975,22.22526],[-101.85122,22.22247],[-101.85185,22.22373],[-101.85368,22.2251],[-101.85249,22.22541],[-101.85481,22.22609]]],[[[-101.83967,22.21824],[-101.84262,22.22156],[-101.8408,22.21763],[-101.83967,22.21824]]],[[[-101.87603,22.2238],[-101.87734,22.22299],[-101.87904,22.2198],[-101.87848,22.21982],[-101.87542,22.21504],[-101.87645,22.21262],[-101.87396,22.21277],[-101.87645,22.21847],[-101.87847,22.21997],[-101.87603,22.2238]]],[[[-101.83988,22.20459],[-101.83921,22.20475],[-101.83939,22.20619],[-101.84335,22.20581],[-101.84617,22.20337],[-101.83988,22.20459]]],[[[-101.86496,22.2532],[-101.8684,22.25282],[-101.86678,22.24987],[-101.86367,22.24895],[-101.86496,22.2532]]],[[[-102.08453,22.34323],[-102.08459,22.33987],[-102.08401,22.33532],[-102.08394,22.33476],[-102.08392,22.33456],[-102.08212,22.33442],[-102.08262,22.33776],[-102.08272,22.33998],[-102.08426,22.33779],[-102.08453,22.34323]]],[[[-102.0907,22.32899],[-102.08895,22.33134],[-102.08924,22.33179],[-102.08949,22.33219],[-102.08978,22.33263],[-102.09082,22.33413],[-102.09308,22.3321],[-102.0907,22.32899]]],[[[-103.29181,24.43149],[-103.29278,24.4315],[-103.29008,24.43137],[-103.29045,24.43166],[-103.29073,24.43172],[-103.29129,24.43171],[-103.29181,24.43149]]],[[[-103.42667,24.40144],[-103.42672,24.39913],[-103.42491,24.39461],[-103.4234,24.39257],[-103.42315,24.39663],[-103.41671,24.39612],[-103.41743,24.39382],[-103.41195,24.38801],[-103.41423,24.38692],[-103.4154,24.38253],[-103.41484,24.38081],[-103.41258,24.37971],[-103.41552,24.37534],[-103.41339,24.37291],[-103.41337,24.36948],[-103.40653,24.36685],[-103.40676,24.36457],[-103.40367,24.36571],[-103.40614,24.36885],[-103.40049,24.36505],[-103.40238,24.3598],[-103.40203,24.35912],[-103.3979,24.35587],[-103.39538,24.35132],[-103.39831,24.35164],[-103.3972,24.34927],[-103.39194,24.35183],[-103.38625,24.34205],[-103.3828,24.34119],[-103.38432,24.34375],[-103.38116,24.34372],[-103.37851,24.34121],[-103.38114,24.3406],[-103.37934,24.33656],[-103.38279,24.33545],[-103.38194,24.33261],[-103.3765,24.33146],[-103.37329,24.33748],[-103.37001,24.33637],[-103.36907,24.33188],[-103.36768,24.33369],[-103.36761,24.33557],[-103.36756,24.33677],[-103.36841,24.34133],[-103.36983,24.34276],[-103.36502,24.34522],[-103.36242,24.34885],[-103.36174,24.35267],[-103.36346,24.35485],[-103.36942,24.3561],[-103.36791,24.35219],[-103.37237,24.35439],[-103.37423,24.35272],[-103.37096,24.35155],[-103.37305,24.35044],[-103.37551,24.3536],[-103.38371,24.34792],[-103.38403,24.35135],[-103.38147,24.35483],[-103.37839,24.35568],[-103.3791,24.36109],[-103.37791,24.36314],[-103.3815,24.36498],[-103.3897,24.367],[-103.39004,24.36948],[-103.3877,24.36873],[-103.38606,24.37745],[-103.38295,24.3798],[-103.38289,24.38227],[-103.37987,24.38185],[-103.37988,24.38439],[-103.37614,24.38251],[-103.37813,24.38946],[-103.37436,24.39199],[-103.37754,24.39753],[-103.37794,24.39751],[-103.37802,24.39749],[-103.38068,24.39512],[-103.38455,24.39569],[-103.38658,24.38904],[-103.39078,24.3894],[-103.39095,24.38623],[-103.39463,24.38617],[-103.39819,24.38759],[-103.39484,24.3923],[-103.39321,24.39185],[-103.38443,24.40364],[-103.38091,24.40134],[-103.37774,24.40422],[-103.37884,24.4067],[-103.38936,24.40452],[-103.39325,24.40542],[-103.39177,24.40676],[-103.39506,24.41161],[-103.38983,24.40752],[-103.38598,24.40733],[-103.37456,24.41032],[-103.37287,24.41382],[-103.37486,24.41709],[-103.37962,24.41549],[-103.37726,24.41973],[-103.38007,24.41969],[-103.38058,24.41892],[-103.38367,24.41706],[-103.3835,24.41297],[-103.38543,24.40874],[-103.38984,24.40917],[-103.38994,24.40925],[-103.39013,24.41024],[-103.39098,24.41457],[-103.39524,24.42056],[-103.39632,24.42116],[-103.3995,24.42331],[-103.40282,24.42176],[-103.40105,24.41902],[-103.40616,24.42225],[-103.4062,24.42225],[-103.40706,24.42238],[-103.40923,24.42269],[-103.40918,24.41761],[-103.41354,24.41756],[-103.41521,24.41633],[-103.41612,24.41355],[-103.42007,24.41258],[-103.42321,24.40947],[-103.41421,24.40356],[-103.40978,24.40241],[-103.41569,24.4019],[-103.42026,24.40651],[-103.42566,24.40712],[-103.42667,24.40179],[-103.42667,24.40144]],[[-103.40731,24.41991],[-103.40234,24.41928],[-103.40286,24.41698],[-103.39601,24.40965],[-103.39661,24.40642],[-103.4041,24.41494],[-103.4091,24.41856],[-103.40731,24.41991]],[[-103.39227,24.41575],[-103.39266,24.41218],[-103.39519,24.41466],[-103.39227,24.41575]],[[-103.39519,24.40459],[-103.39244,24.40285],[-103.39703,24.40331],[-103.3984,24.40541],[-103.39519,24.40459]],[[-103.40808,24.38399],[-103.4106,24.38072],[-103.41228,24.38362],[-103.40808,24.38399]],[[-103.40024,24.37427],[-103.3976,24.37051],[-103.39807,24.3688],[-103.40104,24.36971],[-103.40024,24.37427]],[[-103.40854,24.37223],[-103.40756,24.37028],[-103.41188,24.37029],[-103.41208,24.37229],[-103.40854,24.37223]],[[-103.39417,24.36496],[-103.38986,24.36313],[-103.39411,24.36223],[-103.39417,24.36496]]],[[[-103.2302,24.42317],[-103.23121,24.42344],[-103.23133,24.42418],[-103.23214,24.42458],[-103.23337,24.42596],[-103.23442,24.42714],[-103.2361,24.42708],[-103.23636,24.42234],[-103.23612,24.42183],[-103.23131,24.42203],[-103.22888,24.42036],[-103.22791,24.41704],[-103.2274,24.42108],[-103.2288,24.42242],[-103.2302,24.42317]]],[[[-103.23836,24.39985],[-103.23686,24.40758],[-103.2419,24.41589],[-103.24329,24.42316],[-103.24233,24.43406],[-103.24656,24.43373],[-103.24697,24.43748],[-103.24534,24.43787],[-103.24702,24.44398],[-103.25263,24.44558],[-103.25286,24.44012],[-103.25496,24.43995],[-103.25424,24.44356],[-103.25622,24.44408],[-103.25756,24.4405],[-103.25521,24.43998],[-103.26122,24.41723],[-103.25708,24.41768],[-103.25568,24.41381],[-103.2623,24.41329],[-103.26592,24.39987],[-103.25952,24.39883],[-103.25767,24.40005],[-103.2555,24.39583],[-103.24958,24.39403],[-103.24726,24.39179],[-103.24707,24.39502],[-103.2445,24.39586],[-103.24755,24.39013],[-103.24578,24.38774],[-103.23875,24.38793],[-103.23851,24.39404],[-103.24063,24.39403],[-103.23933,24.3987],[-103.24175,24.39864],[-103.24062,24.40223],[-103.23836,24.39985]],[[-103.24938,24.4129],[-103.24522,24.41384],[-103.24599,24.4112],[-103.24938,24.4129]]],[[[-103.42218,24.39151],[-103.41608,24.38876],[-103.42065,24.39291],[-103.42218,24.39151]]],[[[-103.31132,24.38348],[-103.30767,24.38092],[-103.30016,24.38011],[-103.29706,24.37801],[-103.29019,24.3753],[-103.29016,24.37116],[-103.28886,24.36953],[-103.28596,24.37141],[-103.28311,24.37133],[-103.29063,24.37709],[-103.28932,24.37994],[-103.28268,24.38096],[-103.28548,24.39244],[-103.29012,24.39246],[-103.28579,24.39375],[-103.28827,24.40366],[-103.29279,24.40062],[-103.2926,24.39845],[-103.30019,24.403],[-103.30112,24.40022],[-103.30499,24.3999],[-103.30362,24.395],[-103.30675,24.39495],[-103.30606,24.39103],[-103.31039,24.38989],[-103.31219,24.39354],[-103.31522,24.39244],[-103.31679,24.38956],[-103.31175,24.38413],[-103.31132,24.38348]],[[-103.30123,24.39106],[-103.29983,24.38781],[-103.2941,24.3849],[-103.29636,24.38355],[-103.29659,24.38087],[-103.30415,24.38623],[-103.30466,24.39028],[-103.30123,24.39106]],[[-103.31336,24.38908],[-103.30914,24.38792],[-103.31025,24.38591],[-103.31336,24.38908]]],[[[-103.24794,24.36254],[-103.2492,24.36495],[-103.25024,24.36483],[-103.25345,24.37023],[-103.26934,24.36912],[-103.27231,24.37055],[-103.27161,24.36809],[-103.27427,24.36631],[-103.27359,24.37054],[-103.27773,24.36986],[-103.2775,24.36764],[-103.27968,24.36466],[-103.28195,24.36647],[-103.28381,24.36384],[-103.27731,24.36161],[-103.27865,24.35887],[-103.28196,24.3628],[-103.28387,24.36127],[-103.28817,24.3646],[-103.28766,24.35872],[-103.28765,24.35863],[-103.28763,24.3575],[-103.28763,24.3572],[-103.2893,24.35593],[-103.2918,24.35833],[-103.29211,24.35863],[-103.29656,24.3648],[-103.30036,24.3635],[-103.30016,24.36092],[-103.30637,24.36843],[-103.30442,24.37145],[-103.30969,24.37311],[-103.31188,24.37184],[-103.30955,24.37025],[-103.31092,24.36714],[-103.31385,24.36459],[-103.31518,24.36539],[-103.31613,24.36122],[-103.31287,24.36192],[-103.30767,24.3597],[-103.30865,24.36261],[-103.30545,24.36188],[-103.29984,24.35867],[-103.29953,24.35578],[-103.29556,24.35558],[-103.28954,24.35136],[-103.28771,24.34779],[-103.28242,24.34598],[-103.28014,24.34286],[-103.27737,24.3446],[-103.2811,24.34589],[-103.28439,24.34897],[-103.28112,24.35297],[-103.27248,24.35064],[-103.27016,24.3487],[-103.26674,24.34947],[-103.26098,24.34894],[-103.25817,24.34567],[-103.25588,24.34547],[-103.25471,24.34274],[-103.25154,24.34177],[-103.25348,24.33794],[-103.26005,24.33544],[-103.25617,24.33569],[-103.25185,24.33832],[-103.24936,24.33818],[-103.24981,24.33454],[-103.24477,24.33399],[-103.24662,24.32833],[-103.25214,24.32821],[-103.2527,24.32597],[-103.24877,24.32653],[-103.25217,24.3241],[-103.24974,24.32196],[-103.25491,24.31772],[-103.26103,24.31668],[-103.2646,24.31989],[-103.26486,24.32356],[-103.26784,24.32218],[-103.26909,24.31729],[-103.26562,24.31543],[-103.26031,24.30895],[-103.26058,24.30784],[-103.2558,24.30117],[-103.25066,24.30791],[-103.25495,24.30482],[-103.26013,24.31026],[-103.25894,24.31218],[-103.25586,24.31155],[-103.25998,24.31449],[-103.2538,24.31739],[-103.25022,24.3132],[-103.24604,24.31542],[-103.24719,24.31778],[-103.25191,24.31889],[-103.24657,24.32158],[-103.24746,24.32421],[-103.24532,24.32491],[-103.24453,24.32827],[-103.24261,24.32846],[-103.23915,24.32595],[-103.23722,24.3216],[-103.23487,24.32119],[-103.23528,24.31955],[-103.2392,24.31806],[-103.23285,24.31712],[-103.23245,24.31306],[-103.22607,24.31238],[-103.22687,24.30969],[-103.22866,24.31061],[-103.23285,24.30583],[-103.23405,24.31053],[-103.23618,24.30958],[-103.23501,24.30491],[-103.23074,24.30383],[-103.23217,24.29705],[-103.23419,24.29455],[-103.23399,24.29374],[-103.23334,24.29151],[-103.22985,24.2904],[-103.22526,24.28498],[-103.22533,24.28479],[-103.22607,24.28397],[-103.22405,24.28267],[-103.22356,24.28537],[-103.22644,24.28872],[-103.22859,24.29406],[-103.22355,24.29451],[-103.22511,24.29138],[-103.22227,24.28841],[-103.21505,24.28689],[-103.21482,24.28455],[-103.21011,24.28558],[-103.20977,24.2908],[-103.21239,24.29155],[-103.21068,24.29495],[-103.20846,24.29498],[-103.20055,24.29227],[-103.20102,24.29009],[-103.20172,24.28924],[-103.20324,24.2897],[-103.20342,24.28997],[-103.20686,24.28909],[-103.20141,24.285],[-103.20444,24.28517],[-103.20396,24.27664],[-103.20493,24.2767],[-103.20551,24.27674],[-103.20096,24.27635],[-103.20085,24.27084],[-103.19773,24.27067],[-103.19777,24.27348],[-103.19584,24.2733],[-103.19559,24.27047],[-103.18576,24.26972],[-103.18467,24.24651],[-103.17328,24.24699],[-103.17168,24.24868],[-103.16816,24.24711],[-103.16124,24.24737],[-103.16117,24.25145],[-103.15955,24.25205],[-103.15745,24.24909],[-103.1574,24.24505],[-103.155,24.24147],[-103.15719,24.23766],[-103.15653,24.2217],[-103.15237,24.22052],[-103.14851,24.21565],[-103.14478,24.21484],[-103.14574,24.21161],[-103.15451,24.20981],[-103.15467,24.20918],[-103.15624,24.20966],[-103.15659,24.20976],[-103.15665,24.20978],[-103.16069,24.21211],[-103.16518,24.2082],[-103.16257,24.2017],[-103.16454,24.19915],[-103.16685,24.20499],[-103.16683,24.2074],[-103.17051,24.20356],[-103.17088,24.19852],[-103.16816,24.19356],[-103.17332,24.19441],[-103.17254,24.19257],[-103.1754,24.19144],[-103.17947,24.194],[-103.17704,24.19644],[-103.18007,24.19708],[-103.18483,24.19226],[-103.17827,24.1884],[-103.17861,24.18776],[-103.18507,24.19158],[-103.18619,24.18798],[-103.18467,24.18345],[-103.18823,24.18498],[-103.18933,24.18108],[-103.18451,24.18018],[-103.18213,24.18622],[-103.17744,24.18684],[-103.18127,24.18237],[-103.17952,24.18289],[-103.18518,24.17743],[-103.18455,24.17376],[-103.18685,24.17382],[-103.19037,24.16776],[-103.18893,24.16411],[-103.17802,24.16189],[-103.1745,24.15987],[-103.16659,24.15212],[-103.16352,24.14672],[-103.16073,24.14613],[-103.15855,24.1428],[-103.1575,24.1411],[-103.15743,24.14089],[-103.15658,24.13799],[-103.1547,24.14106],[-103.15214,24.14117],[-103.15228,24.14517],[-103.14472,24.14795],[-103.14347,24.14628],[-103.13831,24.15005],[-103.13695,24.14874],[-103.1357,24.15293],[-103.1343,24.14828],[-103.1322,24.14766],[-103.13155,24.14754],[-103.1297,24.14718],[-103.12918,24.14708],[-103.12859,24.15083],[-103.1266,24.14829],[-103.1256,24.15073],[-103.1232,24.15077],[-103.12381,24.14413],[-103.12339,24.14358],[-103.12184,24.14816],[-103.12009,24.14737],[-103.11413,24.15824],[-103.11413,24.16881],[-103.11974,24.1739],[-103.1246,24.16789],[-103.12416,24.17289],[-103.12095,24.17786],[-103.11924,24.18557],[-103.1156,24.18779],[-103.11681,24.1886],[-103.11604,24.19269],[-103.12569,24.18565],[-103.12485,24.18774],[-103.12718,24.19144],[-103.12742,24.19519],[-103.1346,24.18869],[-103.13574,24.19109],[-103.12997,24.19499],[-103.12664,24.19606],[-103.12566,24.1988],[-103.122,24.19966],[-103.12106,24.19354],[-103.11824,24.19551],[-103.11772,24.19951],[-103.12084,24.20279],[-103.12946,24.20116],[-103.12986,24.19929],[-103.13381,24.20083],[-103.1421,24.2075],[-103.14725,24.20722],[-103.14457,24.20847],[-103.14349,24.21202],[-103.14237,24.20851],[-103.13949,24.208],[-103.13548,24.20417],[-103.13275,24.2058],[-103.13662,24.20985],[-103.13643,24.21308],[-103.13846,24.21376],[-103.14079,24.21982],[-103.13828,24.22644],[-103.13488,24.21857],[-103.13432,24.22161],[-103.13135,24.2146],[-103.13045,24.21727],[-103.12645,24.21461],[-103.12293,24.20991],[-103.12547,24.20807],[-103.12311,24.20726],[-103.12582,24.2057],[-103.12605,24.20324],[-103.11959,24.20292],[-103.12068,24.20914],[-103.12024,24.21216],[-103.11768,24.21204],[-103.11799,24.2158],[-103.1205,24.21558],[-103.12163,24.21826],[-103.12562,24.2226],[-103.12793,24.21816],[-103.13152,24.21989],[-103.13238,24.22486],[-103.13033,24.2228],[-103.12425,24.22476],[-103.12051,24.23067],[-103.12168,24.23532],[-103.11784,24.23255],[-103.11429,24.23356],[-103.11345,24.22784],[-103.11452,24.22397],[-103.10341,24.22184],[-103.10473,24.22471],[-103.10856,24.22628],[-103.10865,24.23261],[-103.10502,24.23782],[-103.10749,24.24099],[-103.1045,24.24441],[-103.10807,24.25048],[-103.10848,24.25089],[-103.10892,24.25123],[-103.11008,24.2521],[-103.11268,24.25408],[-103.1147,24.25178],[-103.11497,24.25515],[-103.11927,24.25598],[-103.11961,24.25317],[-103.12192,24.25395],[-103.12338,24.25129],[-103.1238,24.24608],[-103.12606,24.24658],[-103.1254,24.25305],[-103.12697,24.25502],[-103.12359,24.25816],[-103.1302,24.2634],[-103.13435,24.26762],[-103.14393,24.27231],[-103.14463,24.26325],[-103.14362,24.26071],[-103.14571,24.25995],[-103.14736,24.25646],[-103.14929,24.25708],[-103.15332,24.25339],[-103.15353,24.25696],[-103.15789,24.25676],[-103.15821,24.26199],[-103.15577,24.26089],[-103.15609,24.26449],[-103.15834,24.26635],[-103.15616,24.26881],[-103.15858,24.26917],[-103.15941,24.28634],[-103.16632,24.29803],[-103.16669,24.29872],[-103.17241,24.30926],[-103.17939,24.30935],[-103.18466,24.30768],[-103.18609,24.30676],[-103.1872,24.30142],[-103.19119,24.30039],[-103.19129,24.30277],[-103.19864,24.30428],[-103.19561,24.30669],[-103.19472,24.30394],[-103.19248,24.30582],[-103.19418,24.30926],[-103.19753,24.30876],[-103.20135,24.31302],[-103.20754,24.31002],[-103.21036,24.31232],[-103.20923,24.3146],[-103.20161,24.31646],[-103.19991,24.3193],[-103.20284,24.3187],[-103.20727,24.32115],[-103.20462,24.32419],[-103.20698,24.32545],[-103.20908,24.32375],[-103.21154,24.32454],[-103.21037,24.32829],[-103.2071,24.32753],[-103.20131,24.33163],[-103.20663,24.32882],[-103.21069,24.32981],[-103.21041,24.33208],[-103.21507,24.33006],[-103.21592,24.32661],[-103.21372,24.32175],[-103.20776,24.32097],[-103.20781,24.31737],[-103.20438,24.31685],[-103.20931,24.31629],[-103.21397,24.31819],[-103.21487,24.3162],[-103.21101,24.3155],[-103.21606,24.31396],[-103.21828,24.31733],[-103.21604,24.31849],[-103.21435,24.31983],[-103.21849,24.32566],[-103.2222,24.32525],[-103.22405,24.32802],[-103.22279,24.33347],[-103.22028,24.3331],[-103.22351,24.33604],[-103.22476,24.33376],[-103.22537,24.33831],[-103.23273,24.33963],[-103.23456,24.33932],[-103.23913,24.34425],[-103.24004,24.34995],[-103.24015,24.35065],[-103.24471,24.35727],[-103.24794,24.36254]],[[-103.26467,24.36194],[-103.26347,24.35839],[-103.26502,24.35698],[-103.27053,24.36077],[-103.26573,24.35905],[-103.26467,24.36194]],[[-103.25324,24.35201],[-103.24842,24.34999],[-103.25079,24.3459],[-103.25336,24.34632],[-103.25168,24.34848],[-103.25402,24.34989],[-103.25324,24.35201]],[[-103.24259,24.34767],[-103.24058,24.34607],[-103.24892,24.34447],[-103.24801,24.34862],[-103.24259,24.34767]],[[-103.2384,24.33518],[-103.23416,24.33306],[-103.23616,24.32917],[-103.23892,24.32942],[-103.2384,24.33518]],[[-103.19883,24.30666],[-103.20419,24.30472],[-103.20403,24.30729],[-103.19883,24.30666]],[[-103.20537,24.30548],[-103.2074,24.30199],[-103.2095,24.30173],[-103.20741,24.30582],[-103.20537,24.30548]],[[-103.21974,24.30208],[-103.21772,24.30193],[-103.22011,24.29704],[-103.22362,24.29865],[-103.22065,24.30445],[-103.21974,24.30208]],[[-103.17108,24.30119],[-103.17127,24.29987],[-103.17624,24.29932],[-103.17773,24.30051],[-103.17108,24.30119]],[[-103.18704,24.29719],[-103.18686,24.29331],[-103.18883,24.29301],[-103.18907,24.29747],[-103.18704,24.29719]],[[-103.19636,24.28408],[-103.19621,24.28154],[-103.19898,24.28181],[-103.19636,24.28408]],[[-103.1403,24.25038],[-103.14126,24.24161],[-103.1443,24.24136],[-103.14583,24.24916],[-103.14089,24.25188],[-103.1403,24.25038]],[[-103.11258,24.23945],[-103.11379,24.23673],[-103.11664,24.23716],[-103.11588,24.23951],[-103.11258,24.23945]],[[-103.12768,24.22688],[-103.13266,24.22632],[-103.13139,24.23036],[-103.12768,24.22688]],[[-103.13516,24.20088],[-103.13743,24.19829],[-103.13851,24.20066],[-103.13516,24.20088]],[[-103.12562,24.16577],[-103.13039,24.16138],[-103.12883,24.16463],[-103.12572,24.16751],[-103.12562,24.16577]]],[[[-103.19057,24.35289],[-103.19274,24.34912],[-103.19144,24.34792],[-103.19115,24.34765],[-103.19088,24.3474],[-103.19062,24.34716],[-103.18998,24.34666],[-103.18858,24.34671],[-103.18403,24.34676],[-103.17963,24.34647],[-103.17859,24.34989],[-103.17851,24.34999],[-103.18331,24.35112],[-103.18502,24.35158],[-103.18626,24.35191],[-103.19057,24.35289]]],[[[-103.18588,24.32129],[-103.1851,24.32092],[-103.18122,24.31968],[-103.17894,24.31674],[-103.17629,24.31979],[-103.17595,24.32019],[-103.17361,24.32287],[-103.17455,24.32743],[-103.1785,24.32512],[-103.18136,24.32656],[-103.18265,24.33019],[-103.18588,24.32129]]],[[[-103.19247,24.34186],[-103.19403,24.3418],[-103.19224,24.33869],[-103.18834,24.33615],[-103.19068,24.33412],[-103.18603,24.33283],[-103.18858,24.33966],[-103.19247,24.34186]]],[[[-103.33623,24.32164],[-103.34016,24.32092],[-103.33961,24.31775],[-103.33739,24.31795],[-103.33261,24.31533],[-103.3284,24.31257],[-103.3285,24.31005],[-103.33316,24.30601],[-103.33846,24.30966],[-103.34005,24.31002],[-103.34074,24.30655],[-103.3437,24.30656],[-103.33558,24.30059],[-103.33346,24.30017],[-103.32844,24.29655],[-103.32705,24.29607],[-103.32585,24.29576],[-103.32225,24.29808],[-103.32357,24.3002],[-103.32461,24.30248],[-103.32676,24.30348],[-103.32381,24.30615],[-103.3231,24.3075],[-103.32077,24.30827],[-103.32029,24.3109],[-103.32064,24.31259],[-103.32102,24.3144],[-103.32202,24.31505],[-103.32368,24.31537],[-103.32405,24.31544],[-103.32867,24.31754],[-103.32888,24.31841],[-103.33118,24.32106],[-103.33459,24.32106],[-103.33623,24.32164]]],[[[-103.36232,24.31435],[-103.35756,24.31373],[-103.35226,24.31502],[-103.35063,24.31322],[-103.34632,24.31197],[-103.34409,24.30966],[-103.34317,24.31297],[-103.34603,24.31645],[-103.34656,24.31684],[-103.34721,24.31732],[-103.34914,24.31919],[-103.35305,24.32063],[-103.35545,24.31724],[-103.35952,24.31976],[-103.35421,24.3218],[-103.36004,24.32654],[-103.36137,24.3274],[-103.36721,24.33224],[-103.369,24.33042],[-103.37317,24.33454],[-103.37538,24.33087],[-103.37369,24.32642],[-103.38168,24.33065],[-103.3846,24.33636],[-103.38858,24.33965],[-103.38957,24.33784],[-103.38825,24.33397],[-103.3903,24.3323],[-103.38813,24.3296],[-103.3861,24.33003],[-103.38192,24.32609],[-103.37922,24.32783],[-103.37697,24.32707],[-103.37716,24.32435],[-103.38254,24.32491],[-103.38576,24.32838],[-103.38462,24.32412],[-103.38695,24.32138],[-103.39263,24.32318],[-103.39439,24.31895],[-103.40135,24.31786],[-103.39611,24.31351],[-103.38564,24.31302],[-103.38484,24.3113],[-103.37891,24.31342],[-103.38359,24.30976],[-103.38209,24.30742],[-103.38119,24.30803],[-103.38067,24.30839],[-103.37827,24.31001],[-103.37601,24.31195],[-103.37036,24.31183],[-103.37006,24.3061],[-103.3701,24.30458],[-103.36422,24.30131],[-103.36396,24.30291],[-103.36388,24.30342],[-103.3636,24.30511],[-103.36343,24.30612],[-103.36337,24.30635],[-103.36294,24.31149],[-103.36344,24.31433],[-103.36232,24.31435]],[[-103.36884,24.32051],[-103.3679,24.3159],[-103.37148,24.31261],[-103.36884,24.32051]]],[[[-103.40159,24.30224],[-103.40118,24.29888],[-103.39954,24.30028],[-103.3955,24.29575],[-103.39653,24.2997],[-103.39193,24.29903],[-103.39121,24.30079],[-103.3869,24.30018],[-103.38582,24.29689],[-103.38423,24.30119],[-103.38734,24.30616],[-103.39157,24.30903],[-103.39239,24.31278],[-103.39514,24.30758],[-103.39772,24.30968],[-103.3956,24.30561],[-103.39857,24.30834],[-103.39886,24.30681],[-103.40201,24.30828],[-103.4025,24.30541],[-103.40481,24.30995],[-103.40791,24.31083],[-103.40186,24.30452],[-103.40169,24.30312],[-103.40159,24.30224]]],[[[-103.20436,24.22523],[-103.20829,24.22923],[-103.21707,24.2478],[-103.24327,24.24996],[-103.24945,24.25189],[-103.2512,24.25372],[-103.25526,24.25271],[-103.26186,24.22278],[-103.25976,24.22244],[-103.26216,24.21849],[-103.25948,24.21395],[-103.25794,24.21628],[-103.25004,24.21948],[-103.24607,24.21998],[-103.25422,24.21512],[-103.25418,24.21262],[-103.24806,24.21207],[-103.24673,24.20864],[-103.24435,24.20724],[-103.24303,24.20923],[-103.23964,24.20888],[-103.24227,24.20422],[-103.23745,24.20023],[-103.23111,24.20129],[-103.22738,24.19399],[-103.2209,24.19779],[-103.22085,24.19386],[-103.22508,24.18973],[-103.22458,24.18873],[-103.21903,24.19006],[-103.21883,24.19206],[-103.21255,24.1932],[-103.21642,24.18903],[-103.21427,24.18752],[-103.21176,24.18917],[-103.20964,24.18778],[-103.21165,24.18556],[-103.20993,24.18412],[-103.21303,24.18351],[-103.20548,24.17901],[-103.20239,24.18246],[-103.20164,24.18142],[-103.19033,24.19002],[-103.18873,24.18711],[-103.19185,24.18756],[-103.19589,24.18265],[-103.19411,24.17918],[-103.18923,24.18285],[-103.18823,24.18533],[-103.18658,24.18653],[-103.18592,24.19363],[-103.18714,24.19845],[-103.18407,24.19898],[-103.18436,24.20316],[-103.18894,24.20779],[-103.1946,24.20458],[-103.19544,24.20603],[-103.19202,24.20805],[-103.19749,24.21006],[-103.19283,24.21123],[-103.19432,24.21409],[-103.19662,24.21373],[-103.19706,24.21727],[-103.19874,24.21917],[-103.19954,24.2201],[-103.20436,24.22523]]],[[[-103.20875,24.40826],[-103.20381,24.40845],[-103.19968,24.40861],[-103.1968,24.40663],[-103.19043,24.40689],[-103.18778,24.40506],[-103.18358,24.40426],[-103.17612,24.40068],[-103.17782,24.39585],[-103.17685,24.38915],[-103.16926,24.38557],[-103.16777,24.38083],[-103.16608,24.37927],[-103.16796,24.37753],[-103.16771,24.37141],[-103.16405,24.36857],[-103.16298,24.37032],[-103.16596,24.37178],[-103.16269,24.37415],[-103.16227,24.37151],[-103.15432,24.38309],[-103.14968,24.38045],[-103.15281,24.38629],[-103.14838,24.39035],[-103.1498,24.39422],[-103.15298,24.39837],[-103.15777,24.40116],[-103.15673,24.40655],[-103.15417,24.40937],[-103.15709,24.40994],[-103.15104,24.41154],[-103.14774,24.41063],[-103.14812,24.40838],[-103.15505,24.40489],[-103.15742,24.40201],[-103.1468,24.39966],[-103.14988,24.39818],[-103.14632,24.39198],[-103.14499,24.39389],[-103.14183,24.3922],[-103.14068,24.39573],[-103.13687,24.39358],[-103.13583,24.38714],[-103.13185,24.39028],[-103.13048,24.38918],[-103.12775,24.39216],[-103.127,24.39053],[-103.12123,24.39034],[-103.12715,24.38738],[-103.12407,24.38628],[-103.11868,24.38887],[-103.11975,24.39166],[-103.12494,24.39267],[-103.12616,24.39769],[-103.12947,24.40411],[-103.129,24.40564],[-103.1288,24.40627],[-103.12863,24.40683],[-103.12865,24.40836],[-103.12982,24.40946],[-103.12588,24.40895],[-103.1292,24.4101],[-103.13054,24.41143],[-103.13061,24.40794],[-103.12894,24.40777],[-103.13173,24.40447],[-103.13239,24.40709],[-103.13496,24.40553],[-103.13581,24.41156],[-103.13348,24.41367],[-103.13639,24.41363],[-103.13578,24.40784],[-103.13759,24.40366],[-103.13777,24.40654],[-103.1399,24.40901],[-103.13663,24.4083],[-103.13832,24.41337],[-103.1407,24.41057],[-103.14802,24.40806],[-103.14293,24.41196],[-103.14183,24.41112],[-103.13854,24.41438],[-103.13686,24.41386],[-103.13183,24.41751],[-103.13448,24.42071],[-103.14371,24.4175],[-103.14957,24.42316],[-103.15104,24.42111],[-103.15214,24.42385],[-103.15959,24.42695],[-103.15229,24.42237],[-103.15827,24.42277],[-103.15905,24.42555],[-103.16158,24.42413],[-103.1607,24.42177],[-103.16433,24.41216],[-103.1646,24.41677],[-103.16741,24.41857],[-103.16393,24.4237],[-103.16674,24.42221],[-103.16813,24.4219],[-103.16973,24.42238],[-103.17078,24.4227],[-103.17392,24.42449],[-103.17499,24.42549],[-103.17956,24.43114],[-103.18207,24.4294],[-103.18254,24.42841],[-103.1781,24.42653],[-103.17889,24.4232],[-103.18335,24.42118],[-103.18245,24.42451],[-103.18429,24.42545],[-103.18571,24.42229],[-103.18705,24.42314],[-103.18795,24.42319],[-103.19351,24.42369],[-103.20209,24.42447],[-103.214,24.41943],[-103.21758,24.41955],[-103.21799,24.41724],[-103.22273,24.41772],[-103.21789,24.41721],[-103.21553,24.41192],[-103.20875,24.40826]],[[-103.20281,24.41776],[-103.20346,24.41173],[-103.20548,24.41225],[-103.20582,24.41771],[-103.20281,24.41776]]],[[[-103.31145,24.37711],[-103.31576,24.37994],[-103.31326,24.37805],[-103.31223,24.37261],[-103.31145,24.37711]]],[[[-103.30465,24.37473],[-103.30863,24.37576],[-103.30642,24.37339],[-103.30465,24.37473]]],[[[-103.23427,24.18045],[-103.23442,24.18119],[-103.24436,24.18099],[-103.24515,24.18035],[-103.24605,24.17941],[-103.24375,24.1726],[-103.24173,24.17139],[-103.2369,24.16857],[-103.23067,24.16637],[-103.22872,24.16748],[-103.22837,24.16454],[-103.22135,24.16017],[-103.21446,24.16122],[-103.21502,24.16205],[-103.21806,24.16269],[-103.22289,24.16873],[-103.2319,24.17027],[-103.2337,24.17768],[-103.23374,24.17771],[-103.23427,24.18045]]],[[[-103.32708,24.22297],[-103.31998,24.21705],[-103.32098,24.2213],[-103.32462,24.22386],[-103.32708,24.22297]]],[[[-103.33373,24.23033],[-103.3302,24.22784],[-103.32823,24.22962],[-103.33373,24.23033]]],[[[-103.35304,24.26092],[-103.34937,24.26003],[-103.34363,24.25613],[-103.34631,24.25836],[-103.34746,24.26157],[-103.35198,24.26256],[-103.35304,24.26092]]],[[[-103.40618,24.31488],[-103.40881,24.31682],[-103.40903,24.31703],[-103.40903,24.31704],[-103.4118,24.31633],[-103.41476,24.32139],[-103.41724,24.32136],[-103.41184,24.31585],[-103.40864,24.31634],[-103.40457,24.31119],[-103.40354,24.31222],[-103.40618,24.31488]]],[[[-103.2571,24.43714],[-103.25674,24.43867],[-103.26164,24.43898],[-103.26303,24.43511],[-103.25793,24.43454],[-103.2571,24.43714]]],[[[-103.29219,24.42946],[-103.29756,24.42831],[-103.29996,24.42333],[-103.29998,24.42064],[-103.30225,24.41775],[-103.30045,24.41507],[-103.30511,24.41478],[-103.30666,24.42026],[-103.30728,24.41483],[-103.30588,24.41085],[-103.30269,24.41438],[-103.29712,24.415],[-103.29301,24.40793],[-103.29544,24.40599],[-103.29271,24.40444],[-103.29101,24.40586],[-103.29261,24.41077],[-103.28972,24.40948],[-103.29253,24.41974],[-103.29503,24.41702],[-103.29422,24.42236],[-103.29613,24.42465],[-103.2937,24.4254],[-103.29219,24.42946]]],[[[-103.30825,24.405],[-103.30879,24.40242],[-103.30645,24.40225],[-103.30825,24.405]]],[[[-103.3419,24.42708],[-103.36018,24.42538],[-103.36006,24.42531],[-103.35674,24.42337],[-103.35208,24.42153],[-103.35017,24.41758],[-103.34989,24.41701],[-103.34308,24.41368],[-103.33813,24.40973],[-103.3349,24.4107],[-103.33346,24.40805],[-103.3298,24.40674],[-103.32647,24.40793],[-103.32584,24.41125],[-103.32161,24.40973],[-103.3248,24.41313],[-103.33202,24.41428],[-103.33322,24.41852],[-103.33695,24.41928],[-103.33849,24.42533],[-103.34095,24.42108],[-103.34227,24.4231],[-103.34024,24.42505],[-103.3419,24.42708]]],[[[-103.32643,24.39131],[-103.32905,24.39365],[-103.3341,24.39776],[-103.33636,24.39491],[-103.33456,24.38422],[-103.32981,24.38069],[-103.32936,24.37795],[-103.32283,24.3773],[-103.32078,24.3736],[-103.31979,24.3776],[-103.32549,24.37938],[-103.32917,24.38478],[-103.33355,24.38887],[-103.33489,24.393],[-103.33384,24.39502],[-103.33131,24.39224],[-103.32643,24.39131]]],[[[-103.31805,24.38286],[-103.31979,24.38474],[-103.32025,24.38522],[-103.32229,24.38721],[-103.3214,24.38476],[-103.31805,24.38286]]],[[[-103.32535,24.38508],[-103.32757,24.38401],[-103.32648,24.3816],[-103.32382,24.38187],[-103.32535,24.38508]]],[[[-103.33073,24.34164],[-103.32916,24.34229],[-103.33122,24.3423],[-103.33029,24.34526],[-103.33262,24.35004],[-103.32988,24.34783],[-103.32895,24.35211],[-103.3248,24.35014],[-103.32539,24.35634],[-103.32388,24.35772],[-103.31985,24.35563],[-103.32322,24.36156],[-103.32136,24.36067],[-103.32424,24.36536],[-103.32161,24.36512],[-103.32163,24.36811],[-103.32876,24.37012],[-103.33125,24.37278],[-103.33391,24.37286],[-103.33214,24.37041],[-103.33535,24.37149],[-103.33008,24.36773],[-103.33357,24.36646],[-103.34038,24.37057],[-103.3368,24.37071],[-103.33737,24.3739],[-103.34266,24.37875],[-103.34063,24.38036],[-103.34146,24.3847],[-103.33789,24.38163],[-103.33728,24.38361],[-103.33989,24.38679],[-103.34165,24.38518],[-103.34393,24.38807],[-103.34903,24.38277],[-103.35382,24.38351],[-103.35607,24.37945],[-103.35864,24.38002],[-103.36057,24.38382],[-103.36474,24.38093],[-103.36378,24.3788],[-103.35803,24.3759],[-103.35727,24.37424],[-103.35048,24.37513],[-103.35278,24.37255],[-103.35,24.36914],[-103.3473,24.36203],[-103.34557,24.36297],[-103.34504,24.35819],[-103.3389,24.35981],[-103.34121,24.36146],[-103.34054,24.3638],[-103.33718,24.3648],[-103.3365,24.36176],[-103.33415,24.36382],[-103.33085,24.35904],[-103.33197,24.36231],[-103.32992,24.36242],[-103.32761,24.35715],[-103.33081,24.35714],[-103.33199,24.35296],[-103.33752,24.35242],[-103.33687,24.34768],[-103.33503,24.34874],[-103.33286,24.34593],[-103.33365,24.34244],[-103.33073,24.34164]]],[[[-103.36326,24.37719],[-103.36544,24.37468],[-103.35826,24.36985],[-103.35953,24.36732],[-103.35601,24.36612],[-103.35717,24.36316],[-103.35357,24.36547],[-103.3509,24.35808],[-103.34585,24.35796],[-103.34897,24.36458],[-103.35063,24.36259],[-103.3523,24.36444],[-103.35108,24.36896],[-103.35372,24.36776],[-103.3535,24.37233],[-103.35564,24.37192],[-103.3584,24.37573],[-103.36326,24.37719]]],[[[-103.31714,24.36494],[-103.32085,24.36489],[-103.31729,24.36242],[-103.31714,24.36494]]],[[[-103.31679,24.35421],[-103.319,24.35973],[-103.32051,24.35897],[-103.31835,24.35525],[-103.3213,24.35489],[-103.32278,24.35217],[-103.32125,24.3487],[-103.31683,24.34965],[-103.31679,24.35421]]],[[[-103.37102,24.42422],[-103.37177,24.42401],[-103.36848,24.41564],[-103.36842,24.41099],[-103.36434,24.4102],[-103.36139,24.41146],[-103.36544,24.4133],[-103.35481,24.41226],[-103.35941,24.41469],[-103.36394,24.42232],[-103.36746,24.42471],[-103.37102,24.42422]],[[-103.36322,24.41583],[-103.36475,24.41359],[-103.36795,24.41702],[-103.36896,24.41991],[-103.36322,24.41583]]],[[[-103.34117,24.39983],[-103.34215,24.40286],[-103.34587,24.40673],[-103.34946,24.40761],[-103.34285,24.39912],[-103.34117,24.39983]]],[[[-103.37866,24.40708],[-103.37854,24.40866],[-103.38289,24.40686],[-103.37866,24.40708]]],[[[-103.34431,24.30427],[-103.34472,24.30437],[-103.342,24.3021],[-103.34431,24.30427]]],[[[-103.38269,24.30154],[-103.38264,24.30583],[-103.3855,24.30855],[-103.38484,24.3022],[-103.38269,24.30154]]],[[[-103.26727,24.32293],[-103.27076,24.32641],[-103.2726,24.32291],[-103.26997,24.32016],[-103.26727,24.32293]]],[[[-103.28476,24.31955],[-103.28605,24.32259],[-103.2888,24.32002],[-103.28359,24.31793],[-103.2851,24.31383],[-103.28037,24.31258],[-103.28325,24.31495],[-103.28308,24.31913],[-103.28476,24.31955]]],[[[-103.31173,24.31846],[-103.31058,24.31842],[-103.31531,24.31959],[-103.31517,24.3193],[-103.31439,24.31847],[-103.31219,24.31848],[-103.31173,24.31846]]],[[[-103.31469,24.29057],[-103.31467,24.29057],[-103.31123,24.29144],[-103.31471,24.29234],[-103.31469,24.29057]]],[[[-103.26251,24.2865],[-103.263,24.28892],[-103.26704,24.28577],[-103.26458,24.28476],[-103.26251,24.2865]]],[[[-103.27976,24.25857],[-103.2772,24.25852],[-103.28078,24.26023],[-103.28098,24.26562],[-103.28311,24.26685],[-103.28398,24.26514],[-103.28297,24.25994],[-103.27976,24.25857]]],[[[-103.27617,24.25854],[-103.2735,24.25702],[-103.27061,24.25547],[-103.27137,24.25221],[-103.26375,24.25592],[-103.2615,24.25921],[-103.26264,24.26733],[-103.2653,24.26436],[-103.26504,24.26162],[-103.27006,24.25742],[-103.26996,24.2615],[-103.26681,24.26374],[-103.26922,24.26591],[-103.26953,24.26985],[-103.26765,24.2689],[-103.2674,24.2655],[-103.2631,24.26932],[-103.26649,24.28347],[-103.27103,24.28603],[-103.26998,24.28116],[-103.27208,24.27849],[-103.27505,24.27917],[-103.27628,24.27604],[-103.28021,24.27399],[-103.28271,24.27088],[-103.28252,24.26817],[-103.28056,24.26704],[-103.27566,24.27185],[-103.2743,24.276],[-103.27254,24.27539],[-103.27697,24.26994],[-103.27847,24.26297],[-103.27582,24.26078],[-103.27617,24.25854]]],[[[-103.3425,24.27683],[-103.34657,24.27772],[-103.34673,24.27771],[-103.34758,24.27769],[-103.35062,24.27508],[-103.34708,24.27271],[-103.35009,24.26789],[-103.35018,24.26764],[-103.3516,24.26671],[-103.35161,24.26671],[-103.35072,24.26403],[-103.34811,24.26869],[-103.33985,24.27274],[-103.33393,24.27099],[-103.33188,24.27303],[-103.33432,24.27485],[-103.33372,24.27953],[-103.32929,24.27914],[-103.33055,24.28258],[-103.33922,24.28391],[-103.33633,24.28024],[-103.33539,24.27686],[-103.33845,24.27606],[-103.3425,24.27683]]],[[[-103.36376,24.26834],[-103.36372,24.26835],[-103.36341,24.26863],[-103.36343,24.2697],[-103.36566,24.27266],[-103.36176,24.27617],[-103.35469,24.27707],[-103.35664,24.28063],[-103.35826,24.28118],[-103.35907,24.28138],[-103.36117,24.28189],[-103.36175,24.28203],[-103.36184,24.28267],[-103.36349,24.28462],[-103.35994,24.28605],[-103.36216,24.28757],[-103.36033,24.28925],[-103.36132,24.28941],[-103.3635,24.28977],[-103.36667,24.29054],[-103.36799,24.29122],[-103.37243,24.29321],[-103.37789,24.29514],[-103.38172,24.29512],[-103.38147,24.29156],[-103.3766,24.29058],[-103.37774,24.28833],[-103.38016,24.28974],[-103.38243,24.28753],[-103.37799,24.28251],[-103.38231,24.28302],[-103.38686,24.28591],[-103.38983,24.28338],[-103.38649,24.28165],[-103.38117,24.27223],[-103.38331,24.27336],[-103.38441,24.27674],[-103.38747,24.28105],[-103.39131,24.28389],[-103.39233,24.28232],[-103.38993,24.27886],[-103.39272,24.27959],[-103.39141,24.2768],[-103.38808,24.27494],[-103.38861,24.27128],[-103.38523,24.26852],[-103.38458,24.27075],[-103.38034,24.26786],[-103.38094,24.26571],[-103.37737,24.26118],[-103.37616,24.26323],[-103.37278,24.25954],[-103.37193,24.26131],[-103.37191,24.26254],[-103.37108,24.26714],[-103.36547,24.26751],[-103.36421,24.26812],[-103.36376,24.26834]]],[[[-103.39905,24.28139],[-103.40315,24.28043],[-103.4007,24.27905],[-103.4002,24.27541],[-103.39905,24.28139]]],[[[-103.40088,24.29648],[-103.39664,24.29058],[-103.39787,24.29351],[-103.39635,24.29483],[-103.40088,24.29648]]],[[[-103.41534,24.3119],[-103.41561,24.31204],[-103.41414,24.30708],[-103.41181,24.30529],[-103.41356,24.31095],[-103.41472,24.31156],[-103.41534,24.3119]]],[[[-103.40079,24.31091],[-103.4016,24.30828],[-103.39827,24.3092],[-103.40079,24.31091]]],[[[-103.39921,24.3143],[-103.3999,24.31254],[-103.39761,24.31032],[-103.39626,24.31189],[-103.39921,24.3143]]],[[[-103.40694,24.35092],[-103.40759,24.34762],[-103.40622,24.34363],[-103.4084,24.33939],[-103.40591,24.33685],[-103.40419,24.33085],[-103.40503,24.33467],[-103.40067,24.33504],[-103.39747,24.33737],[-103.39865,24.33285],[-103.40006,24.33418],[-103.40245,24.33243],[-103.40353,24.32892],[-103.40372,24.32787],[-103.4042,24.32122],[-103.39567,24.32106],[-103.39633,24.32268],[-103.39226,24.32616],[-103.39663,24.33114],[-103.39568,24.33314],[-103.39166,24.33387],[-103.39074,24.33692],[-103.39246,24.3381],[-103.39217,24.3415],[-103.39032,24.34252],[-103.39381,24.34676],[-103.40182,24.34016],[-103.40328,24.3477],[-103.40056,24.35118],[-103.40201,24.35315],[-103.40632,24.35107],[-103.40694,24.35092]]],[[[-103.31791,24.22739],[-103.31874,24.2279],[-103.32371,24.2247],[-103.31975,24.22377],[-103.31607,24.22502],[-103.31791,24.22739]]],[[[-103.31434,24.21904],[-103.31768,24.22123],[-103.3163,24.21788],[-103.31212,24.21446],[-103.31164,24.21889],[-103.31434,24.21904]]],[[[-103.31667,24.21091],[-103.32024,24.20801],[-103.32018,24.20649],[-103.31876,24.20609],[-103.31667,24.21091]]],[[[-103.30985,24.19632],[-103.31201,24.19964],[-103.31121,24.20264],[-103.31257,24.20435],[-103.31471,24.19859],[-103.31172,24.19624],[-103.3175,24.19645],[-103.32067,24.19935],[-103.31929,24.19481],[-103.316,24.19234],[-103.30575,24.19018],[-103.30897,24.19282],[-103.30985,24.19632]]],[[[-103.34821,24.20154],[-103.35558,24.19813],[-103.35422,24.19641],[-103.34872,24.19642],[-103.34855,24.19937],[-103.34413,24.19934],[-103.34005,24.19746],[-103.34514,24.20121],[-103.34821,24.20154]]],[[[-103.35381,24.20591],[-103.35457,24.20747],[-103.35714,24.20479],[-103.35381,24.20591]]],[[[-103.26434,24.39831],[-103.26606,24.39932],[-103.26936,24.38709],[-103.24656,24.38772],[-103.2491,24.39258],[-103.25566,24.39465],[-103.25766,24.39875],[-103.26434,24.39831]]],[[[-103.26632,24.37222],[-103.27083,24.38029],[-103.27235,24.37932],[-103.27005,24.37171],[-103.26632,24.37222]]],[[[-103.28771,24.34779],[-103.29668,24.33886],[-103.29612,24.33479],[-103.28894,24.33778],[-103.28502,24.33852],[-103.28459,24.3409],[-103.28134,24.33869],[-103.28307,24.3342],[-103.2863,24.33473],[-103.28962,24.33125],[-103.29597,24.3299],[-103.29116,24.32957],[-103.29715,24.32736],[-103.29601,24.32532],[-103.28961,24.3249],[-103.29067,24.32833],[-103.28426,24.32941],[-103.28085,24.33426],[-103.274,24.32795],[-103.27367,24.32913],[-103.27789,24.33554],[-103.27984,24.33715],[-103.28623,24.34716],[-103.28524,24.34293],[-103.28922,24.34154],[-103.28697,24.34548],[-103.28771,24.34779]]],[[[-103.80081,23.24296],[-103.80063,23.24008],[-103.79641,23.23834],[-103.79843,23.24318],[-103.79564,23.24447],[-103.7943,23.2492],[-103.79575,23.25051],[-103.79475,23.26513],[-103.79821,23.26059],[-103.79601,23.25806],[-103.79611,23.25566],[-103.8007,23.25047],[-103.80067,23.2504],[-103.79791,23.24766],[-103.80081,23.24296]]],[[[-102.9888,22.88359],[-102.98896,22.88082],[-102.98907,22.87909],[-102.98482,22.88385],[-102.98157,22.88534],[-102.98431,22.88698],[-102.98973,22.88809],[-102.98877,22.88408],[-102.98878,22.88392],[-102.9888,22.88359]]],[[[-102.95381,22.77165],[-102.95406,22.77258],[-102.9543,22.77344],[-102.95542,22.78047],[-102.95236,22.78775],[-102.94773,22.79315],[-102.95376,22.78963],[-102.95487,22.7879],[-102.95639,22.78376],[-102.95634,22.78255],[-102.95608,22.77921],[-102.95611,22.77916],[-102.95719,22.77723],[-102.9582,22.77119],[-102.95825,22.77017],[-102.95825,22.77014],[-102.95835,22.76797],[-102.95838,22.76752],[-102.9584,22.76705],[-102.95865,22.76179],[-102.95894,22.75932],[-102.95971,22.75337],[-102.96087,22.74854],[-102.95664,22.75098],[-102.95239,22.75835],[-102.95415,22.76316],[-102.95359,22.77085],[-102.95381,22.77165]],[[-102.95554,22.75524],[-102.95796,22.755],[-102.95658,22.75915],[-102.95512,22.75901],[-102.95554,22.75524]]],[[[-103.05013,22.61699],[-103.05246,22.61699],[-103.04996,22.61671],[-103.05013,22.61699]]],[[[-102.85961,22.55259],[-102.85915,22.5538],[-102.86207,22.55054],[-102.86209,22.54779],[-102.85971,22.55234],[-102.85961,22.55259]]],[[[-103.07268,22.57396],[-103.07047,22.57745],[-103.06292,22.57862],[-103.06263,22.58347],[-103.06763,22.58018],[-103.07569,22.576],[-103.07268,22.57396]]],[[[-103.06271,22.58397],[-103.07039,22.58574],[-103.06981,22.58251],[-103.07241,22.57882],[-103.07021,22.57891],[-103.06271,22.58397]]],[[[-103.05502,22.61782],[-103.05412,22.61782],[-103.05454,22.61865],[-103.05502,22.61782]]],[[[-103.06828,22.6073],[-103.06828,22.60783],[-103.06911,22.60754],[-103.06828,22.6073]]],[[[-103.07827,22.60424],[-103.07827,22.60366],[-103.0766,22.60431],[-103.07827,22.60424]]],[[[-103.0813,22.602],[-103.07993,22.60283],[-103.08102,22.60283],[-103.0813,22.602]]],[[[-103.00876,22.83105],[-103.00323,22.83447],[-103.0036,22.83575],[-103.00858,22.83275],[-103.00876,22.83105]]],[[[-103.00951,22.84893],[-103.00583,22.84763],[-103.00526,22.84773],[-103.00951,22.84893]]],[[[-103.00262,22.84506],[-103.00583,22.84763],[-103.00934,22.8474],[-103.0102,22.84043],[-103.00603,22.83637],[-103.00393,22.8386],[-103.00605,22.84118],[-103.00398,22.8418],[-103.00262,22.84506]]],[[[-103.00424,22.85403],[-103.00549,22.85431],[-103.00488,22.85073],[-103.00302,22.84862],[-103.0037,22.85388],[-103.00424,22.85403]]],[[[-103.01075,22.85836],[-103.01118,22.85888],[-103.01365,22.85941],[-103.01674,22.86235],[-103.01793,22.85311],[-103.02303,22.85235],[-103.02091,22.85154],[-103.01059,22.85234],[-103.00618,22.85163],[-103.01075,22.85836]]],[[[-102.99491,22.84109],[-102.99783,22.83825],[-102.99385,22.83904],[-102.99491,22.84109]]],[[[-102.9961,22.84175],[-102.99849,22.84291],[-103.0033,22.84115],[-103.00033,22.83968],[-102.9961,22.84175]]],[[[-103.01237,22.84076],[-103.01125,22.83629],[-103.01298,22.83293],[-103.0079,22.83552],[-103.00759,22.83746],[-103.01237,22.84076]]],[[[-103.01015,22.84735],[-103.01017,22.84734],[-103.0127,22.84683],[-103.0143,22.84402],[-103.01336,22.84243],[-103.01015,22.84735]]],[[[-102.95536,22.81435],[-102.95378,22.81523],[-102.95371,22.8173],[-102.95496,22.81564],[-102.95536,22.81435]]],[[[-102.96524,22.74971],[-102.96733,22.74804],[-102.96797,22.74413],[-102.9673,22.74761],[-102.96524,22.74971]]],[[[-102.958,22.78227],[-102.95815,22.78343],[-102.95822,22.78403],[-102.95836,22.78509],[-102.95907,22.78525],[-102.96143,22.78136],[-102.9601,22.77841],[-102.958,22.78227]]],[[[-102.95334,22.79857],[-102.95184,22.80243],[-102.95067,22.80616],[-102.95293,22.81033],[-102.95368,22.80154],[-102.95334,22.79857]]],[[[-102.94686,22.81199],[-102.94653,22.81524],[-102.94792,22.8144],[-102.94924,22.81748],[-102.94769,22.82044],[-102.94795,22.8224],[-102.95028,22.8196],[-102.9523,22.81443],[-102.94999,22.81202],[-102.94686,22.81199]]],[[[-102.95089,22.81102],[-102.95074,22.81069],[-102.95042,22.80996],[-102.94956,22.80803],[-102.94942,22.80771],[-102.95097,22.79933],[-102.95198,22.79581],[-102.95408,22.79108],[-102.95428,22.78972],[-102.94701,22.79435],[-102.9458,22.80098],[-102.9471,22.81086],[-102.95089,22.81102]]],[[[-102.96351,22.74092],[-102.96381,22.74553],[-102.96496,22.74366],[-102.96351,22.74092]]],[[[-102.9654,22.74091],[-102.96517,22.74017],[-102.96505,22.73991],[-102.96392,22.73999],[-102.9654,22.74091]]],[[[-102.91076,22.73492],[-102.91276,22.73598],[-102.9161,22.73143],[-102.91674,22.73019],[-102.92109,22.73049],[-102.92332,22.73228],[-102.92298,22.728],[-102.92095,22.72761],[-102.91461,22.73089],[-102.91391,22.73436],[-102.91076,22.73492]]],[[[-102.91974,22.7265],[-102.92221,22.72632],[-102.92041,22.72228],[-102.9163,22.72299],[-102.91974,22.7265]]],[[[-102.92004,22.7105],[-102.91642,22.70342],[-102.9134,22.70415],[-102.91827,22.71363],[-102.9217,22.7136],[-102.92109,22.71273],[-102.92004,22.7105]]],[[[-102.84986,22.64092],[-102.85402,22.64747],[-102.85999,22.65066],[-102.86132,22.649],[-102.86609,22.64817],[-102.86715,22.64567],[-102.87021,22.64366],[-102.86009,22.64103],[-102.86109,22.64366],[-102.84986,22.64092]]],[[[-102.87322,22.63816],[-102.86847,22.6304],[-102.8632,22.62966],[-102.86074,22.62708],[-102.85352,22.62515],[-102.8533,22.62571],[-102.85271,22.62588],[-102.84972,22.62682],[-102.84881,22.62736],[-102.84826,22.62768],[-102.84777,22.62797],[-102.84742,22.62817],[-102.85034,22.62912],[-102.84819,22.6318],[-102.84707,22.63668],[-102.87061,22.64341],[-102.87333,22.64066],[-102.87322,22.63816]]],[[[-102.87148,22.61174],[-102.86943,22.61585],[-102.87223,22.61588],[-102.87148,22.61174]]],[[[-102.88466,22.61149],[-102.88542,22.60908],[-102.88199,22.60922],[-102.88466,22.61149]]],[[[-102.87456,22.60068],[-102.87225,22.60406],[-102.87341,22.60503],[-102.87456,22.60068]]],[[[-102.88831,22.58896],[-102.88426,22.58869],[-102.88809,22.59076],[-102.88831,22.58896]]],[[[-103.06691,22.68693],[-103.06661,22.68776],[-103.06688,22.68776],[-103.06691,22.68693]]],[[[-103.0558,22.66028],[-103.05495,22.66112],[-103.05561,22.66112],[-103.0558,22.66028]]],[[[-103.06843,22.7041],[-103.06744,22.70441],[-103.06843,22.70414],[-103.06843,22.7041]]],[[[-103.06162,22.61434],[-103.06162,22.61449],[-103.06229,22.61449],[-103.06162,22.61434]]],[[[-103.06162,22.61504],[-103.06162,22.61449],[-103.06139,22.61449],[-103.06162,22.61504]]],[[[-103.06661,22.6476],[-103.06661,22.64696],[-103.06578,22.64728],[-103.06661,22.6476]]],[[[-103.06172,22.65112],[-103.06245,22.65029],[-103.06183,22.65029],[-103.06172,22.65112]]],[[[-103.06495,22.6482],[-103.06495,22.64863],[-103.06578,22.64836],[-103.06495,22.6482]]],[[[-102.84888,22.63958],[-102.84934,22.64015],[-102.85886,22.64215],[-102.85955,22.64092],[-102.84892,22.63774],[-102.84888,22.63958]]],[[[-103.07148,22.60616],[-103.06955,22.60616],[-103.06941,22.60699],[-103.07139,22.60699],[-103.07148,22.60616]]],[[[-103.08602,22.58505],[-103.08418,22.58532],[-103.08101,22.59024],[-103.08213,22.59236],[-103.08511,22.58923],[-103.08429,22.58755],[-103.08745,22.58716],[-103.08602,22.58505]]],[[[-102.83461,21.69751],[-102.83462,21.69752],[-102.83453,21.69691],[-102.83461,21.69751]]],[[[-102.95656,21.49124],[-102.95508,21.49253],[-102.96219,21.49348],[-102.96253,21.4967],[-102.96576,21.49649],[-102.96636,21.49548],[-102.96261,21.4923],[-102.95656,21.49124]]],[[[-102.83169,21.68338],[-102.83352,21.68267],[-102.83224,21.67734],[-102.8301,21.67698],[-102.83169,21.68338]]],[[[-102.82079,21.67792],[-102.8234,21.67939],[-102.82199,21.67631],[-102.82079,21.67792]]],[[[-102.82709,21.67895],[-102.82866,21.67875],[-102.8278,21.67542],[-102.82709,21.67895]]],[[[-102.82,21.67121],[-102.82009,21.67339],[-102.82295,21.67391],[-102.82,21.67121]]],[[[-102.82699,21.66308],[-102.82547,21.66497],[-102.82386,21.66937],[-102.82504,21.66971],[-102.82593,21.66499],[-102.82832,21.66336],[-102.83296,21.66255],[-102.83504,21.66536],[-102.82961,21.6636],[-102.82702,21.66842],[-102.83232,21.67012],[-102.83206,21.66566],[-102.83406,21.66694],[-102.83738,21.66606],[-102.84026,21.66868],[-102.83785,21.66353],[-102.83267,21.66172],[-102.82796,21.66153],[-102.82699,21.66308]]],[[[-102.82422,21.65975],[-102.82665,21.66194],[-102.83147,21.65672],[-102.82655,21.65567],[-102.82422,21.65975]]],[[[-102.89812,21.65092],[-102.89721,21.65281],[-102.89701,21.65323],[-102.89868,21.65542],[-102.90017,21.65385],[-102.89876,21.65037],[-102.89812,21.65092]]],[[[-102.85565,21.66597],[-102.85815,21.67231],[-102.85753,21.67542],[-102.8599,21.67584],[-102.86005,21.67329],[-102.86303,21.67259],[-102.86867,21.66814],[-102.86781,21.66532],[-102.86047,21.66538],[-102.85673,21.66454],[-102.85565,21.66597]]],[[[-102.82831,21.67575],[-102.83417,21.67475],[-102.83362,21.67259],[-102.82831,21.67575]]],[[[-102.92017,21.6417],[-102.92064,21.63871],[-102.92506,21.63614],[-102.92523,21.63185],[-102.92154,21.63508],[-102.92135,21.63791],[-102.91785,21.63875],[-102.91776,21.64146],[-102.92017,21.6417]]],[[[-102.94345,21.63559],[-102.9467,21.63429],[-102.94697,21.63221],[-102.9512,21.63387],[-102.9532,21.63205],[-102.95029,21.62998],[-102.9434,21.62953],[-102.94408,21.63067],[-102.94139,21.63525],[-102.94345,21.63559]]],[[[-102.90093,21.63404],[-102.90479,21.62793],[-102.90099,21.62971],[-102.89733,21.62815],[-102.90093,21.63404]]],[[[-102.9072,21.62257],[-102.90968,21.62482],[-102.91076,21.62349],[-102.9072,21.62257]]],[[[-102.88455,21.62576],[-102.88875,21.62493],[-102.88912,21.62246],[-102.88455,21.62576]]],[[[-102.90856,21.61428],[-102.91036,21.61679],[-102.91296,21.61092],[-102.91015,21.60986],[-102.90856,21.61428]]],[[[-102.90178,21.60708],[-102.90365,21.60949],[-102.90505,21.60826],[-102.90178,21.60708]]],[[[-102.91508,21.60459],[-102.91586,21.59933],[-102.91081,21.60033],[-102.91094,21.60302],[-102.91508,21.60459]]],[[[-103.12538,21.6298],[-103.12768,21.62699],[-103.12519,21.62728],[-103.12538,21.6298]]],[[[-103.11679,21.63261],[-103.11822,21.63458],[-103.12029,21.63255],[-103.12055,21.62912],[-103.11679,21.63261]]],[[[-103.12649,21.63609],[-103.12876,21.63306],[-103.12566,21.63373],[-103.12649,21.63609]]],[[[-103.12393,21.64499],[-103.12556,21.64211],[-103.1242,21.64092],[-103.12771,21.63935],[-103.12621,21.6382],[-103.12375,21.63987],[-103.12393,21.64499]]],[[[-103.10563,21.65586],[-103.10887,21.65288],[-103.10676,21.65093],[-103.10226,21.65398],[-103.10563,21.65586]]],[[[-103.14091,21.6149],[-103.14163,21.61234],[-103.14698,21.61305],[-103.14833,21.61206],[-103.1437,21.60852],[-103.1411,21.61221],[-103.13922,21.60928],[-103.1368,21.61139],[-103.14091,21.6149]]],[[[-103.08626,21.61437],[-103.08876,21.61265],[-103.08457,21.61246],[-103.08626,21.61437]]],[[[-103.14433,21.61931],[-103.14637,21.61647],[-103.14405,21.61678],[-103.14174,21.61995],[-103.14433,21.61931]]],[[[-103.15056,21.60441],[-103.15232,21.60561],[-103.15185,21.60926],[-103.15406,21.61034],[-103.15405,21.60435],[-103.15558,21.6028],[-103.15052,21.60386],[-103.15056,21.60441]]],[[[-103.16082,21.613],[-103.16204,21.61456],[-103.16467,21.61181],[-103.15934,21.60856],[-103.16082,21.613]]],[[[-102.93563,21.58968],[-102.93895,21.58319],[-102.9393,21.58271],[-102.93739,21.58312],[-102.93394,21.58925],[-102.93563,21.58968]]],[[[-102.91038,21.56975],[-102.90758,21.57036],[-102.90775,21.57095],[-102.90853,21.57317],[-102.90878,21.57382],[-102.91038,21.56975]]],[[[-103.14854,21.56822],[-103.14809,21.56419],[-103.14574,21.56542],[-103.14854,21.56822]]],[[[-103.08423,21.58724],[-103.08705,21.58703],[-103.08549,21.58469],[-103.08423,21.58724]]],[[[-102.95967,21.52001],[-102.95956,21.5209],[-102.9633,21.51755],[-102.96168,21.51673],[-102.95967,21.52001]]],[[[-102.98947,21.51768],[-102.99309,21.51771],[-102.99549,21.51431],[-102.99298,21.51145],[-102.98753,21.51677],[-102.98947,21.51768]]],[[[-102.95106,21.51354],[-102.95441,21.51473],[-102.95352,21.51203],[-102.95106,21.51354]]],[[[-102.98554,21.51331],[-102.98788,21.51488],[-102.98919,21.51243],[-102.98554,21.51331]]],[[[-102.8855,21.64841],[-102.89334,21.64303],[-102.89323,21.64157],[-102.88429,21.64489],[-102.8855,21.64841]]],[[[-102.9083,21.64889],[-102.91287,21.64894],[-102.91113,21.64592],[-102.9083,21.64889]]],[[[-102.89023,21.637],[-102.88784,21.63409],[-102.88771,21.63695],[-102.89023,21.637]]],[[[-102.84802,21.81935],[-102.84912,21.82016],[-102.84947,21.82087],[-102.8496,21.82116],[-102.85073,21.81868],[-102.85029,21.81549],[-102.84845,21.81657],[-102.84792,21.81797],[-102.84802,21.81935]]],[[[-102.83154,21.70571],[-102.83444,21.70725],[-102.8372,21.70543],[-102.83482,21.69864],[-102.83169,21.70132],[-102.83154,21.70571]]],[[[-103.01777,21.84167],[-103.01799,21.84253],[-103.02029,21.84227],[-103.01992,21.83795],[-103.01728,21.83974],[-103.01777,21.84167]]],[[[-102.87298,21.79553],[-102.87337,21.79593],[-102.8783,21.79866],[-102.88224,21.8034],[-102.8843,21.80445],[-102.88506,21.80075],[-102.88267,21.80163],[-102.88085,21.79903],[-102.88435,21.79901],[-102.88267,21.79674],[-102.88881,21.79489],[-102.88462,21.79245],[-102.88081,21.79557],[-102.8778,21.79314],[-102.87298,21.79553]]],[[[-102.80245,21.74727],[-102.79702,21.74909],[-102.79805,21.75119],[-102.80208,21.74871],[-102.80245,21.74727]]],[[[-102.80268,21.7464],[-102.80277,21.74607],[-102.80085,21.74311],[-102.79731,21.74367],[-102.80268,21.7464]]],[[[-102.89175,21.75526],[-102.89176,21.7552],[-102.89148,21.75543],[-102.89175,21.75526]]],[[[-102.89225,21.75354],[-102.89176,21.75437],[-102.89218,21.75437],[-102.89225,21.75354]]],[[[-102.88719,21.78172],[-102.88717,21.78657],[-102.88841,21.78226],[-102.88719,21.78172]]],[[[-102.87013,21.79017],[-102.86961,21.79034],[-102.87168,21.79346],[-102.87613,21.79193],[-102.88283,21.78554],[-102.8792,21.78561],[-102.87464,21.7887],[-102.87104,21.78987],[-102.87013,21.79017]]],[[[-102.88657,21.78699],[-102.88483,21.78609],[-102.88246,21.7901],[-102.88657,21.78699]]],[[[-103.04144,21.81369],[-103.04548,21.81243],[-103.04684,21.80863],[-103.04144,21.81369]]],[[[-102.882,21.81331],[-102.8829,21.80897],[-102.88075,21.81159],[-102.87865,21.80827],[-102.87628,21.81448],[-102.882,21.81331]]],[[[-102.86593,21.81989],[-102.87203,21.81578],[-102.86949,21.81424],[-102.86593,21.81989]]],[[[-102.85882,21.8188],[-102.86008,21.82],[-102.8619,21.81652],[-102.86046,21.81343],[-102.85815,21.81565],[-102.85882,21.8188]]],[[[-102.87606,21.83266],[-102.87778,21.8281],[-102.88299,21.8254],[-102.88036,21.82295],[-102.88295,21.82044],[-102.88107,21.81958],[-102.87571,21.8273],[-102.87195,21.82848],[-102.87081,21.83057],[-102.87606,21.83266]]],[[[-102.86123,21.82696],[-102.86625,21.82711],[-102.86443,21.82394],[-102.8566,21.82386],[-102.85383,21.82569],[-102.85628,21.82705],[-102.86123,21.82696]]],[[[-102.86905,21.82527],[-102.87316,21.82509],[-102.87332,21.82192],[-102.87086,21.8226],[-102.87225,21.81981],[-102.86732,21.82011],[-102.86951,21.82202],[-102.86905,21.82527]]],[[[-102.89978,21.8238],[-102.8982,21.82551],[-102.89817,21.82896],[-102.90092,21.82649],[-102.90324,21.82137],[-102.89978,21.8238]]],[[[-102.80145,21.74135],[-102.79946,21.73408],[-102.79766,21.73831],[-102.80145,21.74135]]],[[[-102.7989,21.7269],[-102.8035,21.72556],[-102.80712,21.72621],[-102.803,21.72377],[-102.79826,21.72635],[-102.79961,21.72267],[-102.79732,21.72203],[-102.79558,21.72591],[-102.7989,21.7269]]],[[[-102.8184,21.7206],[-102.82248,21.71964],[-102.82047,21.71721],[-102.8184,21.7206]]],[[[-102.83005,21.71271],[-102.82685,21.7111],[-102.8234,21.71372],[-102.82458,21.71862],[-102.82611,21.71652],[-102.82973,21.71701],[-102.8304,21.71304],[-102.83005,21.71271]]],[[[-102.78752,21.70361],[-102.78562,21.70589],[-102.78708,21.70917],[-102.79162,21.70823],[-102.78775,21.70357],[-102.78752,21.70361]]],[[[-102.79133,21.69644],[-102.79141,21.6982],[-102.79142,21.69849],[-102.7915,21.70034],[-102.79372,21.69656],[-102.79133,21.69644]]],[[[-102.82044,21.69442],[-102.81848,21.6959],[-102.82274,21.6975],[-102.82291,21.69481],[-102.82044,21.69442]]],[[[-102.80457,21.68649],[-102.80681,21.68734],[-102.80805,21.6835],[-102.8039,21.68322],[-102.80457,21.68649]]],[[[-102.87065,21.84278],[-102.87303,21.84402],[-102.87555,21.84279],[-102.87141,21.84111],[-102.87065,21.84278]]],[[[-102.21803,22.89675],[-102.22002,22.89326],[-102.2175,22.89099],[-102.22302,22.88624],[-102.22314,22.88609],[-102.22141,22.88504],[-102.2139,22.88778],[-102.21434,22.89583],[-102.21803,22.89675]]],[[[-102.20527,22.79533],[-102.20695,22.78711],[-102.20936,22.78479],[-102.20737,22.78437],[-102.20591,22.78754],[-102.20428,22.78655],[-102.19914,22.79026],[-102.20362,22.79557],[-102.20527,22.79533]]],[[[-102.22333,22.81335],[-102.21592,22.80714],[-102.21152,22.80497],[-102.21534,22.80819],[-102.2198,22.81466],[-102.22333,22.81335]]],[[[-102.25457,22.86404],[-102.24895,22.85771],[-102.24947,22.86412],[-102.25457,22.86404]]],[[[-102.30011,22.89448],[-102.30006,22.89703],[-102.30227,22.90133],[-102.30101,22.90722],[-102.30491,22.90714],[-102.30766,22.90057],[-102.30832,22.89315],[-102.30636,22.89356],[-102.30553,22.88944],[-102.30049,22.89065],[-102.30011,22.89448]]],[[[-102.2263,22.87556],[-102.22555,22.87299],[-102.22334,22.87394],[-102.2263,22.87556]]],[[[-102.22494,22.87851],[-102.22757,22.8809],[-102.22827,22.87948],[-102.22494,22.87851]]],[[[-102.21153,22.88034],[-102.21288,22.88119],[-102.21512,22.87755],[-102.21039,22.87609],[-102.20951,22.87823],[-102.21153,22.88034]]],[[[-102.20117,22.88666],[-102.20372,22.88598],[-102.20233,22.88252],[-102.20556,22.88063],[-102.19863,22.88126],[-102.19517,22.88592],[-102.20025,22.88519],[-102.20117,22.88666]]],[[[-102.22439,22.87102],[-102.2263,22.87021],[-102.22205,22.86894],[-102.22439,22.87102]]],[[[-102.21961,22.86632],[-102.22171,22.86756],[-102.22202,22.86496],[-102.21961,22.86632]]],[[[-102.22086,22.8639],[-102.22444,22.86065],[-102.21836,22.86175],[-102.22086,22.8639]]],[[[-102.21562,22.85656],[-102.21586,22.86018],[-102.21764,22.85987],[-102.21773,22.85678],[-102.21562,22.85656]]],[[[-102.29946,22.88424],[-102.30027,22.88671],[-102.30449,22.88379],[-102.30464,22.88011],[-102.30408,22.8823],[-102.29941,22.88381],[-102.29946,22.88424]]],[[[-102.2104,22.78379],[-102.21207,22.78161],[-102.21284,22.7777],[-102.2085,22.77904],[-102.2104,22.78379]]],[[[-102.41505,22.80662],[-102.41571,22.80252],[-102.41394,22.80469],[-102.41505,22.80662]]],[[[-102.41129,22.82111],[-102.41173,22.81473],[-102.41436,22.81086],[-102.41503,22.80673],[-102.41341,22.80906],[-102.41078,22.80842],[-102.40871,22.81021],[-102.40741,22.81501],[-102.41105,22.8169],[-102.40974,22.8204],[-102.41129,22.82111]]],[[[-102.40526,22.82657],[-102.41081,22.8264],[-102.40809,22.82458],[-102.40526,22.82657]]],[[[-102.39492,22.81561],[-102.39687,22.81792],[-102.39874,22.81556],[-102.39902,22.81229],[-102.39628,22.81446],[-102.39379,22.81171],[-102.39195,22.81219],[-102.39492,22.81561]]],[[[-102.40568,22.81291],[-102.40717,22.8133],[-102.40861,22.80957],[-102.40674,22.80907],[-102.40568,22.81291]]],[[[-102.40023,22.75223],[-102.40402,22.75289],[-102.40462,22.75059],[-102.39972,22.74963],[-102.40023,22.75223]]],[[[-102.40968,22.74912],[-102.41246,22.75025],[-102.41555,22.74782],[-102.41526,22.74156],[-102.41357,22.73672],[-102.40926,22.73873],[-102.4106,22.742],[-102.40538,22.74169],[-102.40794,22.7456],[-102.40989,22.74525],[-102.40968,22.74912]]],[[[-102.4367,22.73373],[-102.43747,22.73731],[-102.4388,22.73513],[-102.4367,22.73373]]],[[[-102.42695,22.73804],[-102.42798,22.73354],[-102.42694,22.7368],[-102.42324,22.73477],[-102.41895,22.7371],[-102.4198,22.7393],[-102.416,22.73805],[-102.4169,22.74255],[-102.41942,22.74203],[-102.41653,22.74572],[-102.41998,22.74963],[-102.41934,22.74867],[-102.42308,22.74265],[-102.4233,22.73749],[-102.42695,22.73804]]],[[[-102.46038,22.74148],[-102.46108,22.74147],[-102.45807,22.73785],[-102.45586,22.73731],[-102.45396,22.73352],[-102.45597,22.73986],[-102.45354,22.74087],[-102.45724,22.74155],[-102.46038,22.74148]]],[[[-102.42304,22.73331],[-102.42353,22.73125],[-102.41985,22.72842],[-102.42304,22.73331]]],[[[-102.39273,22.71858],[-102.39294,22.72233],[-102.39437,22.72075],[-102.39273,22.71858]]],[[[-102.46059,22.72084],[-102.45914,22.71467],[-102.45768,22.71699],[-102.4597,22.71781],[-102.46059,22.72084]]],[[[-102.46796,22.70934],[-102.47056,22.71498],[-102.47335,22.71467],[-102.46891,22.70866],[-102.46796,22.70934]]],[[[-102.48433,22.72494],[-102.48633,22.72454],[-102.48791,22.71938],[-102.48024,22.71697],[-102.48132,22.71553],[-102.47618,22.713],[-102.47296,22.72166],[-102.47733,22.72467],[-102.48433,22.72494]]],[[[-102.48424,22.72994],[-102.48688,22.7278],[-102.48673,22.72583],[-102.47922,22.72491],[-102.47982,22.72963],[-102.48251,22.73127],[-102.48424,22.72994]]],[[[-102.49499,22.72643],[-102.50312,22.726],[-102.49647,22.7223],[-102.49419,22.72282],[-102.49499,22.72643]]],[[[-102.51844,22.71866],[-102.51807,22.71813],[-102.51461,22.71689],[-102.51352,22.71273],[-102.51005,22.71346],[-102.51079,22.71591],[-102.50687,22.71476],[-102.50639,22.71645],[-102.5024,22.71525],[-102.5025,22.71327],[-102.50556,22.71023],[-102.50192,22.71174],[-102.50086,22.71729],[-102.50187,22.72299],[-102.50458,22.7226],[-102.50649,22.72493],[-102.51002,22.72227],[-102.51218,22.72235],[-102.51275,22.71743],[-102.51844,22.71866]]],[[[-102.48568,22.71401],[-102.4899,22.7136],[-102.49066,22.71132],[-102.48864,22.70993],[-102.48436,22.71026],[-102.48568,22.71401]]],[[[-102.47403,22.67625],[-102.47782,22.67029],[-102.47571,22.67076],[-102.47403,22.67625]]],[[[-102.48855,22.70922],[-102.47683,22.70904],[-102.47464,22.708],[-102.4775,22.70259],[-102.47608,22.69915],[-102.46961,22.69775],[-102.46559,22.69989],[-102.46289,22.70381],[-102.47049,22.70966],[-102.47321,22.70804],[-102.47294,22.71043],[-102.48138,22.71384],[-102.47957,22.71108],[-102.48238,22.70959],[-102.48855,22.70922]]],[[[-102.47875,22.66388],[-102.47537,22.66278],[-102.47228,22.65957],[-102.47236,22.65554],[-102.46494,22.65743],[-102.46531,22.6608],[-102.47846,22.66868],[-102.47737,22.66725],[-102.47875,22.66388]]],[[[-102.47009,22.64144],[-102.46041,22.63343],[-102.45087,22.6324],[-102.45005,22.63109],[-102.46348,22.62373],[-102.46344,22.62165],[-102.45264,22.62259],[-102.45086,22.62837],[-102.4464,22.62943],[-102.44165,22.62906],[-102.44065,22.63336],[-102.44272,22.63487],[-102.46051,22.6449],[-102.46141,22.6431],[-102.46912,22.64787],[-102.46706,22.64856],[-102.47244,22.6518],[-102.47256,22.64609],[-102.47009,22.64144]]],[[[-102.47899,22.66916],[-102.47942,22.66875],[-102.48086,22.66456],[-102.48039,22.66441],[-102.47788,22.66708],[-102.47899,22.66916]]],[[[-102.41285,22.67103],[-102.41674,22.66952],[-102.41919,22.66609],[-102.42141,22.66655],[-102.42364,22.66418],[-102.42794,22.66464],[-102.42869,22.65848],[-102.4247,22.65798],[-102.42115,22.66171],[-102.41717,22.66207],[-102.41269,22.66525],[-102.41502,22.66749],[-102.41285,22.67103]]],[[[-102.45836,22.71236],[-102.45849,22.70613],[-102.45673,22.7078],[-102.45836,22.71236]]],[[[-102.46204,22.70605],[-102.4632,22.70793],[-102.46235,22.70461],[-102.46174,22.70548],[-102.46204,22.70605]]],[[[-102.45062,22.68938],[-102.45192,22.68955],[-102.45255,22.68548],[-102.45062,22.68938]]],[[[-102.41467,22.67959],[-102.41587,22.67834],[-102.41223,22.67702],[-102.41134,22.67887],[-102.41467,22.67959]]],[[[-102.4312,22.60169],[-102.43199,22.60208],[-102.43211,22.60211],[-102.43133,22.60161],[-102.4312,22.60169]]],[[[-102.47336,22.57992],[-102.47585,22.57844],[-102.47828,22.57677],[-102.47837,22.57659],[-102.47909,22.5751],[-102.47606,22.57464],[-102.47474,22.57645],[-102.47066,22.57389],[-102.4665,22.5792],[-102.46357,22.57877],[-102.46216,22.58055],[-102.45734,22.57754],[-102.45487,22.58144],[-102.45978,22.58466],[-102.45721,22.58867],[-102.46316,22.58974],[-102.46115,22.58767],[-102.46444,22.58796],[-102.46516,22.59225],[-102.46042,22.59066],[-102.45786,22.59284],[-102.46222,22.59697],[-102.46078,22.59979],[-102.46311,22.60105],[-102.46475,22.59934],[-102.46625,22.59382],[-102.47142,22.58107],[-102.47334,22.57993],[-102.47336,22.57992]]],[[[-102.14682,22.78529],[-102.14394,22.78338],[-102.13943,22.78588],[-102.13874,22.78818],[-102.14155,22.79267],[-102.14577,22.78959],[-102.14687,22.78555],[-102.14682,22.78529]]],[[[-102.14308,22.78288],[-102.1369,22.7815],[-102.13545,22.7803],[-102.13383,22.7809],[-102.13628,22.7854],[-102.13596,22.78761],[-102.13659,22.78756],[-102.1386,22.78425],[-102.14308,22.78288]]],[[[-102.13373,22.68063],[-102.13259,22.68039],[-102.13112,22.68203],[-102.12797,22.68096],[-102.12611,22.68233],[-102.12989,22.68943],[-102.13861,22.6946],[-102.14149,22.70268],[-102.14483,22.70072],[-102.1446,22.69412],[-102.14284,22.68646],[-102.14103,22.6843],[-102.13586,22.68527],[-102.13373,22.68063]]],[[[-102.12646,22.61981],[-102.11934,22.61924],[-102.12346,22.62163],[-102.12543,22.6255],[-102.12876,22.62628],[-102.12646,22.61981]]],[[[-102.14123,22.64634],[-102.1445,22.64789],[-102.13974,22.64278],[-102.1351,22.64192],[-102.13396,22.64385],[-102.13798,22.64633],[-102.14123,22.64634]]],[[[-102.12825,22.63292],[-102.13036,22.63714],[-102.13338,22.63645],[-102.13679,22.63948],[-102.13985,22.63573],[-102.13696,22.63313],[-102.1386,22.63182],[-102.13858,22.6318],[-102.1356,22.62994],[-102.12825,22.63292]]],[[[-102.10977,22.62342],[-102.10991,22.62448],[-102.11392,22.62398],[-102.11612,22.62008],[-102.11386,22.61894],[-102.10977,22.62342]]],[[[-102.96311,22.12031],[-102.96249,22.11732],[-102.96065,22.1195],[-102.96311,22.12031]]],[[[-102.96907,22.11329],[-102.97251,22.11418],[-102.96888,22.11063],[-102.96907,22.11329]]],[[[-102.96604,22.11617],[-102.96627,22.11618],[-102.96716,22.1162],[-102.96879,22.11361],[-102.96604,22.11617]]],[[[-103.0153,22.10088],[-103.01447,22.10188],[-103.01215,22.10608],[-103.0113,22.10701],[-103.01767,22.11224],[-103.02076,22.11027],[-103.0202,22.1124],[-103.02219,22.1146],[-103.02685,22.11113],[-103.02768,22.10501],[-103.03012,22.10008],[-103.02578,22.1006],[-103.02863,22.09587],[-103.02351,22.09894],[-103.0229,22.10188],[-103.01998,22.10202],[-103.0218,22.1068],[-103.0203,22.10712],[-103.0153,22.10088]]],[[[-103.02073,22.08788],[-103.01951,22.09133],[-103.02104,22.09244],[-103.02073,22.08788]]],[[[-102.9969,22.07994],[-102.99804,22.08229],[-102.99732,22.0858],[-103.00084,22.08691],[-103.00372,22.08602],[-103.0039,22.08213],[-103.0077,22.08126],[-103.00167,22.08005],[-102.9999,22.07721],[-102.9969,22.07994]]],[[[-103.01944,22.07711],[-103.02213,22.07548],[-103.01871,22.07319],[-103.01863,22.06822],[-103.02204,22.0657],[-103.02028,22.06416],[-103.01681,22.06625],[-103.01261,22.0655],[-103.01247,22.06839],[-103.00988,22.07069],[-103.01079,22.07267],[-103.01255,22.07609],[-103.01776,22.07669],[-103.01733,22.07814],[-103.01943,22.07712],[-103.01944,22.07711]]],[[[-103.01646,22.06449],[-103.01937,22.06189],[-103.02487,22.06132],[-103.02475,22.05859],[-103.02681,22.05471],[-103.01766,22.05612],[-103.01811,22.05853],[-103.01521,22.05748],[-103.0153,22.06123],[-103.01199,22.06409],[-103.01646,22.06449]]],[[[-103.03362,22.08581],[-103.02802,22.08165],[-103.03258,22.08659],[-103.03362,22.08581]]],[[[-103.02816,22.0453],[-103.03199,22.04497],[-103.0313,22.04324],[-103.02296,22.04306],[-103.02173,22.04563],[-103.02819,22.04437],[-103.02816,22.0453]]],[[[-103.02709,22.04197],[-103.03081,22.04151],[-103.02946,22.03971],[-103.02709,22.04197]]],[[[-103.04155,22.03103],[-103.0457,22.03135],[-103.04576,22.02951],[-103.03732,22.0277],[-103.04155,22.03103]]],[[[-103.08849,21.97687],[-103.08997,21.97544],[-103.0908,21.96948],[-103.08947,21.96795],[-103.0885,21.95759],[-103.08537,21.96179],[-103.08295,21.95739],[-103.07996,21.96069],[-103.07566,21.95988],[-103.07385,21.96227],[-103.06852,21.96343],[-103.06841,21.96133],[-103.06448,21.95689],[-103.06216,21.95625],[-103.06147,21.95923],[-103.05782,21.95732],[-103.05682,21.95899],[-103.05314,21.95949],[-103.05535,21.9619],[-103.05235,21.96371],[-103.05739,21.96744],[-103.05949,21.97062],[-103.05617,21.97164],[-103.05533,21.97687],[-103.05371,21.97826],[-103.0437,21.97554],[-103.04173,21.97652],[-103.04612,21.97738],[-103.04804,21.97905],[-103.04787,21.98175],[-103.04216,21.98103],[-103.03844,21.97954],[-103.03945,21.98455],[-103.03726,21.98386],[-103.03546,21.98976],[-103.03821,21.9935],[-103.04003,21.99197],[-103.04354,21.99243],[-103.05172,21.99895],[-103.04694,21.99585],[-103.04435,21.99597],[-103.04551,21.99874],[-103.0418,22.0076],[-103.04482,22.00805],[-103.04473,22.01128],[-103.04157,22.01182],[-103.03715,22.01012],[-103.03493,22.01294],[-103.03616,22.0169],[-103.04236,22.01707],[-103.04163,22.02188],[-103.05026,22.02534],[-103.05494,22.02362],[-103.05488,22.02005],[-103.04805,22.02173],[-103.04815,22.01645],[-103.04625,22.01095],[-103.04964,22.0085],[-103.05379,22.01159],[-103.05621,22.00818],[-103.05547,22.01245],[-103.06569,22.01463],[-103.06742,22.00883],[-103.06405,22.00696],[-103.06347,22.00243],[-103.06546,22.00189],[-103.06215,21.99832],[-103.06678,21.9934],[-103.06956,21.99521],[-103.06773,21.99979],[-103.07547,21.99337],[-103.07607,21.98853],[-103.08026,21.98916],[-103.08182,21.99101],[-103.08082,21.99426],[-103.07536,21.9946],[-103.07477,21.99974],[-103.07836,22.0001],[-103.07739,22.0038],[-103.07946,22.00495],[-103.08237,22.00206],[-103.07974,21.99926],[-103.08057,21.99691],[-103.08416,21.9944],[-103.08421,21.99258],[-103.09119,21.99279],[-103.09125,21.97907],[-103.08779,21.97849],[-103.08849,21.97687]],[[-103.06855,21.97835],[-103.07036,21.97757],[-103.07069,21.98114],[-103.06733,21.98069],[-103.06855,21.97835]],[[-103.08411,21.97336],[-103.08568,21.97152],[-103.08793,21.97301],[-103.08421,21.97567],[-103.08411,21.97336]]],[[[-103.12521,21.98173],[-103.12662,21.98005],[-103.12418,21.97727],[-103.12247,21.98052],[-103.12521,21.98173]]],[[[-103.09838,21.97558],[-103.09934,21.97951],[-103.10008,21.97525],[-103.10243,21.97255],[-103.09631,21.97197],[-103.09439,21.97501],[-103.09845,21.97417],[-103.09838,21.97558]]],[[[-103.12551,21.97259],[-103.12809,21.97299],[-103.12723,21.97027],[-103.1221,21.96928],[-103.12073,21.97113],[-103.12362,21.97327],[-103.12551,21.97259]]],[[[-103.14691,21.98217],[-103.14509,21.97704],[-103.14343,21.97342],[-103.13771,21.97317],[-103.1382,21.96913],[-103.1339,21.97347],[-103.13786,21.97778],[-103.13563,21.97902],[-103.13708,21.98063],[-103.13626,21.98428],[-103.13469,21.98339],[-103.13067,21.9861],[-103.13122,21.98872],[-103.13863,21.98376],[-103.14036,21.98481],[-103.14333,21.9847],[-103.14423,21.98138],[-103.14691,21.98217]]],[[[-103.11428,21.97806],[-103.11691,21.97751],[-103.11956,21.97899],[-103.12069,21.97608],[-103.11666,21.97533],[-103.11428,21.97806]]],[[[-103.10909,21.9762],[-103.10718,21.97927],[-103.11101,21.97628],[-103.10909,21.9762]]],[[[-103.08819,21.99692],[-103.08952,21.99916],[-103.09085,21.99663],[-103.08819,21.99692]]],[[[-103.0735,22.00811],[-103.07785,22.00869],[-103.07844,22.00701],[-103.0748,22.00613],[-103.0735,22.00811]]],[[[-103.08381,22.00962],[-103.08457,22.01126],[-103.08684,22.00881],[-103.08381,22.00962]]],[[[-103.08586,22.01395],[-103.08823,22.01415],[-103.08792,22.01177],[-103.08586,22.01395]]],[[[-103.10158,22.01727],[-103.10369,22.01801],[-103.10487,22.01517],[-103.0992,22.01503],[-103.09875,22.01725],[-103.10158,22.01727]]],[[[-103.07605,22.02131],[-103.0794,22.02076],[-103.08073,22.01875],[-103.07834,22.01625],[-103.07434,22.01837],[-103.07605,22.02131]]],[[[-103.08967,22.02493],[-103.09149,22.02615],[-103.09296,22.02304],[-103.09595,22.02116],[-103.09311,22.01983],[-103.08994,22.02042],[-103.08711,22.02289],[-103.08967,22.02493]]],[[[-103.09713,22.02971],[-103.09809,22.03085],[-103.10041,22.02765],[-103.1044,22.02953],[-103.10398,22.02609],[-103.09944,22.02512],[-103.09713,22.02971]]],[[[-103.10705,21.96395],[-103.10923,21.96561],[-103.11319,21.9612],[-103.10864,21.96364],[-103.10762,21.9621],[-103.11038,21.95937],[-103.10468,21.95891],[-103.10139,21.95967],[-103.10705,21.96395]]],[[[-103.09633,21.96145],[-103.09257,21.96186],[-103.09195,21.96434],[-103.10012,21.96504],[-103.09849,21.96167],[-103.09633,21.96145]]],[[[-103.09503,21.95303],[-103.09602,21.95091],[-103.10336,21.94636],[-103.10449,21.94443],[-103.09951,21.94792],[-103.09376,21.95036],[-103.09503,21.95303]]],[[[-103.09004,21.94735],[-103.08925,21.95012],[-103.09314,21.95305],[-103.09124,21.94694],[-103.09004,21.94735]]],[[[-103.07607,21.94979],[-103.07649,21.95355],[-103.07796,21.95181],[-103.07607,21.94979]]],[[[-103.12147,21.95158],[-103.12363,21.94911],[-103.11867,21.94854],[-103.12122,21.94599],[-103.11758,21.94634],[-103.11627,21.94334],[-103.11575,21.94665],[-103.11825,21.95089],[-103.12147,21.95158]]],[[[-103.09755,21.933],[-103.09541,21.93837],[-103.09252,21.94304],[-103.09763,21.9403],[-103.09963,21.93449],[-103.09755,21.933]]],[[[-103.10103,21.93038],[-103.10104,21.9327],[-103.10441,21.9317],[-103.10103,21.93038]]],[[[-103.10549,21.92824],[-103.10416,21.93045],[-103.10812,21.92976],[-103.10549,21.92824]]],[[[-103.07944,21.93724],[-103.08468,21.93547],[-103.08918,21.93143],[-103.09417,21.93291],[-103.09368,21.92516],[-103.08373,21.92409],[-103.07917,21.92538],[-103.07556,21.93194],[-103.08082,21.93361],[-103.07944,21.93724]]],[[[-103.09958,21.92167],[-103.10371,21.92112],[-103.10362,21.91972],[-103.09956,21.91993],[-103.09958,21.92167]]],[[[-103.11539,21.91705],[-103.11976,21.91701],[-103.11806,21.91444],[-103.11539,21.91705]]],[[[-103.09077,21.90896],[-103.09259,21.90733],[-103.09239,21.90412],[-103.08958,21.90504],[-103.09077,21.90896]]],[[[-103.10961,21.89897],[-103.11168,21.90117],[-103.1141,21.89803],[-103.10961,21.89897]]],[[[-103.04873,24.43908],[-103.04823,24.43971],[-103.0508,24.44189],[-103.04876,24.44552],[-103.05269,24.44459],[-103.05626,24.44786],[-103.06048,24.44211],[-103.06051,24.44207],[-103.06317,24.43845],[-103.06284,24.43692],[-103.06599,24.43463],[-103.06808,24.43181],[-103.06601,24.43341],[-103.06028,24.43357],[-103.06326,24.43151],[-103.06112,24.42929],[-103.05499,24.43149],[-103.05667,24.42826],[-103.05666,24.42482],[-103.05925,24.4258],[-103.06033,24.42287],[-103.06317,24.42401],[-103.06466,24.42143],[-103.06841,24.42398],[-103.0655,24.42452],[-103.06483,24.42954],[-103.06889,24.43072],[-103.07035,24.42729],[-103.0688,24.42436],[-103.07235,24.42244],[-103.07652,24.42238],[-103.07126,24.41762],[-103.06211,24.4184],[-103.06133,24.41371],[-103.05549,24.41197],[-103.05634,24.41019],[-103.06139,24.41016],[-103.06066,24.40286],[-103.05595,24.4038],[-103.05321,24.40194],[-103.0527,24.40332],[-103.05188,24.40435],[-103.04884,24.40739],[-103.05273,24.40874],[-103.05652,24.40538],[-103.05637,24.40815],[-103.05388,24.40978],[-103.05459,24.41217],[-103.05149,24.41232],[-103.05038,24.41472],[-103.05077,24.41713],[-103.0545,24.41367],[-103.05721,24.4149],[-103.05456,24.41795],[-103.05714,24.41882],[-103.05662,24.42265],[-103.05755,24.42133],[-103.05954,24.42192],[-103.05674,24.42283],[-103.05576,24.42422],[-103.05384,24.42418],[-103.05071,24.42626],[-103.05293,24.42853],[-103.04943,24.42973],[-103.05144,24.4331],[-103.0515,24.43572],[-103.04863,24.43565],[-103.04877,24.43678],[-103.05294,24.43716],[-103.05273,24.44202],[-103.04898,24.43852],[-103.04899,24.43876],[-103.04873,24.43908]]],[[[-103.05199,24.42019],[-103.04954,24.42406],[-103.05108,24.42489],[-103.05285,24.42371],[-103.05549,24.42375],[-103.05203,24.42188],[-103.05199,24.42019]]],[[[-103.18236,24.42893],[-103.18258,24.42839],[-103.18254,24.42841],[-103.18236,24.42893]]],[[[-103.13785,24.42748],[-103.1427,24.42764],[-103.14544,24.42639],[-103.14643,24.4266],[-103.14649,24.42661],[-103.14687,24.42669],[-103.15104,24.42756],[-103.15251,24.42558],[-103.1459,24.42251],[-103.1395,24.42337],[-103.13752,24.42264],[-103.13504,24.42628],[-103.137,24.42723],[-103.13732,24.42739],[-103.13785,24.42748]]],[[[-103.01368,24.24963],[-103.01235,24.24917],[-103.01145,24.24976],[-103.01116,24.25034],[-103.01114,24.25039],[-103.01096,24.25077],[-103.009,24.25257],[-103.00882,24.25266],[-103.00892,24.25398],[-103.00465,24.25369],[-103.00441,24.25537],[-103.01212,24.25777],[-103.01007,24.25307],[-103.01619,24.25509],[-103.01873,24.25369],[-103.01729,24.25087],[-103.01683,24.25071],[-103.01487,24.25004],[-103.01483,24.25002],[-103.01466,24.24996],[-103.0138,24.24967],[-103.01368,24.24963]]],[[[-103.04768,24.21086],[-103.04821,24.21357],[-103.04989,24.20853],[-103.05661,24.2098],[-103.05608,24.20845],[-103.04532,24.20666],[-103.04376,24.20189],[-103.04474,24.2071],[-103.04584,24.20798],[-103.04762,24.21054],[-103.04768,24.21086]]],[[[-102.98146,24.16586],[-102.98289,24.16635],[-102.98286,24.16945],[-102.979,24.17032],[-102.97784,24.17216],[-102.97356,24.17202],[-102.9725,24.17259],[-102.97217,24.17508],[-102.97601,24.17632],[-102.97897,24.17367],[-102.98237,24.17332],[-102.98401,24.17149],[-102.98472,24.17122],[-102.98743,24.17008],[-102.98906,24.16657],[-102.99368,24.1644],[-102.98676,24.16183],[-102.99581,24.16203],[-102.9979,24.16091],[-102.99758,24.16374],[-103.00028,24.16431],[-103.00368,24.16021],[-102.99763,24.15934],[-102.97553,24.15962],[-102.97473,24.16392],[-102.9773,24.1651],[-102.98042,24.16551],[-102.98146,24.16586]]],[[[-102.97677,24.15168],[-102.9778,24.15149],[-102.98031,24.15102],[-102.97809,24.14807],[-102.98112,24.14634],[-102.97793,24.14466],[-102.97407,24.14508],[-102.97106,24.14151],[-102.96798,24.14119],[-102.96302,24.14338],[-102.96441,24.13891],[-102.95797,24.13664],[-102.95576,24.13893],[-102.95532,24.14222],[-102.95203,24.14525],[-102.95204,24.14893],[-102.95025,24.14598],[-102.94688,24.15247],[-102.95089,24.154],[-102.95796,24.15405],[-102.96106,24.15252],[-102.96375,24.1545],[-102.96542,24.15276],[-102.97039,24.15306],[-102.97068,24.15308],[-102.97184,24.15289],[-102.97288,24.15261],[-102.97446,24.15219],[-102.97576,24.14811],[-102.97677,24.15168]],[[-102.96805,24.1484],[-102.97111,24.14604],[-102.96689,24.15252],[-102.96452,24.15284],[-102.96805,24.1484]]],[[[-102.8745,24.10117],[-102.87218,24.10108],[-102.87155,24.10652],[-102.88176,24.10484],[-102.88234,24.10309],[-102.88634,24.10626],[-102.88507,24.11061],[-102.88844,24.10977],[-102.88774,24.11218],[-102.89292,24.11255],[-102.89288,24.11204],[-102.89232,24.11067],[-102.89177,24.10931],[-102.88784,24.10329],[-102.88958,24.10124],[-102.88335,24.10063],[-102.88378,24.09775],[-102.87508,24.09578],[-102.87345,24.09405],[-102.87321,24.09475],[-102.87301,24.0953],[-102.8797,24.09865],[-102.87792,24.10069],[-102.8776,24.10263],[-102.8745,24.10117]]],[[[-103.00053,24.06614],[-103.00666,24.06614],[-103.00461,24.06167],[-102.99531,24.06073],[-102.9876,24.05577],[-102.98466,24.05803],[-102.98742,24.06057],[-102.98867,24.06152],[-102.99163,24.06376],[-102.99372,24.06535],[-102.99545,24.06603],[-102.99596,24.06604],[-102.99838,24.06609],[-102.99985,24.06612],[-103.00053,24.06614]]],[[[-103.03404,24.05533],[-103.03005,24.0563],[-103.03781,24.05871],[-103.0432,24.05735],[-103.03873,24.05452],[-103.03543,24.05509],[-103.03404,24.05533]]],[[[-103.0727,24.03559],[-103.07333,24.03806],[-103.07609,24.03916],[-103.0727,24.03559]]],[[[-103.00456,24.01827],[-103.00358,24.01938],[-103.00446,24.01942],[-103.00496,24.01909],[-103.00456,24.01827]]],[[[-102.99886,23.99793],[-103.00319,23.9978],[-103.00755,23.99918],[-103.00811,23.99936],[-103.00874,24.00003],[-103.00873,24.00046],[-103.00879,24.00192],[-103.00881,24.00244],[-103.0088,24.00264],[-103.00781,24.00618],[-103.00774,24.00644],[-103.00765,24.00677],[-103.00716,24.00852],[-103.00713,24.00862],[-103.00928,24.00774],[-103.00999,24.01084],[-103.00649,24.01048],[-103.006,24.01189],[-103.01021,24.01185],[-103.01321,24.00828],[-103.01518,24.01173],[-103.01888,24.01468],[-103.02008,24.01311],[-103.01808,24.00891],[-103.01905,24.00709],[-103.01806,24.00273],[-103.01545,24.00371],[-103.01303,24.00199],[-103.01336,23.99701],[-103.01117,23.99426],[-103.01194,23.98998],[-103.00456,23.98818],[-103.00537,23.99165],[-103.00796,23.991],[-103.00797,23.99442],[-103.00523,23.99176],[-103.0039,23.99407],[-102.98837,23.99304],[-102.98901,23.99573],[-102.99319,23.99435],[-102.99173,23.99745],[-102.99332,23.99815],[-102.99881,23.99793],[-102.99643,23.99747],[-103.00074,23.99432],[-103.0012,23.99734],[-102.99886,23.99793]]],[[[-102.96226,23.9731],[-102.96003,23.97002],[-102.96003,23.96919],[-102.959,23.96624],[-102.96295,23.96542],[-102.96922,23.97023],[-102.96976,23.9705],[-102.97073,23.97073],[-102.97136,23.97088],[-102.97617,23.97203],[-102.98026,23.97714],[-102.98151,23.97545],[-102.98645,23.98046],[-102.99111,23.98256],[-102.99319,23.97925],[-102.99064,23.98672],[-102.98812,23.98522],[-102.98809,23.98191],[-102.9843,23.9825],[-102.98514,23.9836],[-102.98531,23.98414],[-102.98536,23.98432],[-102.98556,23.98493],[-102.98825,23.99254],[-102.98873,23.99214],[-103.00212,23.99347],[-103.00225,23.99037],[-102.99975,23.99164],[-103.00072,23.98785],[-102.99707,23.98378],[-102.99912,23.98189],[-103.00097,23.98469],[-103.00024,23.97954],[-102.99823,23.98154],[-102.99786,23.9777],[-102.99453,23.97411],[-102.99305,23.97442],[-102.99435,23.97909],[-102.99059,23.97521],[-102.99063,23.97182],[-102.98728,23.96861],[-102.9858,23.96973],[-102.98721,23.97489],[-102.989,23.97677],[-102.98584,23.97672],[-102.98421,23.97401],[-102.98045,23.97448],[-102.98158,23.96908],[-102.97857,23.96917],[-102.9757,23.97154],[-102.96724,23.96218],[-102.96296,23.95984],[-102.96157,23.96157],[-102.96059,23.9571],[-102.96206,23.95393],[-102.95709,23.95088],[-102.95422,23.95209],[-102.95129,23.96225],[-102.95126,23.96235],[-102.95545,23.97295],[-102.95909,23.97584],[-102.96021,23.9763],[-102.96235,23.97611],[-102.96226,23.9731]]],[[[-103.01103,23.94728],[-103.01293,23.94546],[-103.01016,23.94456],[-103.0096,23.94436],[-103.00402,23.94183],[-103.00151,23.94134],[-103.00565,23.94277],[-103.00586,23.94872],[-103.00894,23.94697],[-103.01015,23.94933],[-103.01368,23.94938],[-103.01645,23.9514],[-103.01813,23.94924],[-103.01107,23.94812],[-103.01103,23.94728]]],[[[-103.01449,24.41534],[-103.01337,24.42003],[-103.00589,24.41691],[-103.00145,24.41632],[-103.00372,24.42019],[-103.00914,24.42307],[-103.00921,24.42428],[-103.00307,24.42279],[-103.00044,24.42498],[-102.99801,24.42368],[-102.99959,24.42129],[-102.99727,24.41987],[-102.99734,24.41686],[-102.99375,24.42137],[-102.99189,24.42014],[-102.98999,24.42543],[-102.98738,24.42775],[-102.98791,24.43025],[-102.99035,24.42981],[-102.99505,24.4327],[-102.99506,24.42827],[-102.9929,24.42641],[-102.98954,24.4282],[-102.99206,24.42436],[-102.99526,24.42306],[-102.99771,24.42414],[-102.99606,24.42745],[-102.99658,24.43121],[-102.99907,24.43252],[-102.99799,24.43414],[-103.0059,24.43844],[-103.01125,24.43959],[-103.01008,24.44191],[-103.01582,24.44533],[-103.0191,24.44453],[-103.01949,24.45251],[-103.02913,24.45821],[-103.02942,24.45838],[-103.03191,24.45572],[-103.02899,24.4545],[-103.02836,24.45056],[-103.02527,24.4447],[-103.02347,24.43949],[-103.02496,24.43426],[-103.02093,24.43186],[-103.02354,24.42684],[-103.01891,24.42411],[-103.01531,24.41805],[-103.01811,24.41714],[-103.01449,24.41534]],[[-103.00277,24.43496],[-103.00395,24.43311],[-103.00769,24.43542],[-103.00658,24.43713],[-103.00277,24.43496]]],[[[-103.05821,24.39528],[-103.05925,24.39611],[-103.05996,24.39365],[-103.05721,24.39448],[-103.0579,24.39503],[-103.05821,24.39528]]],[[[-103.05444,24.39333],[-103.05611,24.39359],[-103.05791,24.39002],[-103.05444,24.39333]]],[[[-103.04172,24.39783],[-103.04607,24.39578],[-103.04829,24.39301],[-103.05306,24.39325],[-103.04823,24.39109],[-103.04555,24.38588],[-103.04227,24.39106],[-103.0457,24.39533],[-103.04212,24.39649],[-103.03779,24.39337],[-103.03956,24.39841],[-103.04172,24.39783]]],[[[-103.04322,24.41535],[-103.0407,24.41382],[-103.0386,24.40872],[-103.04237,24.40308],[-103.04203,24.40032],[-103.04219,24.40299],[-103.03655,24.40672],[-103.02806,24.40365],[-103.02929,24.40914],[-103.03614,24.40755],[-103.03829,24.413],[-103.04322,24.41535]]],[[[-103.04585,24.42333],[-103.0469,24.42062],[-103.04299,24.42361],[-103.04585,24.42333]]],[[[-103.03818,24.46118],[-103.03964,24.46055],[-103.03999,24.45537],[-103.03872,24.45416],[-103.03818,24.46118]]],[[[-103.01012,24.38521],[-103.0088,24.38583],[-103.00763,24.39098],[-103.01058,24.39012],[-103.01177,24.38625],[-103.01012,24.38521]]],[[[-102.94108,24.41279],[-102.93939,24.40803],[-102.93841,24.4095],[-102.94108,24.41279]]],[[[-102.92855,24.4158],[-102.93068,24.41588],[-102.93089,24.41309],[-102.92855,24.4158]]],[[[-102.98842,24.3902],[-102.98875,24.38743],[-102.98532,24.38332],[-102.98546,24.38686],[-102.98842,24.3902]]],[[[-103.07462,24.38278],[-103.07408,24.381],[-103.06954,24.38076],[-103.0719,24.38795],[-103.07462,24.38278]]],[[[-103.04667,24.37901],[-103.04837,24.38143],[-103.04989,24.37913],[-103.04667,24.37901]]],[[[-103.0531,24.38231],[-103.0548,24.38069],[-103.05174,24.3802],[-103.0531,24.38231]]],[[[-103.0427,24.38298],[-103.04409,24.38121],[-103.04228,24.37929],[-103.0427,24.38298]]],[[[-103.05679,24.38448],[-103.05812,24.38172],[-103.05301,24.38295],[-103.05679,24.38448]]],[[[-102.93186,24.36959],[-102.92769,24.37275],[-102.92943,24.37324],[-102.93186,24.36959]]],[[[-102.75375,24.34288],[-102.75106,24.34145],[-102.75262,24.34252],[-102.75387,24.34712],[-102.7552,24.34804],[-102.75481,24.34572],[-102.75375,24.34288]]],[[[-102.74899,24.34055],[-102.74938,24.34055],[-102.74938,24.33975],[-102.74937,24.33972],[-102.74854,24.33972],[-102.74854,24.34048],[-102.74899,24.34055]]],[[[-102.75055,24.34118],[-102.75023,24.34101],[-102.75012,24.34094],[-102.74938,24.34055],[-102.74967,24.3417],[-102.75055,24.34118]]],[[[-102.8638,24.28785],[-102.86319,24.289],[-102.87248,24.2919],[-102.87411,24.288],[-102.86915,24.28572],[-102.86582,24.28553],[-102.8638,24.28785]]],[[[-102.896,24.30576],[-102.89128,24.30434],[-102.89001,24.30362],[-102.88849,24.30276],[-102.88773,24.30232],[-102.88759,24.30225],[-102.88443,24.30401],[-102.88851,24.30389],[-102.89103,24.30638],[-102.896,24.30576]]],[[[-102.82337,24.24483],[-102.82433,24.24858],[-102.8252,24.24519],[-102.82337,24.24483]]],[[[-102.88447,24.24879],[-102.88536,24.24757],[-102.88053,24.24726],[-102.88447,24.24879]]],[[[-102.96253,24.24616],[-102.96253,24.24646],[-102.96264,24.24646],[-102.96253,24.24616]]],[[[-102.95938,24.23271],[-102.95719,24.23266],[-102.95171,24.23647],[-102.95171,24.2373],[-102.95194,24.2373],[-102.95651,24.23319],[-102.95938,24.23271]]],[[[-102.97068,24.23574],[-102.96597,24.23605],[-102.96446,24.23374],[-102.96262,24.2327],[-102.96002,24.23272],[-102.95954,24.23444],[-102.96485,24.23443],[-102.96462,24.2406],[-102.96703,24.24063],[-102.96661,24.23732],[-102.97099,24.23755],[-102.97068,24.23574]]],[[[-102.82911,24.24408],[-102.83276,24.24317],[-102.82922,24.24072],[-102.82911,24.24408]]],[[[-102.90341,24.16996],[-102.90355,24.16986],[-102.90065,24.16606],[-102.89792,24.16892],[-102.89277,24.16769],[-102.89231,24.16899],[-102.89699,24.17266],[-102.90354,24.17165],[-102.9035,24.17132],[-102.90341,24.16996]]],[[[-102.90732,24.17773],[-102.90964,24.17686],[-102.90412,24.17425],[-102.90732,24.17773]]],[[[-102.95486,24.18318],[-102.95587,24.18335],[-102.9601,24.17847],[-102.95748,24.17701],[-102.95454,24.18125],[-102.95486,24.18318]]],[[[-102.95754,24.17198],[-102.95754,24.17225],[-102.9576,24.17236],[-102.95837,24.17259],[-102.96057,24.17199],[-102.96303,24.16859],[-102.95234,24.16699],[-102.95335,24.16903],[-102.95587,24.16986],[-102.9567,24.17047],[-102.95754,24.17198]]],[[[-102.95025,24.16558],[-102.94838,24.16736],[-102.94838,24.16819],[-102.95006,24.16819],[-102.95025,24.16558]]],[[[-102.95315,24.16333],[-102.95078,24.16516],[-102.95228,24.16619],[-102.95821,24.1614],[-102.96739,24.16183],[-102.97055,24.1602],[-102.95769,24.15873],[-102.95578,24.16089],[-102.95315,24.16333]]],[[[-102.9643,24.16809],[-102.96249,24.16478],[-102.95966,24.1644],[-102.9643,24.16809]]],[[[-102.97334,24.16787],[-102.97354,24.16773],[-102.97519,24.16658],[-102.9763,24.1658],[-102.97439,24.16477],[-102.97217,24.16757],[-102.97334,24.16787]]],[[[-102.8693,24.15246],[-102.86388,24.15457],[-102.86569,24.15753],[-102.86899,24.15768],[-102.87051,24.16002],[-102.87545,24.16141],[-102.88108,24.15814],[-102.87806,24.15344],[-102.87546,24.15409],[-102.87316,24.15181],[-102.8693,24.15246]]],[[[-102.8963,24.11217],[-102.89632,24.12063],[-102.89538,24.12124],[-102.89821,24.12069],[-102.89761,24.11889],[-102.9011,24.11593],[-102.90092,24.11237],[-102.8963,24.11217]]],[[[-103.06121,24.05702],[-103.05963,24.05833],[-103.05911,24.06355],[-103.05342,24.06607],[-103.05138,24.06506],[-103.04881,24.06717],[-103.0483,24.06814],[-103.05616,24.0688],[-103.05433,24.06702],[-103.05687,24.06566],[-103.06301,24.06472],[-103.05977,24.06257],[-103.06121,24.05702]]],[[[-103.04881,24.06717],[-103.04359,24.06519],[-103.04256,24.063],[-103.03946,24.06377],[-103.04575,24.06754],[-103.04881,24.06717]]],[[[-103.02219,24.06073],[-103.02087,24.06135],[-103.01544,24.0605],[-103.01357,24.06024],[-103.01374,24.0625],[-103.01134,24.06324],[-103.01939,24.06457],[-103.02302,24.06225],[-103.02767,24.06083],[-103.02812,24.0619],[-103.03532,24.06186],[-103.03592,24.06412],[-103.04033,24.06302],[-103.03341,24.0606],[-103.02871,24.06022],[-103.02708,24.05874],[-103.02324,24.06003],[-103.02273,24.06047],[-103.02219,24.06073]]],[[[-102.99035,24.05513],[-102.98898,24.0554],[-102.99457,24.05906],[-102.99035,24.05513]]],[[[-102.97165,24.05045],[-102.9706,24.0498],[-102.97023,24.04957],[-102.96541,24.04662],[-102.95966,24.0448],[-102.95952,24.04705],[-102.96466,24.04721],[-102.96831,24.04924],[-102.97005,24.05441],[-102.97265,24.05629],[-102.97324,24.05142],[-102.97269,24.05108],[-102.97165,24.05045]]],[[[-103.00074,24.0136],[-103.00035,24.01353],[-102.99962,24.0134],[-103.00077,24.01381],[-103.00074,24.0136]]],[[[-103.03707,24.04139],[-103.04704,24.0455],[-103.04649,24.04366],[-103.03923,24.04037],[-103.03707,24.04139]]],[[[-103.03169,24.03679],[-103.03526,24.04065],[-103.03547,24.03869],[-103.03169,24.03679]]],[[[-103.06,24.0042],[-103.05969,23.99858],[-103.05206,24.0005],[-103.04417,24.00008],[-103.03913,23.99687],[-103.04041,23.99881],[-103.04542,24.0021],[-103.04538,24.0041],[-103.04655,24.00592],[-103.04664,24.01257],[-103.04281,24.01563],[-103.0428,24.01565],[-103.04791,24.01358],[-103.04693,24.01606],[-103.04916,24.01739],[-103.04555,24.02045],[-103.04723,24.021],[-103.04621,24.0263],[-103.04934,24.03288],[-103.05064,24.03254],[-103.05242,24.03634],[-103.05319,24.03409],[-103.05691,24.03722],[-103.05701,24.03929],[-103.05184,24.04748],[-103.05511,24.0491],[-103.05954,24.04853],[-103.06317,24.0504],[-103.06352,24.05614],[-103.06507,24.05139],[-103.06198,24.04813],[-103.06007,24.04228],[-103.05753,24.04055],[-103.05825,24.0388],[-103.06186,24.04104],[-103.06702,24.04172],[-103.06624,24.04886],[-103.07156,24.04677],[-103.07331,24.0435],[-103.07553,24.04364],[-103.07127,24.05053],[-103.07492,24.05166],[-103.07641,24.05547],[-103.08457,24.05619],[-103.08646,24.06357],[-103.08983,24.06122],[-103.08855,24.06035],[-103.08906,24.04814],[-103.09216,24.04647],[-103.08621,24.0448],[-103.08713,24.04291],[-103.08379,24.0413],[-103.09123,24.04017],[-103.09361,24.03672],[-103.09142,24.03325],[-103.09258,24.03026],[-103.09735,24.02935],[-103.09902,24.03101],[-103.10328,24.03197],[-103.1059,24.0342],[-103.1099,24.03406],[-103.10631,24.02947],[-103.10536,24.02916],[-103.10449,24.02345],[-103.10339,24.02194],[-103.10101,24.02269],[-103.09566,24.01814],[-103.09502,24.0148],[-103.09125,24.01219],[-103.08827,24.01231],[-103.08389,24.00924],[-103.08306,24.00733],[-103.07787,24.00545],[-103.07726,24.00946],[-103.07478,24.01102],[-103.07107,24.00914],[-103.06828,24.01123],[-103.06606,24.00809],[-103.06,24.0042]],[[-103.07551,24.04079],[-103.07469,24.04104],[-103.07243,24.03663],[-103.06375,24.03257],[-103.06073,24.03566],[-103.05863,24.03217],[-103.06104,24.03279],[-103.06284,24.02911],[-103.06455,24.0326],[-103.07381,24.03548],[-103.07581,24.03734],[-103.07678,24.04062],[-103.07551,24.04079]],[[-103.06205,24.02055],[-103.05914,24.01937],[-103.06324,24.01843],[-103.06205,24.02055]],[[-103.06282,24.01511],[-103.05858,24.01522],[-103.05517,24.0131],[-103.0571,24.01251],[-103.06393,24.01383],[-103.06282,24.01511]],[[-103.06,24.0042],[-103.05761,24.006],[-103.06116,24.01022],[-103.05751,24.00969],[-103.05551,24.00736],[-103.05631,24.00526],[-103.06,24.0042]]],[[[-103.02858,24.03349],[-103.02945,24.03371],[-103.02946,24.03372],[-103.03004,24.03372],[-103.02356,24.02636],[-103.0242,24.02912],[-103.02858,24.03349]]],[[[-103.03654,24.02975],[-103.03873,24.02772],[-103.03812,24.02503],[-103.03385,24.02589],[-103.03654,24.02975]]],[[[-103.03549,24.01893],[-103.03494,24.01747],[-103.02847,24.01544],[-103.03014,24.01841],[-103.03549,24.01893]]],[[[-103.0141,24.02173],[-103.01461,24.02228],[-103.0157,24.02016],[-103.02158,24.01977],[-103.0237,24.02114],[-103.02722,24.01768],[-103.02456,24.0164],[-103.02375,24.01303],[-103.02058,24.01342],[-103.01907,24.01546],[-103.02381,24.0175],[-103.01595,24.01949],[-103.0141,24.02173]]],[[[-103.02763,24.01155],[-103.02647,24.01095],[-103.02418,24.01212],[-103.02742,24.01322],[-103.02763,24.01155]]],[[[-103.02189,24.01198],[-103.02097,24.00466],[-103.01906,24.00559],[-103.01945,24.01065],[-103.02189,24.01198]]],[[[-103.01374,23.99905],[-103.01611,24.00278],[-103.0156,23.9996],[-103.01374,23.99905]]],[[[-103.13362,24.03203],[-103.13482,24.01291],[-103.13784,24.01184],[-103.14466,24.01314],[-103.14514,24.01127],[-103.13398,23.99179],[-103.12011,23.9664],[-103.11565,23.97018],[-103.11169,23.96775],[-103.11555,23.96841],[-103.119,23.96447],[-103.11186,23.95109],[-103.10852,23.95638],[-103.10887,23.95184],[-103.11058,23.95157],[-103.106,23.94462],[-103.10719,23.94263],[-103.0943,23.94275],[-103.09536,23.94569],[-103.09341,23.94574],[-103.09362,23.95137],[-103.09589,23.96088],[-103.09286,23.961],[-103.09328,23.95395],[-103.09151,23.95194],[-103.09331,23.94274],[-103.08544,23.94282],[-103.07852,23.94369],[-103.07947,23.94546],[-103.07745,23.94839],[-103.07986,23.95215],[-103.08163,23.95207],[-103.08165,23.95537],[-103.08685,23.96281],[-103.09871,23.97165],[-103.08406,23.98718],[-103.08718,23.98704],[-103.08931,23.9933],[-103.09563,23.99243],[-103.09942,23.9941],[-103.1145,23.99347],[-103.11686,23.99055],[-103.12413,23.99448],[-103.12391,24.00365],[-103.11518,24.00454],[-103.11508,24.00729],[-103.11784,24.00685],[-103.11785,24.00939],[-103.12061,24.01183],[-103.12137,24.00894],[-103.12363,24.00863],[-103.12365,24.01281],[-103.12016,24.01277],[-103.11854,24.01538],[-103.12578,24.01631],[-103.12545,24.02101],[-103.12259,24.02085],[-103.12232,24.02633],[-103.12522,24.02628],[-103.12509,24.02911],[-103.1309,24.02924],[-103.1307,24.03117],[-103.13362,24.03203]],[[-103.12585,24.02241],[-103.12836,24.02111],[-103.12813,24.02386],[-103.12585,24.02241]],[[-103.09336,23.98424],[-103.09576,23.98734],[-103.09337,23.9876],[-103.09336,23.98424]],[[-103.10597,23.98511],[-103.09956,23.98172],[-103.10201,23.98164],[-103.10654,23.98378],[-103.10597,23.98511]],[[-103.12695,23.9847],[-103.12528,23.98241],[-103.1284,23.98242],[-103.12695,23.9847]],[[-103.11071,23.9588],[-103.11236,23.95692],[-103.11385,23.95942],[-103.11071,23.9588]],[[-103.09849,23.9573],[-103.09854,23.95541],[-103.10247,23.9555],[-103.10155,23.95759],[-103.09849,23.9573]]],[[[-103.10104,24.01591],[-103.10187,24.01163],[-103.09829,24.01227],[-103.10104,24.01591]]],[[[-103.0339,23.98856],[-103.03045,23.99215],[-103.03394,23.99385],[-103.0385,23.99536],[-103.04026,23.99268],[-103.0339,23.98856]]],[[[-103.07452,23.99168],[-103.07478,23.99427],[-103.07875,23.99398],[-103.07839,23.99087],[-103.08176,23.99396],[-103.08738,23.9934],[-103.08639,23.98973],[-103.08228,23.98891],[-103.07452,23.99168]]],[[[-103.00825,23.98621],[-103.01134,23.98881],[-103.01207,23.98742],[-103.00832,23.98444],[-103.00394,23.98365],[-103.00556,23.98702],[-103.00825,23.98621]]],[[[-103.0061,23.98171],[-103.0076,23.98324],[-103.00989,23.9783],[-103.00353,23.9754],[-103.0061,23.98171]]],[[[-103.00331,23.98104],[-103.00379,23.97811],[-103.00112,23.9723],[-102.99928,23.97272],[-103.00113,23.97951],[-103.00331,23.98104]]],[[[-103.03068,23.97609],[-103.03227,23.97798],[-103.03363,23.97416],[-103.03288,23.97216],[-103.0295,23.9709],[-103.03068,23.97609]]],[[[-103.03316,23.97903],[-103.03343,23.97966],[-103.0372,23.97788],[-103.0387,23.97372],[-103.03262,23.97057],[-103.03623,23.97678],[-103.03379,23.9763],[-103.03316,23.97903]]],[[[-102.99149,23.96827],[-102.99675,23.96758],[-102.99233,23.96536],[-102.9894,23.96161],[-102.98847,23.96544],[-102.99149,23.96827]]],[[[-102.97324,23.96375],[-102.97472,23.96721],[-102.97571,23.9633],[-102.97324,23.96375]]],[[[-102.97608,23.9576],[-102.97763,23.96245],[-102.98148,23.96587],[-102.97864,23.95679],[-102.97608,23.9576]]],[[[-102.98567,23.96302],[-102.98737,23.96176],[-102.98429,23.95656],[-102.98567,23.96302]]],[[[-103.00711,23.9576],[-103.00709,23.95504],[-102.99943,23.9557],[-102.99213,23.95524],[-102.98896,23.95261],[-102.98801,23.95617],[-102.99047,23.95625],[-102.99596,23.96171],[-103.0019,23.96307],[-103.00527,23.95949],[-103.0072,23.96002],[-103.00709,23.95851],[-103.00711,23.9576]]],[[[-103.03506,23.96631],[-103.03649,23.96529],[-103.03248,23.96366],[-103.03506,23.96631]]],[[[-103.00879,23.96569],[-103.00858,23.96484],[-102.99983,23.96423],[-103.00131,23.96685],[-103.00879,23.96569]]],[[[-102.97887,23.95087],[-102.97725,23.94873],[-102.9751,23.95224],[-102.97709,23.95302],[-102.97887,23.95087]]],[[[-102.96016,23.94294],[-102.95889,23.94468],[-102.96036,23.94668],[-102.96228,23.94509],[-102.96875,23.95134],[-102.97058,23.94869],[-102.96937,23.94595],[-102.9707,23.94065],[-102.96888,23.93927],[-102.96332,23.94277],[-102.96124,23.94147],[-102.96122,23.94149],[-102.96016,23.94294]]],[[[-102.98461,23.92789],[-102.98471,23.92748],[-102.98067,23.92746],[-102.97773,23.92421],[-102.97568,23.9267],[-102.97509,23.92741],[-102.97293,23.9288],[-102.97214,23.93284],[-102.97421,23.93563],[-102.9804,23.93002],[-102.9767,23.93641],[-102.9803,23.9453],[-102.98387,23.94447],[-102.98107,23.94338],[-102.97871,23.93483],[-102.98159,23.93434],[-102.97993,23.93234],[-102.98461,23.92789]]],[[[-102.9897,23.93806],[-102.98601,23.93616],[-102.98404,23.93176],[-102.98299,23.9364],[-102.98727,23.93844],[-102.9897,23.93806]]],[[[-103.10299,23.93485],[-103.10092,23.9327],[-103.09992,23.93466],[-103.10521,23.93883],[-103.11258,23.93976],[-103.1195,23.94311],[-103.12235,23.94168],[-103.12118,23.9397],[-103.11071,23.93618],[-103.10322,23.93658],[-103.10299,23.93485]]],[[[-103.14026,23.97014],[-103.14224,23.96809],[-103.14032,23.96512],[-103.1369,23.96478],[-103.13862,23.96231],[-103.14146,23.9623],[-103.14676,23.95694],[-103.14639,23.95217],[-103.1449,23.95038],[-103.1415,23.95336],[-103.14137,23.95081],[-103.14757,23.94978],[-103.14615,23.94786],[-103.15308,23.94672],[-103.1589,23.94299],[-103.16413,23.94167],[-103.16415,23.9347],[-103.13819,23.93473],[-103.13024,23.93816],[-103.12736,23.94108],[-103.12799,23.94313],[-103.13083,23.94273],[-103.1319,23.94646],[-103.14097,23.94846],[-103.14062,23.95106],[-103.13685,23.95239],[-103.13114,23.95042],[-103.1346,23.95322],[-103.13288,23.95533],[-103.13385,23.95957],[-103.13226,23.96013],[-103.13436,23.96991],[-103.14026,23.97014]]],[[[-103.16421,23.95968],[-103.16896,23.95509],[-103.16787,23.95358],[-103.16398,23.95487],[-103.16289,23.95745],[-103.16421,23.95968]]],[[[-103.17254,23.95637],[-103.17524,23.95622],[-103.17272,23.95359],[-103.17254,23.95637]]],[[[-103.17129,23.96704],[-103.17726,23.96784],[-103.17923,23.96527],[-103.17546,23.96372],[-103.17353,23.96538],[-103.17217,23.96269],[-103.17129,23.96704]]],[[[-103.17649,23.96961],[-103.17814,23.97053],[-103.18049,23.96843],[-103.17649,23.96961]]],[[[-102.99974,23.9474],[-103.00215,23.94752],[-103.00032,23.94438],[-102.99974,23.9474]]],[[[-103.16461,24.0449],[-103.16702,24.04469],[-103.16126,24.0384],[-103.16114,24.03693],[-103.15331,24.03245],[-103.15094,24.03497],[-103.14839,24.0349],[-103.14852,24.03218],[-103.15148,24.03215],[-103.15045,24.02954],[-103.15183,24.02618],[-103.15078,24.02078],[-103.14899,24.01865],[-103.1492,24.01328],[-103.14614,24.0132],[-103.14612,24.01642],[-103.14329,24.01612],[-103.14304,24.02125],[-103.1459,24.02135],[-103.14666,24.02356],[-103.14031,24.02314],[-103.14006,24.02648],[-103.14188,24.02653],[-103.14277,24.03258],[-103.14568,24.03623],[-103.14563,24.0321],[-103.14755,24.0348],[-103.14723,24.03861],[-103.14925,24.03694],[-103.15538,24.03945],[-103.15579,24.03831],[-103.16314,24.04177],[-103.16461,24.0449]]],[[[-103.15066,24.0539],[-103.15927,24.05202],[-103.16015,24.05013],[-103.15794,24.04691],[-103.15123,24.04578],[-103.14962,24.04645],[-103.14762,24.05313],[-103.15066,24.0539]]],[[[-103.14449,24.06569],[-103.14598,24.06888],[-103.14741,24.06495],[-103.14314,24.06102],[-103.14608,24.0565],[-103.14396,24.0561],[-103.13898,24.05256],[-103.1416,24.05609],[-103.1394,24.05946],[-103.13224,24.05623],[-103.12699,24.05941],[-103.12934,24.06235],[-103.13473,24.0585],[-103.14167,24.06272],[-103.14449,24.06569]]],[[[-103.11378,24.07063],[-103.11441,24.06966],[-103.11386,24.06368],[-103.11607,24.06319],[-103.11508,24.05969],[-103.1177,24.05688],[-103.1161,24.05571],[-103.11011,24.05605],[-103.10893,24.05327],[-103.10943,24.0597],[-103.11134,24.06067],[-103.10825,24.06229],[-103.10756,24.0644],[-103.111,24.06465],[-103.1107,24.06828],[-103.10896,24.07026],[-103.11191,24.07087],[-103.11378,24.07063]]],[[[-103.06384,24.07173],[-103.06576,24.06841],[-103.06334,24.06869],[-103.06384,24.07173]]],[[[-103.05849,24.06927],[-103.063,24.06851],[-103.0595,24.06708],[-103.05849,24.06927]]],[[[-103.15815,24.06344],[-103.15852,24.05969],[-103.15506,24.0618],[-103.14683,24.05746],[-103.15078,24.06106],[-103.15815,24.06344]]],[[[-103.0633,24.05667],[-103.06411,24.05745],[-103.06247,24.05803],[-103.06596,24.06073],[-103.06672,24.05834],[-103.06961,24.05919],[-103.07039,24.05726],[-103.06614,24.05606],[-103.0633,24.05667]]],[[[-102.93344,24.04673],[-102.93203,24.04599],[-102.92778,24.04637],[-102.93234,24.04975],[-102.92895,24.0498],[-102.9269,24.04756],[-102.91477,24.05165],[-102.91812,24.05201],[-102.91756,24.05509],[-102.91985,24.05824],[-102.92286,24.0576],[-102.9235,24.05546],[-102.92861,24.055],[-102.93035,24.05654],[-102.93293,24.05568],[-102.92559,24.05237],[-102.93673,24.0527],[-102.93742,24.05442],[-102.93358,24.05335],[-102.93513,24.05657],[-102.93104,24.05674],[-102.92403,24.05838],[-102.924,24.06064],[-102.93501,24.05962],[-102.94212,24.0576],[-102.93586,24.05553],[-102.94267,24.05458],[-102.94163,24.05143],[-102.93601,24.05167],[-102.93446,24.04979],[-102.93759,24.04892],[-102.93368,24.04685],[-102.93344,24.04673]]],[[[-102.94969,24.04671],[-102.94799,24.04788],[-102.94953,24.05037],[-102.94969,24.04671]]],[[[-102.93842,24.06182],[-102.94044,24.06014],[-102.93684,24.05956],[-102.93842,24.06182]]],[[[-102.92509,24.06505],[-102.92943,24.06383],[-102.9266,24.06114],[-102.92509,24.06505]]],[[[-102.89131,24.05977],[-102.89127,24.06162],[-102.89381,24.06356],[-102.89581,24.06772],[-102.90525,24.06615],[-102.90672,24.06527],[-102.9127,24.06564],[-102.91505,24.0675],[-102.92066,24.06777],[-102.92219,24.06655],[-102.91785,24.06646],[-102.91503,24.06473],[-102.92263,24.05965],[-102.91764,24.05745],[-102.91335,24.05826],[-102.91134,24.05638],[-102.90716,24.0566],[-102.90632,24.05936],[-102.89745,24.05567],[-102.89677,24.05743],[-102.89131,24.05977]],[[-102.91257,24.06439],[-102.90707,24.06376],[-102.90795,24.06143],[-102.91481,24.06023],[-102.91593,24.06258],[-102.91257,24.06439]]],[[[-102.89624,24.10948],[-102.89627,24.11066],[-102.90163,24.10867],[-102.90467,24.10977],[-102.91045,24.1039],[-102.90261,24.10492],[-102.89975,24.10191],[-102.89721,24.10523],[-102.89624,24.10948]]],[[[-102.95226,24.11316],[-102.95905,24.11272],[-102.95549,24.11079],[-102.95226,24.11316]]],[[[-102.90926,24.11216],[-102.90965,24.11473],[-102.91264,24.11404],[-102.91302,24.11204],[-102.90926,24.11216]]],[[[-102.8914,24.08925],[-102.89148,24.08894],[-102.89225,24.08555],[-102.89202,24.08488],[-102.89179,24.08419],[-102.89131,24.0822],[-102.89134,24.08067],[-102.8914,24.08015],[-102.8872,24.07909],[-102.8841,24.0831],[-102.87942,24.07763],[-102.87596,24.08114],[-102.87509,24.08279],[-102.8829,24.086],[-102.88132,24.08938],[-102.88175,24.09281],[-102.88819,24.10034],[-102.89135,24.10035],[-102.89539,24.09621],[-102.89101,24.09078],[-102.89127,24.08975],[-102.8914,24.08925]]],[[[-102.8822,24.07568],[-102.88283,24.07802],[-102.88574,24.07776],[-102.8822,24.07568]]],[[[-102.89197,24.12474],[-102.89323,24.12843],[-102.8925,24.13493],[-102.89526,24.12918],[-102.89197,24.12474]]],[[[-102.90002,24.13808],[-102.90562,24.13339],[-102.90576,24.13327],[-102.9074,24.13253],[-102.90638,24.1314],[-102.90881,24.12765],[-102.90503,24.12774],[-102.90075,24.1249],[-102.89582,24.12841],[-102.89343,24.13583],[-102.89686,24.13867],[-102.90002,24.13808]]],[[[-102.8938,24.14867],[-102.8938,24.14838],[-102.8938,24.14828],[-102.89382,24.14726],[-102.89383,24.14701],[-102.89031,24.14395],[-102.89129,24.14566],[-102.88976,24.1486],[-102.8938,24.14867]]],[[[-102.89379,24.15691],[-102.89371,24.15271],[-102.89219,24.15461],[-102.89379,24.15691]]],[[[-102.88283,24.11688],[-102.88299,24.1179],[-102.88833,24.11521],[-102.88378,24.11486],[-102.88283,24.11688]]],[[[-103.06479,24.15525],[-103.06348,24.15199],[-103.06166,24.15323],[-103.06479,24.15525]]],[[[-103.06379,24.16445],[-103.06377,24.16123],[-103.06066,24.16054],[-103.06379,24.16445]]],[[[-103.0694,24.16516],[-103.07109,24.16244],[-103.06778,24.16436],[-103.0694,24.16516]]],[[[-103.00787,24.17627],[-103.00862,24.17462],[-103.00573,24.17321],[-103.00787,24.17627]]],[[[-103.11371,24.17961],[-103.11502,24.17955],[-103.11461,24.1741],[-103.11346,24.17401],[-103.11371,24.17961]]],[[[-103.11413,24.18424],[-103.11543,24.18446],[-103.11505,24.17997],[-103.11413,24.18424]]],[[[-103.10659,24.19642],[-103.10977,24.19374],[-103.10551,24.19344],[-103.10758,24.19076],[-103.10573,24.18896],[-103.10148,24.192],[-103.10286,24.19559],[-103.10659,24.19642]]],[[[-103.09982,24.19676],[-103.09733,24.19157],[-103.09407,24.19328],[-103.09982,24.19676]]],[[[-103.05937,24.19604],[-103.06207,24.19692],[-103.06202,24.19942],[-103.06251,24.20086],[-103.0652,24.20126],[-103.06668,24.2009],[-103.06445,24.20041],[-103.06214,24.19806],[-103.06215,24.19668],[-103.06184,24.19543],[-103.05937,24.19604]]],[[[-103.05665,24.20305],[-103.0545,24.20102],[-103.05246,24.20301],[-103.05665,24.20305]]],[[[-103.05923,24.2045],[-103.05776,24.20378],[-103.0592,24.20771],[-103.05751,24.20871],[-103.05989,24.21055],[-103.06055,24.20619],[-103.05923,24.2045]]],[[[-102.99445,24.17485],[-102.99241,24.17658],[-102.99214,24.18119],[-102.99445,24.17485]]],[[[-103.02075,24.25813],[-103.02412,24.2572],[-103.02371,24.25448],[-103.02599,24.25545],[-103.02874,24.25207],[-103.02594,24.24811],[-103.02486,24.25307],[-103.02001,24.25326],[-103.01891,24.25614],[-103.02075,24.25813]]],[[[-102.98303,24.26176],[-102.98578,24.26097],[-102.98579,24.25823],[-102.98204,24.25895],[-102.98303,24.26176]]],[[[-102.96836,24.25794],[-102.96836,24.25812],[-102.96919,24.26062],[-102.96936,24.26062],[-102.96836,24.25794]]],[[[-102.96669,24.25691],[-102.96669,24.25729],[-102.96775,24.25729],[-102.96669,24.25691]]],[[[-102.98458,24.27324],[-102.99057,24.273],[-102.98968,24.27068],[-102.99168,24.26931],[-102.98949,24.26673],[-102.98777,24.26875],[-102.98961,24.27186],[-102.98458,24.27324]]],[[[-102.96345,24.25468],[-102.96336,24.25562],[-102.96383,24.25562],[-102.96345,24.25468]]],[[[-102.98064,24.25848],[-102.98418,24.25657],[-102.98255,24.25469],[-102.97987,24.25681],[-102.98064,24.25848]]],[[[-102.87981,24.23033],[-102.87913,24.22989],[-102.87881,24.22918],[-102.87885,24.22829],[-102.87614,24.22609],[-102.87718,24.22931],[-102.88333,24.2326],[-102.8799,24.23039],[-102.87981,24.23033]]],[[[-102.87097,24.23419],[-102.87442,24.23534],[-102.87353,24.23159],[-102.87139,24.23105],[-102.87097,24.23419]]],[[[-102.82835,24.23388],[-102.82726,24.23594],[-102.83153,24.23801],[-102.83591,24.23757],[-102.83589,24.23577],[-102.83222,24.23553],[-102.83435,24.23222],[-102.83008,24.23395],[-102.83117,24.22962],[-102.82978,24.2285],[-102.82925,24.23218],[-102.82835,24.23388]]],[[[-102.88268,24.22847],[-102.88605,24.22964],[-102.89002,24.22935],[-102.88489,24.22469],[-102.88655,24.22155],[-102.8919,24.21789],[-102.88726,24.22012],[-102.8847,24.21938],[-102.88565,24.22243],[-102.88148,24.22388],[-102.88036,24.22597],[-102.88268,24.22847]]],[[[-102.89135,24.23159],[-102.89259,24.23147],[-102.89189,24.23072],[-102.89135,24.23159]]],[[[-102.86726,24.24249],[-102.86768,24.24387],[-102.87284,24.24472],[-102.87028,24.2425],[-102.87411,24.24283],[-102.87226,24.23858],[-102.86508,24.23675],[-102.86357,24.24036],[-102.86691,24.23987],[-102.86726,24.24249]]],[[[-102.96253,24.18718],[-102.96253,24.18724],[-102.96281,24.18734],[-102.9642,24.18734],[-102.9642,24.18666],[-102.96253,24.18718]]],[[[-102.95672,24.18401],[-102.95837,24.18485],[-102.96003,24.18532],[-102.96069,24.1836],[-102.95672,24.18401]]],[[[-103.10969,24.1921],[-103.11394,24.18917],[-103.11378,24.18694],[-103.11072,24.18633],[-103.10969,24.1921]]],[[[-102.9799,24.28582],[-102.9806,24.28606],[-102.97912,24.28271],[-102.9882,24.28043],[-102.98187,24.27855],[-102.97718,24.28074],[-102.9799,24.28582]]],[[[-103.00001,24.28456],[-102.99633,24.28761],[-102.99737,24.28852],[-103.00001,24.28456]]],[[[-103.00137,24.28079],[-103.0034,24.28176],[-103.00505,24.28413],[-103.00657,24.28126],[-103.00137,24.28079]]],[[[-102.99005,24.3028],[-102.98741,24.30597],[-102.98905,24.30606],[-102.99005,24.3028]]],[[[-102.99133,24.29557],[-102.99123,24.30045],[-102.99373,24.29547],[-102.99133,24.29557]]],[[[-102.98528,24.2955],[-102.9863,24.29515],[-102.98833,24.29424],[-102.98341,24.29289],[-102.98285,24.29453],[-102.98528,24.2955]]],[[[-103.02703,24.30156],[-103.02739,24.30144],[-103.03036,24.30029],[-103.02601,24.30005],[-103.02703,24.30156]]],[[[-103.00634,24.30042],[-103.00738,24.30005],[-103.00619,24.30047],[-103.00634,24.30042]]],[[[-102.99632,24.30308],[-102.99481,24.30699],[-102.99996,24.30438],[-102.99632,24.30308]]],[[[-102.99841,24.31016],[-102.99927,24.31046],[-102.99994,24.30931],[-102.99245,24.30826],[-102.99028,24.3098],[-102.99841,24.31016]]],[[[-102.98791,24.31153],[-102.98896,24.30993],[-102.9858,24.30875],[-102.98791,24.31153]]],[[[-102.89854,24.30718],[-102.89515,24.30709],[-102.89615,24.31076],[-102.90026,24.30993],[-102.89921,24.30721],[-102.89854,24.30718]]],[[[-102.90122,24.31585],[-102.90594,24.31506],[-102.90545,24.31338],[-102.90073,24.31319],[-102.90122,24.31585]]],[[[-102.88176,24.31971],[-102.88044,24.31566],[-102.87768,24.31476],[-102.87757,24.31768],[-102.88176,24.31971]]],[[[-102.86618,24.31453],[-102.86969,24.31275],[-102.86925,24.30809],[-102.86573,24.30741],[-102.86656,24.30937],[-102.86423,24.3117],[-102.86618,24.31453]]],[[[-102.75673,24.31119],[-102.75828,24.31451],[-102.75976,24.31044],[-102.75673,24.31119]]],[[[-102.87547,24.29377],[-102.87554,24.29067],[-102.87512,24.28975],[-102.86786,24.29872],[-102.87446,24.29914],[-102.87593,24.29644],[-102.87545,24.29511],[-102.87547,24.29377]]],[[[-102.87889,24.30184],[-102.87889,24.30174],[-102.87417,24.30136],[-102.87642,24.30484],[-102.87883,24.30264],[-102.87889,24.30184]]],[[[-102.87046,24.30964],[-102.87191,24.30872],[-102.87229,24.30406],[-102.86913,24.30368],[-102.87046,24.30964]]],[[[-102.88328,24.31123],[-102.88857,24.31222],[-102.88885,24.30716],[-102.88306,24.30815],[-102.88328,24.31123]]],[[[-102.87806,24.31975],[-102.87535,24.31708],[-102.87229,24.31895],[-102.87806,24.31975]]],[[[-102.86776,24.32044],[-102.87078,24.32023],[-102.86853,24.31846],[-102.86776,24.32044]]],[[[-102.9363,24.32329],[-102.93934,24.32263],[-102.93589,24.32158],[-102.9363,24.32329]]],[[[-102.86264,24.32468],[-102.86425,24.32301],[-102.86091,24.32172],[-102.85955,24.32296],[-102.86264,24.32468]]],[[[-102.84575,24.3253],[-102.84754,24.32326],[-102.85083,24.32322],[-102.85108,24.32153],[-102.84725,24.32162],[-102.84575,24.3253]]],[[[-102.88933,24.33359],[-102.88918,24.33248],[-102.88916,24.33237],[-102.88906,24.3316],[-102.88616,24.33339],[-102.88933,24.33359]]],[[[-102.88481,24.32773],[-102.88376,24.32566],[-102.88133,24.32784],[-102.88448,24.33214],[-102.88893,24.33068],[-102.88699,24.32903],[-102.88481,24.32773]]],[[[-102.87916,24.33343],[-102.88317,24.33292],[-102.88138,24.33169],[-102.87916,24.33343]]],[[[-102.81774,24.33064],[-102.82089,24.33073],[-102.82151,24.32818],[-102.81407,24.32937],[-102.81774,24.33064]]],[[[-103.02745,24.32572],[-103.02577,24.3279],[-103.03025,24.32565],[-103.02745,24.32572]]],[[[-102.96369,24.32868],[-102.96263,24.33074],[-102.9673,24.32916],[-102.96369,24.32868]]],[[[-102.97139,24.33828],[-102.97428,24.33457],[-102.96925,24.3363],[-102.97139,24.33828]]],[[[-102.96083,24.33946],[-102.96067,24.33951],[-102.95898,24.34006],[-102.95697,24.34103],[-102.95972,24.34235],[-102.96463,24.34046],[-102.96322,24.33835],[-102.96276,24.33855],[-102.96083,24.33946]]],[[[-102.95756,24.35139],[-102.95959,24.35203],[-102.95933,24.34858],[-102.95756,24.35139]]],[[[-102.95509,24.35564],[-102.95339,24.35544],[-102.95546,24.35744],[-102.96435,24.35694],[-102.96478,24.35587],[-102.95635,24.35578],[-102.95509,24.35564]]],[[[-103.03226,24.35909],[-103.03587,24.35746],[-103.03317,24.35697],[-103.03226,24.35909]]],[[[-102.98963,24.33106],[-102.98307,24.33354],[-102.98436,24.33493],[-102.98963,24.33106]]],[[[-103.00326,24.30941],[-103.00165,24.3119],[-103.00464,24.31075],[-103.00326,24.30941]]],[[[-102.9784,24.36008],[-102.97708,24.36264],[-102.97375,24.36091],[-102.97597,24.36432],[-102.97816,24.363],[-102.9784,24.36008]]],[[[-103.02983,24.36239],[-103.02986,24.36614],[-103.03199,24.36201],[-103.02983,24.36239]]],[[[-103.10304,24.39908],[-103.10082,24.40109],[-103.10432,24.40041],[-103.10304,24.39908]]],[[[-103.06634,24.40815],[-103.06834,24.40983],[-103.06893,24.40718],[-103.06634,24.40815]]],[[[-103.07237,24.40924],[-103.07028,24.41179],[-103.07253,24.4143],[-103.0746,24.41167],[-103.07237,24.40924]]],[[[-103.06635,24.39695],[-103.06475,24.39556],[-103.06202,24.39655],[-103.0646,24.39845],[-103.06635,24.39695]]],[[[-103.11484,24.40732],[-103.11558,24.40781],[-103.11721,24.40473],[-103.11331,24.4063],[-103.11484,24.40732]]],[[[-103.03461,24.39337],[-103.04033,24.39271],[-103.03976,24.39162],[-103.03461,24.39337]]],[[[-103.00801,24.40052],[-103.00795,24.40271],[-103.0126,24.40388],[-103.01473,24.40192],[-103.01123,24.40117],[-103.01227,24.39871],[-103.00791,24.39789],[-103.00794,24.39882],[-103.00801,24.40052]]],[[[-103.13036,24.41719],[-103.13337,24.41552],[-103.13241,24.41389],[-103.13036,24.41719]]],[[[-103.20766,24.17648],[-103.20728,24.17415],[-103.20727,24.17407],[-103.2071,24.17305],[-103.20037,24.1755],[-103.19946,24.17408],[-103.19141,24.17506],[-103.19792,24.18387],[-103.20766,24.17648]]],[[[-103.17522,24.21439],[-103.17535,24.21715],[-103.17791,24.21683],[-103.17763,24.21457],[-103.17522,24.21439]]],[[[-103.19628,24.22864],[-103.20005,24.22677],[-103.19623,24.2221],[-103.19292,24.21959],[-103.1904,24.22449],[-103.19628,24.22864]]],[[[-103.20617,24.2777],[-103.2075,24.28023],[-103.21431,24.27725],[-103.21511,24.27398],[-103.21763,24.27567],[-103.22224,24.27542],[-103.22218,24.27302],[-103.21594,24.27222],[-103.2134,24.27623],[-103.21286,24.27451],[-103.20617,24.2777]]],[[[-103.22013,24.2789],[-103.22041,24.28272],[-103.22294,24.28208],[-103.22161,24.27841],[-103.22013,24.2789]]],[[[-102.93678,24.42651],[-102.93876,24.42237],[-102.93645,24.42163],[-102.93461,24.4246],[-102.93678,24.42651]]],[[[-102.95349,24.44339],[-102.95502,24.44553],[-102.95902,24.44011],[-102.95733,24.43803],[-102.96172,24.43611],[-102.95337,24.43687],[-102.95349,24.44339]]],[[[-102.94625,24.44176],[-102.94533,24.44632],[-102.94763,24.44622],[-102.94748,24.44179],[-102.94625,24.44176]]],[[[-103.00261,24.44345],[-103.00567,24.44506],[-103.00683,24.44336],[-103.00376,24.44167],[-103.00261,24.44345]]],[[[-102.7624,23.03247],[-102.76187,23.03331],[-102.76285,23.03331],[-102.7624,23.03247]]],[[[-102.76337,23.03331],[-102.76353,23.03247],[-102.76292,23.03247],[-102.76337,23.03331]]],[[[-102.80424,23.06926],[-102.80883,23.06992],[-102.80962,23.07255],[-102.81197,23.07345],[-102.81189,23.07772],[-102.80785,23.07715],[-102.80047,23.07868],[-102.79762,23.07755],[-102.79873,23.07443],[-102.80273,23.07433],[-102.80334,23.07233],[-102.80321,23.06929],[-102.8026,23.06938],[-102.80023,23.07049],[-102.79978,23.07078],[-102.799,23.07128],[-102.79873,23.07135],[-102.79263,23.08292],[-102.79143,23.08793],[-102.7976,23.09093],[-102.79471,23.08556],[-102.80194,23.08522],[-102.80232,23.07998],[-102.81188,23.08015],[-102.81414,23.07875],[-102.81798,23.07133],[-102.8119,23.07138],[-102.81313,23.07029],[-102.81203,23.06975],[-102.8117,23.06959],[-102.80247,23.06869],[-102.8035,23.06621],[-102.80146,23.06617],[-102.79912,23.07061],[-102.79915,23.07116],[-102.80093,23.07005],[-102.80278,23.0693],[-102.80424,23.06926]]],[[[-102.81626,23.04832],[-102.81723,23.05073],[-102.80864,23.05642],[-102.80587,23.06047],[-102.81003,23.05561],[-102.8122,23.05482],[-102.8174,23.05552],[-102.81734,23.05296],[-102.8215,23.05063],[-102.81626,23.04832]]],[[[-102.8116,23.03429],[-102.81057,23.03457],[-102.80864,23.03609],[-102.80982,23.03622],[-102.80967,23.04342],[-102.81551,23.04725],[-102.81564,23.03942],[-102.81093,23.03751],[-102.81591,23.03807],[-102.81885,23.04004],[-102.82382,23.04014],[-102.82378,23.04277],[-102.82618,23.04677],[-102.82359,23.04829],[-102.82748,23.04835],[-102.8277,23.0404],[-102.81863,23.0356],[-102.81598,23.03292],[-102.81923,23.03314],[-102.81912,23.0309],[-102.81662,23.03105],[-102.81393,23.03437],[-102.8116,23.03429]]],[[[-102.80988,23.03471],[-102.806,23.0358],[-102.80808,23.03603],[-102.80988,23.03471]]],[[[-102.8214,23.02493],[-102.81395,23.02931],[-102.81217,23.03308],[-102.81997,23.02849],[-102.8214,23.02493]]],[[[-102.84605,23.00778],[-102.84303,23.00789],[-102.83474,23.01375],[-102.83006,23.01557],[-102.82212,23.02415],[-102.82381,23.02436],[-102.83547,23.01584],[-102.8391,23.01139],[-102.8415,23.01137],[-102.84292,23.00904],[-102.84605,23.00778]]],[[[-102.90283,23.00135],[-102.89415,23.00637],[-102.8909,23.00624],[-102.89308,23.00884],[-102.89719,23.00984],[-102.89695,23.0123],[-102.90224,23.01233],[-102.90283,23.00135]]],[[[-102.90028,23.02107],[-102.90074,23.02108],[-102.90171,23.0211],[-102.90484,23.02339],[-102.90812,23.01573],[-102.90209,23.01519],[-102.90203,23.01608],[-102.89815,23.01689],[-102.89822,23.0141],[-102.89622,23.01634],[-102.89433,23.01445],[-102.89621,23.01221],[-102.89248,23.01189],[-102.89228,23.01745],[-102.90028,23.02107]]],[[[-102.87555,23.02863],[-102.87495,23.03078],[-102.87414,23.03889],[-102.874,23.0395],[-102.87434,23.04825],[-102.87071,23.04776],[-102.87074,23.04632],[-102.86676,23.04588],[-102.86636,23.04798],[-102.86295,23.04546],[-102.86308,23.04253],[-102.85905,23.0415],[-102.85656,23.04244],[-102.85081,23.04211],[-102.85078,23.03881],[-102.8446,23.0387],[-102.84495,23.03186],[-102.84262,23.03135],[-102.84357,23.02451],[-102.85133,23.02464],[-102.85305,23.02701],[-102.85324,23.02313],[-102.85125,23.01885],[-102.84878,23.01927],[-102.84165,23.0137],[-102.83784,23.01619],[-102.83196,23.02217],[-102.82874,23.02254],[-102.82377,23.02521],[-102.82203,23.02499],[-102.82066,23.0291],[-102.82792,23.02932],[-102.8279,23.03102],[-102.83178,23.03109],[-102.83182,23.02842],[-102.83569,23.02667],[-102.83918,23.02677],[-102.83964,23.02867],[-102.83378,23.02975],[-102.83351,23.03405],[-102.83209,23.03266],[-102.82494,23.03255],[-102.82489,23.03541],[-102.83337,23.03562],[-102.83299,23.04005],[-102.83628,23.03849],[-102.84108,23.0401],[-102.84111,23.04395],[-102.84488,23.04683],[-102.84676,23.04571],[-102.85648,23.04611],[-102.86026,23.04774],[-102.86019,23.04976],[-102.85752,23.04995],[-102.85645,23.04814],[-102.84534,23.04803],[-102.84826,23.04989],[-102.85243,23.05339],[-102.84672,23.05315],[-102.84667,23.05419],[-102.85461,23.05443],[-102.86632,23.05089],[-102.87022,23.05112],[-102.87556,23.0486],[-102.8924,23.0507],[-102.89322,23.04174],[-102.89076,23.04136],[-102.89151,23.03001],[-102.89702,23.03032],[-102.89684,23.03503],[-102.9003,23.03592],[-102.90097,23.03918],[-102.90298,23.03881],[-102.90289,23.03641],[-102.90635,23.02873],[-102.90498,23.02401],[-102.89799,23.02148],[-102.89003,23.02055],[-102.88951,23.02513],[-102.88766,23.02378],[-102.87928,23.02108],[-102.88089,23.02371],[-102.88807,23.02673],[-102.8774,23.02378],[-102.87555,23.02863]]],[[[-102.87495,23.03055],[-102.87539,23.02895],[-102.87766,23.02283],[-102.87075,23.01801],[-102.87028,23.0231],[-102.86826,23.02294],[-102.86849,23.01892],[-102.86416,23.01738],[-102.86374,23.01982],[-102.8596,23.01895],[-102.85847,23.02028],[-102.85562,23.01811],[-102.85486,23.01975],[-102.85737,23.0217],[-102.86326,23.02279],[-102.86308,23.02642],[-102.86744,23.02843],[-102.86811,23.02511],[-102.87003,23.02525],[-102.86976,23.03073],[-102.87155,23.0319],[-102.87192,23.02757],[-102.87495,23.03055]]],[[[-102.83912,23.04937],[-102.83925,23.04938],[-102.8429,23.04976],[-102.84296,23.04829],[-102.83736,23.04244],[-102.83195,23.04255],[-102.83161,23.0447],[-102.83905,23.04459],[-102.839,23.04781],[-102.83202,23.04699],[-102.83228,23.04862],[-102.83912,23.04937]]],[[[-102.86947,23.00533],[-102.86388,23.00709],[-102.85197,23.00755],[-102.85787,23.00792],[-102.85771,23.00959],[-102.85179,23.01008],[-102.85173,23.01169],[-102.84392,23.01149],[-102.84387,23.01341],[-102.85166,23.01401],[-102.85161,23.01626],[-102.86701,23.01303],[-102.86759,23.00927],[-102.87106,23.01184],[-102.87172,23.01752],[-102.87411,23.01698],[-102.87536,23.01346],[-102.87893,23.01479],[-102.87665,23.016],[-102.87642,23.01915],[-102.87858,23.01946],[-102.88033,23.01496],[-102.88459,23.01549],[-102.88756,23.01775],[-102.89033,23.01594],[-102.89051,23.01167],[-102.88266,23.01085],[-102.88182,23.0129],[-102.87982,23.01056],[-102.87533,23.01017],[-102.87469,23.00368],[-102.87007,23.00514],[-102.86947,23.00533]]],[[[-102.85349,23.02057],[-102.85382,23.02354],[-102.85659,23.02353],[-102.85349,23.02057]]],[[[-102.86446,23.03836],[-102.86752,23.03867],[-102.86733,23.04052],[-102.87113,23.04127],[-102.87084,23.04495],[-102.87423,23.04609],[-102.87398,23.0395],[-102.87429,23.03722],[-102.87167,23.03681],[-102.87055,23.03215],[-102.86441,23.03155],[-102.85999,23.02549],[-102.85707,23.02525],[-102.85697,23.02873],[-102.86529,23.03334],[-102.86473,23.03735],[-102.86172,23.03678],[-102.86178,23.03319],[-102.85581,23.02966],[-102.85308,23.0294],[-102.85304,23.03142],[-102.85674,23.03202],[-102.85683,23.03668],[-102.85482,23.03651],[-102.85469,23.04029],[-102.86011,23.03933],[-102.86328,23.04099],[-102.86446,23.03836]]],[[[-102.84534,23.02934],[-102.84524,23.03134],[-102.85099,23.03158],[-102.85113,23.02845],[-102.84551,23.027],[-102.84534,23.02934]]],[[[-102.84372,22.99017],[-102.84914,22.98794],[-102.85716,22.99048],[-102.86126,22.99031],[-102.86178,22.99029],[-102.86693,22.99009],[-102.86803,22.9873],[-102.87205,22.98667],[-102.87207,22.98523],[-102.87627,22.98515],[-102.87599,22.98647],[-102.88078,22.98657],[-102.87912,22.98831],[-102.87595,22.98779],[-102.87587,22.99096],[-102.8795,22.99077],[-102.8856,22.9883],[-102.88576,22.985],[-102.89377,22.98511],[-102.8945,22.98023],[-102.89474,22.97911],[-102.89492,22.97911],[-102.89495,22.97911],[-102.89562,22.97915],[-102.89385,22.98691],[-102.89623,22.98682],[-102.90324,22.9897],[-102.90366,22.98975],[-102.90415,22.98242],[-102.90074,22.98404],[-102.9009,22.97947],[-102.90436,22.97968],[-102.90367,22.98992],[-102.90973,22.99214],[-102.91796,22.9814],[-102.91794,22.97647],[-102.91925,22.97234],[-102.92332,22.97019],[-102.9303,22.97141],[-102.93246,22.96941],[-102.9285,22.96425],[-102.92428,22.95423],[-102.91716,22.94805],[-102.91537,22.9497],[-102.91388,22.96122],[-102.91205,22.96422],[-102.91087,22.97041],[-102.908,22.97052],[-102.90678,22.96666],[-102.89885,22.96415],[-102.90301,22.9613],[-102.90713,22.9524],[-102.90631,22.94462],[-102.90891,22.94122],[-102.91078,22.93533],[-102.91467,22.93549],[-102.9238,22.92874],[-102.92161,22.92844],[-102.91837,22.93147],[-102.91105,22.9323],[-102.90802,22.9309],[-102.90811,22.93733],[-102.90593,22.93736],[-102.90382,22.9374],[-102.90389,22.94018],[-102.9024,22.95044],[-102.90061,22.95048],[-102.90033,22.95094],[-102.9003,22.95098],[-102.9003,22.95049],[-102.90061,22.95048],[-102.90232,22.94776],[-102.89611,22.9479],[-102.89644,22.94128],[-102.8994,22.94116],[-102.89746,22.93469],[-102.89194,22.93373],[-102.89021,22.93797],[-102.88603,22.93606],[-102.89163,22.93048],[-102.89475,22.92953],[-102.89783,22.93113],[-102.89746,22.92498],[-102.89361,22.92323],[-102.89225,22.91955],[-102.89065,22.91908],[-102.88844,22.91909],[-102.88782,22.91976],[-102.8878,22.92423],[-102.88082,22.92389],[-102.88054,22.92408],[-102.8798,22.92954],[-102.88449,22.93118],[-102.88453,22.93353],[-102.8804,22.93245],[-102.88012,22.92991],[-102.8763,22.92975],[-102.87636,22.93408],[-102.87825,22.93422],[-102.87835,22.93861],[-102.8817,22.93898],[-102.88467,22.94302],[-102.88156,22.94322],[-102.88171,22.94843],[-102.88478,22.94918],[-102.88468,22.94519],[-102.88736,22.94441],[-102.88747,22.94774],[-102.88993,22.94776],[-102.89015,22.95055],[-102.88747,22.95063],[-102.89191,22.95418],[-102.88856,22.95338],[-102.88662,22.9506],[-102.88263,22.95059],[-102.87885,22.94878],[-102.87877,22.94522],[-102.87642,22.94525],[-102.87643,22.94048],[-102.87355,22.94021],[-102.87356,22.94529],[-102.8614,22.94547],[-102.86138,22.94281],[-102.85803,22.94241],[-102.85807,22.94661],[-102.86036,22.94651],[-102.86365,22.95266],[-102.86591,22.95128],[-102.87038,22.95067],[-102.87059,22.9524],[-102.86498,22.95226],[-102.86733,22.95735],[-102.87319,22.95743],[-102.87802,22.95637],[-102.88451,22.95766],[-102.88758,22.96025],[-102.88329,22.95867],[-102.87692,22.95874],[-102.87693,22.96377],[-102.88287,22.96685],[-102.8936,22.96447],[-102.89449,22.96781],[-102.89056,22.96871],[-102.89382,22.97364],[-102.89568,22.97367],[-102.89748,22.96336],[-102.8976,22.95897],[-102.89689,22.95634],[-102.89822,22.95608],[-102.89912,22.95432],[-102.89915,22.95423],[-102.89903,22.95593],[-102.89822,22.95608],[-102.89762,22.95891],[-102.8975,22.96336],[-102.89479,22.97875],[-102.89519,22.9763],[-102.8925,22.97585],[-102.89257,22.97376],[-102.88785,22.97096],[-102.88375,22.97165],[-102.8812,22.96734],[-102.87485,22.96539],[-102.87357,22.96024],[-102.87189,22.9582],[-102.866,22.95869],[-102.86319,22.9575],[-102.86155,22.95385],[-102.86155,22.95865],[-102.85818,22.95875],[-102.85804,22.95579],[-102.84837,22.95579],[-102.8462,22.95498],[-102.84611,22.94994],[-102.84385,22.94863],[-102.83783,22.94886],[-102.83773,22.94561],[-102.83503,22.94667],[-102.82939,22.94621],[-102.82955,22.94841],[-102.82549,22.94777],[-102.82309,22.95067],[-102.81541,22.94926],[-102.81314,22.95254],[-102.81077,22.95186],[-102.80901,22.95366],[-102.80345,22.95373],[-102.80174,22.95592],[-102.80716,22.95818],[-102.81437,22.95813],[-102.81438,22.95615],[-102.81714,22.95609],[-102.81725,22.95895],[-102.8241,22.95964],[-102.82459,22.958],[-102.82892,22.95798],[-102.82946,22.95977],[-102.83627,22.95917],[-102.83633,22.96296],[-102.842,22.96225],[-102.84059,22.95794],[-102.84621,22.95879],[-102.84614,22.96224],[-102.85094,22.96088],[-102.85405,22.95879],[-102.85396,22.96228],[-102.85672,22.9623],[-102.85719,22.95973],[-102.8651,22.96292],[-102.86608,22.96283],[-102.86794,22.96499],[-102.86944,22.96814],[-102.87694,22.96929],[-102.87727,22.97109],[-102.88279,22.97312],[-102.88275,22.97506],[-102.87629,22.97058],[-102.86908,22.96841],[-102.86605,22.96359],[-102.85579,22.96435],[-102.85306,22.96354],[-102.85153,22.96473],[-102.85152,22.96848],[-102.84824,22.96816],[-102.84829,22.9716],[-102.85681,22.97201],[-102.85678,22.97582],[-102.8542,22.97588],[-102.85547,22.97794],[-102.86051,22.978],[-102.86278,22.97517],[-102.86918,22.97217],[-102.87245,22.97248],[-102.87498,22.97615],[-102.87912,22.97898],[-102.88313,22.98105],[-102.87838,22.97916],[-102.87622,22.97739],[-102.87147,22.97285],[-102.8686,22.97247],[-102.86365,22.97516],[-102.86119,22.97805],[-102.8696,22.97835],[-102.87224,22.98005],[-102.87217,22.98206],[-102.86476,22.97819],[-102.86201,22.98038],[-102.86448,22.9828],[-102.8644,22.985],[-102.86033,22.98496],[-102.85805,22.98256],[-102.85769,22.97957],[-102.85381,22.97704],[-102.84899,22.97641],[-102.84101,22.97285],[-102.84062,22.97007],[-102.83776,22.96873],[-102.8285,22.9684],[-102.82532,22.96971],[-102.81905,22.96947],[-102.82359,22.97566],[-102.83131,22.97536],[-102.83387,22.97908],[-102.83315,22.9818],[-102.82974,22.98975],[-102.83096,22.99207],[-102.8367,22.99155],[-102.83786,22.98875],[-102.84371,22.98883],[-102.84372,22.99017]],[[-102.84104,22.97986],[-102.83895,22.97749],[-102.84278,22.97537],[-102.84283,22.97987],[-102.84104,22.97986]]],[[[-102.63472,22.51139],[-102.63393,22.51357],[-102.6345,22.5144],[-102.6428,22.51435],[-102.64334,22.51667],[-102.64517,22.51523],[-102.64035,22.51305],[-102.63472,22.51139]]],[[[-102.53198,22.52263],[-102.53679,22.51631],[-102.53248,22.51477],[-102.53172,22.51732],[-102.52752,22.51385],[-102.52189,22.51885],[-102.5277,22.51689],[-102.53009,22.51749],[-102.5276,22.52279],[-102.52579,22.52056],[-102.51979,22.52028],[-102.51879,22.522],[-102.51999,22.52604],[-102.51849,22.52622],[-102.51508,22.52274],[-102.5111,22.52641],[-102.50889,22.53318],[-102.51207,22.54007],[-102.51648,22.53494],[-102.52575,22.53452],[-102.52365,22.53932],[-102.52428,22.54324],[-102.52668,22.54142],[-102.52672,22.54111],[-102.52729,22.53569],[-102.52406,22.53081],[-102.52035,22.53107],[-102.51967,22.52759],[-102.5254,22.52573],[-102.52527,22.52991],[-102.52836,22.53206],[-102.53135,22.52336],[-102.53198,22.52263]]],[[[-102.49486,22.55558],[-102.49479,22.55744],[-102.49777,22.55677],[-102.49486,22.55558]]],[[[-102.48393,22.56218],[-102.48206,22.56036],[-102.47836,22.56162],[-102.47698,22.56063],[-102.47659,22.56291],[-102.48015,22.56133],[-102.48393,22.56218]]],[[[-102.48252,22.56707],[-102.48314,22.5637],[-102.47991,22.56564],[-102.48252,22.56707]]],[[[-102.48028,22.57286],[-102.48255,22.56861],[-102.48065,22.56732],[-102.47693,22.57349],[-102.48028,22.57286]]],[[[-102.45787,22.61273],[-102.45927,22.61312],[-102.46086,22.60823],[-102.46394,22.60512],[-102.46431,22.60247],[-102.46233,22.60461],[-102.45787,22.61273]]],[[[-102.46343,22.62107],[-102.46335,22.61733],[-102.45868,22.61742],[-102.45857,22.61871],[-102.46343,22.62107]]],[[[-102.43292,22.59221],[-102.43312,22.59319],[-102.43472,22.59455],[-102.44211,22.59448],[-102.45744,22.59776],[-102.45817,22.59669],[-102.45404,22.59077],[-102.44993,22.59054],[-102.44907,22.59195],[-102.44342,22.59066],[-102.44158,22.59283],[-102.43292,22.59221]]],[[[-102.43941,22.59139],[-102.44694,22.58659],[-102.44611,22.57958],[-102.44889,22.57944],[-102.44678,22.57547],[-102.44818,22.5749],[-102.45002,22.57863],[-102.45565,22.57556],[-102.45048,22.57711],[-102.45367,22.57493],[-102.45145,22.57318],[-102.4489,22.57447],[-102.45167,22.56956],[-102.44898,22.56879],[-102.45214,22.56382],[-102.44786,22.56546],[-102.4489,22.56187],[-102.44612,22.56201],[-102.44436,22.56775],[-102.4423,22.56712],[-102.44098,22.57092],[-102.44537,22.57945],[-102.44273,22.5806],[-102.44116,22.58441],[-102.43991,22.58391],[-102.43369,22.59043],[-102.43941,22.59139]]],[[[-102.42288,22.58808],[-102.42648,22.5895],[-102.42608,22.58767],[-102.42288,22.58808]]],[[[-102.4241,22.58135],[-102.42774,22.58113],[-102.42758,22.57548],[-102.43017,22.57407],[-102.42391,22.57221],[-102.42632,22.56907],[-102.42105,22.57022],[-102.42236,22.57292],[-102.4194,22.57271],[-102.41957,22.57699],[-102.41815,22.57952],[-102.41988,22.58117],[-102.42117,22.57761],[-102.42401,22.57884],[-102.4241,22.58135]]],[[[-102.40788,22.58083],[-102.41156,22.57784],[-102.41495,22.57858],[-102.41444,22.57519],[-102.41167,22.57388],[-102.40777,22.57566],[-102.40788,22.58083]]],[[[-102.43043,22.5694],[-102.42797,22.57098],[-102.43158,22.57144],[-102.43043,22.5694]]],[[[-102.46196,22.57559],[-102.46397,22.57188],[-102.46119,22.56893],[-102.4603,22.57306],[-102.45837,22.57539],[-102.46196,22.57559]]],[[[-102.44628,22.5191],[-102.44838,22.51512],[-102.44914,22.50873],[-102.44497,22.51255],[-102.44313,22.51711],[-102.44628,22.5191]]],[[[-102.44275,22.48474],[-102.4393,22.48836],[-102.43633,22.49113],[-102.43156,22.49251],[-102.4337,22.49541],[-102.4305,22.49696],[-102.42705,22.5017],[-102.43101,22.50476],[-102.43237,22.49946],[-102.43392,22.50224],[-102.43991,22.49942],[-102.44791,22.49927],[-102.44472,22.49545],[-102.44681,22.49319],[-102.45005,22.49332],[-102.45313,22.4843],[-102.44716,22.48434],[-102.44261,22.48803],[-102.44275,22.48474]]],[[[-102.43647,22.50626],[-102.4456,22.50784],[-102.44741,22.50523],[-102.43613,22.50431],[-102.43647,22.50626]]],[[[-102.41978,22.48442],[-102.42329,22.48324],[-102.42447,22.47956],[-102.42688,22.47827],[-102.42336,22.47628],[-102.41895,22.48209],[-102.4154,22.48041],[-102.4146,22.4822],[-102.41978,22.48442]]],[[[-102.49051,22.4745],[-102.49047,22.47446],[-102.4908,22.47674],[-102.49525,22.47849],[-102.49673,22.48066],[-102.49685,22.47746],[-102.49239,22.47653],[-102.49051,22.4745]]],[[[-102.52395,22.45937],[-102.525,22.45669],[-102.51843,22.45606],[-102.51504,22.45723],[-102.5128,22.45445],[-102.50786,22.45715],[-102.50936,22.45867],[-102.50611,22.45981],[-102.5031,22.46269],[-102.50425,22.46509],[-102.5001,22.46525],[-102.4991,22.46355],[-102.49627,22.46562],[-102.49987,22.46532],[-102.49873,22.46925],[-102.50068,22.47049],[-102.49837,22.47258],[-102.49654,22.47088],[-102.49308,22.47081],[-102.49821,22.47491],[-102.50338,22.47133],[-102.5009,22.4703],[-102.50669,22.46346],[-102.51007,22.46243],[-102.51355,22.45956],[-102.51467,22.46228],[-102.51728,22.46317],[-102.5142,22.46725],[-102.51638,22.46819],[-102.51851,22.46627],[-102.51908,22.46076],[-102.52395,22.45937]]],[[[-102.52204,22.5149],[-102.52446,22.5142],[-102.52542,22.51048],[-102.53071,22.50801],[-102.53476,22.50828],[-102.5411,22.49989],[-102.54319,22.50144],[-102.54609,22.49438],[-102.54842,22.49237],[-102.54653,22.48232],[-102.54426,22.48273],[-102.54072,22.49372],[-102.53736,22.50164],[-102.53282,22.50239],[-102.53178,22.49993],[-102.52388,22.5042],[-102.52694,22.50436],[-102.52521,22.50882],[-102.52429,22.50696],[-102.52173,22.50917],[-102.52204,22.5149]]],[[[-102.497,22.49209],[-102.49682,22.48762],[-102.49365,22.48783],[-102.49405,22.48318],[-102.48114,22.48516],[-102.47479,22.48492],[-102.47271,22.48901],[-102.47001,22.48831],[-102.4718,22.49386],[-102.47545,22.49346],[-102.47973,22.49142],[-102.48025,22.48962],[-102.48768,22.49113],[-102.4855,22.49377],[-102.48401,22.49257],[-102.48025,22.49375],[-102.47741,22.49819],[-102.47809,22.49268],[-102.47278,22.49587],[-102.47134,22.49545],[-102.46979,22.50073],[-102.47434,22.51037],[-102.47541,22.51197],[-102.48033,22.51558],[-102.4817,22.5208],[-102.48145,22.52708],[-102.48295,22.52767],[-102.48309,22.52613],[-102.48679,22.52707],[-102.48863,22.52291],[-102.48722,22.52168],[-102.49147,22.51972],[-102.49273,22.5166],[-102.48938,22.51493],[-102.49259,22.51367],[-102.49248,22.51011],[-102.48168,22.50574],[-102.48005,22.50778],[-102.47597,22.50775],[-102.47652,22.50365],[-102.47395,22.50226],[-102.47574,22.49886],[-102.48303,22.50287],[-102.48485,22.50182],[-102.49035,22.50184],[-102.48811,22.50497],[-102.49784,22.50483],[-102.50247,22.5023],[-102.50183,22.4996],[-102.49898,22.49652],[-102.49746,22.49413],[-102.497,22.49209]]],[[[-102.50861,22.49563],[-102.50655,22.49752],[-102.50548,22.50124],[-102.50953,22.5021],[-102.51036,22.49934],[-102.51291,22.50058],[-102.51469,22.49685],[-102.51019,22.49785],[-102.50861,22.49563]]],[[[-102.55152,22.49544],[-102.55154,22.49501],[-102.55158,22.4941],[-102.55167,22.49176],[-102.54778,22.49652],[-102.54829,22.49885],[-102.55152,22.49544]]],[[[-102.54381,22.50646],[-102.54502,22.50496],[-102.5494,22.49923],[-102.54541,22.50122],[-102.54421,22.50469],[-102.54141,22.50677],[-102.53893,22.50613],[-102.53937,22.50841],[-102.54381,22.50646]]],[[[-102.4265,22.51732],[-102.42826,22.522],[-102.43025,22.52124],[-102.42969,22.51732],[-102.4265,22.51732]]],[[[-102.64725,22.55344],[-102.64583,22.55575],[-102.64822,22.55611],[-102.6473,22.55336],[-102.64725,22.55344]]],[[[-102.70118,22.57095],[-102.70134,22.57039],[-102.70179,22.56852],[-102.69965,22.56545],[-102.70158,22.56284],[-102.69859,22.56376],[-102.695,22.5614],[-102.69545,22.55746],[-102.69882,22.55733],[-102.69546,22.55434],[-102.69533,22.55421],[-102.69404,22.55306],[-102.681,22.55384],[-102.67612,22.55649],[-102.669,22.55909],[-102.6657,22.56166],[-102.66464,22.56084],[-102.6639,22.56266],[-102.66709,22.56711],[-102.66683,22.56931],[-102.66282,22.56732],[-102.65887,22.56951],[-102.65803,22.5726],[-102.66187,22.56954],[-102.66901,22.57075],[-102.66814,22.56909],[-102.67332,22.57081],[-102.66954,22.57124],[-102.67067,22.57337],[-102.66613,22.5742],[-102.65936,22.58086],[-102.66055,22.58234],[-102.65266,22.58468],[-102.6583,22.58857],[-102.66294,22.58701],[-102.66627,22.58426],[-102.66644,22.58136],[-102.6695,22.57965],[-102.67078,22.58078],[-102.67356,22.57866],[-102.67773,22.57806],[-102.67851,22.58294],[-102.68149,22.58214],[-102.68078,22.57733],[-102.68251,22.57826],[-102.68191,22.58249],[-102.68459,22.58318],[-102.68545,22.58579],[-102.69555,22.58383],[-102.69995,22.57949],[-102.69517,22.58213],[-102.68722,22.58217],[-102.69121,22.58102],[-102.69113,22.57719],[-102.68904,22.5786],[-102.68792,22.57636],[-102.68365,22.57476],[-102.68646,22.57274],[-102.69122,22.57455],[-102.6914,22.57107],[-102.68838,22.57231],[-102.68569,22.5699],[-102.6837,22.57225],[-102.68085,22.57126],[-102.67953,22.57272],[-102.67908,22.56863],[-102.6835,22.56725],[-102.6835,22.56372],[-102.68872,22.56413],[-102.69364,22.56678],[-102.69894,22.56734],[-102.70118,22.57095]]],[[[-102.65962,22.52212],[-102.66344,22.52329],[-102.66595,22.52192],[-102.65962,22.52212]]],[[[-102.70133,22.57195],[-102.69775,22.56937],[-102.69584,22.5716],[-102.70165,22.57256],[-102.70133,22.57195]]],[[[-102.69911,22.5773],[-102.69893,22.57335],[-102.69585,22.57617],[-102.69911,22.5773]]],[[[-102.69953,22.60623],[-102.70309,22.60404],[-102.70153,22.59914],[-102.69976,22.59685],[-102.69664,22.59633],[-102.69662,22.59925],[-102.69495,22.60133],[-102.69953,22.60623]]],[[[-102.7151,22.5836],[-102.71511,22.57932],[-102.71454,22.57799],[-102.71421,22.57791],[-102.71252,22.57748],[-102.71369,22.58123],[-102.71029,22.58225],[-102.71084,22.58717],[-102.70829,22.581],[-102.71022,22.57792],[-102.70731,22.5753],[-102.70564,22.57938],[-102.70662,22.58193],[-102.70464,22.58489],[-102.70237,22.585],[-102.70131,22.58813],[-102.69462,22.58879],[-102.6883,22.58739],[-102.68625,22.58782],[-102.68611,22.59118],[-102.68326,22.59194],[-102.68915,22.59593],[-102.69656,22.59895],[-102.69613,22.59644],[-102.69008,22.59421],[-102.69029,22.59287],[-102.69458,22.59328],[-102.69557,22.59142],[-102.69934,22.59166],[-102.7003,22.59389],[-102.70112,22.59016],[-102.70568,22.5904],[-102.7142,22.58768],[-102.7151,22.5836]]],[[[-102.66072,22.59604],[-102.66563,22.59391],[-102.66491,22.59236],[-102.66158,22.593],[-102.66072,22.59604]]],[[[-102.67453,22.59744],[-102.67589,22.59771],[-102.67443,22.59335],[-102.66938,22.59194],[-102.66947,22.5891],[-102.6665,22.59109],[-102.67425,22.59641],[-102.67453,22.59744]]],[[[-102.68255,22.59076],[-102.68221,22.58826],[-102.67903,22.58869],[-102.68255,22.59076]]],[[[-102.48749,22.34124],[-102.48818,22.34226],[-102.49238,22.33987],[-102.49254,22.33581],[-102.49481,22.33367],[-102.49464,22.32891],[-102.49062,22.33711],[-102.48667,22.33941],[-102.48749,22.34124]]],[[[-102.71308,23.32066],[-102.71999,23.31756],[-102.73029,23.31763],[-102.73948,23.31187],[-102.74401,23.31077],[-102.74388,23.30751],[-102.74752,23.30845],[-102.74756,23.30527],[-102.7498,23.30604],[-102.74971,23.30892],[-102.75237,23.30964],[-102.759,23.30849],[-102.7563,23.3059],[-102.74678,23.30214],[-102.73998,23.30104],[-102.73579,23.30236],[-102.73306,23.30101],[-102.73143,23.30449],[-102.73153,23.30931],[-102.72969,23.31015],[-102.72424,23.30573],[-102.72052,23.30009],[-102.71706,23.30016],[-102.7157,23.30251],[-102.71882,23.30271],[-102.72105,23.30486],[-102.71753,23.3044],[-102.71665,23.31017],[-102.7151,23.31078],[-102.71489,23.30438],[-102.71052,23.30349],[-102.71106,23.30497],[-102.70953,23.3144],[-102.70524,23.31148],[-102.70548,23.3074],[-102.70236,23.30783],[-102.70278,23.30226],[-102.69915,23.30208],[-102.70485,23.2969],[-102.69818,23.286],[-102.6907,23.28272],[-102.68556,23.27769],[-102.68232,23.28106],[-102.68247,23.28842],[-102.67751,23.28465],[-102.6732,23.27807],[-102.67535,23.27703],[-102.6777,23.27403],[-102.67292,23.27424],[-102.6722,23.27267],[-102.66804,23.27327],[-102.66505,23.27612],[-102.66766,23.27739],[-102.66905,23.28025],[-102.67427,23.28654],[-102.67152,23.29017],[-102.6707,23.29351],[-102.66624,23.29496],[-102.66188,23.30087],[-102.66556,23.30066],[-102.67229,23.29448],[-102.67574,23.29744],[-102.6742,23.29935],[-102.67888,23.30271],[-102.68075,23.30078],[-102.68294,23.30222],[-102.67967,23.30517],[-102.6891,23.30742],[-102.68958,23.30276],[-102.68813,23.30173],[-102.69221,23.29792],[-102.69467,23.29835],[-102.69308,23.3016],[-102.69747,23.29776],[-102.69602,23.29701],[-102.69975,23.29371],[-102.70125,23.29597],[-102.70044,23.29922],[-102.6988,23.29876],[-102.69169,23.30445],[-102.69111,23.30776],[-102.68928,23.30748],[-102.70569,23.31353],[-102.70712,23.31943],[-102.71161,23.32132],[-102.71308,23.32066]],[[-102.68537,23.29627],[-102.68213,23.29617],[-102.68776,23.29111],[-102.68548,23.29439],[-102.6881,23.29507],[-102.68682,23.30046],[-102.68397,23.29779],[-102.68537,23.29627]]],[[[-102.74529,23.28063],[-102.7493,23.28237],[-102.75062,23.28537],[-102.73839,23.28776],[-102.73731,23.29077],[-102.74079,23.29183],[-102.74971,23.28954],[-102.76442,23.29381],[-102.76605,23.28895],[-102.76632,23.28453],[-102.76012,23.2845],[-102.75785,23.28754],[-102.75546,23.2875],[-102.75534,23.28471],[-102.75034,23.28435],[-102.75075,23.28262],[-102.75538,23.28236],[-102.76178,23.28353],[-102.76302,23.28175],[-102.75865,23.28138],[-102.75557,23.27967],[-102.76639,23.27962],[-102.76679,23.26535],[-102.76202,23.26768],[-102.75619,23.26799],[-102.75608,23.26559],[-102.7515,23.26581],[-102.75006,23.26908],[-102.75077,23.27267],[-102.74478,23.27343],[-102.74442,23.26922],[-102.74186,23.26722],[-102.7415,23.27436],[-102.73802,23.2766],[-102.73798,23.27831],[-102.74386,23.28001],[-102.74529,23.28063]]],[[[-102.77037,23.22811],[-102.77116,23.23133],[-102.77673,23.23157],[-102.77182,23.22577],[-102.77232,23.22246],[-102.78107,23.22355],[-102.77876,23.22087],[-102.77523,23.21963],[-102.7806,23.21833],[-102.78452,23.21847],[-102.78373,23.21535],[-102.78781,23.21421],[-102.78671,23.21005],[-102.77847,23.2091],[-102.77615,23.21181],[-102.77201,23.2102],[-102.75955,23.21789],[-102.75667,23.22089],[-102.75991,23.22189],[-102.76496,23.22016],[-102.76951,23.22025],[-102.77033,23.2278],[-102.77037,23.22811]]],[[[-102.91177,23.22686],[-102.91916,23.22787],[-102.92242,23.23138],[-102.93297,23.22678],[-102.93787,23.22697],[-102.94021,23.22573],[-102.93782,23.2234],[-102.93385,23.22082],[-102.92773,23.2193],[-102.92855,23.21251],[-102.92734,23.21104],[-102.92433,23.21619],[-102.92094,23.21244],[-102.91759,23.2056],[-102.91412,23.20077],[-102.90998,23.20329],[-102.91544,23.21318],[-102.90984,23.21115],[-102.90714,23.21408],[-102.90663,23.22137],[-102.91022,23.22572],[-102.91177,23.22686]]],[[[-102.5893,23.20941],[-102.59183,23.20964],[-102.59248,23.21032],[-102.59442,23.21233],[-102.59261,23.21937],[-102.59462,23.22214],[-102.59668,23.22048],[-102.59891,23.2214],[-102.60329,23.21937],[-102.60321,23.21532],[-102.60475,23.21083],[-102.60193,23.20813],[-102.59248,23.20628],[-102.59077,23.20432],[-102.59283,23.20032],[-102.60291,23.2029],[-102.6074,23.20099],[-102.60587,23.19802],[-102.60726,23.20097],[-102.60103,23.20042],[-102.60274,23.19815],[-102.58295,23.19898],[-102.57696,23.20343],[-102.58053,23.20439],[-102.58177,23.20645],[-102.57771,23.20598],[-102.57691,23.20349],[-102.57291,23.20819],[-102.57374,23.21107],[-102.57743,23.20857],[-102.58228,23.20699],[-102.58587,23.20845],[-102.58675,23.20533],[-102.5893,23.20941]]],[[[-102.80693,23.15052],[-102.80825,23.14951],[-102.81256,23.15173],[-102.81753,23.15227],[-102.81217,23.139],[-102.80274,23.13688],[-102.79422,23.13706],[-102.78634,23.13531],[-102.78214,23.13954],[-102.77511,23.14182],[-102.77222,23.14624],[-102.77229,23.14994],[-102.77511,23.1541],[-102.78656,23.1555],[-102.79821,23.15526],[-102.80397,23.15276],[-102.80693,23.15052]]],[[[-102.82418,23.13743],[-102.81419,23.13946],[-102.81281,23.13915],[-102.81395,23.14199],[-102.828,23.14176],[-102.82826,23.13746],[-102.83175,23.13579],[-102.83328,23.13989],[-102.8393,23.13835],[-102.83588,23.13305],[-102.82545,23.13702],[-102.82418,23.13743]]],[[[-102.9081,23.01522],[-102.90777,23.00696],[-102.90893,22.99806],[-102.90837,22.9971],[-102.90286,23.00133],[-102.90232,23.01127],[-102.90718,23.0102],[-102.9081,23.01522]]],[[[-102.90291,22.94491],[-102.90135,22.945],[-102.90143,22.94123],[-102.90361,22.94117],[-102.90387,22.94027],[-102.9038,22.9374],[-102.90593,22.93736],[-102.90658,22.93727],[-102.90804,22.93407],[-102.90799,22.93275],[-102.90101,22.93549],[-102.89962,22.93873],[-102.89967,22.94415],[-102.90102,22.94567],[-102.90281,22.94548],[-102.90291,22.94491]]],[[[-102.72452,23.27641],[-102.73403,23.27788],[-102.73404,23.27021],[-102.73991,23.26949],[-102.7404,23.26336],[-102.74246,23.26308],[-102.74178,23.25794],[-102.74012,23.25843],[-102.74097,23.2615],[-102.73554,23.25797],[-102.73062,23.25947],[-102.73038,23.2628],[-102.73246,23.26393],[-102.73264,23.27122],[-102.73,23.27116],[-102.7296,23.27423],[-102.7322,23.2748],[-102.73232,23.2772],[-102.72452,23.27641]]],[[[-102.65772,23.30218],[-102.66079,23.301],[-102.65624,23.29869],[-102.65443,23.30056],[-102.65772,23.30218]]],[[[-102.65062,23.30548],[-102.65534,23.3032],[-102.64775,23.30068],[-102.64646,23.30239],[-102.65114,23.3044],[-102.65062,23.30548]]],[[[-102.63585,23.29369],[-102.6297,23.29332],[-102.62842,23.29324],[-102.62388,23.29419],[-102.6274,23.29739],[-102.62924,23.29387],[-102.6308,23.29498],[-102.62769,23.29763],[-102.62971,23.29862],[-102.62737,23.30091],[-102.62916,23.3011],[-102.63216,23.30519],[-102.6325,23.30543],[-102.63215,23.301],[-102.63338,23.29715],[-102.63886,23.30098],[-102.63799,23.30506],[-102.64063,23.30758],[-102.64458,23.3071],[-102.64381,23.30393],[-102.64583,23.29967],[-102.63433,23.29534],[-102.63585,23.29369]]],[[[-102.61687,23.30604],[-102.61097,23.30404],[-102.61014,23.30781],[-102.59766,23.30726],[-102.59011,23.30646],[-102.59573,23.31018],[-102.59911,23.31097],[-102.6032,23.31414],[-102.60861,23.31219],[-102.61702,23.31062],[-102.63391,23.31262],[-102.63991,23.30797],[-102.63257,23.30786],[-102.63256,23.31095],[-102.63041,23.30769],[-102.62838,23.30741],[-102.62847,23.30409],[-102.6243,23.29985],[-102.62294,23.30467],[-102.6255,23.30549],[-102.62559,23.30785],[-102.61652,23.30774],[-102.61687,23.30604]]],[[[-102.59678,23.27163],[-102.59863,23.27275],[-102.60206,23.27256],[-102.6041,23.26934],[-102.60404,23.26606],[-102.60796,23.2612],[-102.60502,23.25548],[-102.59156,23.25704],[-102.59678,23.27163]]],[[[-102.65126,23.26464],[-102.65232,23.26682],[-102.65471,23.26655],[-102.65419,23.26421],[-102.65126,23.26464]]],[[[-102.64331,23.18595],[-102.64083,23.18852],[-102.63973,23.19641],[-102.63399,23.19523],[-102.62899,23.19533],[-102.62074,23.19108],[-102.61645,23.19027],[-102.61401,23.1911],[-102.6222,23.19274],[-102.62251,23.19734],[-102.6245,23.19756],[-102.62581,23.20305],[-102.62903,23.20432],[-102.6309,23.20535],[-102.63281,23.20642],[-102.62865,23.21028],[-102.63102,23.21023],[-102.63665,23.21364],[-102.6366,23.22649],[-102.64377,23.23594],[-102.64827,23.24863],[-102.64809,23.25717],[-102.64567,23.26186],[-102.65093,23.26397],[-102.6508,23.2595],[-102.65436,23.25953],[-102.65681,23.25736],[-102.65597,23.25535],[-102.65268,23.25559],[-102.65128,23.25229],[-102.65585,23.25208],[-102.65478,23.24622],[-102.65156,23.24595],[-102.65396,23.2416],[-102.65018,23.24096],[-102.64996,23.23798],[-102.65401,23.23748],[-102.65167,23.22663],[-102.65583,23.22623],[-102.65647,23.22237],[-102.66042,23.22197],[-102.66051,23.21938],[-102.66286,23.22284],[-102.66515,23.22235],[-102.66372,23.2161],[-102.65836,23.21652],[-102.65724,23.21055],[-102.6536,23.21148],[-102.65427,23.20941],[-102.6536,23.20115],[-102.65166,23.19655],[-102.6519,23.19285],[-102.6464,23.19273],[-102.64515,23.18919],[-102.64188,23.19153],[-102.64178,23.18782],[-102.64331,23.18595]]],[[[-102.64781,23.18231],[-102.64396,23.18529],[-102.64639,23.18919],[-102.65303,23.19025],[-102.65321,23.18429],[-102.65621,23.18432],[-102.6562,23.18224],[-102.65043,23.18219],[-102.64852,23.1802],[-102.64781,23.18231]]],[[[-102.64639,23.17965],[-102.64746,23.18002],[-102.64892,23.17749],[-102.64477,23.17924],[-102.64611,23.17956],[-102.64639,23.17965]]],[[[-102.63843,23.16949],[-102.63656,23.17452],[-102.64046,23.17036],[-102.63843,23.16949]]],[[[-102.64041,23.15832],[-102.64073,23.15947],[-102.647,23.15792],[-102.64767,23.15626],[-102.64232,23.15599],[-102.64041,23.15832]]],[[[-102.62857,23.17529],[-102.62988,23.17301],[-102.62319,23.16525],[-102.62157,23.16027],[-102.61971,23.1588],[-102.61786,23.16003],[-102.62182,23.1628],[-102.62291,23.16938],[-102.62805,23.17099],[-102.62857,23.17529]]],[[[-102.61557,23.17711],[-102.61409,23.18087],[-102.61774,23.17737],[-102.61557,23.17711]]],[[[-102.6066,23.18441],[-102.60656,23.18241],[-102.59782,23.1807],[-102.59493,23.17521],[-102.59665,23.17356],[-102.60149,23.17366],[-102.60484,23.17194],[-102.61166,23.17112],[-102.61533,23.173],[-102.61697,23.17577],[-102.62192,23.17106],[-102.61861,23.16997],[-102.61677,23.1719],[-102.61362,23.16938],[-102.61565,23.16484],[-102.61299,23.16336],[-102.61243,23.16572],[-102.60835,23.16958],[-102.60749,23.16511],[-102.605,23.1645],[-102.59939,23.16539],[-102.59847,23.16899],[-102.60325,23.1683],[-102.60092,23.16999],[-102.60072,23.17254],[-102.59623,23.16852],[-102.58848,23.1648],[-102.5901,23.16696],[-102.58929,23.17211],[-102.58694,23.16985],[-102.58587,23.17385],[-102.5875,23.1756],[-102.59657,23.17974],[-102.59762,23.18223],[-102.60276,23.18198],[-102.6066,23.18441]]],[[[-102.61149,23.19778],[-102.61998,23.20702],[-102.62045,23.1974],[-102.61149,23.19778]]],[[[-102.59205,23.14608],[-102.5916,23.13696],[-102.59037,23.13457],[-102.58568,23.13618],[-102.58327,23.14114],[-102.57864,23.14175],[-102.57363,23.142],[-102.57506,23.14666],[-102.58396,23.14646],[-102.58398,23.14403],[-102.5888,23.1462],[-102.59205,23.14608]]],[[[-102.60547,23.15381],[-102.60157,23.15445],[-102.59715,23.15744],[-102.59532,23.15682],[-102.59528,23.15926],[-102.60508,23.15735],[-102.60547,23.15381]]],[[[-102.60868,23.1452],[-102.60798,23.14926],[-102.60995,23.14885],[-102.61118,23.14537],[-102.60868,23.1452]]],[[[-102.59691,23.11911],[-102.60203,23.12403],[-102.60117,23.12823],[-102.59826,23.1329],[-102.60146,23.1391],[-102.60483,23.14043],[-102.60296,23.13651],[-102.60169,23.1369],[-102.60204,23.13206],[-102.60561,23.13035],[-102.60773,23.12237],[-102.60409,23.12207],[-102.60224,23.11977],[-102.59691,23.11911]],[[-102.60117,23.12823],[-102.6047,23.12559],[-102.60569,23.12749],[-102.6025,23.12996],[-102.60117,23.12823]]],[[[-102.60252,23.10272],[-102.60116,23.10043],[-102.59761,23.09951],[-102.59647,23.1042],[-102.58963,23.10982],[-102.59196,23.11436],[-102.59517,23.11743],[-102.59184,23.11303],[-102.59559,23.1082],[-102.59735,23.10838],[-102.60252,23.10272]]],[[[-102.66065,23.1425],[-102.66152,23.13433],[-102.65842,23.12831],[-102.65728,23.12775],[-102.65881,23.12924],[-102.66136,23.1358],[-102.65751,23.13529],[-102.65622,23.13859],[-102.66096,23.13949],[-102.66065,23.1425]]],[[[-102.66232,23.18499],[-102.66549,23.17737],[-102.66114,23.18043],[-102.66232,23.18499]]],[[[-102.66851,23.22119],[-102.66268,23.20639],[-102.6618,23.21285],[-102.66465,23.21561],[-102.66693,23.22112],[-102.66851,23.22119]]],[[[-102.67399,23.24649],[-102.67711,23.23657],[-102.67403,23.23361],[-102.67139,23.22611],[-102.67001,23.22868],[-102.6675,23.22861],[-102.66679,23.23234],[-102.66326,23.23543],[-102.66123,23.24639],[-102.67399,23.24649]]],[[[-102.77031,23.24475],[-102.7679,23.24504],[-102.76349,23.24692],[-102.76436,23.24887],[-102.7624,23.2528],[-102.76334,23.25491],[-102.7584,23.25481],[-102.75809,23.25728],[-102.75261,23.25723],[-102.75276,23.25842],[-102.75986,23.25871],[-102.76218,23.25624],[-102.76198,23.26076],[-102.76876,23.26075],[-102.77681,23.25482],[-102.78316,23.24887],[-102.79237,23.25017],[-102.79851,23.25022],[-102.79781,23.24744],[-102.79557,23.24734],[-102.79674,23.24376],[-102.79221,23.24257],[-102.79146,23.24687],[-102.78081,23.245],[-102.77707,23.2456],[-102.77549,23.24787],[-102.77009,23.24701],[-102.77031,23.24475]]],[[[-102.77189,23.23273],[-102.77327,23.24261],[-102.7719,23.24393],[-102.77566,23.24265],[-102.77541,23.24469],[-102.78169,23.24256],[-102.77852,23.23837],[-102.78339,23.2391],[-102.78278,23.24403],[-102.78902,23.24333],[-102.78941,23.24025],[-102.78577,23.24024],[-102.78644,23.23718],[-102.79039,23.23814],[-102.79292,23.23306],[-102.7951,23.23264],[-102.79595,23.23762],[-102.80019,23.23376],[-102.79474,23.23172],[-102.79613,23.22936],[-102.79409,23.22808],[-102.79809,23.22719],[-102.79744,23.23084],[-102.80304,23.23072],[-102.80234,23.23293],[-102.80588,23.23445],[-102.79975,23.23646],[-102.79959,23.23885],[-102.79658,23.23954],[-102.80181,23.2447],[-102.8045,23.2373],[-102.80529,23.23916],[-102.80778,23.2378],[-102.80993,23.23328],[-102.80975,23.22991],[-102.8149,23.22979],[-102.81593,23.22729],[-102.81103,23.22645],[-102.80626,23.22811],[-102.80378,23.23014],[-102.80056,23.23006],[-102.8027,23.22313],[-102.79895,23.22199],[-102.79752,23.22719],[-102.7938,23.22711],[-102.79428,23.22308],[-102.78751,23.22644],[-102.78058,23.22488],[-102.77767,23.22586],[-102.77958,23.23065],[-102.77665,23.23025],[-102.77972,23.233],[-102.77189,23.23273]]],[[[-102.77893,23.20592],[-102.77641,23.20747],[-102.77851,23.20884],[-102.77893,23.20592]]],[[[-102.79313,23.20193],[-102.78324,23.20402],[-102.78697,23.20426],[-102.78919,23.20887],[-102.7925,23.20898],[-102.79132,23.20318],[-102.79313,23.20193]]],[[[-102.81547,23.18784],[-102.80988,23.19158],[-102.81176,23.19709],[-102.80986,23.20079],[-102.80591,23.20207],[-102.79795,23.2019],[-102.79953,23.20251],[-102.79838,23.20823],[-102.80062,23.20895],[-102.79816,23.21191],[-102.79736,23.21777],[-102.79954,23.21767],[-102.80055,23.21247],[-102.80533,23.21235],[-102.80532,23.20618],[-102.80813,23.20612],[-102.80681,23.20358],[-102.8106,23.20212],[-102.81317,23.19709],[-102.81184,23.19584],[-102.81614,23.19383],[-102.81634,23.19524],[-102.82242,23.19442],[-102.82155,23.19801],[-102.82699,23.19684],[-102.8363,23.2002],[-102.83726,23.1996],[-102.82871,23.1789],[-102.82652,23.17709],[-102.8225,23.17838],[-102.82456,23.18052],[-102.82378,23.18494],[-102.82908,23.1865],[-102.81569,23.19042],[-102.81547,23.18784]]],[[[-102.81587,23.18182],[-102.81653,23.18702],[-102.81795,23.18388],[-102.81587,23.18182]]],[[[-102.82644,23.17338],[-102.8223,23.17471],[-102.81549,23.17884],[-102.81565,23.18015],[-102.82768,23.17632],[-102.82644,23.17338]]],[[[-102.82241,23.16377],[-102.82142,23.16742],[-102.82459,23.16896],[-102.82241,23.16377]]],[[[-102.79956,23.11255],[-102.79897,23.11436],[-102.80256,23.11489],[-102.80244,23.11263],[-102.79956,23.11255]]],[[[-102.80062,23.09658],[-102.80078,23.10261],[-102.80293,23.10261],[-102.80062,23.09658]]],[[[-102.83991,23.30793],[-102.84331,23.31272],[-102.84833,23.30803],[-102.84572,23.30718],[-102.84374,23.30958],[-102.83991,23.30793]]],[[[-102.82259,23.31012],[-102.82732,23.31265],[-102.82873,23.31192],[-102.82259,23.31012]]],[[[-102.81632,23.30147],[-102.81651,23.3024],[-102.81672,23.30353],[-102.81687,23.30425],[-102.81697,23.30478],[-102.8171,23.30544],[-102.81869,23.30757],[-102.81878,23.30762],[-102.81632,23.30147]]],[[[-102.81409,23.29488],[-102.81597,23.29968],[-102.81889,23.30244],[-102.82196,23.30151],[-102.82253,23.29902],[-102.82543,23.30176],[-102.82716,23.29887],[-102.82471,23.29923],[-102.81911,23.29425],[-102.81957,23.29795],[-102.81559,23.2968],[-102.81816,23.29571],[-102.81698,23.29211],[-102.81409,23.29488]]],[[[-102.80885,23.28598],[-102.81358,23.29399],[-102.81426,23.29295],[-102.81116,23.28745],[-102.80885,23.28598]]],[[[-102.82846,23.28801],[-102.83174,23.27771],[-102.82974,23.28067],[-102.82232,23.28206],[-102.82537,23.27781],[-102.82225,23.27771],[-102.82376,23.27598],[-102.81648,23.27423],[-102.81326,23.27451],[-102.81455,23.27239],[-102.81038,23.27324],[-102.80847,23.27742],[-102.81104,23.27732],[-102.80956,23.28047],[-102.81147,23.2836],[-102.81448,23.28505],[-102.81872,23.28385],[-102.82114,23.28177],[-102.81979,23.28628],[-102.82186,23.28761],[-102.8239,23.28596],[-102.82846,23.28801]]],[[[-102.82137,23.27396],[-102.82433,23.27388],[-102.82418,23.27061],[-102.81994,23.27307],[-102.82269,23.26626],[-102.81908,23.27067],[-102.81638,23.27053],[-102.81532,23.27267],[-102.82137,23.27396]]],[[[-102.80687,23.26989],[-102.81291,23.26696],[-102.81477,23.26426],[-102.80997,23.26611],[-102.80611,23.26505],[-102.80876,23.26878],[-102.80687,23.26989]]],[[[-102.80595,23.26861],[-102.8057,23.26567],[-102.80259,23.26671],[-102.80595,23.26861]]],[[[-102.86899,23.28826],[-102.86968,23.2784],[-102.86885,23.27717],[-102.8678,23.27762],[-102.86333,23.2873],[-102.8606,23.28793],[-102.86152,23.28545],[-102.85735,23.28396],[-102.86175,23.28031],[-102.86081,23.27553],[-102.86227,23.27568],[-102.86264,23.26804],[-102.86454,23.26733],[-102.8646,23.2646],[-102.86096,23.26587],[-102.86051,23.26142],[-102.85676,23.26046],[-102.85509,23.2562],[-102.85907,23.25598],[-102.85904,23.26012],[-102.86169,23.26013],[-102.8647,23.25746],[-102.86486,23.25603],[-102.86216,23.25472],[-102.86041,23.25033],[-102.86408,23.2483],[-102.86683,23.24454],[-102.86502,23.24411],[-102.86561,23.23612],[-102.85945,23.23347],[-102.8505,23.23338],[-102.85176,23.23884],[-102.848,23.23734],[-102.84416,23.23942],[-102.84127,23.24576],[-102.83846,23.24574],[-102.8375,23.25056],[-102.83232,23.25836],[-102.82612,23.26023],[-102.82342,23.25988],[-102.82864,23.25781],[-102.8283,23.25619],[-102.8324,23.25593],[-102.83511,23.25258],[-102.83208,23.25209],[-102.82768,23.25488],[-102.82753,23.25253],[-102.82452,23.2536],[-102.82525,23.25609],[-102.82203,23.25587],[-102.81975,23.24996],[-102.81644,23.25052],[-102.813,23.24857],[-102.81188,23.24985],[-102.82012,23.25251],[-102.82148,23.25548],[-102.8195,23.26028],[-102.81752,23.25982],[-102.81656,23.26303],[-102.81984,23.2631],[-102.82288,23.26093],[-102.82277,23.26357],[-102.82476,23.26517],[-102.82492,23.26906],[-102.8278,23.26825],[-102.82613,23.26556],[-102.82878,23.26246],[-102.83322,23.26078],[-102.83732,23.25624],[-102.84285,23.24788],[-102.84592,23.2475],[-102.84955,23.24325],[-102.85566,23.24312],[-102.8591,23.24113],[-102.8579,23.24474],[-102.85036,23.24428],[-102.85027,23.24634],[-102.84429,23.2487],[-102.84236,23.25692],[-102.84334,23.25959],[-102.84041,23.2593],[-102.83852,23.26135],[-102.84069,23.26295],[-102.83757,23.26645],[-102.83918,23.26656],[-102.84052,23.26852],[-102.84392,23.26413],[-102.84285,23.26296],[-102.84593,23.26068],[-102.8467,23.26349],[-102.84891,23.26357],[-102.84572,23.26792],[-102.84534,23.26573],[-102.84019,23.26924],[-102.83809,23.26671],[-102.83641,23.2701],[-102.8377,23.27376],[-102.84086,23.27431],[-102.84082,23.27659],[-102.84366,23.27937],[-102.84745,23.28103],[-102.84887,23.2813],[-102.85456,23.28766],[-102.86105,23.28967],[-102.86275,23.29418],[-102.86535,23.29238],[-102.86617,23.28586],[-102.86848,23.28573],[-102.86608,23.29171],[-102.86899,23.28826]],[[-102.84748,23.27491],[-102.85225,23.27482],[-102.84915,23.2789],[-102.84766,23.27688],[-102.8443,23.276],[-102.84748,23.27491]],[[-102.84525,23.25664],[-102.84555,23.25493],[-102.85184,23.25615],[-102.84702,23.25735],[-102.84525,23.25664]]],[[[-102.83303,23.28554],[-102.83493,23.28655],[-102.83746,23.28127],[-102.8352,23.27981],[-102.83313,23.28145],[-102.83453,23.27741],[-102.83258,23.27706],[-102.83106,23.28579],[-102.83301,23.28201],[-102.83303,23.28554]]],[[[-102.83643,23.29059],[-102.83939,23.29214],[-102.84006,23.28873],[-102.84237,23.28914],[-102.84324,23.28429],[-102.83989,23.28496],[-102.83643,23.29059]]],[[[-102.8298,23.29224],[-102.83522,23.29056],[-102.83445,23.28751],[-102.8298,23.29224]]],[[[-102.82657,23.2739],[-102.82934,23.27458],[-102.83085,23.27232],[-102.82773,23.2714],[-102.82657,23.2739]]],[[[-102.82801,23.27035],[-102.83245,23.26858],[-102.83511,23.26373],[-102.8296,23.26434],[-102.83108,23.26591],[-102.82871,23.26728],[-102.82801,23.27035]]],[[[-102.80694,23.26204],[-102.81034,23.26196],[-102.81173,23.25954],[-102.81009,23.25408],[-102.80278,23.25555],[-102.80468,23.25914],[-102.80243,23.26113],[-102.80694,23.26204]]],[[[-102.80744,23.24976],[-102.80931,23.25113],[-102.8103,23.24685],[-102.8145,23.24882],[-102.81538,23.24656],[-102.80795,23.24533],[-102.80744,23.24976]]],[[[-102.81271,23.24052],[-102.81345,23.2432],[-102.81622,23.23771],[-102.81507,23.23647],[-102.80668,23.24208],[-102.80929,23.24284],[-102.81271,23.24052]]],[[[-102.86851,23.22242],[-102.86454,23.21764],[-102.86274,23.22523],[-102.85889,23.22622],[-102.85294,23.22336],[-102.85428,23.22127],[-102.85262,23.22041],[-102.85043,23.22146],[-102.84931,23.22511],[-102.84603,23.22383],[-102.845,23.22605],[-102.84803,23.22776],[-102.84678,23.23046],[-102.85091,23.23287],[-102.86481,23.23324],[-102.86633,23.23186],[-102.86972,23.23633],[-102.87436,23.22896],[-102.87044,23.2252],[-102.86658,23.22294],[-102.86851,23.22242]]],[[[-102.80477,23.21723],[-102.81272,23.21772],[-102.80941,23.21159],[-102.80696,23.21069],[-102.80485,23.21377],[-102.80477,23.21723]]],[[[-102.81545,23.20387],[-102.81459,23.21307],[-102.81926,23.21218],[-102.8205,23.20347],[-102.81545,23.20387]]],[[[-102.9018,23.2063],[-102.90382,23.206],[-102.90072,23.2027],[-102.9018,23.2063]]],[[[-102.8655,23.21043],[-102.87063,23.2102],[-102.87186,23.20879],[-102.86519,23.20773],[-102.8655,23.21043]]],[[[-102.94681,23.15279],[-102.94586,23.15282],[-102.94528,23.15285],[-102.94004,23.1525],[-102.94001,23.15607],[-102.93402,23.15524],[-102.92857,23.15621],[-102.92573,23.15553],[-102.92109,23.1571],[-102.91962,23.17184],[-102.94892,23.17005],[-102.95681,23.17236],[-102.95268,23.16522],[-102.94992,23.16571],[-102.9492,23.16326],[-102.94905,23.15306],[-102.94778,23.15648],[-102.94457,23.15741],[-102.9457,23.16358],[-102.94369,23.1621],[-102.94412,23.15686],[-102.94666,23.15519],[-102.94681,23.15279]]],[[[-102.94004,23.1525],[-102.93735,23.14959],[-102.93593,23.15218],[-102.94004,23.1525]]],[[[-102.91936,23.18805],[-102.91445,23.19116],[-102.91134,23.19044],[-102.9072,23.18821],[-102.90796,23.18544],[-102.89539,23.18516],[-102.89691,23.18725],[-102.89479,23.1888],[-102.8946,23.19193],[-102.89669,23.1948],[-102.89385,23.19688],[-102.89743,23.2004],[-102.90307,23.19903],[-102.9106,23.19889],[-102.91063,23.19524],[-102.91481,23.19519],[-102.91475,23.19734],[-102.91809,23.19732],[-102.91807,23.19515],[-102.92546,23.19526],[-102.92523,23.18892],[-102.92836,23.19121],[-102.93387,23.185],[-102.93086,23.18277],[-102.939,23.17894],[-102.94186,23.17919],[-102.94122,23.17637],[-102.94783,23.17763],[-102.94983,23.17909],[-102.95498,23.18],[-102.95574,23.18326],[-102.95979,23.18373],[-102.95608,23.17834],[-102.94884,23.17492],[-102.93769,23.17536],[-102.92966,23.18028],[-102.92713,23.18108],[-102.92136,23.18626],[-102.92393,23.18814],[-102.91936,23.18805]]],[[[-102.95833,23.17271],[-102.96138,23.17329],[-102.96005,23.17161],[-102.96378,23.17118],[-102.96456,23.16904],[-102.95877,23.1653],[-102.95387,23.16052],[-102.95004,23.15279],[-102.95023,23.15961],[-102.95421,23.16668],[-102.95621,23.16768],[-102.95833,23.17271]]],[[[-102.90634,23.13573],[-102.90574,23.13636],[-102.90634,23.13786],[-102.90291,23.13826],[-102.90471,23.13635],[-102.90585,23.13523],[-102.90766,23.13271],[-102.90876,23.1265],[-102.91164,23.12823],[-102.92173,23.12953],[-102.92333,23.12644],[-102.92026,23.12146],[-102.91756,23.11012],[-102.90628,23.11422],[-102.8998,23.11517],[-102.90096,23.11079],[-102.89871,23.10763],[-102.90239,23.0992],[-102.90665,23.0999],[-102.90497,23.09722],[-102.90544,23.08953],[-102.90128,23.09003],[-102.89091,23.09259],[-102.88114,23.09932],[-102.87501,23.10594],[-102.87154,23.10649],[-102.87015,23.10943],[-102.87096,23.11409],[-102.8672,23.11512],[-102.86501,23.11787],[-102.86581,23.12122],[-102.85886,23.12113],[-102.85675,23.12441],[-102.85582,23.12618],[-102.84939,23.12821],[-102.84471,23.13143],[-102.83961,23.1329],[-102.83633,23.133],[-102.84277,23.14311],[-102.84444,23.14041],[-102.84994,23.1427],[-102.85521,23.14363],[-102.85904,23.14258],[-102.86207,23.1403],[-102.86273,23.13754],[-102.86933,23.13837],[-102.87016,23.14952],[-102.87323,23.14819],[-102.87658,23.14459],[-102.87876,23.13963],[-102.88087,23.14],[-102.88076,23.14316],[-102.88694,23.14402],[-102.89076,23.1434],[-102.89123,23.14046],[-102.89717,23.13952],[-102.89763,23.13673],[-102.89955,23.13699],[-102.89545,23.14713],[-102.88913,23.1471],[-102.8801,23.14598],[-102.87369,23.14932],[-102.87501,23.15257],[-102.87346,23.15304],[-102.87454,23.15631],[-102.87295,23.15736],[-102.87717,23.15804],[-102.87825,23.15616],[-102.88209,23.16243],[-102.88442,23.16172],[-102.88827,23.16486],[-102.88932,23.16333],[-102.88994,23.1608],[-102.89505,23.16265],[-102.89859,23.16078],[-102.9023,23.16187],[-102.90794,23.16052],[-102.90681,23.15352],[-102.90496,23.14824],[-102.91373,23.1492],[-102.93446,23.14988],[-102.93653,23.14871],[-102.93129,23.14365],[-102.92845,23.13964],[-102.92595,23.13769],[-102.92212,23.13031],[-102.91204,23.12869],[-102.90856,23.13592],[-102.90634,23.13573]],[[-102.91792,23.14412],[-102.91448,23.14342],[-102.91306,23.1405],[-102.91345,23.13733],[-102.91593,23.13549],[-102.91813,23.13735],[-102.9192,23.14162],[-102.91792,23.14412]],[[-102.8783,23.12777],[-102.87841,23.12535],[-102.88362,23.1238],[-102.88174,23.12787],[-102.8783,23.12777]],[[-102.8817,23.1103],[-102.88268,23.10642],[-102.89441,23.10722],[-102.8967,23.11],[-102.89413,23.11046],[-102.89325,23.12089],[-102.88986,23.12196],[-102.8881,23.11999],[-102.88348,23.11857],[-102.8777,23.11807],[-102.87896,23.11319],[-102.88272,23.1117],[-102.8817,23.1103]]],[[[-102.87356,23.16606],[-102.87752,23.16733],[-102.87905,23.16646],[-102.87356,23.16606]]],[[[-102.82572,23.16951],[-102.83055,23.17238],[-102.82739,23.17315],[-102.82872,23.17605],[-102.83524,23.1741],[-102.83506,23.17019],[-102.83092,23.16915],[-102.83528,23.16821],[-102.83599,23.16456],[-102.83807,23.16517],[-102.83898,23.16214],[-102.84259,23.1649],[-102.84281,23.16731],[-102.84721,23.16843],[-102.85383,23.16713],[-102.84684,23.15057],[-102.84049,23.15449],[-102.83693,23.15391],[-102.83141,23.1581],[-102.83138,23.15964],[-102.82288,23.16346],[-102.82572,23.16951]]],[[[-102.81821,23.15234],[-102.82854,23.15406],[-102.82875,23.15266],[-102.81821,23.15234]]],[[[-102.83794,23.15239],[-102.84038,23.15288],[-102.8446,23.14683],[-102.84181,23.14237],[-102.83338,23.14258],[-102.83753,23.14625],[-102.83791,23.14894],[-102.83473,23.15076],[-102.82966,23.14978],[-102.82974,23.14622],[-102.82456,23.14502],[-102.82068,23.14649],[-102.81992,23.1506],[-102.82512,23.15105],[-102.82542,23.14939],[-102.82929,23.14971],[-102.82894,23.15153],[-102.83794,23.15239]]],[[[-102.85614,23.12453],[-102.8522,23.1253],[-102.84884,23.12785],[-102.84221,23.12947],[-102.83797,23.13199],[-102.83867,23.13275],[-102.8452,23.13087],[-102.84952,23.12779],[-102.85546,23.12584],[-102.85614,23.12453]]],[[[-102.82372,23.12543],[-102.82521,23.1243],[-102.82629,23.1204],[-102.83229,23.12051],[-102.83223,23.12191],[-102.83966,23.12206],[-102.84396,23.11776],[-102.85107,23.11791],[-102.85873,23.115],[-102.85893,23.11307],[-102.86219,23.11208],[-102.85891,23.11031],[-102.85537,23.1116],[-102.85483,23.10526],[-102.84647,23.10627],[-102.84724,23.11175],[-102.8394,23.11513],[-102.83157,23.1138],[-102.82334,23.11828],[-102.82354,23.12026],[-102.81919,23.1203],[-102.81585,23.12224],[-102.82372,23.12543]]],[[[-102.80384,23.11693],[-102.80248,23.11861],[-102.80664,23.11859],[-102.80384,23.11693]]],[[[-102.85045,23.15565],[-102.85338,23.15309],[-102.85339,23.14828],[-102.84498,23.1467],[-102.85045,23.15565]]],[[[-102.83706,23.1941],[-102.84136,23.19306],[-102.84073,23.1855],[-102.8432,23.18319],[-102.85398,23.18238],[-102.8529,23.17763],[-102.84848,23.17759],[-102.84583,23.17507],[-102.84141,23.17413],[-102.83883,23.17574],[-102.83802,23.1736],[-102.8289,23.17625],[-102.83521,23.19307],[-102.83706,23.1941]]],[[[-102.87098,23.10517],[-102.87523,23.10461],[-102.87646,23.10259],[-102.88612,23.0947],[-102.87952,23.0931],[-102.88336,23.08425],[-102.88132,23.08181],[-102.87488,23.06969],[-102.87075,23.07058],[-102.86991,23.08066],[-102.86806,23.077],[-102.86846,23.07335],[-102.86138,23.07426],[-102.86093,23.07664],[-102.85792,23.07624],[-102.85802,23.0817],[-102.85372,23.0883],[-102.86043,23.09036],[-102.86208,23.09222],[-102.85537,23.09024],[-102.85562,23.09283],[-102.85205,23.09287],[-102.8546,23.09986],[-102.86029,23.09756],[-102.86616,23.09857],[-102.86739,23.10366],[-102.87098,23.10517]],[[-102.86285,23.08548],[-102.86631,23.08472],[-102.86563,23.0869],[-102.86606,23.0906],[-102.86261,23.08783],[-102.86285,23.08548]]],[[[-102.8197,23.09512],[-102.82114,23.09694],[-102.82663,23.0952],[-102.82346,23.09312],[-102.82338,23.09117],[-102.8178,23.09228],[-102.81764,23.09668],[-102.8197,23.09512]]],[[[-102.9102,23.08164],[-102.90545,23.07616],[-102.90552,23.07441],[-102.90888,23.07129],[-102.90779,23.06882],[-102.90548,23.06987],[-102.90556,23.07221],[-102.90142,23.07261],[-102.89957,23.07427],[-102.89321,23.07679],[-102.89232,23.07934],[-102.88955,23.08082],[-102.88851,23.08581],[-102.88545,23.08565],[-102.88774,23.08797],[-102.88636,23.09119],[-102.88876,23.09243],[-102.8905,23.08944],[-102.89264,23.09073],[-102.90167,23.08918],[-102.90729,23.08388],[-102.9097,23.084],[-102.9104,23.08229],[-102.9102,23.08164]]],[[[-102.70445,23.25989],[-102.7108,23.26192],[-102.71395,23.26578],[-102.71655,23.26536],[-102.71445,23.26229],[-102.72359,23.25899],[-102.71438,23.25787],[-102.70872,23.25815],[-102.70807,23.25492],[-102.71057,23.25501],[-102.7098,23.24896],[-102.70626,23.24801],[-102.70289,23.24914],[-102.70445,23.25989]]],[[[-102.72532,23.27166],[-102.72419,23.27445],[-102.72617,23.27492],[-102.72843,23.26845],[-102.72909,23.264],[-102.7283,23.26092],[-102.72517,23.26273],[-102.72684,23.26502],[-102.72532,23.27166]]],[[[-102.66464,23.26053],[-102.66227,23.26506],[-102.66311,23.26727],[-102.66673,23.2637],[-102.66702,23.26004],[-102.66464,23.26053]]],[[[-102.72326,23.23988],[-102.71899,23.23605],[-102.71043,23.23286],[-102.70368,23.23876],[-102.70627,23.23977],[-102.71002,23.24403],[-102.71884,23.24437],[-102.72297,23.24223],[-102.72326,23.23988]]],[[[-102.65042,23.14041],[-102.64996,23.14215],[-102.65344,23.14232],[-102.65349,23.14006],[-102.65042,23.14041]]],[[[-102.57498,23.16103],[-102.57462,23.16353],[-102.57845,23.15992],[-102.58229,23.15832],[-102.58344,23.16062],[-102.58583,23.15926],[-102.58426,23.15639],[-102.58392,23.15211],[-102.57687,23.15358],[-102.57779,23.15127],[-102.57564,23.14705],[-102.57102,23.14774],[-102.57078,23.15216],[-102.57305,23.1597],[-102.57498,23.16103]]],[[[-102.55682,23.14419],[-102.55668,23.14707],[-102.55415,23.15011],[-102.56012,23.14879],[-102.55973,23.14384],[-102.55771,23.14404],[-102.55555,23.13761],[-102.55684,23.13506],[-102.55049,23.13393],[-102.55069,23.14344],[-102.55609,23.14299],[-102.55682,23.14419]]],[[[-102.56799,23.18511],[-102.56838,23.18083],[-102.56516,23.18002],[-102.56554,23.18329],[-102.56799,23.18511]]],[[[-102.59742,23.19317],[-102.59912,23.19211],[-102.59421,23.1913],[-102.59447,23.19327],[-102.59742,23.19317]]],[[[-102.53222,23.27468],[-102.53352,23.27477],[-102.53332,23.26597],[-102.53208,23.26566],[-102.53222,23.27468]]],[[[-102.52747,23.26893],[-102.528,23.27257],[-102.53057,23.27231],[-102.53052,23.26861],[-102.52747,23.26893]]],[[[-102.50646,23.29526],[-102.51025,23.29597],[-102.51823,23.29524],[-102.52023,23.29377],[-102.52367,23.29478],[-102.52189,23.29248],[-102.52262,23.2875],[-102.5202,23.28686],[-102.52006,23.29078],[-102.51452,23.28827],[-102.51075,23.29146],[-102.50656,23.29192],[-102.50646,23.29526]]],[[[-103.8624,23.5457],[-103.86227,23.54986],[-103.86313,23.55332],[-103.86142,23.55406],[-103.86019,23.56331],[-103.86148,23.56589],[-103.86082,23.57121],[-103.85913,23.57099],[-103.8593,23.57547],[-103.85975,23.57541],[-103.86158,23.57303],[-103.86376,23.56462],[-103.86385,23.55681],[-103.86547,23.56045],[-103.87154,23.55873],[-103.87191,23.56063],[-103.87897,23.55865],[-103.87816,23.55678],[-103.88012,23.55382],[-103.87905,23.54959],[-103.87324,23.54143],[-103.86864,23.53849],[-103.86703,23.53613],[-103.86695,23.5317],[-103.87029,23.52914],[-103.87216,23.52529],[-103.86694,23.52789],[-103.86697,23.51937],[-103.86483,23.51906],[-103.86605,23.52252],[-103.8633,23.53082],[-103.86088,23.52859],[-103.86258,23.544],[-103.8624,23.5457]]],[[[-103.85439,23.56749],[-103.85431,23.56966],[-103.85634,23.57379],[-103.85855,23.57251],[-103.85924,23.56767],[-103.85547,23.56483],[-103.85837,23.56502],[-103.86024,23.55951],[-103.85651,23.55858],[-103.85445,23.56732],[-103.85439,23.56749]]],[[[-103.8555,23.55565],[-103.85561,23.55597],[-103.86041,23.55833],[-103.86103,23.55385],[-103.85748,23.55354],[-103.8555,23.55565]]],[[[-103.86057,23.5407],[-103.86223,23.54523],[-103.86185,23.54086],[-103.86057,23.5407]]],[[[-103.85529,23.50919],[-103.85432,23.50772],[-103.85028,23.51032],[-103.84827,23.51271],[-103.84555,23.51595],[-103.84652,23.52767],[-103.84798,23.52727],[-103.85132,23.53048],[-103.84969,23.53074],[-103.85323,23.53451],[-103.85842,23.53563],[-103.85832,23.53827],[-103.86001,23.53919],[-103.8617,23.53873],[-103.85915,23.52391],[-103.85691,23.51839],[-103.85513,23.51672],[-103.85529,23.50919]]],[[[-103.8218,23.52696],[-103.8241,23.53145],[-103.82568,23.53124],[-103.8218,23.52696]]],[[[-103.82406,23.51089],[-103.82372,23.51272],[-103.82745,23.51178],[-103.82804,23.50843],[-103.82508,23.50996],[-103.82407,23.50689],[-103.82217,23.50701],[-103.82406,23.51089]]],[[[-103.81688,23.50778],[-103.8189,23.51176],[-103.81909,23.50723],[-103.81688,23.50778]]],[[[-103.88412,23.49285],[-103.88739,23.49428],[-103.887,23.49064],[-103.89354,23.48858],[-103.89381,23.48526],[-103.8885,23.48553],[-103.88825,23.48393],[-103.89191,23.48113],[-103.89801,23.48218],[-103.9019,23.48132],[-103.90684,23.48353],[-103.91325,23.48402],[-103.91217,23.47981],[-103.89831,23.4778],[-103.8871,23.47427],[-103.8907,23.47596],[-103.89123,23.48038],[-103.88594,23.47878],[-103.88407,23.4802],[-103.88646,23.48238],[-103.88452,23.48495],[-103.88255,23.48347],[-103.88042,23.48486],[-103.88184,23.49238],[-103.88412,23.49285]]],[[[-103.89149,23.47407],[-103.89866,23.47622],[-103.8968,23.47409],[-103.88892,23.4714],[-103.88654,23.47374],[-103.89149,23.47407]]],[[[-103.92756,23.48934],[-103.92765,23.48701],[-103.92684,23.48517],[-103.92467,23.48096],[-103.92345,23.47861],[-103.92215,23.46995],[-103.91723,23.46041],[-103.91819,23.46664],[-103.91754,23.47059],[-103.91418,23.4701],[-103.91442,23.46558],[-103.91797,23.46617],[-103.91646,23.46209],[-103.91785,23.45726],[-103.91871,23.45347],[-103.92185,23.45094],[-103.92167,23.44779],[-103.9239,23.44563],[-103.92617,23.439],[-103.92997,23.43765],[-103.92969,23.43555],[-103.93319,23.43284],[-103.93503,23.4356],[-103.9322,23.43667],[-103.93013,23.44383],[-103.93273,23.44247],[-103.93401,23.43896],[-103.93607,23.43821],[-103.93833,23.44074],[-103.93891,23.43511],[-103.93987,23.44202],[-103.93227,23.44536],[-103.92576,23.45116],[-103.92458,23.45691],[-103.92932,23.45474],[-103.92746,23.45207],[-103.93095,23.4481],[-103.93998,23.44464],[-103.9423,23.4431],[-103.94473,23.44514],[-103.94414,23.44188],[-103.94634,23.43864],[-103.95382,23.43639],[-103.96144,23.43639],[-103.95722,23.43425],[-103.95035,23.43463],[-103.95162,23.43207],[-103.95584,23.43381],[-103.95503,23.42984],[-103.95327,23.42934],[-103.94999,23.43175],[-103.95076,23.42834],[-103.9541,23.42599],[-103.95435,23.42212],[-103.95102,23.42511],[-103.95363,23.42006],[-103.95018,23.42013],[-103.94493,23.42259],[-103.94094,23.42091],[-103.93983,23.41896],[-103.93824,23.41858],[-103.93403,23.42174],[-103.93238,23.41837],[-103.92722,23.42009],[-103.92762,23.41637],[-103.93113,23.41295],[-103.92847,23.41127],[-103.92944,23.40931],[-103.92145,23.40729],[-103.92054,23.40216],[-103.92322,23.40153],[-103.9212,23.39715],[-103.92288,23.3969],[-103.92092,23.39381],[-103.91586,23.39473],[-103.91909,23.3911],[-103.91656,23.39108],[-103.9112,23.39492],[-103.90886,23.39471],[-103.9173,23.38845],[-103.91615,23.38612],[-103.91057,23.38353],[-103.90797,23.37768],[-103.91052,23.37258],[-103.90638,23.36915],[-103.9012,23.36895],[-103.89932,23.3726],[-103.89754,23.3724],[-103.89729,23.37253],[-103.89659,23.37289],[-103.89385,23.37341],[-103.89063,23.37676],[-103.88083,23.37227],[-103.8789,23.37979],[-103.87875,23.38724],[-103.88052,23.39258],[-103.88134,23.40009],[-103.88356,23.40996],[-103.88164,23.41933],[-103.88634,23.42626],[-103.88552,23.4309],[-103.88304,23.43417],[-103.88561,23.43305],[-103.88579,23.43567],[-103.88862,23.43595],[-103.89555,23.43313],[-103.89546,23.42986],[-103.89878,23.43091],[-103.89962,23.42875],[-103.8972,23.4225],[-103.9004,23.42141],[-103.90228,23.42384],[-103.90661,23.42328],[-103.90919,23.42841],[-103.9104,23.42869],[-103.9114,23.43481],[-103.9084,23.43451],[-103.90376,23.4376],[-103.90749,23.43687],[-103.91053,23.43998],[-103.90681,23.44113],[-103.90625,23.43876],[-103.90215,23.43905],[-103.90282,23.43529],[-103.8993,23.43533],[-103.88564,23.44038],[-103.88625,23.44173],[-103.88218,23.44303],[-103.88232,23.44987],[-103.87982,23.45317],[-103.89628,23.45633],[-103.90604,23.45356],[-103.906,23.45492],[-103.89639,23.45699],[-103.89408,23.4565],[-103.88811,23.45775],[-103.88143,23.46231],[-103.88384,23.46825],[-103.88241,23.47138],[-103.88636,23.47143],[-103.88533,23.4696],[-103.88993,23.46609],[-103.88935,23.46874],[-103.89448,23.47139],[-103.90615,23.47514],[-103.91351,23.47314],[-103.91978,23.47434],[-103.91699,23.4781],[-103.91893,23.482],[-103.92026,23.48112],[-103.92376,23.48323],[-103.92395,23.48575],[-103.91823,23.48433],[-103.91529,23.48494],[-103.92358,23.48688],[-103.92036,23.48745],[-103.91992,23.49164],[-103.92378,23.49368],[-103.92514,23.4884],[-103.9266,23.49223],[-103.92756,23.48934]],[[-103.90633,23.45238],[-103.90601,23.44991],[-103.90327,23.44762],[-103.89992,23.44691],[-103.89969,23.44475],[-103.90475,23.44417],[-103.90731,23.44524],[-103.90818,23.45128],[-103.90633,23.45238]],[[-103.91749,23.44753],[-103.91585,23.43897],[-103.9189,23.43657],[-103.9198,23.44673],[-103.91749,23.44753]],[[-103.90763,23.44341],[-103.90324,23.44177],[-103.91016,23.44302],[-103.91061,23.44733],[-103.90763,23.44341]],[[-103.91693,23.42864],[-103.92064,23.42742],[-103.92366,23.43357],[-103.91882,23.43479],[-103.91693,23.42864]],[[-103.90265,23.42219],[-103.90065,23.41984],[-103.89585,23.41945],[-103.90525,23.41647],[-103.90265,23.42219]],[[-103.91013,23.41531],[-103.91323,23.41345],[-103.91452,23.416],[-103.91013,23.41531]],[[-103.90486,23.40306],[-103.89649,23.39999],[-103.89741,23.39883],[-103.89556,23.39347],[-103.89687,23.39019],[-103.90396,23.38933],[-103.9023,23.39906],[-103.90484,23.40143],[-103.90774,23.40043],[-103.90839,23.40225],[-103.9062,23.4092],[-103.90633,23.40381],[-103.90486,23.40306]]],[[[-103.92442,23.50415],[-103.92465,23.50087],[-103.92265,23.50053],[-103.92105,23.50401],[-103.92442,23.50415]]],[[[-103.93173,23.51376],[-103.93222,23.51616],[-103.93484,23.51542],[-103.93332,23.51242],[-103.94435,23.511],[-103.94396,23.51516],[-103.94591,23.51535],[-103.94577,23.51072],[-103.94793,23.50918],[-103.9417,23.50909],[-103.94425,23.49994],[-103.94671,23.4965],[-103.94439,23.49341],[-103.94782,23.49227],[-103.94439,23.48966],[-103.94079,23.49237],[-103.93984,23.49466],[-103.93209,23.49377],[-103.93202,23.49907],[-103.93185,23.50006],[-103.93052,23.50787],[-103.93141,23.51223],[-103.93173,23.51376]]],[[[-103.93038,23.47885],[-103.93219,23.48724],[-103.93266,23.49014],[-103.93699,23.49047],[-103.93974,23.48833],[-103.93789,23.48647],[-103.93933,23.483],[-103.94778,23.47997],[-103.9501,23.47699],[-103.95456,23.47874],[-103.96101,23.47553],[-103.96057,23.47106],[-103.9576,23.47048],[-103.95864,23.47278],[-103.95667,23.47369],[-103.94894,23.47393],[-103.94561,23.47675],[-103.94474,23.47251],[-103.93907,23.47544],[-103.93916,23.47867],[-103.94206,23.48004],[-103.93941,23.48105],[-103.93535,23.47712],[-103.93038,23.47885]]],[[[-103.88044,23.45983],[-103.88116,23.46166],[-103.88433,23.45875],[-103.88044,23.45983]]],[[[-103.87941,23.45372],[-103.88038,23.45962],[-103.88739,23.45586],[-103.87941,23.45372]]],[[[-103.90729,23.42966],[-103.90835,23.43304],[-103.9108,23.43385],[-103.9092,23.42898],[-103.90729,23.42966]]],[[[-103.94141,23.44971],[-103.94228,23.45073],[-103.94675,23.44746],[-103.94543,23.44613],[-103.94141,23.44971]]],[[[-103.95852,23.46163],[-103.96364,23.45844],[-103.9623,23.45791],[-103.95852,23.46163]]],[[[-103.96319,23.46391],[-103.96384,23.45894],[-103.96032,23.46194],[-103.96319,23.46391]]],[[[-103.94819,23.4709],[-103.95736,23.46939],[-103.951,23.46943],[-103.95042,23.46794],[-103.9547,23.46697],[-103.95595,23.46512],[-103.95017,23.46611],[-103.94583,23.46837],[-103.94594,23.47086],[-103.94819,23.4709]]],[[[-103.97141,23.46872],[-103.97826,23.46781],[-103.97661,23.46673],[-103.97141,23.46872]]],[[[-103.97557,23.4772],[-103.98332,23.47593],[-103.9877,23.47383],[-103.9848,23.47187],[-103.98219,23.47245],[-103.9775,23.46996],[-103.97565,23.47017],[-103.97901,23.47337],[-103.97846,23.47497],[-103.97224,23.4741],[-103.97154,23.47603],[-103.97557,23.4772]]],[[[-103.95516,23.48237],[-103.95343,23.48432],[-103.95771,23.48279],[-103.95516,23.48237]]],[[[-103.95666,23.49274],[-103.96044,23.49143],[-103.95791,23.48808],[-103.95762,23.49076],[-103.95384,23.49168],[-103.95666,23.49274]]],[[[-103.9943,23.49519],[-103.99372,23.49274],[-103.98928,23.49396],[-103.98787,23.49304],[-103.98728,23.4997],[-103.97841,23.50035],[-103.97706,23.50173],[-103.97925,23.50677],[-103.98148,23.50296],[-103.98548,23.50106],[-103.98881,23.50539],[-103.98665,23.50584],[-103.98595,23.5102],[-103.98175,23.5107],[-103.98013,23.51696],[-103.98459,23.51563],[-103.98441,23.51203],[-103.98734,23.51166],[-103.98861,23.51441],[-103.99275,23.50621],[-103.99215,23.49625],[-103.9943,23.49519]]],[[[-103.93425,23.54335],[-103.94212,23.54324],[-103.94187,23.54509],[-103.94346,23.54002],[-103.94668,23.53743],[-103.94981,23.53732],[-103.95201,23.53436],[-103.9519,23.531],[-103.95505,23.53075],[-103.95537,23.52786],[-103.96061,23.5259],[-103.95901,23.52974],[-103.9639,23.52766],[-103.96902,23.52424],[-103.96984,23.52044],[-103.96411,23.52019],[-103.96389,23.52219],[-103.96107,23.52217],[-103.96113,23.52019],[-103.96415,23.51619],[-103.96408,23.51425],[-103.97049,23.51192],[-103.96835,23.51531],[-103.9742,23.51491],[-103.97568,23.51129],[-103.97423,23.49721],[-103.9695,23.49933],[-103.97019,23.50249],[-103.97269,23.50466],[-103.96929,23.50525],[-103.97062,23.50977],[-103.96754,23.50823],[-103.96377,23.50836],[-103.96113,23.51418],[-103.95201,23.51819],[-103.95358,23.5121],[-103.94896,23.51501],[-103.95063,23.518],[-103.93849,23.51815],[-103.93228,23.51647],[-103.93272,23.51861],[-103.93132,23.52582],[-103.92882,23.53198],[-103.92921,23.53544],[-103.93171,23.5329],[-103.93304,23.54171],[-103.93425,23.54335]],[[-103.94644,23.52633],[-103.95035,23.52386],[-103.95751,23.52079],[-103.95939,23.52213],[-103.95222,23.52641],[-103.94644,23.52633]]],[[[-103.95882,23.50039],[-103.97401,23.49663],[-103.97061,23.4934],[-103.96295,23.49522],[-103.95714,23.49583],[-103.95882,23.50039]]],[[[-103.97906,23.49288],[-103.97897,23.49682],[-103.98063,23.49281],[-103.97906,23.49288]]],[[[-103.97646,23.49386],[-103.97645,23.49694],[-103.97852,23.49295],[-103.97646,23.49386]]],[[[-103.88409,23.548],[-103.88717,23.54856],[-103.88745,23.54654],[-103.89623,23.54791],[-103.89737,23.5457],[-103.89431,23.54502],[-103.89489,23.54142],[-103.89022,23.53992],[-103.88854,23.54161],[-103.87918,23.54012],[-103.88021,23.54515],[-103.88464,23.54583],[-103.88409,23.548]]],[[[-103.89762,23.54326],[-103.89932,23.54598],[-103.90223,23.5464],[-103.90303,23.53703],[-103.89831,23.53824],[-103.89762,23.54326]]],[[[-103.90861,23.53797],[-103.90999,23.53666],[-103.90709,23.52799],[-103.90346,23.53349],[-103.90332,23.53659],[-103.90861,23.53797]]],[[[-103.90774,23.4872],[-103.90716,23.49019],[-103.90977,23.49093],[-103.90961,23.48718],[-103.90774,23.4872]]],[[[-103.91102,23.47712],[-103.90456,23.47748],[-103.9031,23.47842],[-103.91145,23.47955],[-103.91102,23.47712]]],[[[-103.89664,23.59956],[-103.89597,23.59864],[-103.89388,23.60036],[-103.89543,23.60145],[-103.89781,23.60313],[-103.89664,23.59956]]],[[[-103.91417,23.58129],[-103.91196,23.57619],[-103.91198,23.57623],[-103.91342,23.5812],[-103.9136,23.58178],[-103.91342,23.5812],[-103.91417,23.58129]]],[[[-103.78525,23.54528],[-103.78815,23.54726],[-103.78862,23.54489],[-103.78525,23.54528]]],[[[-103.78824,23.54787],[-103.79063,23.5489],[-103.79067,23.54549],[-103.78824,23.54787]]],[[[-103.92409,23.44934],[-103.92478,23.45009],[-103.92712,23.44834],[-103.92731,23.44553],[-103.92409,23.44934]]],[[[-102.33089,22.50238],[-102.32842,22.50337],[-102.32339,22.51353],[-102.32359,22.5231],[-102.31934,22.5355],[-102.32186,22.5417],[-102.32178,22.54525],[-102.32426,22.54404],[-102.32232,22.54279],[-102.32434,22.53164],[-102.32961,22.52504],[-102.33271,22.5255],[-102.33694,22.52851],[-102.33518,22.5241],[-102.3293,22.521],[-102.33061,22.50916],[-102.32912,22.50702],[-102.33089,22.50238]]],[[[-102.33514,22.50179],[-102.33513,22.50179],[-102.34701,22.50507],[-102.34453,22.50217],[-102.34554,22.4998],[-102.34341,22.49897],[-102.33545,22.50175],[-102.33514,22.50179]]],[[[-102.34928,22.45745],[-102.35095,22.4667],[-102.35327,22.4744],[-102.35714,22.47747],[-102.35539,22.46758],[-102.35361,22.4656],[-102.35076,22.45785],[-102.34928,22.45745]]],[[[-102.33574,22.38863],[-102.32787,22.3886],[-102.3216,22.38854],[-102.32136,22.38853],[-102.32122,22.39777],[-102.32121,22.3989],[-102.32103,22.41829],[-102.31929,22.42287],[-102.31745,22.42769],[-102.31576,22.43212],[-102.31573,22.43219],[-102.32097,22.43005],[-102.32786,22.4293],[-102.32939,22.42877],[-102.33617,22.42584],[-102.34093,22.42594],[-102.34774,22.42022],[-102.35394,22.41195],[-102.35455,22.41226],[-102.35255,22.40674],[-102.35113,22.40565],[-102.3513,22.4116],[-102.34816,22.41246],[-102.34412,22.41153],[-102.34724,22.41053],[-102.34438,22.40419],[-102.33651,22.39675],[-102.32897,22.39672],[-102.33319,22.39383],[-102.33574,22.38863]],[[-102.34346,22.38867],[-102.34281,22.38866],[-102.34286,22.38866],[-102.34346,22.38867]],[[-102.34526,22.41437],[-102.3475,22.41622],[-102.34567,22.41827],[-102.34361,22.4165],[-102.34526,22.41437]]],[[[-102.34087,22.38866],[-102.34101,22.38866],[-102.33977,22.38865],[-102.33935,22.38865],[-102.33816,22.38864],[-102.33457,22.39438],[-102.33734,22.39374],[-102.33922,22.39184],[-102.33951,22.39035],[-102.33952,22.38928],[-102.33973,22.38892],[-102.33977,22.38865],[-102.34087,22.38866]]],[[[-102.33946,22.53718],[-102.34127,22.53433],[-102.33821,22.52967],[-102.33641,22.53061],[-102.33852,22.53303],[-102.33815,22.53734],[-102.33946,22.53718]]],[[[-102.37169,22.48403],[-102.37628,22.48355],[-102.37587,22.48221],[-102.37169,22.48403]]],[[[-102.36142,22.48198],[-102.36198,22.4828],[-102.36455,22.48302],[-102.36706,22.48051],[-102.36648,22.48364],[-102.36979,22.48065],[-102.3728,22.48165],[-102.37162,22.47827],[-102.36942,22.47759],[-102.36142,22.48198]]],[[[-102.35951,22.4613],[-102.35961,22.46288],[-102.36375,22.46225],[-102.35951,22.4613]]],[[[-102.36263,22.45209],[-102.36551,22.45741],[-102.36502,22.45397],[-102.36263,22.45209]]],[[[-102.35779,22.4467],[-102.35178,22.44669],[-102.35424,22.44901],[-102.35779,22.4467]]],[[[-101.40562,24.74585],[-101.40426,24.74731],[-101.4077,24.74818],[-101.40562,24.74585]]],[[[-101.29144,24.74071],[-101.29018,24.74051],[-101.29219,24.74363],[-101.29443,24.7412],[-101.2921,24.74082],[-101.29144,24.74071]]],[[[-101.27804,24.73218],[-101.27585,24.73262],[-101.27381,24.73305],[-101.26954,24.73713],[-101.27239,24.73848],[-101.27804,24.73218]]],[[[-101.28727,24.73654],[-101.28669,24.73534],[-101.28205,24.73184],[-101.28209,24.73536],[-101.28566,24.73851],[-101.28727,24.73654]]],[[[-101.41617,24.73428],[-101.41603,24.737],[-101.41929,24.73488],[-101.41617,24.73428]]],[[[-101.39385,24.71648],[-101.39647,24.7153],[-101.39665,24.71284],[-101.39379,24.71435],[-101.39385,24.71648]]],[[[-101.33182,24.65247],[-101.33064,24.64925],[-101.33153,24.64457],[-101.32928,24.64467],[-101.3285,24.65271],[-101.33182,24.65247]]],[[[-101.27278,24.64342],[-101.27454,24.64571],[-101.27823,24.64387],[-101.27703,24.6419],[-101.27278,24.64342]]],[[[-101.31746,24.64072],[-101.31709,24.64352],[-101.32112,24.64028],[-101.31746,24.64072]]],[[[-101.26828,24.63449],[-101.26944,24.6392],[-101.27133,24.63774],[-101.26828,24.63449]]],[[[-101.1895,24.6321],[-101.1877,24.62363],[-101.17782,24.60445],[-101.17773,24.60014],[-101.17639,24.60297],[-101.17751,24.60467],[-101.17378,24.60559],[-101.17398,24.613],[-101.17651,24.6178],[-101.17784,24.61761],[-101.18484,24.62205],[-101.1895,24.6321]]],[[[-101.32658,24.60404],[-101.32448,24.60615],[-101.32557,24.60824],[-101.33201,24.60398],[-101.33459,24.59813],[-101.34065,24.59549],[-101.33718,24.59214],[-101.34218,24.58642],[-101.33943,24.58454],[-101.33618,24.58993],[-101.33419,24.5903],[-101.3318,24.58753],[-101.32894,24.58982],[-101.32602,24.58501],[-101.32633,24.58291],[-101.32391,24.58134],[-101.32413,24.57749],[-101.32195,24.57473],[-101.31954,24.57473],[-101.32296,24.5811],[-101.32288,24.58925],[-101.32495,24.58993],[-101.32112,24.59203],[-101.32462,24.59442],[-101.32509,24.59893],[-101.32614,24.59683],[-101.32658,24.60404]],[[-101.32908,24.59807],[-101.32754,24.59129],[-101.32917,24.59042],[-101.33222,24.59301],[-101.32974,24.5949],[-101.32908,24.59807]]],[[[-101.17889,24.59346],[-101.18374,24.58882],[-101.17736,24.58672],[-101.17617,24.58964],[-101.17889,24.59346]]],[[[-101.18402,24.58249],[-101.18314,24.57926],[-101.18295,24.57626],[-101.17527,24.58074],[-101.17581,24.58357],[-101.18071,24.58352],[-101.1787,24.58515],[-101.18381,24.58532],[-101.18402,24.58249]]],[[[-101.18053,24.57044],[-101.17986,24.56025],[-101.17771,24.56077],[-101.17717,24.56999],[-101.18053,24.57044]]],[[[-101.19918,24.56258],[-101.19481,24.56152],[-101.19382,24.55959],[-101.1934,24.56378],[-101.19918,24.56258]]],[[[-101.30613,24.56705],[-101.30793,24.56859],[-101.31257,24.565],[-101.31049,24.56291],[-101.3097,24.56581],[-101.30563,24.55974],[-101.30749,24.56005],[-101.30852,24.55605],[-101.30482,24.55533],[-101.29709,24.5581],[-101.30055,24.56],[-101.30314,24.56422],[-101.30599,24.56311],[-101.30613,24.56705]]],[[[-101.26821,24.55254],[-101.2757,24.55721],[-101.2758,24.55549],[-101.26895,24.5512],[-101.26821,24.55254]]],[[[-101.33107,24.58532],[-101.33734,24.58469],[-101.33693,24.5815],[-101.34009,24.5787],[-101.34068,24.57611],[-101.34319,24.57646],[-101.34459,24.57445],[-101.34759,24.57454],[-101.34822,24.5766],[-101.34605,24.58055],[-101.35124,24.57643],[-101.34879,24.57243],[-101.3442,24.57266],[-101.33889,24.57583],[-101.33824,24.57737],[-101.33207,24.5826],[-101.33107,24.58532]]],[[[-101.35762,24.58644],[-101.35444,24.58594],[-101.35114,24.5921],[-101.35246,24.59424],[-101.35326,24.59067],[-101.35595,24.59188],[-101.35836,24.58874],[-101.35762,24.58644]]],[[[-101.39171,24.53888],[-101.39344,24.53911],[-101.39684,24.54494],[-101.39664,24.54276],[-101.39529,24.53923],[-101.39171,24.53888]]],[[[-101.38746,24.53255],[-101.38597,24.53398],[-101.38641,24.53599],[-101.3869,24.53824],[-101.39056,24.53872],[-101.39039,24.53616],[-101.38746,24.53255]]],[[[-101.38649,24.5277],[-101.38922,24.52896],[-101.3889,24.53126],[-101.39297,24.53262],[-101.39375,24.53086],[-101.3878,24.5264],[-101.38649,24.5277]]],[[[-101.37679,24.52429],[-101.38565,24.52732],[-101.38121,24.52448],[-101.37679,24.52429]]],[[[-101.36171,24.48344],[-101.36188,24.48626],[-101.35924,24.48736],[-101.36961,24.49047],[-101.36837,24.48788],[-101.36486,24.48675],[-101.36499,24.48381],[-101.36171,24.48344]]],[[[-101.35136,24.49245],[-101.3544,24.49339],[-101.35597,24.49022],[-101.35198,24.48938],[-101.35136,24.49245]]],[[[-101.38025,24.5221],[-101.38369,24.52215],[-101.38156,24.51984],[-101.38025,24.5221]]],[[[-101.36762,24.59666],[-101.36677,24.59541],[-101.36537,24.59486],[-101.36478,24.59463],[-101.36239,24.59586],[-101.3586,24.59438],[-101.35863,24.59756],[-101.36058,24.5984],[-101.3649,24.59622],[-101.36762,24.59666]]],[[[-101.36277,24.61832],[-101.36147,24.61742],[-101.35753,24.62019],[-101.35749,24.62193],[-101.36277,24.61832]]],[[[-101.36182,24.61311],[-101.36272,24.61228],[-101.36419,24.60893],[-101.3614,24.60521],[-101.3571,24.60717],[-101.35591,24.60307],[-101.35218,24.60185],[-101.3565,24.59878],[-101.35764,24.59248],[-101.35473,24.59346],[-101.35334,24.5998],[-101.35034,24.60092],[-101.35397,24.60396],[-101.35486,24.6072],[-101.35203,24.6097],[-101.3488,24.60993],[-101.34501,24.60771],[-101.34477,24.6054],[-101.33826,24.61387],[-101.34093,24.61406],[-101.34494,24.61224],[-101.35317,24.61315],[-101.3584,24.61118],[-101.36182,24.61311]]],[[[-101.31512,24.63013],[-101.31558,24.632],[-101.31902,24.62763],[-101.32177,24.62668],[-101.32466,24.62178],[-101.32401,24.61335],[-101.32986,24.60872],[-101.33097,24.60682],[-101.33846,24.60603],[-101.34439,24.60384],[-101.34657,24.60013],[-101.34266,24.59998],[-101.34197,24.60186],[-101.33914,24.60121],[-101.33832,24.60372],[-101.32658,24.60814],[-101.32165,24.61514],[-101.32324,24.61652],[-101.32126,24.62095],[-101.31693,24.62438],[-101.31512,24.63013]]],[[[-101.26789,24.6294],[-101.26699,24.63197],[-101.27082,24.63173],[-101.26789,24.6294]]],[[[-101.3396,24.63542],[-101.34097,24.63671],[-101.34309,24.63409],[-101.3396,24.63542]]],[[[-101.29942,24.63864],[-101.30427,24.63965],[-101.31186,24.63439],[-101.30644,24.63551],[-101.30307,24.63788],[-101.29942,24.63864]]],[[[-101.32401,24.63509],[-101.32237,24.63761],[-101.32592,24.63693],[-101.32401,24.63509]]],[[[-101.3343,24.64257],[-101.33442,24.64412],[-101.3416,24.64269],[-101.34731,24.63688],[-101.3386,24.64171],[-101.34026,24.63828],[-101.3351,24.63554],[-101.33496,24.6392],[-101.33804,24.63915],[-101.3343,24.64257]]],[[[-101.39226,24.62913],[-101.39119,24.62909],[-101.39094,24.62908],[-101.38661,24.62914],[-101.38833,24.62989],[-101.38541,24.63357],[-101.38942,24.63401],[-101.38876,24.63188],[-101.39226,24.62913]]],[[[-101.40813,24.63084],[-101.40568,24.63025],[-101.40176,24.63075],[-101.40091,24.62943],[-101.39698,24.63068],[-101.39136,24.6307],[-101.39006,24.63492],[-101.39468,24.63635],[-101.40407,24.63351],[-101.40813,24.63084]]],[[[-101.38063,24.63176],[-101.37806,24.63247],[-101.37481,24.63621],[-101.37235,24.63784],[-101.37838,24.63921],[-101.37805,24.63685],[-101.38453,24.63057],[-101.38173,24.63145],[-101.38063,24.63176]]],[[[-101.39292,24.65685],[-101.39479,24.6541],[-101.39796,24.65363],[-101.39937,24.65564],[-101.40136,24.65455],[-101.39633,24.65132],[-101.38838,24.65318],[-101.3855,24.65018],[-101.38996,24.64848],[-101.38837,24.64634],[-101.38457,24.64806],[-101.38443,24.64352],[-101.38761,24.64103],[-101.38265,24.6398],[-101.38361,24.63688],[-101.37972,24.64052],[-101.38289,24.64686],[-101.38431,24.65242],[-101.39118,24.65659],[-101.39292,24.65685]]],[[[-101.38035,24.66328],[-101.38041,24.66478],[-101.38465,24.66117],[-101.39046,24.65913],[-101.38621,24.65942],[-101.38035,24.66328]]],[[[-101.37607,24.6614],[-101.37649,24.66405],[-101.38131,24.65795],[-101.38113,24.65614],[-101.37607,24.6614]]],[[[-101.41216,24.67744],[-101.41415,24.6755],[-101.41173,24.67196],[-101.4133,24.66512],[-101.40957,24.66133],[-101.41014,24.66459],[-101.4075,24.6698],[-101.4035,24.67163],[-101.40541,24.6757],[-101.40818,24.67549],[-101.40935,24.67248],[-101.4118,24.67453],[-101.41216,24.67744]]],[[[-101.37283,24.6785],[-101.37329,24.67896],[-101.37344,24.67897],[-101.37409,24.67899],[-101.37686,24.67306],[-101.37983,24.67076],[-101.37816,24.66967],[-101.37706,24.67057],[-101.37384,24.67454],[-101.37283,24.6785]]],[[[-101.42757,24.69181],[-101.43166,24.68903],[-101.42566,24.6909],[-101.42757,24.69181]]],[[[-101.37986,24.68883],[-101.37519,24.68998],[-101.37596,24.69202],[-101.37986,24.68883]]],[[[-101.36164,24.64626],[-101.35882,24.65238],[-101.36136,24.65048],[-101.36164,24.64626]]],[[[-101.3469,24.64081],[-101.3556,24.63913],[-101.3527,24.63862],[-101.3469,24.64081]]],[[[-101.38777,24.64101],[-101.39064,24.64142],[-101.39342,24.63876],[-101.3886,24.63765],[-101.38777,24.64101]]],[[[-101.32646,24.62937],[-101.32714,24.6261],[-101.32442,24.62841],[-101.32646,24.62937]]],[[[-101.33048,24.61121],[-101.33529,24.61093],[-101.33522,24.60726],[-101.33048,24.61121]]],[[[-101.3389,24.61519],[-101.33558,24.61894],[-101.33906,24.61724],[-101.3389,24.61519]]],[[[-101.34575,24.59782],[-101.34452,24.59406],[-101.34375,24.59709],[-101.34575,24.59782]]],[[[-101.34631,24.58336],[-101.34647,24.5887],[-101.34814,24.58515],[-101.34631,24.58336]]],[[[-101.30911,24.65882],[-101.31005,24.66005],[-101.31512,24.65661],[-101.31685,24.65904],[-101.31821,24.65563],[-101.31454,24.65396],[-101.31027,24.65678],[-101.30911,24.65882]]],[[[-101.32631,24.65705],[-101.32406,24.66016],[-101.32813,24.66024],[-101.32631,24.65705]]],[[[-101.42697,24.69634],[-101.42757,24.69833],[-101.43073,24.69429],[-101.42697,24.69634]]],[[[-101.37675,24.70396],[-101.37573,24.70877],[-101.37867,24.70744],[-101.37675,24.70396]]],[[[-101.40232,24.71156],[-101.40439,24.70958],[-101.40336,24.70773],[-101.40064,24.71048],[-101.40232,24.71156]]],[[[-102.66611,23.0252],[-102.66611,23.02498],[-102.66278,23.02498],[-102.66423,23.02581],[-102.66611,23.0252]]],[[[-102.79756,22.95725],[-102.80052,22.95817],[-102.79883,22.95538],[-102.79783,22.95631],[-102.79756,22.95725]]],[[[-102.81127,22.94641],[-102.80899,22.94887],[-102.80354,22.95144],[-102.80991,22.95072],[-102.81127,22.94641]]],[[[-102.81987,22.94287],[-102.81385,22.94394],[-102.81175,22.94589],[-102.8175,22.94535],[-102.82011,22.94631],[-102.81987,22.94287]]],[[[-102.83302,22.94048],[-102.82896,22.93953],[-102.82912,22.9414],[-102.83302,22.94048]]],[[[-102.86506,22.92154],[-102.86361,22.91957],[-102.86043,22.92031],[-102.85986,22.92338],[-102.8616,22.9256],[-102.85768,22.92661],[-102.85525,22.92375],[-102.85358,22.92438],[-102.84858,22.93111],[-102.85582,22.93086],[-102.85593,22.93353],[-102.85967,22.93065],[-102.85944,22.92705],[-102.86624,22.92668],[-102.86416,22.92247],[-102.86506,22.92154]]],[[[-102.87056,22.92373],[-102.86884,22.9238],[-102.86873,22.92625],[-102.87172,22.92627],[-102.87056,22.92373]]],[[[-102.89976,22.93165],[-102.90245,22.92931],[-102.89973,22.92952],[-102.89976,22.93165]]],[[[-102.66672,22.94353],[-102.66197,22.9449],[-102.65573,22.94377],[-102.6544,22.94581],[-102.65934,22.95158],[-102.65561,22.95634],[-102.65547,22.9629],[-102.65969,22.96187],[-102.6631,22.95286],[-102.66649,22.94632],[-102.66416,22.94534],[-102.66672,22.94353]]],[[[-102.72795,22.88596],[-102.72814,22.88885],[-102.73422,22.89578],[-102.74574,22.89052],[-102.74765,22.89355],[-102.74615,22.89817],[-102.74231,22.90323],[-102.74515,22.90715],[-102.7492,22.90604],[-102.75351,22.90191],[-102.75514,22.8969],[-102.76054,22.89046],[-102.76062,22.88634],[-102.75816,22.88397],[-102.76036,22.8789],[-102.76155,22.87614],[-102.76132,22.86453],[-102.7672,22.86054],[-102.77227,22.86304],[-102.78306,22.86126],[-102.78314,22.85724],[-102.78115,22.85621],[-102.76994,22.85644],[-102.76312,22.8547],[-102.74438,22.85429],[-102.74146,22.85636],[-102.73779,22.86283],[-102.73396,22.86469],[-102.73315,22.86803],[-102.73063,22.86968],[-102.72732,22.87588],[-102.72745,22.87792],[-102.72745,22.87801],[-102.73119,22.87806],[-102.72854,22.88419],[-102.73092,22.88485],[-102.73064,22.88707],[-102.72795,22.88596]]],[[[-103.35173,21.84058],[-103.34857,21.83516],[-103.34624,21.82403],[-103.34106,21.82905],[-103.33961,21.83557],[-103.34194,21.83518],[-103.34706,21.83928],[-103.34697,21.84054],[-103.35173,21.84058]]],[[[-103.35302,21.86204],[-103.35221,21.85595],[-103.34725,21.85434],[-103.34629,21.85907],[-103.35302,21.86204]]],[[[-102.72281,21.52444],[-102.72608,21.52238],[-102.72287,21.52057],[-102.72281,21.52444]]],[[[-102.69088,21.52391],[-102.69028,21.52374],[-102.69036,21.5241],[-102.69089,21.5244],[-102.69088,21.52391]]],[[[-102.74079,21.51656],[-102.7409,21.51678],[-102.74273,21.51553],[-102.74125,21.51546],[-102.74025,21.51548],[-102.74067,21.51632],[-102.74079,21.51656]]],[[[-102.99988,21.50771],[-103.00268,21.50866],[-103.00428,21.50615],[-102.99974,21.5061],[-102.99988,21.50771]]],[[[-102.2668,23.28554],[-102.26739,23.28432],[-102.26634,23.28648],[-102.2668,23.28554]]],[[[-102.23632,22.37386],[-102.23558,22.37354],[-102.2347,22.37359],[-102.23763,22.3751],[-102.23775,22.37408],[-102.23674,22.37401],[-102.23632,22.37386]]],[[[-103.54625,24.01301],[-103.55027,24.01537],[-103.55359,24.01164],[-103.55915,24.00628],[-103.56173,23.99908],[-103.55902,23.98944],[-103.55319,23.98769],[-103.54446,23.98129],[-103.54205,23.98085],[-103.53987,23.98296],[-103.54006,23.98529],[-103.5428,23.98916],[-103.54984,23.99421],[-103.55076,23.99631],[-103.54169,24.00413],[-103.54083,24.00834],[-103.54625,24.01301]]],[[[-103.66028,23.66361],[-103.66591,23.66823],[-103.66814,23.66829],[-103.66531,23.66447],[-103.66028,23.66361]]],[[[-102.8393,21.37802],[-102.8397,21.38157],[-102.8418,21.38301],[-102.8393,21.37802]]],[[[-103.05112,21.68399],[-103.05161,21.68562],[-103.05614,21.68237],[-103.05246,21.68193],[-103.05112,21.68399]]],[[[-103.01188,21.83454],[-103.01283,21.83254],[-103.00999,21.83181],[-103.01188,21.83454]]],[[[-102.79767,23.03497],[-102.79767,23.03414],[-102.78601,23.03414],[-102.78601,23.03497],[-102.79767,23.03497]]]]},"properties":{"POTENCIAL":"ALTO"}},
{"type":"Feature","geometry":{"type":"MultiPolygon","coordinates":[[[[-103.33453,21.51639],[-103.33514,21.51323],[-103.34095,21.50741],[-103.34184,21.50745],[-103.34115,21.50468],[-103.34392,21.50486],[-103.34678,21.50115],[-103.34475,21.49978],[-103.34143,21.50424],[-103.33788,21.50343],[-103.33564,21.50556],[-103.33494,21.50177],[-103.33261,21.49851],[-103.33293,21.49546],[-103.33085,21.49122],[-103.32919,21.49314],[-103.33138,21.49488],[-103.33398,21.50716],[-103.33119,21.50821],[-103.32937,21.51316],[-103.32635,21.5128],[-103.32503,21.5176],[-103.32673,21.5163],[-103.32695,21.51477],[-103.33173,21.51223],[-103.33453,21.51639]]],[[[-103.32283,21.51986],[-103.32279,21.521],[-103.32339,21.52008],[-103.32378,21.51947],[-103.32283,21.51986]]],[[[-103.31932,21.51385],[-103.321,21.51507],[-103.32396,21.51676],[-103.32291,21.51281],[-103.32374,21.50916],[-103.32145,21.50967],[-103.31932,21.51385]]],[[[-103.30785,21.51845],[-103.30313,21.51981],[-103.30373,21.52322],[-103.30793,21.51846],[-103.30785,21.51845]]],[[[-103.29055,21.52091],[-103.29269,21.5231],[-103.29478,21.5227],[-103.29063,21.51994],[-103.29055,21.52091]]],[[[-103.23436,21.53301],[-103.23192,21.53166],[-103.22965,21.53316],[-103.23006,21.53528],[-103.23436,21.53301]]],[[[-103.23433,21.54936],[-103.23437,21.55113],[-103.2344,21.55239],[-103.23696,21.54904],[-103.23726,21.54431],[-103.24054,21.54632],[-103.2424,21.54453],[-103.24254,21.54433],[-103.24308,21.54359],[-103.2448,21.54122],[-103.24726,21.54143],[-103.24754,21.53998],[-103.24356,21.53997],[-103.24178,21.5386],[-103.23688,21.54246],[-103.23649,21.54404],[-103.23643,21.54429],[-103.23519,21.5475],[-103.2351,21.54768],[-103.2349,21.54806],[-103.23478,21.54866],[-103.23433,21.54936]]],[[[-103.23334,21.55438],[-103.23358,21.5542],[-103.2336,21.5541],[-103.23331,21.55437],[-103.23334,21.55438]]],[[[-103.30192,21.47463],[-103.30138,21.4745],[-103.2993,21.47402],[-103.30075,21.47251],[-103.29675,21.47228],[-103.29704,21.4735],[-103.29762,21.47648],[-103.30274,21.47822],[-103.30162,21.48025],[-103.30616,21.48294],[-103.30557,21.48879],[-103.30731,21.48877],[-103.30647,21.48409],[-103.30758,21.48179],[-103.30262,21.47954],[-103.30312,21.4756],[-103.30192,21.47463]]],[[[-103.33612,21.48718],[-103.3341,21.48714],[-103.33159,21.49065],[-103.33612,21.48718]]],[[[-103.3402,21.48708],[-103.34027,21.48697],[-103.34008,21.48546],[-103.3392,21.48506],[-103.33724,21.4886],[-103.33879,21.48913],[-103.33914,21.48862],[-103.3402,21.48708]]],[[[-102.69084,22.62203],[-102.69225,22.62171],[-102.69646,22.62078],[-102.70025,22.62382],[-102.70026,22.62382],[-102.69955,22.61573],[-102.69394,22.61754],[-102.68883,22.61873],[-102.68987,22.62112],[-102.69084,22.62203]]],[[[-102.85707,22.01523],[-102.86033,22.00212],[-102.86034,22.0021],[-102.86031,22.00211],[-102.85993,22.00207],[-102.86044,22.0016],[-102.86279,21.99528],[-102.86175,21.99357],[-102.86414,21.9918],[-102.86352,21.98893],[-102.86799,21.98376],[-102.86455,21.98078],[-102.86059,21.98541],[-102.85549,21.9837],[-102.85289,21.985],[-102.85013,21.98887],[-102.84582,21.98846],[-102.84703,21.99399],[-102.84544,21.99579],[-102.84803,21.9986],[-102.84881,22.00285],[-102.85111,21.99923],[-102.85309,21.9999],[-102.85007,22.00213],[-102.8507,22.00552],[-102.84979,22.00866],[-102.84741,22.01332],[-102.84399,22.0141],[-102.84155,22.01895],[-102.83929,22.01792],[-102.83786,22.01987],[-102.83855,22.02304],[-102.83841,22.02524],[-102.84286,22.0265],[-102.84552,22.02991],[-102.84438,22.03316],[-102.84162,22.03313],[-102.83586,22.03759],[-102.83381,22.0418],[-102.83792,22.04136],[-102.8361,22.04483],[-102.83701,22.04735],[-102.84053,22.04915],[-102.84333,22.05221],[-102.84517,22.05931],[-102.84791,22.05713],[-102.84968,22.05594],[-102.8506,22.05532],[-102.85062,22.04363],[-102.85736,22.02925],[-102.85719,22.02094],[-102.85513,22.02319],[-102.85416,22.02736],[-102.85266,22.02803],[-102.85501,22.03278],[-102.8508,22.03939],[-102.8499,22.04402],[-102.84827,22.0459],[-102.8471,22.04206],[-102.85204,22.03744],[-102.84899,22.03454],[-102.84634,22.03586],[-102.84816,22.03246],[-102.85203,22.03022],[-102.85206,22.02784],[-102.84909,22.02657],[-102.85177,22.02353],[-102.85427,22.02554],[-102.85575,22.01442],[-102.85387,22.01109],[-102.85256,22.01167],[-102.85711,22.00163],[-102.85909,22.00196],[-102.85481,22.00767],[-102.85509,22.01316],[-102.85707,22.01523]],[[-102.83885,22.04692],[-102.83711,22.04607],[-102.84036,22.04128],[-102.8428,22.04274],[-102.84113,22.04548],[-102.84298,22.04714],[-102.83885,22.04692]]],[[[-102.84679,22.0091],[-102.84271,22.00969],[-102.84103,22.01377],[-102.84465,22.01288],[-102.84679,22.0091]]],[[[-102.84294,22.0613],[-102.84419,22.05725],[-102.84103,22.0595],[-102.84231,22.05557],[-102.84017,22.05519],[-102.83962,22.05571],[-102.84123,22.05558],[-102.83848,22.05988],[-102.83822,22.06028],[-102.83696,22.06225],[-102.83551,22.06451],[-102.83255,22.06728],[-102.83711,22.06833],[-102.83925,22.06472],[-102.84306,22.06287],[-102.84501,22.05959],[-102.84294,22.0613]]],[[[-102.82073,22.08379],[-102.82182,22.0841],[-102.82265,22.0841],[-102.82702,22.07751],[-102.8247,22.07798],[-102.82073,22.08379]]],[[[-102.8261,22.0728],[-102.82598,22.07244],[-102.82543,22.07255],[-102.8261,22.0728]]],[[[-102.82889,22.07029],[-102.82848,22.07077],[-102.82907,22.07097],[-102.82889,22.07029]]],[[[-102.86064,22.10678],[-102.86012,22.10658],[-102.86012,22.10724],[-102.86064,22.10678]]],[[[-102.8369,22.05164],[-102.8397,22.05052],[-102.83472,22.04825],[-102.8369,22.05164]]],[[[-102.83855,22.02304],[-102.83584,22.02256],[-102.83632,22.02664],[-102.83855,22.02304]]],[[[-101.77153,22.48816],[-101.77154,22.48816],[-101.77841,22.48485],[-101.77915,22.48215],[-101.7798,22.47918],[-101.78055,22.47614],[-101.78124,22.47398],[-101.78135,22.47352],[-101.78296,22.46687],[-101.78345,22.46511],[-101.79763,22.47005],[-101.8167,22.4747],[-101.8082,22.47068],[-101.79938,22.46529],[-101.79109,22.46272],[-101.79058,22.46282],[-101.78196,22.46463],[-101.77979,22.46578],[-101.77953,22.46591],[-101.77648,22.46753],[-101.77698,22.47194],[-101.77558,22.47196],[-101.77618,22.46767],[-101.77443,22.4685],[-101.77425,22.46858],[-101.76842,22.47402],[-101.76617,22.4788],[-101.76846,22.478],[-101.76828,22.4753],[-101.77386,22.47681],[-101.7737,22.48417],[-101.7722,22.48223],[-101.76681,22.48326],[-101.76789,22.48725],[-101.7679,22.48725],[-101.77153,22.48816]]],[[[-101.765,22.48127],[-101.76331,22.48612],[-101.76598,22.48677],[-101.76658,22.48312],[-101.765,22.48127]]],[[[-101.84822,22.56254],[-101.85192,22.56154],[-101.85534,22.55797],[-101.85489,22.55553],[-101.85132,22.55687],[-101.84878,22.55975],[-101.84822,22.56254]]],[[[-101.84013,22.5543],[-101.84028,22.55449],[-101.84057,22.55576],[-101.84187,22.55443],[-101.84013,22.5543]]],[[[-101.8966,22.53196],[-101.89523,22.53048],[-101.8945,22.52969],[-101.89399,22.5282],[-101.89363,22.5267],[-101.89131,22.52164],[-101.8895,22.5207],[-101.8855,22.5226],[-101.89073,22.52412],[-101.88827,22.53039],[-101.88141,22.52809],[-101.88306,22.52276],[-101.8871,22.51945],[-101.88089,22.51622],[-101.87512,22.51555],[-101.87351,22.51364],[-101.8678,22.51344],[-101.86771,22.51122],[-101.86153,22.51179],[-101.85732,22.51331],[-101.85744,22.51769],[-101.85913,22.51962],[-101.86035,22.51531],[-101.8654,22.51539],[-101.8654,22.52034],[-101.86752,22.52235],[-101.86368,22.5223],[-101.86401,22.52468],[-101.86813,22.52298],[-101.8686,22.52009],[-101.86698,22.51751],[-101.87115,22.51749],[-101.8735,22.51884],[-101.87347,22.52239],[-101.87726,22.51894],[-101.8775,22.52507],[-101.87359,22.52661],[-101.85612,22.5304],[-101.85019,22.51809],[-101.84823,22.51849],[-101.84843,22.5129],[-101.84456,22.5131],[-101.84299,22.50914],[-101.83475,22.51317],[-101.83473,22.51341],[-101.8347,22.51466],[-101.83588,22.51581],[-101.83672,22.51602],[-101.83707,22.51723],[-101.83823,22.51762],[-101.83811,22.51876],[-101.83932,22.51869],[-101.8394,22.52017],[-101.83958,22.52027],[-101.84147,22.52073],[-101.8401,22.51446],[-101.8446,22.51577],[-101.84958,22.52494],[-101.84639,22.5222],[-101.84605,22.51967],[-101.84182,22.52086],[-101.84144,22.52297],[-101.84416,22.52374],[-101.84362,22.52582],[-101.84512,22.52617],[-101.84507,22.52753],[-101.84666,22.5275],[-101.84666,22.52764],[-101.84674,22.52976],[-101.84728,22.52961],[-101.84816,22.53323],[-101.8537,22.5314],[-101.85897,22.53142],[-101.85967,22.53424],[-101.86426,22.53378],[-101.86626,22.535],[-101.86715,22.53262],[-101.87099,22.53156],[-101.87263,22.52843],[-101.87977,22.52882],[-101.88149,22.53169],[-101.88347,22.53178],[-101.8847,22.53567],[-101.88679,22.53308],[-101.89066,22.53507],[-101.89256,22.53188],[-101.8966,22.53196]]],[[[-102.01667,22.60583],[-102.01926,22.60478],[-102.0218,22.60027],[-102.01742,22.59913],[-102.02001,22.59798],[-102.02182,22.59394],[-102.01979,22.59524],[-102.01568,22.59478],[-102.01528,22.59628],[-102.00964,22.5938],[-102.00928,22.59749],[-102.01191,22.59992],[-102.0155,22.59913],[-102.01403,22.60427],[-102.01667,22.60583]]],[[[-101.93265,22.64373],[-101.93516,22.63941],[-101.91717,22.63833],[-101.91609,22.63966],[-101.93265,22.64373]]],[[[-101.93391,22.581],[-101.9325,22.58106],[-101.93215,22.58348],[-101.9283,22.58341],[-101.92653,22.57845],[-101.92069,22.57918],[-101.91761,22.58087],[-101.91776,22.58345],[-101.92443,22.5836],[-101.9245,22.58641],[-101.91921,22.58661],[-101.93057,22.5876],[-101.92589,22.59015],[-101.92685,22.59291],[-101.92331,22.59283],[-101.91818,22.58993],[-101.91224,22.58968],[-101.91209,22.59204],[-101.9147,22.59183],[-101.91619,22.59479],[-101.91871,22.59468],[-101.9181,22.60679],[-101.91884,22.60831],[-101.90089,22.6073],[-101.90061,22.61295],[-101.89613,22.61272],[-101.89632,22.61572],[-101.90042,22.61705],[-101.89544,22.6169],[-101.89423,22.6203],[-101.88802,22.62],[-101.88754,22.6272],[-101.89962,22.62774],[-101.90026,22.61908],[-101.90624,22.6194],[-101.90994,22.61715],[-101.90853,22.61953],[-101.92715,22.62051],[-101.92871,22.61495],[-101.92616,22.60879],[-101.92344,22.60705],[-101.92345,22.60395],[-101.92626,22.60323],[-101.92635,22.60099],[-101.93279,22.59372],[-101.93281,22.5905],[-101.93771,22.5906],[-101.93955,22.58916],[-101.93885,22.58501],[-101.93391,22.581]]],[[[-102.00719,22.6081],[-102.0082,22.60592],[-102.00576,22.60137],[-102.00407,22.60071],[-102.00282,22.60365],[-102.00719,22.6081]]],[[[-101.89237,22.61229],[-101.893,22.60971],[-101.8889,22.60949],[-101.88885,22.61211],[-101.89237,22.61229]]],[[[-101.89234,22.5955],[-101.89777,22.5962],[-101.89793,22.59379],[-101.89254,22.59299],[-101.89234,22.5955]]],[[[-101.90711,22.59188],[-101.91012,22.59206],[-101.91143,22.58953],[-101.90711,22.58939],[-101.90711,22.59188]]],[[[-101.90062,22.58578],[-101.90709,22.58493],[-101.90833,22.58232],[-101.91261,22.58234],[-101.91136,22.57908],[-101.91341,22.57748],[-101.90776,22.57684],[-101.91169,22.57558],[-101.91099,22.57051],[-101.90497,22.57039],[-101.90339,22.57379],[-101.9,22.57606],[-101.90325,22.57777],[-101.90312,22.58311],[-101.90065,22.58204],[-101.89844,22.58349],[-101.90062,22.58578]]],[[[-101.88966,22.58159],[-101.8902,22.58265],[-101.89612,22.58433],[-101.89883,22.57863],[-101.89495,22.57727],[-101.89379,22.58133],[-101.88966,22.58159]]],[[[-101.88732,22.57344],[-101.9,22.57361],[-101.90034,22.57085],[-101.89604,22.57062],[-101.89593,22.57213],[-101.89226,22.57181],[-101.88732,22.57344]]],[[[-101.88327,22.56874],[-101.885,22.57209],[-101.88494,22.56874],[-101.88327,22.56874]]],[[[-101.91298,22.52894],[-101.90567,22.52863],[-101.90435,22.5321],[-101.9028,22.53209],[-101.90132,22.53616],[-101.89952,22.53606],[-101.89894,22.54055],[-101.89719,22.5382],[-101.89565,22.54082],[-101.89807,22.54091],[-101.89696,22.54396],[-101.89889,22.54565],[-101.90401,22.54121],[-101.90394,22.54398],[-101.90747,22.5448],[-101.90744,22.54792],[-101.91091,22.54877],[-101.91106,22.54544],[-101.91603,22.54458],[-101.92012,22.54531],[-101.92012,22.54987],[-101.92678,22.5494],[-101.92691,22.55098],[-101.93177,22.55148],[-101.93309,22.55484],[-101.93019,22.55266],[-101.92717,22.55272],[-101.92775,22.55763],[-101.932,22.55762],[-101.9312,22.56042],[-101.93294,22.56136],[-101.93282,22.56566],[-101.93472,22.56425],[-101.93575,22.56742],[-101.94213,22.5676],[-101.9449,22.57192],[-101.94728,22.57179],[-101.9434,22.569],[-101.94504,22.56768],[-101.94184,22.56437],[-101.94237,22.56108],[-101.94525,22.56108],[-101.94348,22.5586],[-101.94427,22.5561],[-101.9434,22.55103],[-101.93992,22.55038],[-101.94088,22.54892],[-101.93775,22.5476],[-101.93847,22.54291],[-101.93183,22.54168],[-101.92915,22.53869],[-101.92681,22.53847],[-101.92724,22.54161],[-101.93014,22.54659],[-101.92412,22.5463],[-101.92346,22.54422],[-101.92591,22.54325],[-101.92671,22.54057],[-101.92473,22.53555],[-101.91906,22.53592],[-101.91785,22.54147],[-101.91105,22.54134],[-101.91349,22.53956],[-101.91323,22.53222],[-101.91062,22.53225],[-101.91298,22.52894]]],[[[-101.94864,22.5427],[-101.94652,22.54081],[-101.94249,22.54073],[-101.94049,22.54318],[-101.9432,22.54567],[-101.94657,22.5456],[-101.94864,22.5427]]],[[[-102.01528,22.56305],[-102.02165,22.57033],[-102.02727,22.57357],[-102.0299,22.57198],[-102.0334,22.56388],[-102.02397,22.55988],[-102.01339,22.55921],[-102.01206,22.56153],[-102.01528,22.56305]]],[[[-102.0063,22.57437],[-102.00528,22.56951],[-102.00123,22.57372],[-102.00473,22.57273],[-102.0063,22.57437]]],[[[-102.02287,22.58811],[-102.02009,22.58522],[-102.00716,22.57771],[-102.00654,22.5753],[-102.00484,22.58088],[-102.00361,22.58079],[-102.00179,22.58842],[-102.00412,22.58706],[-102.00813,22.58794],[-102.00702,22.59009],[-102.0096,22.59123],[-102.0103,22.58938],[-102.01614,22.5906],[-102.01752,22.58726],[-102.02025,22.58634],[-102.02287,22.58811]]],[[[-101.98344,22.55497],[-101.97556,22.55345],[-101.97567,22.55537],[-101.97876,22.55495],[-101.98319,22.55676],[-101.98344,22.55497]]],[[[-101.99605,22.56536],[-101.99584,22.56453],[-101.99434,22.55971],[-101.99086,22.56086],[-101.99226,22.55667],[-101.98717,22.55569],[-101.987,22.558],[-101.98461,22.55746],[-101.98194,22.56259],[-101.9778,22.56119],[-101.96924,22.56083],[-101.9709,22.55649],[-101.96595,22.55677],[-101.9579,22.55386],[-101.95763,22.55547],[-101.96127,22.55703],[-101.96365,22.56033],[-101.95705,22.55981],[-101.95347,22.5584],[-101.95121,22.56051],[-101.95173,22.56548],[-101.95658,22.56566],[-101.9563,22.56808],[-101.95953,22.56964],[-101.95804,22.57174],[-101.94823,22.57245],[-101.9482,22.57523],[-101.95132,22.57661],[-101.95663,22.58274],[-101.95791,22.58291],[-101.95898,22.5752],[-101.95415,22.57585],[-101.95424,22.57397],[-101.9592,22.57413],[-101.96047,22.57251],[-101.96487,22.5745],[-101.9649,22.57727],[-101.96123,22.57429],[-101.96115,22.57819],[-101.96593,22.57834],[-101.96609,22.57097],[-101.96817,22.56978],[-101.97338,22.57097],[-101.9709,22.5747],[-101.97402,22.57669],[-101.97553,22.57521],[-101.98189,22.57539],[-101.98159,22.57041],[-101.9861,22.57056],[-101.98668,22.57491],[-101.98818,22.57637],[-101.98806,22.57006],[-101.98634,22.5678],[-101.99605,22.56536]],[[-101.97603,22.57023],[-101.97064,22.56998],[-101.97076,22.56794],[-101.96797,22.56764],[-101.9663,22.56524],[-101.96972,22.56397],[-101.97924,22.56447],[-101.98257,22.56601],[-101.97706,22.56583],[-101.97603,22.57023]]],[[[-102.0005,22.56912],[-102.00167,22.5676],[-102.00167,22.56719],[-102.00073,22.5671],[-102.0005,22.56912]]],[[[-101.94986,22.59374],[-101.95505,22.5943],[-101.95773,22.59173],[-101.95485,22.59159],[-101.95494,22.58617],[-101.95267,22.58606],[-101.95323,22.58137],[-101.94795,22.58137],[-101.94765,22.59012],[-101.94994,22.59123],[-101.94986,22.59374]]],[[[-101.99272,22.59372],[-101.99799,22.59772],[-101.99736,22.59576],[-101.99895,22.58948],[-101.99067,22.58558],[-101.98816,22.58731],[-101.98486,22.5861],[-101.98245,22.58788],[-101.98938,22.59049],[-101.98864,22.5935],[-101.99272,22.59372]]],[[[-101.94232,22.59397],[-101.94287,22.59691],[-101.94626,22.59711],[-101.9465,22.59414],[-101.94232,22.59397]]],[[[-101.94743,22.55024],[-101.94756,22.55164],[-101.95302,22.55214],[-101.94743,22.55024]]],[[[-101.8806,22.57195],[-101.88053,22.56845],[-101.87683,22.56829],[-101.87698,22.57184],[-101.8806,22.57195]]],[[[-101.87112,22.55709],[-101.87373,22.55875],[-101.88023,22.55897],[-101.87922,22.5577],[-101.87291,22.55712],[-101.87195,22.55312],[-101.86937,22.55101],[-101.86866,22.54767],[-101.87102,22.54737],[-101.87296,22.55317],[-101.87308,22.54971],[-101.87678,22.55266],[-101.87819,22.54902],[-101.8731,22.54765],[-101.8733,22.53991],[-101.863,22.54],[-101.86438,22.5444],[-101.86759,22.54739],[-101.86568,22.54815],[-101.86831,22.5543],[-101.87238,22.55628],[-101.87112,22.55709]]],[[[-101.88496,22.5563],[-101.88689,22.55596],[-101.88691,22.55279],[-101.88272,22.55558],[-101.88496,22.5563]]],[[[-101.86034,22.54591],[-101.86116,22.5479],[-101.86401,22.54694],[-101.86034,22.54591]]],[[[-101.89608,22.53631],[-101.89632,22.53289],[-101.89336,22.53547],[-101.89608,22.53631]]],[[[-101.84523,22.55938],[-101.84706,22.55977],[-101.84723,22.55497],[-101.84992,22.55404],[-101.84543,22.55341],[-101.84523,22.55938]]],[[[-101.83109,22.50658],[-101.8294,22.50908],[-101.8294,22.50907],[-101.83462,22.51126],[-101.83509,22.50725],[-101.83824,22.4996],[-101.83413,22.49848],[-101.83218,22.50149],[-101.83358,22.50521],[-101.83109,22.50658]]],[[[-101.82972,22.48702],[-101.82885,22.48665],[-101.82861,22.48664],[-101.82926,22.48872],[-101.82972,22.48702]]],[[[-101.86098,22.50382],[-101.85483,22.49962],[-101.84925,22.50233],[-101.85707,22.50372],[-101.86049,22.50781],[-101.86098,22.50382]]],[[[-101.83691,22.50462],[-101.83555,22.51098],[-101.84453,22.50226],[-101.83966,22.50207],[-101.83691,22.50462]]],[[[-101.85076,22.50932],[-101.85441,22.5092],[-101.85457,22.50598],[-101.84823,22.50796],[-101.85076,22.50932]]],[[[-101.83942,22.4996],[-101.84312,22.50003],[-101.83944,22.49645],[-101.83942,22.4996]]],[[[-101.83298,22.49149],[-101.83207,22.49411],[-101.83487,22.49547],[-101.83707,22.49411],[-101.83298,22.49149]]],[[[-102.16053,23.9376],[-102.16482,23.93592],[-102.16434,23.93464],[-102.16022,23.93683],[-102.16032,23.93715],[-102.16053,23.9376]]],[[[-102.10119,23.39117],[-102.11696,23.3868],[-102.12366,23.38428],[-102.13263,23.37968],[-102.13947,23.37469],[-102.1369,23.37587],[-102.13497,23.37352],[-102.12722,23.37538],[-102.12701,23.37306],[-102.13014,23.37008],[-102.13245,23.37038],[-102.13523,23.36245],[-102.13713,23.36053],[-102.14265,23.36066],[-102.1436,23.35713],[-102.1447,23.3573],[-102.14535,23.3574],[-102.1436,23.35713],[-102.13959,23.3565],[-102.13038,23.35507],[-102.13019,23.35504],[-102.13028,23.35505],[-102.12253,23.35386],[-102.12194,23.35398],[-102.12119,23.35413],[-102.12039,23.35428],[-102.11894,23.35683],[-102.11634,23.35508],[-102.10555,23.35721],[-102.09865,23.3585],[-102.09348,23.35935],[-102.09345,23.35935],[-102.09271,23.36495],[-102.08983,23.36521],[-102.0896,23.36188],[-102.09224,23.36325],[-102.09121,23.35972],[-102.08842,23.36017],[-102.07101,23.363],[-102.07329,23.36263],[-102.07396,23.3685],[-102.07129,23.37174],[-102.06972,23.36933],[-102.07242,23.36891],[-102.07181,23.36399],[-102.06956,23.36324],[-102.06495,23.364],[-102.0648,23.36698],[-102.06107,23.36723],[-102.05793,23.36516],[-102.03829,23.36841],[-102.03762,23.36852],[-102.03791,23.37115],[-102.04124,23.37387],[-102.04044,23.37666],[-102.04307,23.37704],[-102.04278,23.38521],[-102.0375,23.38575],[-102.05054,23.38846],[-102.054,23.38721],[-102.05379,23.3896],[-102.06166,23.39187],[-102.0728,23.39341],[-102.09196,23.39174],[-102.09345,23.39176],[-102.09703,23.39177],[-102.10129,23.38955],[-102.10129,23.38444],[-102.10392,23.38216],[-102.10229,23.37592],[-102.10548,23.37675],[-102.10369,23.37892],[-102.10623,23.38105],[-102.10461,23.38702],[-102.10181,23.38814],[-102.10119,23.39117]],[[-102.11115,23.38047],[-102.11311,23.38269],[-102.10978,23.38575],[-102.11115,23.38047]],[[-102.10558,23.3794],[-102.10614,23.37786],[-102.11045,23.37773],[-102.10661,23.38105],[-102.10558,23.3794]],[[-102.11015,23.36639],[-102.10837,23.36628],[-102.10767,23.36246],[-102.10942,23.36288],[-102.11015,23.36639]],[[-102.13257,23.36098],[-102.13656,23.35766],[-102.13407,23.36216],[-102.13257,23.36098]]],[[[-102.22316,23.13998],[-102.22229,23.14196],[-102.22269,23.14248],[-102.22534,23.14592],[-102.22765,23.14218],[-102.22948,23.14204],[-102.22855,23.12769],[-102.22375,23.13863],[-102.22537,23.14046],[-102.22316,23.13998]]],[[[-102.34802,23.97821],[-102.33656,23.96007],[-102.3255,23.97869],[-102.32515,23.97927],[-102.34492,23.98342],[-102.34696,23.98002],[-102.34802,23.97821]]],[[[-102.17776,23.95293],[-102.17781,23.9505],[-102.17783,23.9494],[-102.1743,23.9474],[-102.17193,23.94993],[-102.16215,23.95113],[-102.16238,23.95298],[-102.17776,23.95293]]],[[[-102.31518,23.96255],[-102.3177,23.965],[-102.31823,23.96261],[-102.31573,23.96066],[-102.31518,23.96255]]],[[[-102.29529,23.88984],[-102.29522,23.89171],[-102.29881,23.89102],[-102.29902,23.88909],[-102.29529,23.88984]]],[[[-102.29168,23.89525],[-102.29839,23.89537],[-102.29864,23.89416],[-102.29148,23.89436],[-102.29168,23.89525]]],[[[-102.29848,23.88781],[-102.29351,23.88142],[-102.29142,23.87731],[-102.28349,23.87638],[-102.28263,23.87502],[-102.28532,23.88525],[-102.29163,23.8839],[-102.29362,23.88869],[-102.29848,23.88781]]],[[[-102.12794,23.85422],[-102.13117,23.85905],[-102.13455,23.85789],[-102.13101,23.85302],[-102.12794,23.85422]]],[[[-102.08949,23.83283],[-102.08832,23.83614],[-102.0931,23.8365],[-102.09493,23.8353],[-102.09161,23.83135],[-102.08949,23.83283]]],[[[-102.09864,23.81803],[-102.0965,23.81988],[-102.09569,23.82149],[-102.09954,23.82908],[-102.10113,23.82851],[-102.10064,23.82487],[-102.10549,23.82523],[-102.10268,23.82156],[-102.10044,23.82255],[-102.09864,23.81803]]],[[[-102.14123,23.82142],[-102.14106,23.82018],[-102.13163,23.82299],[-102.13236,23.82417],[-102.14123,23.82142]]],[[[-102.14343,23.8237],[-102.14127,23.82146],[-102.13353,23.82578],[-102.13518,23.82836],[-102.14343,23.8237]]],[[[-102.14606,23.82735],[-102.13674,23.82931],[-102.13774,23.83109],[-102.14784,23.82887],[-102.14606,23.82735]]],[[[-102.24501,23.78934],[-102.24147,23.78934],[-102.24543,23.79017],[-102.24501,23.78934]]],[[[-102.2371,23.81485],[-102.23724,23.81484],[-102.23744,23.81462],[-102.23705,23.81456],[-102.2371,23.81485]]],[[[-102.14511,23.81508],[-102.14677,23.81454],[-102.14918,23.81278],[-102.14888,23.81062],[-102.14511,23.81508]]],[[[-102.14826,23.74064],[-102.13943,23.74116],[-102.13562,23.74589],[-102.14186,23.74825],[-102.14838,23.74915],[-102.14937,23.74844],[-102.14826,23.74064]]],[[[-102.1695,23.78647],[-102.1638,23.78859],[-102.16273,23.78401],[-102.16239,23.78797],[-102.16474,23.79191],[-102.16336,23.79453],[-102.166,23.79467],[-102.16542,23.79008],[-102.17105,23.78779],[-102.1695,23.78647]]],[[[-102.19611,23.80299],[-102.19428,23.79809],[-102.19005,23.80027],[-102.19263,23.8025],[-102.19611,23.80299]]],[[[-102.18477,23.79697],[-102.18201,23.7934],[-102.18193,23.79694],[-102.18477,23.79697]]],[[[-102.11446,23.82193],[-102.11403,23.8218],[-102.11315,23.82353],[-102.11695,23.82408],[-102.11774,23.82252],[-102.11446,23.82193]]],[[[-102.0195,23.37949],[-102.02473,23.38193],[-102.02602,23.37566],[-102.02446,23.37453],[-102.01892,23.37456],[-102.02051,23.37643],[-102.0195,23.37949]]],[[[-102.03102,23.38423],[-102.03185,23.38443],[-102.03303,23.38471],[-102.03284,23.38054],[-102.03919,23.37824],[-102.03883,23.37644],[-102.03567,23.37684],[-102.03596,23.37869],[-102.03064,23.37958],[-102.0277,23.38332],[-102.03102,23.38423]]],[[[-102.03224,23.37118],[-102.0343,23.37267],[-102.03461,23.36974],[-102.03224,23.37118]]],[[[-103.91407,22.32953],[-103.91341,22.32973],[-103.91458,22.33131],[-103.91407,22.32953]]],[[[-103.91292,22.32973],[-103.91341,22.32973],[-103.91265,22.32889],[-103.91292,22.32973]]],[[[-104.01638,22.66435],[-104.01557,22.6686],[-104.01889,22.66841],[-104.01638,22.66435]]],[[[-104.05251,22.7797],[-104.05515,22.78178],[-104.05655,22.77846],[-104.0547,22.77651],[-104.05251,22.7797]]],[[[-104.06647,22.76647],[-104.07081,22.76664],[-104.07226,22.76231],[-104.06647,22.76647]]],[[[-104.05593,22.79276],[-104.05565,22.79631],[-104.05746,22.7953],[-104.05593,22.79276]]],[[[-104.05383,22.79951],[-104.05431,22.79854],[-104.05115,22.7997],[-104.05364,22.79979],[-104.05383,22.79951]]],[[[-104.07746,22.81503],[-104.07666,22.81689],[-104.07372,22.8179],[-104.07381,22.82054],[-104.07785,22.82064],[-104.07724,22.8177],[-104.08069,22.81555],[-104.08154,22.80966],[-104.08153,22.8095],[-104.07879,22.811],[-104.07878,22.81105],[-104.07746,22.81503]]],[[[-104.08179,22.8188],[-104.08177,22.81758],[-104.07964,22.82001],[-104.08077,22.82265],[-104.08119,22.8223],[-104.08179,22.8188]]],[[[-104.05793,22.82157],[-104.05995,22.81932],[-104.05969,22.81838],[-104.05793,22.82157]]],[[[-104.11163,22.90307],[-104.11353,22.9026],[-104.11625,22.89797],[-104.11215,22.89362],[-104.11349,22.89767],[-104.1117,22.89926],[-104.11163,22.90307]]],[[[-104.11265,22.91204],[-104.11196,22.91568],[-104.1137,22.91534],[-104.11265,22.91204]]],[[[-104.07105,23.01819],[-104.074,23.02378],[-104.07417,23.02069],[-104.07105,23.01819]]],[[[-104.07934,23.00591],[-104.08343,23.00414],[-104.0831,23.00218],[-104.07994,23.00346],[-104.07443,23.0036],[-104.07934,23.00591]]],[[[-104.24537,22.73058],[-104.24747,22.72901],[-104.24631,22.72158],[-104.24558,22.72457],[-104.24249,22.72879],[-104.24537,22.73058]]],[[[-104.25105,22.71411],[-104.25602,22.7139],[-104.25568,22.70895],[-104.2532,22.70961],[-104.25105,22.71411]]],[[[-104.23868,22.69613],[-104.24122,22.69922],[-104.23997,22.6926],[-104.23868,22.69613]]],[[[-104.25826,22.66995],[-104.25892,22.66994],[-104.259,22.67284],[-104.26436,22.67194],[-104.26433,22.67029],[-104.25963,22.66971],[-104.25866,22.66657],[-104.25496,22.66634],[-104.25266,22.66901],[-104.25543,22.6712],[-104.25826,22.66995]]],[[[-104.23859,22.58371],[-104.2359,22.57977],[-104.23097,22.57481],[-104.23251,22.58045],[-104.23859,22.58371]]],[[[-104.02888,22.5537],[-104.03077,22.55271],[-104.02722,22.55383],[-104.02735,22.55454],[-104.02888,22.5537]]],[[[-104.00127,22.55254],[-103.99912,22.55128],[-103.99679,22.55298],[-103.9977,22.55442],[-104.00127,22.55254]]],[[[-104.16463,22.5454],[-104.16477,22.547],[-104.16429,22.54783],[-104.16408,22.5482],[-104.16398,22.54837],[-104.16948,22.55222],[-104.16756,22.55364],[-104.17355,22.55287],[-104.17315,22.54946],[-104.17095,22.54941],[-104.16698,22.54476],[-104.1645,22.54471],[-104.16463,22.5454]]],[[[-104.1816,22.54434],[-104.1838,22.5464],[-104.18365,22.54216],[-104.18202,22.54203],[-104.18225,22.53809],[-104.18074,22.53741],[-104.17995,22.5411],[-104.1816,22.54434]]],[[[-104.0151,22.53142],[-104.01652,22.52909],[-104.01361,22.52943],[-104.0151,22.53142]]],[[[-104.14487,22.52987],[-104.1463,22.52862],[-104.14224,22.52644],[-104.14294,22.52458],[-104.14017,22.52234],[-104.13913,22.52542],[-104.14143,22.52771],[-104.14153,22.52861],[-104.14139,22.53564],[-104.14482,22.53312],[-104.14487,22.52987]]],[[[-104.15092,22.52044],[-104.15002,22.51655],[-104.14785,22.51769],[-104.14921,22.52128],[-104.14695,22.52116],[-104.1473,22.5258],[-104.15267,22.52434],[-104.15092,22.52044]]],[[[-104.16571,22.52187],[-104.1644,22.51888],[-104.16227,22.51905],[-104.16571,22.52187]]],[[[-104.13986,22.50636],[-104.1396,22.50775],[-104.1398,22.50824],[-104.14051,22.50992],[-104.14417,22.50717],[-104.13986,22.50636]]],[[[-104.13382,22.51218],[-104.134,22.50962],[-104.13177,22.51029],[-104.13382,22.51218]]],[[[-104.15036,22.52993],[-104.15222,22.53016],[-104.15299,22.52619],[-104.15064,22.52583],[-104.15036,22.52993]]],[[[-104.18653,22.54146],[-104.1888,22.54114],[-104.18944,22.53852],[-104.19446,22.54015],[-104.19109,22.53711],[-104.18606,22.53656],[-104.18653,22.54146]]],[[[-104.26701,22.54091],[-104.26487,22.53908],[-104.26314,22.54052],[-104.26701,22.54091]]],[[[-104.22996,22.54888],[-104.23237,22.55062],[-104.23292,22.54867],[-104.22996,22.54888]]],[[[-104.15968,22.55489],[-104.15985,22.55534],[-104.16364,22.55472],[-104.16087,22.5522],[-104.15968,22.55489]]],[[[-104.24517,22.50372],[-104.24612,22.50068],[-104.24955,22.4989],[-104.24561,22.49655],[-104.24315,22.49682],[-104.24169,22.49997],[-104.24448,22.50112],[-104.24517,22.50372]]],[[[-104.25743,22.502],[-104.25859,22.50067],[-104.25734,22.49911],[-104.25304,22.49853],[-104.25743,22.502]]],[[[-104.2176,22.49496],[-104.21289,22.49354],[-104.21514,22.49575],[-104.21858,22.49519],[-104.21765,22.49496],[-104.2176,22.49496]]],[[[-104.20613,22.46999],[-104.20076,22.47187],[-104.20477,22.47148],[-104.20613,22.46999]]],[[[-104.23481,22.45216],[-104.23397,22.45129],[-104.23411,22.4516],[-104.23481,22.45216]]],[[[-104.23051,22.45023],[-104.22955,22.45481],[-104.23084,22.45532],[-104.2336,22.45148],[-104.23397,22.45129],[-104.23105,22.45032],[-104.23051,22.45023]]],[[[-104.22495,22.45115],[-104.2231,22.45314],[-104.21952,22.45067],[-104.22274,22.45313],[-104.22367,22.45323],[-104.22432,22.45297],[-104.22495,22.45115]]],[[[-103.97315,22.50692],[-103.97302,22.50733],[-103.97286,22.50764],[-103.97252,22.50804],[-103.97595,22.50984],[-103.9785,22.50925],[-103.97523,22.50661],[-103.97315,22.50692]]],[[[-103.96412,22.50509],[-103.96804,22.50523],[-103.96476,22.50439],[-103.96697,22.50232],[-103.96448,22.50183],[-103.96412,22.50509]]],[[[-103.96937,22.49426],[-103.96882,22.49717],[-103.97284,22.49918],[-103.97125,22.49701],[-103.97184,22.49354],[-103.96937,22.49426]]],[[[-103.94249,22.4928],[-103.94398,22.49212],[-103.94698,22.4857],[-103.94375,22.48677],[-103.93946,22.4945],[-103.94198,22.4931],[-103.94249,22.4928]]],[[[-103.96383,22.49981],[-103.96649,22.50044],[-103.96638,22.49728],[-103.96307,22.49584],[-103.96228,22.50019],[-103.96383,22.49981]]],[[[-103.95321,22.47127],[-103.95337,22.47127],[-103.95337,22.47119],[-103.95321,22.47127]]],[[[-103.39283,21.87938],[-103.39248,21.87858],[-103.38937,21.87295],[-103.38803,21.87364],[-103.39069,21.87833],[-103.38655,21.87724],[-103.38232,21.87768],[-103.37933,21.87505],[-103.37875,21.87271],[-103.3823,21.87049],[-103.37698,21.87058],[-103.3747,21.8615],[-103.37759,21.8528],[-103.37113,21.84801],[-103.36745,21.84809],[-103.361,21.85141],[-103.35756,21.84972],[-103.35261,21.85386],[-103.35221,21.85595],[-103.35302,21.86204],[-103.35382,21.85848],[-103.35802,21.85859],[-103.3657,21.86039],[-103.36384,21.86383],[-103.36754,21.86527],[-103.36902,21.86797],[-103.36793,21.87166],[-103.3732,21.8726],[-103.37288,21.87803],[-103.37812,21.87925],[-103.38071,21.88116],[-103.38029,21.87874],[-103.38366,21.88023],[-103.39283,21.87938]]],[[[-103.40719,21.88277],[-103.40362,21.88461],[-103.40297,21.88729],[-103.40397,21.88856],[-103.40815,21.88357],[-103.40719,21.88277]]],[[[-103.367,21.75542],[-103.37481,21.75482],[-103.37752,21.75425],[-103.37764,21.75389],[-103.37818,21.75028],[-103.38145,21.74924],[-103.38197,21.75122],[-103.38956,21.7536],[-103.39225,21.75813],[-103.39437,21.75679],[-103.39496,21.75633],[-103.39576,21.75573],[-103.39642,21.75486],[-103.39191,21.74892],[-103.39666,21.74902],[-103.40165,21.74749],[-103.40161,21.74726],[-103.40157,21.74703],[-103.4001,21.74328],[-103.40221,21.74263],[-103.40286,21.73956],[-103.40625,21.74237],[-103.40695,21.74091],[-103.40425,21.73887],[-103.40806,21.73956],[-103.40822,21.73894],[-103.40824,21.7388],[-103.40847,21.73686],[-103.39737,21.73371],[-103.39764,21.72933],[-103.39628,21.72873],[-103.39685,21.72403],[-103.39509,21.72217],[-103.39345,21.72093],[-103.38963,21.72047],[-103.3902,21.71377],[-103.39131,21.71381],[-103.40016,21.71454],[-103.4009,21.71223],[-103.40901,21.71433],[-103.40932,21.71175],[-103.41188,21.71282],[-103.41129,21.70974],[-103.4083,21.70938],[-103.40911,21.70701],[-103.41522,21.70783],[-103.41581,21.70535],[-103.41076,21.70306],[-103.4167,21.70354],[-103.41838,21.70254],[-103.41741,21.69389],[-103.41407,21.69123],[-103.40979,21.68982],[-103.41116,21.68642],[-103.40626,21.68091],[-103.41464,21.68214],[-103.41484,21.68136],[-103.41417,21.67809],[-103.41181,21.67987],[-103.40061,21.67671],[-103.39871,21.67412],[-103.40617,21.67508],[-103.40947,21.67398],[-103.41354,21.67485],[-103.41084,21.66124],[-103.41103,21.65175],[-103.40234,21.65068],[-103.40222,21.6525],[-103.39748,21.65191],[-103.39698,21.64976],[-103.39477,21.64938],[-103.39,21.64527],[-103.38905,21.64446],[-103.38634,21.6428],[-103.38422,21.6449],[-103.37805,21.64663],[-103.37688,21.64936],[-103.38056,21.65028],[-103.37988,21.6517],[-103.37521,21.65331],[-103.37365,21.65645],[-103.37553,21.65936],[-103.37619,21.66004],[-103.38035,21.66097],[-103.3787,21.66265],[-103.38081,21.66485],[-103.37944,21.66652],[-103.37428,21.66236],[-103.3718,21.66195],[-103.3703,21.66171],[-103.36804,21.66117],[-103.36716,21.66251],[-103.3633,21.6618],[-103.36243,21.65765],[-103.35699,21.66641],[-103.35385,21.66861],[-103.35416,21.67293],[-103.36021,21.67342],[-103.36151,21.67625],[-103.36509,21.67631],[-103.36254,21.6791],[-103.36387,21.68388],[-103.35934,21.68492],[-103.35973,21.68843],[-103.36168,21.68808],[-103.36076,21.69269],[-103.36278,21.69453],[-103.3652,21.69435],[-103.36522,21.69677],[-103.36777,21.69909],[-103.3746,21.69895],[-103.3774,21.69469],[-103.38258,21.69736],[-103.38803,21.69735],[-103.38955,21.70358],[-103.38728,21.70838],[-103.3866,21.71252],[-103.38682,21.72307],[-103.3853,21.72564],[-103.37658,21.71882],[-103.37335,21.71733],[-103.37151,21.71828],[-103.37326,21.71834],[-103.37118,21.7261],[-103.36906,21.72554],[-103.36837,21.72804],[-103.37064,21.72879],[-103.36985,21.7324],[-103.37191,21.73272],[-103.37074,21.73907],[-103.37986,21.74303],[-103.37856,21.74767],[-103.37268,21.74726],[-103.36937,21.75326],[-103.367,21.75542]]],[[[-103.40368,21.72911],[-103.40626,21.73],[-103.40668,21.72748],[-103.40368,21.72911]]],[[[-103.29661,21.46237],[-103.29598,21.46077],[-103.29609,21.46668],[-103.29733,21.46423],[-103.29681,21.46289],[-103.29661,21.46237]]],[[[-103.4072,21.63999],[-103.40897,21.63967],[-103.4101,21.64342],[-103.41076,21.62928],[-103.40841,21.62947],[-103.40675,21.63441],[-103.40856,21.6364],[-103.4072,21.63999]]],[[[-103.31237,21.64908],[-103.30918,21.64897],[-103.30823,21.65645],[-103.30653,21.65591],[-103.3068,21.64959],[-103.30326,21.64877],[-103.30292,21.64876],[-103.30046,21.65089],[-103.30686,21.65949],[-103.30741,21.66023],[-103.31052,21.66439],[-103.3127,21.6647],[-103.31364,21.66028],[-103.31489,21.66169],[-103.31324,21.66764],[-103.31546,21.67153],[-103.31767,21.67004],[-103.31461,21.66508],[-103.31678,21.66332],[-103.31921,21.66692],[-103.31945,21.66435],[-103.31943,21.66323],[-103.31939,21.66134],[-103.319,21.65894],[-103.31538,21.65579],[-103.31423,21.65447],[-103.31391,21.65283],[-103.31333,21.64983],[-103.31237,21.64908]]],[[[-103.24556,21.52466],[-103.24136,21.52911],[-103.24389,21.52855],[-103.24556,21.52466]]],[[[-103.31056,21.53227],[-103.31172,21.53102],[-103.31318,21.52944],[-103.31344,21.52916],[-103.3166,21.52711],[-103.32009,21.52423],[-103.3165,21.52533],[-103.3155,21.52011],[-103.31379,21.52416],[-103.30912,21.52941],[-103.31056,21.53227]]],[[[-103.30955,21.54067],[-103.31007,21.5342],[-103.30801,21.53812],[-103.30955,21.54067]]],[[[-103.29609,21.53083],[-103.29645,21.53108],[-103.3,21.53155],[-103.29886,21.53437],[-103.29936,21.53504],[-103.3008,21.53667],[-103.30614,21.54271],[-103.30669,21.54332],[-103.30678,21.54345],[-103.30925,21.54442],[-103.30928,21.54412],[-103.30931,21.54376],[-103.30948,21.54152],[-103.30773,21.53952],[-103.30525,21.54145],[-103.30862,21.53464],[-103.30647,21.53449],[-103.30907,21.52717],[-103.30657,21.52738],[-103.30436,21.52488],[-103.29925,21.52284],[-103.29341,21.52393],[-103.29463,21.52831],[-103.29674,21.52929],[-103.29609,21.53083]],[[-103.30208,21.52947],[-103.29942,21.52528],[-103.29833,21.52741],[-103.2943,21.52692],[-103.29673,21.52385],[-103.29941,21.52377],[-103.30291,21.52887],[-103.30381,21.52627],[-103.30508,21.52928],[-103.30208,21.52947]]],[[[-103.30687,21.54563],[-103.30668,21.54592],[-103.30536,21.54854],[-103.30724,21.55184],[-103.31306,21.55326],[-103.31167,21.54841],[-103.3098,21.54568],[-103.30687,21.54563]]],[[[-103.40152,21.62721],[-103.39867,21.62859],[-103.40014,21.63058],[-103.40152,21.62721]]],[[[-103.39687,21.62986],[-103.39691,21.63638],[-103.39783,21.63459],[-103.39687,21.62986]]],[[[-103.397,21.6376],[-103.39672,21.63845],[-103.39796,21.63971],[-103.39908,21.63645],[-103.397,21.6376]]],[[[-103.30705,21.57744],[-103.30394,21.57527],[-103.30267,21.57802],[-103.29829,21.57743],[-103.29697,21.576],[-103.29717,21.58115],[-103.30166,21.57995],[-103.30367,21.58209],[-103.30683,21.58181],[-103.30705,21.57744]]],[[[-103.27592,21.57786],[-103.27838,21.57581],[-103.27415,21.57392],[-103.27187,21.57646],[-103.27592,21.57786]]],[[[-103.25372,21.56691],[-103.26216,21.57211],[-103.26395,21.56766],[-103.26095,21.56634],[-103.26045,21.56256],[-103.25439,21.56511],[-103.25372,21.56691]]],[[[-103.27678,21.55811],[-103.28156,21.55643],[-103.27695,21.55551],[-103.27678,21.55811]]],[[[-103.27008,21.55707],[-103.27359,21.55689],[-103.27392,21.55227],[-103.2716,21.55124],[-103.26995,21.55387],[-103.27008,21.55707]]],[[[-103.25457,21.5449],[-103.25377,21.54777],[-103.25912,21.54544],[-103.26198,21.54251],[-103.26792,21.54071],[-103.27249,21.54219],[-103.27201,21.53732],[-103.27007,21.53708],[-103.26341,21.54033],[-103.26061,21.53941],[-103.25457,21.5449]]],[[[-103.25031,21.5417],[-103.25057,21.545],[-103.25266,21.54499],[-103.25183,21.54109],[-103.25542,21.54206],[-103.25283,21.53801],[-103.24939,21.53953],[-103.25031,21.5417]]],[[[-103.28168,21.54047],[-103.28624,21.53816],[-103.28737,21.53608],[-103.28492,21.53577],[-103.28168,21.54047]]],[[[-103.30783,21.52336],[-103.31065,21.52262],[-103.31042,21.52026],[-103.30783,21.52336]]],[[[-103.29845,21.51962],[-103.30085,21.51775],[-103.29789,21.51748],[-103.29845,21.51962]]],[[[-102.87967,22.0126],[-102.87975,22.01677],[-102.88586,22.01179],[-102.88226,22.01043],[-102.87967,22.0126]]],[[[-102.87973,21.99975],[-102.87998,22.00076],[-102.88016,22.0015],[-102.88099,22.0049],[-102.8796,22.00911],[-102.88384,22.00694],[-102.88386,22.00483],[-102.88128,22.00485],[-102.8827,22.00257],[-102.88168,21.99981],[-102.88451,22.00021],[-102.88174,21.99745],[-102.87973,21.99975]]],[[[-102.86341,21.99445],[-102.86554,21.99376],[-102.86905,21.98877],[-102.87196,21.99541],[-102.8741,21.9888],[-102.87575,21.99514],[-102.87688,21.99416],[-102.87578,21.98687],[-102.87796,21.98217],[-102.87345,21.97909],[-102.871,21.98302],[-102.86764,21.98236],[-102.8688,21.98483],[-102.8672,21.98577],[-102.86341,21.99445]]],[[[-102.92201,21.83024],[-102.92201,21.83026],[-102.92239,21.83276],[-102.92424,21.83823],[-102.93017,21.8395],[-102.93458,21.8377],[-102.92966,21.8358],[-102.92517,21.83534],[-102.92325,21.8324],[-102.92758,21.83306],[-102.92705,21.8348],[-102.93452,21.83514],[-102.92949,21.83174],[-102.92434,21.83133],[-102.92617,21.82889],[-102.93771,21.83249],[-102.93787,21.82522],[-102.9396,21.8231],[-102.93637,21.82039],[-102.93733,21.82321],[-102.93508,21.82458],[-102.93571,21.82077],[-102.93588,21.82064],[-102.93667,21.81967],[-102.93675,21.81626],[-102.93421,21.82002],[-102.93348,21.81948],[-102.93372,21.8169],[-102.93366,21.81657],[-102.93703,21.81426],[-102.93693,21.80741],[-102.93175,21.80674],[-102.93137,21.80563],[-102.92633,21.80885],[-102.92701,21.81163],[-102.93179,21.81185],[-102.93222,21.80923],[-102.93422,21.80951],[-102.93151,21.81325],[-102.93077,21.81279],[-102.92985,21.81336],[-102.92977,21.81341],[-102.9287,21.81518],[-102.92872,21.81523],[-102.92937,21.81656],[-102.92961,21.8169],[-102.93141,21.81942],[-102.92976,21.82297],[-102.92969,21.82871],[-102.92788,21.82789],[-102.92201,21.83024]]],[[[-102.91666,21.85403],[-102.91857,21.86141],[-102.92164,21.86122],[-102.92712,21.85385],[-102.92864,21.85362],[-102.93131,21.84867],[-102.92878,21.84636],[-102.92748,21.84223],[-102.92499,21.8393],[-102.92362,21.84078],[-102.92107,21.84908],[-102.91666,21.85403]]],[[[-102.94304,21.81922],[-102.94117,21.817],[-102.93943,21.81799],[-102.94304,21.81922]]],[[[-102.96091,21.82258],[-102.96122,21.8226],[-102.96193,21.82259],[-102.9643,21.8223],[-102.96406,21.81966],[-102.96014,21.8223],[-102.96091,21.82258]]],[[[-102.9674,21.82866],[-102.97071,21.83115],[-102.97332,21.82989],[-102.98116,21.83065],[-102.9818,21.82723],[-102.977,21.82698],[-102.97742,21.82536],[-102.97183,21.82544],[-102.97015,21.82797],[-102.96736,21.82856],[-102.9674,21.82866]]],[[[-102.96923,21.83283],[-102.96932,21.83243],[-102.96935,21.83206],[-102.96889,21.82983],[-102.96923,21.83283]]],[[[-103.0128,21.85236],[-103.0139,21.8513],[-103.01342,21.85041],[-103.01291,21.8502],[-103.01261,21.85004],[-103.0122,21.84982],[-103.00847,21.84884],[-103.0128,21.85236]]],[[[-102.93482,22.01136],[-102.93492,22.01238],[-102.93804,22.01218],[-102.93922,22.01395],[-102.94225,22.01209],[-102.94107,22.01081],[-102.93839,22.01011],[-102.93482,22.01136]]],[[[-102.8774,21.99594],[-102.87763,21.99605],[-102.88006,21.99315],[-102.87657,21.99015],[-102.8774,21.99594]]],[[[-102.90626,21.99207],[-102.90687,21.99318],[-102.91211,21.99023],[-102.9128,21.98374],[-102.9143,21.98063],[-102.90955,21.98058],[-102.91091,21.98259],[-102.90958,21.98781],[-102.91073,21.98929],[-102.90626,21.99207]]],[[[-102.91811,21.99404],[-102.91658,21.99173],[-102.9151,21.99355],[-102.91811,21.99404]]],[[[-102.93365,21.98131],[-102.93441,21.98053],[-102.93699,21.97901],[-102.93448,21.97719],[-102.93153,21.9793],[-102.93365,21.98131]]],[[[-102.89716,21.98538],[-102.89795,21.98311],[-102.90137,21.9828],[-102.90171,21.98016],[-102.89728,21.97458],[-102.89842,21.98009],[-102.89618,21.98006],[-102.89549,21.98473],[-102.89716,21.98538]]],[[[-102.88487,21.98464],[-102.88797,21.98005],[-102.8851,21.97622],[-102.88696,21.974],[-102.88894,21.97474],[-102.8881,21.97837],[-102.89148,21.9797],[-102.89587,21.97443],[-102.89312,21.9753],[-102.89229,21.96973],[-102.88996,21.97039],[-102.8899,21.96637],[-102.88631,21.966],[-102.88887,21.96166],[-102.889,21.95784],[-102.89182,21.95487],[-102.89005,21.9508],[-102.88736,21.95053],[-102.88624,21.95475],[-102.88335,21.95376],[-102.88552,21.95127],[-102.88281,21.94944],[-102.87886,21.95643],[-102.87825,21.95971],[-102.87293,21.96474],[-102.8665,21.96807],[-102.86433,21.97305],[-102.86702,21.97561],[-102.86885,21.97441],[-102.87313,21.97616],[-102.87442,21.97387],[-102.87736,21.97414],[-102.8783,21.97655],[-102.88166,21.97533],[-102.87862,21.98225],[-102.88438,21.98109],[-102.88487,21.98464]]],[[[-102.89248,21.93211],[-102.89279,21.93157],[-102.88585,21.93035],[-102.88426,21.93451],[-102.88889,21.93645],[-102.88538,21.93688],[-102.87955,21.93502],[-102.87804,21.93342],[-102.87691,21.93824],[-102.87395,21.93857],[-102.87716,21.93591],[-102.87707,21.93345],[-102.87374,21.93537],[-102.86703,21.93591],[-102.86315,21.9352],[-102.86043,21.94443],[-102.86342,21.94634],[-102.87953,21.94686],[-102.87984,21.94431],[-102.88423,21.9442],[-102.88352,21.94713],[-102.88835,21.94579],[-102.89007,21.93635],[-102.89248,21.93211]]],[[[-102.89276,21.94092],[-102.89037,21.94466],[-102.88978,21.94499],[-102.88885,21.94551],[-102.88811,21.94943],[-102.89167,21.94639],[-102.89583,21.94486],[-102.89753,21.94032],[-102.9023,21.93684],[-102.90375,21.93418],[-102.90278,21.93007],[-102.9065,21.92791],[-102.90885,21.93414],[-102.90635,21.94345],[-102.90952,21.94411],[-102.90913,21.94718],[-102.9057,21.95109],[-102.9089,21.95221],[-102.90936,21.95029],[-102.91501,21.95453],[-102.91584,21.95148],[-102.91389,21.95085],[-102.91587,21.94341],[-102.91345,21.94291],[-102.91518,21.93708],[-102.91268,21.93649],[-102.9134,21.93393],[-102.92066,21.93378],[-102.92133,21.9318],[-102.92456,21.93355],[-102.9255,21.93025],[-102.9278,21.93127],[-102.9256,21.93368],[-102.93165,21.93297],[-102.93402,21.93013],[-102.92896,21.92865],[-102.92882,21.92731],[-102.93385,21.9284],[-102.93657,21.92676],[-102.93156,21.92504],[-102.93002,21.92138],[-102.92271,21.92207],[-102.92056,21.92008],[-102.92421,21.91807],[-102.92408,21.91443],[-102.9208,21.91456],[-102.92094,21.91258],[-102.91722,21.91309],[-102.91529,21.90964],[-102.92066,21.91117],[-102.92175,21.9082],[-102.91729,21.90677],[-102.91728,21.90769],[-102.91526,21.90613],[-102.91201,21.90681],[-102.91103,21.90881],[-102.91577,21.91434],[-102.9164,21.91742],[-102.9152,21.91614],[-102.91165,21.91405],[-102.91049,21.91433],[-102.91047,21.91732],[-102.90971,21.91912],[-102.91034,21.91999],[-102.90896,21.92166],[-102.90989,21.9184],[-102.91045,21.91542],[-102.91029,21.91453],[-102.91072,21.91375],[-102.91501,21.91412],[-102.91098,21.90943],[-102.911,21.90733],[-102.91217,21.90644],[-102.91465,21.90573],[-102.91688,21.90713],[-102.91635,21.90512],[-102.90983,21.90408],[-102.90938,21.90669],[-102.91124,21.9113],[-102.90758,21.91174],[-102.90807,21.91494],[-102.90809,21.91507],[-102.90726,21.91711],[-102.9093,21.91948],[-102.9063,21.91971],[-102.9063,21.91973],[-102.90635,21.92037],[-102.90442,21.92105],[-102.90353,21.92028],[-102.90272,21.91691],[-102.89916,21.91833],[-102.89838,21.91933],[-102.89821,21.92002],[-102.89791,21.9237],[-102.89938,21.92719],[-102.90031,21.9242],[-102.90227,21.92873],[-102.90042,21.93016],[-102.90007,21.93277],[-102.89988,21.93413],[-102.8996,21.93627],[-102.89409,21.93944],[-102.89276,21.94092]]],[[[-102.90828,21.89761],[-102.90779,21.90129],[-102.90998,21.90321],[-102.91212,21.90181],[-102.91177,21.89742],[-102.90828,21.89761]]],[[[-102.90855,21.89088],[-102.90841,21.89092],[-102.90837,21.89111],[-102.90855,21.89088]]],[[[-102.91257,21.87733],[-102.90922,21.88413],[-102.90917,21.8842],[-102.90469,21.89138],[-102.90841,21.89092],[-102.90907,21.89028],[-102.91378,21.88276],[-102.91749,21.88195],[-102.91828,21.87536],[-102.91758,21.87286],[-102.91257,21.87733]]],[[[-102.90139,21.9024],[-102.90213,21.89881],[-102.90434,21.89569],[-102.90094,21.89417],[-102.90011,21.89947],[-102.90139,21.9024]]],[[[-102.90264,21.91657],[-102.90217,21.91449],[-102.89959,21.91778],[-102.90264,21.91657]]],[[[-102.86852,21.92061],[-102.86843,21.92078],[-102.8717,21.922],[-102.8677,21.92749],[-102.87544,21.92952],[-102.87602,21.93151],[-102.88315,21.92974],[-102.88154,21.92885],[-102.88095,21.92389],[-102.88921,21.92417],[-102.89297,21.92255],[-102.89334,21.92052],[-102.8905,21.92043],[-102.89011,21.92265],[-102.88367,21.92362],[-102.88043,21.92278],[-102.88356,21.91999],[-102.88355,21.9218],[-102.88823,21.92189],[-102.88941,21.91767],[-102.88571,21.91954],[-102.88538,21.91757],[-102.88109,21.91751],[-102.87889,21.9212],[-102.87474,21.92139],[-102.87506,21.91964],[-102.86926,21.91927],[-102.86852,21.92061]]],[[[-102.89464,21.95132],[-102.89872,21.94904],[-102.89882,21.94728],[-102.89324,21.94648],[-102.89309,21.95014],[-102.89464,21.95132]]],[[[-102.89386,21.92954],[-102.89361,21.92617],[-102.88904,21.92551],[-102.88567,21.92765],[-102.89386,21.92954]]],[[[-102.87359,21.91573],[-102.87716,21.91524],[-102.87735,21.91124],[-102.87569,21.91014],[-102.87127,21.91312],[-102.87058,21.91587],[-102.87359,21.91573]]],[[[-102.89747,21.91156],[-102.89846,21.90614],[-102.90111,21.90275],[-102.89418,21.90373],[-102.89357,21.90132],[-102.89069,21.90452],[-102.89439,21.90487],[-102.8973,21.9078],[-102.88909,21.9075],[-102.88914,21.90998],[-102.88493,21.9097],[-102.88467,21.91277],[-102.88246,21.91525],[-102.88554,21.91635],[-102.88732,21.91487],[-102.89189,21.91426],[-102.89052,21.91111],[-102.89667,21.91376],[-102.89743,21.91174],[-102.89747,21.91156]]],[[[-102.8955,21.8799],[-102.89743,21.88084],[-102.90323,21.87476],[-102.90116,21.8744],[-102.89448,21.87742],[-102.8955,21.8799]]],[[[-102.91925,21.86608],[-102.91784,21.86753],[-102.91753,21.86736],[-102.91661,21.86684],[-102.91047,21.86789],[-102.91317,21.87015],[-102.91806,21.86828],[-102.91952,21.87066],[-102.92154,21.86887],[-102.91925,21.86608]]],[[[-102.9105,21.87476],[-102.91129,21.87334],[-102.90822,21.87141],[-102.90681,21.87338],[-102.9105,21.87476]]],[[[-102.92168,21.86498],[-102.92293,21.86766],[-102.92872,21.86337],[-102.92983,21.86022],[-102.93184,21.86072],[-102.93354,21.85712],[-102.93664,21.85555],[-102.93312,21.85209],[-102.93203,21.84826],[-102.92899,21.85376],[-102.93163,21.85419],[-102.93059,21.85723],[-102.92697,21.85818],[-102.92582,21.85687],[-102.92283,21.86251],[-102.92458,21.86387],[-102.92168,21.86498]]],[[[-102.97836,21.86041],[-102.97976,21.86132],[-102.9815,21.85641],[-102.9837,21.85671],[-102.98756,21.86096],[-102.99104,21.85845],[-102.98776,21.85919],[-102.98458,21.85715],[-102.98452,21.85461],[-102.97981,21.85372],[-102.97943,21.8578],[-102.97687,21.85503],[-102.9732,21.85394],[-102.97396,21.85215],[-102.96786,21.85057],[-102.9698,21.84849],[-102.96911,21.84574],[-102.97442,21.84607],[-102.97581,21.84334],[-102.97169,21.84124],[-102.96835,21.83728],[-102.96922,21.84135],[-102.96761,21.84175],[-102.96542,21.83729],[-102.96696,21.82883],[-102.96126,21.82711],[-102.96002,21.83092],[-102.96543,21.83528],[-102.96242,21.83932],[-102.95998,21.84023],[-102.96124,21.84507],[-102.96611,21.8425],[-102.96556,21.84953],[-102.95622,21.84921],[-102.95063,21.85164],[-102.94939,21.85452],[-102.95263,21.85732],[-102.9547,21.85573],[-102.95783,21.85868],[-102.96312,21.86012],[-102.96416,21.85765],[-102.96147,21.85602],[-102.96057,21.85759],[-102.95627,21.85514],[-102.95777,21.85267],[-102.95918,21.85481],[-102.96344,21.85686],[-102.96596,21.85578],[-102.9684,21.85854],[-102.9685,21.85602],[-102.97694,21.85995],[-102.9722,21.85619],[-102.97316,21.8553],[-102.97836,21.86041]]],[[[-102.97212,21.87032],[-102.97459,21.86968],[-102.97728,21.86669],[-102.97806,21.86917],[-102.98222,21.86908],[-102.97624,21.86283],[-102.97663,21.86145],[-102.97146,21.85839],[-102.96969,21.86213],[-102.97397,21.86288],[-102.97469,21.86472],[-102.9707,21.86427],[-102.97363,21.86796],[-102.97212,21.87032]]],[[[-102.97218,21.87047],[-102.97217,21.87044],[-102.97113,21.87],[-102.96737,21.85939],[-102.96506,21.86077],[-102.95971,21.85969],[-102.95774,21.86218],[-102.96207,21.86631],[-102.95854,21.8714],[-102.9546,21.87058],[-102.9546,21.87566],[-102.95147,21.87635],[-102.95212,21.87944],[-102.94814,21.88046],[-102.9485,21.87691],[-102.94288,21.88147],[-102.94641,21.89006],[-102.95018,21.89045],[-102.94817,21.89284],[-102.95029,21.89328],[-102.94785,21.89567],[-102.95232,21.89885],[-102.95487,21.89546],[-102.95549,21.89202],[-102.96069,21.8918],[-102.96199,21.89004],[-102.95972,21.88877],[-102.95442,21.89088],[-102.95127,21.89337],[-102.9498,21.89153],[-102.95399,21.8909],[-102.96447,21.88673],[-102.95892,21.8855],[-102.95954,21.8878],[-102.95384,21.88872],[-102.95011,21.88538],[-102.95154,21.88304],[-102.95026,21.88032],[-102.9557,21.88096],[-102.95603,21.87914],[-102.95316,21.87851],[-102.95531,21.87692],[-102.96384,21.88255],[-102.96629,21.88062],[-102.96533,21.87868],[-102.95917,21.87773],[-102.96047,21.87532],[-102.95708,21.87348],[-102.96019,21.873],[-102.96602,21.87414],[-102.96414,21.87143],[-102.96985,21.87011],[-102.9729,21.87212],[-102.97233,21.8708],[-102.97218,21.87047]]],[[[-102.97762,21.87154],[-102.97928,21.87477],[-102.97964,21.87041],[-102.97762,21.87154]]],[[[-102.99095,21.87432],[-102.99275,21.87536],[-102.99331,21.87234],[-102.99095,21.87432]]],[[[-102.99007,21.88379],[-102.98988,21.88144],[-102.98416,21.87333],[-102.98649,21.87984],[-102.99007,21.88379]]],[[[-102.98041,21.88169],[-102.98002,21.88676],[-102.98085,21.88676],[-102.98452,21.88268],[-102.98041,21.88169]]],[[[-102.97505,21.89342],[-102.97337,21.89518],[-102.9773,21.89631],[-102.97876,21.8945],[-102.97705,21.89135],[-102.97564,21.89282],[-102.97505,21.89342]]],[[[-102.98914,21.89547],[-102.98918,21.89592],[-102.98942,21.89615],[-102.99027,21.89456],[-102.99234,21.89415],[-102.99151,21.891],[-102.98815,21.88541],[-102.98671,21.88668],[-102.9888,21.89047],[-102.9891,21.89478],[-102.98914,21.89547]]],[[[-102.98528,21.90404],[-102.98335,21.90258],[-102.98069,21.90235],[-102.97941,21.90525],[-102.98519,21.90518],[-102.98528,21.90404]]],[[[-102.99052,21.89728],[-102.99271,21.89884],[-102.99347,21.89524],[-102.99075,21.89457],[-102.99052,21.89728]]],[[[-102.96148,21.91757],[-102.96418,21.91416],[-102.96193,21.91336],[-102.96351,21.91082],[-102.96586,21.91213],[-102.96414,21.91725],[-102.96595,21.91746],[-102.97054,21.91502],[-102.96883,21.91082],[-102.96533,21.91087],[-102.96462,21.90745],[-102.95904,21.90795],[-102.96194,21.91456],[-102.96148,21.91757]]],[[[-102.9495,21.91721],[-102.95115,21.91451],[-102.95396,21.91381],[-102.95207,21.91232],[-102.95245,21.90858],[-102.94939,21.90707],[-102.95284,21.90548],[-102.95375,21.902],[-102.95001,21.90249],[-102.94677,21.90446],[-102.94642,21.9071],[-102.95078,21.90927],[-102.94848,21.91008],[-102.94571,21.9068],[-102.94444,21.90275],[-102.94487,21.89916],[-102.94707,21.89702],[-102.94191,21.89716],[-102.94277,21.90058],[-102.94141,21.90353],[-102.94166,21.89805],[-102.93863,21.89843],[-102.9362,21.90606],[-102.93334,21.90295],[-102.93064,21.90424],[-102.93206,21.9058],[-102.93123,21.90616],[-102.93227,21.908],[-102.93045,21.90935],[-102.93412,21.90969],[-102.93838,21.9125],[-102.9393,21.90969],[-102.93709,21.90684],[-102.94398,21.90816],[-102.94876,21.9142],[-102.9495,21.91721]]],[[[-102.94091,21.91791],[-102.94291,21.91798],[-102.94317,21.91071],[-102.93982,21.91289],[-102.94091,21.91791]]],[[[-102.9458,21.91658],[-102.94651,21.91153],[-102.94362,21.91037],[-102.9458,21.91658]]],[[[-102.94895,21.92016],[-102.95076,21.92044],[-102.95094,21.91699],[-102.94831,21.92032],[-102.94859,21.9201],[-102.94895,21.92016]]],[[[-102.94724,21.92417],[-102.94717,21.92346],[-102.94754,21.92258],[-102.94819,21.92077],[-102.94308,21.92296],[-102.94273,21.92567],[-102.94724,21.92417]]],[[[-102.9902,21.91686],[-102.99057,21.91429],[-102.98402,21.91036],[-102.98203,21.9125],[-102.98499,21.91333],[-102.9902,21.91686]]],[[[-102.97861,21.94126],[-102.98132,21.94137],[-102.97738,21.93896],[-102.97861,21.94126]]],[[[-102.98032,21.95422],[-102.98288,21.95037],[-102.97733,21.9451],[-102.97722,21.94896],[-102.98029,21.94913],[-102.98053,21.95153],[-102.97789,21.95108],[-102.97654,21.95422],[-102.97449,21.95366],[-102.97515,21.95036],[-102.97146,21.95303],[-102.97173,21.95546],[-102.97571,21.95565],[-102.98032,21.95422]]],[[[-102.98235,21.94152],[-102.98342,21.94168],[-102.98611,21.93942],[-102.98421,21.93632],[-102.97981,21.93395],[-102.98235,21.94152]]],[[[-102.93961,21.96295],[-102.94699,21.95911],[-102.95051,21.95495],[-102.95111,21.94861],[-102.95358,21.94915],[-102.95176,21.94534],[-102.94952,21.94488],[-102.95062,21.94811],[-102.94573,21.94887],[-102.94892,21.94455],[-102.94415,21.94428],[-102.94035,21.94801],[-102.93916,21.94608],[-102.94508,21.94124],[-102.94897,21.94342],[-102.95151,21.93987],[-102.94957,21.93751],[-102.94439,21.94006],[-102.93417,21.9495],[-102.93259,21.95327],[-102.93125,21.95169],[-102.92804,21.95597],[-102.9361,21.96143],[-102.93961,21.96295]]],[[[-102.90618,21.96706],[-102.90825,21.96603],[-102.90305,21.96353],[-102.90203,21.96157],[-102.89836,21.95984],[-102.89639,21.96184],[-102.90618,21.96706]]],[[[-102.97817,21.95923],[-102.97835,21.9592],[-102.9785,21.95746],[-102.97726,21.95648],[-102.97166,21.95842],[-102.96987,21.96014],[-102.97022,21.96283],[-102.97361,21.96083],[-102.97681,21.95942],[-102.97817,21.95923]]],[[[-102.9632,21.96108],[-102.96232,21.95778],[-102.96551,21.95822],[-102.96806,21.95513],[-102.96789,21.95162],[-102.96565,21.94997],[-102.96343,21.95332],[-102.96516,21.95374],[-102.95976,21.9575],[-102.9632,21.96108]]],[[[-102.93497,21.97179],[-102.93685,21.9698],[-102.93477,21.9691],[-102.93497,21.97179]]],[[[-102.90974,21.9718],[-102.91582,21.97199],[-102.91594,21.96845],[-102.91217,21.96732],[-102.91114,21.96387],[-102.90979,21.96555],[-102.91133,21.96954],[-102.90974,21.9718]]],[[[-102.90171,21.96915],[-102.90349,21.96805],[-102.90117,21.96572],[-102.89955,21.96724],[-102.90171,21.96915]]],[[[-102.92796,21.97632],[-102.93117,21.97194],[-102.92508,21.97168],[-102.92524,21.97561],[-102.92796,21.97632]]],[[[-102.92049,21.90723],[-102.9272,21.90709],[-102.93143,21.90525],[-102.93035,21.90428],[-102.92998,21.9023],[-102.93306,21.90278],[-102.93622,21.89863],[-102.94079,21.89641],[-102.93635,21.89567],[-102.93667,21.89757],[-102.93356,21.89845],[-102.93508,21.89501],[-102.93126,21.89666],[-102.93607,21.89045],[-102.93851,21.89282],[-102.93943,21.89033],[-102.93783,21.88645],[-102.93344,21.88112],[-102.93531,21.8796],[-102.93216,21.87854],[-102.92912,21.87298],[-102.92776,21.87549],[-102.93159,21.87895],[-102.92908,21.87928],[-102.92869,21.88432],[-102.93143,21.88265],[-102.93188,21.88557],[-102.93446,21.88553],[-102.93409,21.8882],[-102.92633,21.8853],[-102.92552,21.88305],[-102.92087,21.88406],[-102.92172,21.8867],[-102.92653,21.89029],[-102.9276,21.89313],[-102.92437,21.89517],[-102.92388,21.89766],[-102.92642,21.89667],[-102.92355,21.90025],[-102.91869,21.90014],[-102.91377,21.90163],[-102.91294,21.9031],[-102.91717,21.90501],[-102.91573,21.90308],[-102.92483,21.90279],[-102.92686,21.90464],[-102.9253,21.90589],[-102.9224,21.90343],[-102.91794,21.90657],[-102.92049,21.90723]]],[[[-102.92172,21.89087],[-102.92362,21.89344],[-102.92364,21.89017],[-102.92172,21.89087]]],[[[-102.93304,21.87251],[-102.93598,21.87262],[-102.93321,21.87064],[-102.93304,21.87251]]],[[[-102.94664,21.8757],[-102.94893,21.87659],[-102.94866,21.87307],[-102.94662,21.87549],[-102.94704,21.8712],[-102.94441,21.8693],[-102.94244,21.87067],[-102.9437,21.87523],[-102.94664,21.8757]]],[[[-102.94905,21.87198],[-102.95063,21.87273],[-102.95339,21.86998],[-102.95186,21.86622],[-102.95327,21.86539],[-102.95117,21.86234],[-102.9551,21.85718],[-102.95082,21.85894],[-102.95052,21.86328],[-102.94786,21.86239],[-102.94594,21.86428],[-102.9506,21.86878],[-102.94765,21.87063],[-102.94905,21.87198]]],[[[-102.94932,21.87643],[-102.95326,21.87579],[-102.95321,21.87403],[-102.95,21.87424],[-102.94932,21.87643]]],[[[-102.93623,21.88298],[-102.93848,21.88206],[-102.93597,21.8801],[-102.93623,21.88298]]],[[[-102.93969,21.89198],[-102.9446,21.88881],[-102.94278,21.88835],[-102.93969,21.89198]]],[[[-102.96,21.89924],[-102.96148,21.90103],[-102.96566,21.89835],[-102.96235,21.89586],[-102.96,21.89924]]],[[[-102.95232,21.90742],[-102.96077,21.90711],[-102.96019,21.90524],[-102.95654,21.90469],[-102.95586,21.90648],[-102.95232,21.90742]]],[[[-102.98006,21.87735],[-102.98052,21.88038],[-102.98472,21.88032],[-102.98198,21.87697],[-102.98006,21.87735]]],[[[-102.98488,21.86925],[-102.98649,21.86797],[-102.99414,21.87001],[-102.99017,21.86749],[-102.98596,21.86652],[-102.98269,21.86351],[-102.98053,21.86328],[-102.98488,21.86925]]],[[[-102.99725,21.86814],[-103.00101,21.86969],[-103.00085,21.86597],[-102.99812,21.86526],[-102.99469,21.86732],[-102.99725,21.86814]]],[[[-102.93878,21.83693],[-102.93988,21.83749],[-102.94285,21.83414],[-102.94854,21.83211],[-102.94718,21.82955],[-102.94917,21.82872],[-102.95261,21.82404],[-102.95458,21.82319],[-102.95267,21.82111],[-102.94754,21.82197],[-102.94537,21.82574],[-102.9377,21.8355],[-102.93878,21.83693]]],[[[-102.94126,21.82709],[-102.94275,21.82805],[-102.94536,21.82444],[-102.94334,21.82223],[-102.94126,21.82709]]],[[[-102.95811,21.82666],[-102.96409,21.82408],[-102.95911,21.82254],[-102.95591,21.82338],[-102.95811,21.82666]]],[[[-102.99314,21.84387],[-102.99221,21.84687],[-102.99502,21.84755],[-103.00039,21.84413],[-103.00335,21.84392],[-103.00145,21.84177],[-102.99473,21.84066],[-102.99314,21.84387]]],[[[-102.98544,21.85377],[-102.98751,21.85668],[-102.98674,21.85297],[-102.98544,21.85377]]],[[[-102.89019,21.98122],[-102.8895,21.98496],[-102.89176,21.98062],[-102.89019,21.98122]]],[[[-102.91771,21.99696],[-102.91786,21.99704],[-102.91802,21.99712],[-102.91818,21.99712],[-102.92016,21.99551],[-102.91574,21.99594],[-102.91648,21.99632],[-102.91747,21.99683],[-102.91771,21.99696]]],[[[-102.92333,21.84102],[-102.92218,21.84202],[-102.91956,21.84924],[-102.91622,21.85212],[-102.91658,21.85367],[-102.92097,21.84882],[-102.92333,21.84102]]],[[[-102.91327,21.85225],[-102.91649,21.84568],[-102.91822,21.83611],[-102.91241,21.84278],[-102.91642,21.84561],[-102.91558,21.84694],[-102.90524,21.84883],[-102.90383,21.85301],[-102.90688,21.85282],[-102.91007,21.85031],[-102.91327,21.85225]]],[[[-102.90201,21.83566],[-102.89945,21.83709],[-102.90129,21.84055],[-102.90271,21.83659],[-102.90505,21.83509],[-102.9004,21.83246],[-102.90201,21.83566]]],[[[-102.92723,21.82116],[-102.92192,21.82966],[-102.92638,21.82811],[-102.93072,21.82071],[-102.93052,21.81821],[-102.92723,21.82116]]],[[[-101.82914,22.48102],[-101.81754,22.47509],[-101.82425,22.48162],[-101.82743,22.48472],[-101.82833,22.48559],[-101.82914,22.48102]]],[[[-101.84499,22.49864],[-101.84461,22.49605],[-101.84201,22.49493],[-101.84074,22.49674],[-101.84499,22.49864]]],[[[-102.75605,21.32304],[-102.75583,21.32339],[-102.75626,21.32388],[-102.75605,21.32304]]],[[[-102.84207,21.29764],[-102.84144,21.29775],[-102.84204,21.29831],[-102.84207,21.29764]]],[[[-102.84965,21.29122],[-102.84965,21.29124],[-102.84937,21.29196],[-102.84885,21.29319],[-102.8507,21.29225],[-102.85661,21.29594],[-102.85462,21.29055],[-102.84965,21.29122]]],[[[-102.85882,21.2707],[-102.85836,21.27079],[-102.86036,21.27327],[-102.86203,21.27243],[-102.85882,21.2707]]],[[[-102.86346,21.26121],[-102.86239,21.26255],[-102.86624,21.26405],[-102.86201,21.26847],[-102.86536,21.27284],[-102.86771,21.26836],[-102.86637,21.26492],[-102.86674,21.26146],[-102.86874,21.25954],[-102.87495,21.26329],[-102.87286,21.26561],[-102.87345,21.26823],[-102.87884,21.27191],[-102.8829,21.26931],[-102.87829,21.26799],[-102.87987,21.26428],[-102.87707,21.26489],[-102.87776,21.25982],[-102.87686,21.2583],[-102.88006,21.25572],[-102.87604,21.25599],[-102.87631,21.25992],[-102.87283,21.26015],[-102.87334,21.25787],[-102.86632,21.25784],[-102.86596,21.26123],[-102.86346,21.26121]]],[[[-102.87738,21.23677],[-102.87737,21.23677],[-102.87634,21.23686],[-102.87738,21.23677]]],[[[-102.89191,21.2374],[-102.89016,21.23701],[-102.89113,21.23769],[-102.89191,21.2374]]],[[[-102.91221,21.20596],[-102.91031,21.20609],[-102.91005,21.20675],[-102.91221,21.20596]]],[[[-102.93034,21.21776],[-102.93198,21.21899],[-102.93463,21.21669],[-102.93967,21.21617],[-102.94011,21.21325],[-102.9418,21.21566],[-102.94667,21.21574],[-102.94233,21.21874],[-102.94696,21.22038],[-102.94844,21.21908],[-102.9478,21.21443],[-102.92998,21.21133],[-102.91925,21.20937],[-102.91492,21.20725],[-102.92279,21.21208],[-102.92178,21.21429],[-102.92561,21.21601],[-102.92082,21.22548],[-102.92473,21.2264],[-102.92644,21.22485],[-102.92515,21.22286],[-102.92892,21.22037],[-102.93034,21.21776]],[[-102.93034,21.21776],[-102.92963,21.21393],[-102.93249,21.2157],[-102.93034,21.21776]]],[[[-102.96734,21.24038],[-102.96723,21.23998],[-102.96575,21.24057],[-102.96575,21.24002],[-102.96547,21.23966],[-102.96475,21.23979],[-102.9645,21.23983],[-102.96491,21.23942],[-102.96521,21.23898],[-102.96536,21.23866],[-102.96549,21.23776],[-102.96455,21.23621],[-102.96303,21.23716],[-102.96366,21.24043],[-102.96631,21.24128],[-102.96734,21.24038]]],[[[-102.97113,21.24099],[-102.97018,21.24053],[-102.9701,21.24349],[-102.97438,21.24007],[-102.97113,21.24099]]],[[[-102.97956,21.24104],[-102.97966,21.2409],[-102.97943,21.2401],[-102.97905,21.23973],[-102.97856,21.24],[-102.97815,21.24051],[-102.97648,21.24026],[-102.97635,21.23984],[-102.97635,21.23982],[-102.97613,21.24023],[-102.97633,21.24185],[-102.97956,21.24104]]],[[[-103.01385,21.24421],[-103.01364,21.24512],[-103.01492,21.24771],[-103.01696,21.24748],[-103.01385,21.24421]]],[[[-102.93903,21.46312],[-102.93788,21.46174],[-102.93755,21.46107],[-102.93681,21.46086],[-102.93586,21.46063],[-102.93533,21.46026],[-102.93169,21.46307],[-102.93193,21.4606],[-102.92926,21.46137],[-102.9283,21.46392],[-102.93119,21.4631],[-102.93101,21.46557],[-102.93361,21.46635],[-102.93903,21.46312]]],[[[-102.94537,21.4804],[-102.94673,21.48203],[-102.94716,21.48254],[-102.94848,21.48378],[-102.94959,21.48375],[-102.95006,21.48117],[-102.94764,21.47965],[-102.94537,21.4804]]],[[[-102.94478,21.48373],[-102.94454,21.48357],[-102.94472,21.48542],[-102.94508,21.4851],[-102.94478,21.48373]]],[[[-102.77295,21.60382],[-102.77272,21.6036],[-102.77257,21.60618],[-102.77307,21.60405],[-102.77295,21.60382]]],[[[-102.7731,21.59344],[-102.77358,21.59299],[-102.77303,21.58924],[-102.7704,21.59267],[-102.7731,21.59344]]],[[[-102.77706,21.55828],[-102.77602,21.55787],[-102.77602,21.55795],[-102.77706,21.55828]]],[[[-102.77663,21.57754],[-102.77639,21.57653],[-102.77657,21.58077],[-102.77815,21.58069],[-102.77717,21.579],[-102.77663,21.57754]]],[[[-102.92118,21.49701],[-102.91938,21.49598],[-102.91311,21.49662],[-102.9163,21.49765],[-102.92118,21.49701]]],[[[-102.91868,21.49256],[-102.92091,21.49251],[-102.92116,21.48964],[-102.91868,21.49256]]],[[[-102.91359,21.49041],[-102.91568,21.49207],[-102.91542,21.489],[-102.91359,21.49041]]],[[[-102.81404,21.48876],[-102.8155,21.48833],[-102.81377,21.48659],[-102.81214,21.48891],[-102.81404,21.48876]]],[[[-102.87859,21.48885],[-102.88038,21.49043],[-102.88274,21.48786],[-102.88072,21.48763],[-102.87912,21.4841],[-102.87684,21.48699],[-102.87859,21.48885]]],[[[-102.86323,21.48771],[-102.86631,21.48544],[-102.86353,21.48487],[-102.86323,21.48771]]],[[[-102.82058,21.4055],[-102.82015,21.40633],[-102.82052,21.40633],[-102.82058,21.4055]]],[[[-102.82182,21.40485],[-102.82182,21.40466],[-102.82149,21.40466],[-102.82182,21.40485]]],[[[-102.82267,21.40458],[-102.82265,21.40466],[-102.82271,21.40461],[-102.82267,21.40458]]],[[[-102.8232,21.40419],[-102.82356,21.40387],[-102.82399,21.40351],[-102.82496,21.40217],[-102.82515,21.40174],[-102.82667,21.39884],[-102.82634,21.39645],[-102.82397,21.39952],[-102.82281,21.40403],[-102.8232,21.40419]]],[[[-102.83026,21.39804],[-102.83309,21.39909],[-102.83403,21.39943],[-102.83513,21.40009],[-102.83467,21.39613],[-102.83773,21.39655],[-102.83736,21.39186],[-102.83468,21.38845],[-102.83324,21.39037],[-102.82799,21.38844],[-102.82913,21.39161],[-102.8293,21.39227],[-102.82756,21.39538],[-102.83026,21.39804]]],[[[-102.85449,21.40849],[-102.85828,21.4072],[-102.85884,21.40701],[-102.8615,21.4072],[-102.8647,21.40557],[-102.86015,21.40336],[-102.85786,21.4006],[-102.86011,21.40059],[-102.86038,21.39951],[-102.85637,21.39863],[-102.85709,21.39583],[-102.86373,21.3944],[-102.86407,21.39426],[-102.86384,21.39296],[-102.86803,21.39204],[-102.86997,21.38715],[-102.87344,21.38697],[-102.87303,21.38396],[-102.86845,21.38409],[-102.86249,21.38278],[-102.86529,21.38063],[-102.86935,21.38051],[-102.8704,21.37816],[-102.86723,21.37567],[-102.86562,21.37178],[-102.86457,21.3718],[-102.8623,21.37309],[-102.86466,21.37623],[-102.86347,21.37692],[-102.85636,21.37176],[-102.85555,21.37203],[-102.86363,21.37979],[-102.86219,21.38259],[-102.86222,21.38431],[-102.85829,21.38217],[-102.8574,21.38081],[-102.85496,21.37762],[-102.85427,21.37942],[-102.8508,21.37871],[-102.85058,21.38236],[-102.84858,21.38356],[-102.84948,21.37702],[-102.84459,21.37594],[-102.84355,21.37325],[-102.8402,21.37594],[-102.84157,21.37066],[-102.84105,21.36745],[-102.8389,21.36619],[-102.8393,21.37802],[-102.8418,21.38301],[-102.84263,21.38468],[-102.84599,21.38917],[-102.84637,21.38968],[-102.84799,21.39184],[-102.84703,21.394],[-102.84263,21.39134],[-102.8418,21.39217],[-102.8447,21.40289],[-102.84389,21.40509],[-102.84061,21.4067],[-102.84268,21.41146],[-102.84855,21.41244],[-102.84817,21.4086],[-102.85282,21.40641],[-102.85449,21.40849]],[[-102.85572,21.3903],[-102.85632,21.38735],[-102.86182,21.3914],[-102.85639,21.39431],[-102.85572,21.3903]],[[-102.85149,21.38178],[-102.85389,21.3846],[-102.8527,21.38746],[-102.85149,21.38178]]],[[[-102.8804,21.36923],[-102.87848,21.36795],[-102.8743,21.36822],[-102.87634,21.36958],[-102.87108,21.37176],[-102.87023,21.37515],[-102.87501,21.37127],[-102.87784,21.37234],[-102.87326,21.37319],[-102.87287,21.37556],[-102.87527,21.37725],[-102.87607,21.37389],[-102.87836,21.37577],[-102.88137,21.37162],[-102.8804,21.36923]]],[[[-102.88551,21.36176],[-102.88543,21.36169],[-102.88235,21.36203],[-102.88081,21.36413],[-102.88646,21.36291],[-102.88551,21.36176]]],[[[-102.88259,21.35584],[-102.88031,21.35234],[-102.87675,21.35097],[-102.8782,21.35664],[-102.88149,21.35732],[-102.88259,21.35584]]],[[[-102.89851,21.34171],[-102.89865,21.34217],[-102.89863,21.34311],[-102.89699,21.34629],[-102.89709,21.3475],[-102.89798,21.3532],[-102.89275,21.35141],[-102.8907,21.35563],[-102.88717,21.35678],[-102.88621,21.36142],[-102.88697,21.36337],[-102.89878,21.36191],[-102.89982,21.36076],[-102.90447,21.36384],[-102.90504,21.36109],[-102.89852,21.35834],[-102.89864,21.35355],[-102.90117,21.35441],[-102.90207,21.35776],[-102.90356,21.35355],[-102.90017,21.35077],[-102.90091,21.34885],[-102.90526,21.35064],[-102.90423,21.34575],[-102.89913,21.34507],[-102.90449,21.3437],[-102.90363,21.34538],[-102.90725,21.34576],[-102.90643,21.34222],[-102.9107,21.34011],[-102.91139,21.3357],[-102.90927,21.33441],[-102.90774,21.33624],[-102.90649,21.33339],[-102.91197,21.32854],[-102.91181,21.32573],[-102.90706,21.32662],[-102.90531,21.3288],[-102.90932,21.32974],[-102.90344,21.33387],[-102.90302,21.33712],[-102.90533,21.3383],[-102.90397,21.3416],[-102.90107,21.33989],[-102.89851,21.34171]]],[[[-102.88458,21.3405],[-102.88764,21.34009],[-102.88483,21.33764],[-102.88458,21.3405]]],[[[-102.87807,21.36732],[-102.87144,21.35737],[-102.87115,21.35559],[-102.86762,21.35697],[-102.86861,21.35854],[-102.87133,21.35738],[-102.87182,21.35939],[-102.86646,21.35929],[-102.86654,21.35831],[-102.8614,21.36104],[-102.87046,21.36161],[-102.86826,21.36421],[-102.87056,21.36452],[-102.87272,21.36736],[-102.87669,21.36628],[-102.87807,21.36732]]],[[[-102.85228,21.35274],[-102.85576,21.35796],[-102.85686,21.35959],[-102.86183,21.36206],[-102.85931,21.36057],[-102.86163,21.36022],[-102.8623,21.35797],[-102.85598,21.35687],[-102.85391,21.35293],[-102.85228,21.35274]]],[[[-102.85515,21.3319],[-102.85055,21.33931],[-102.84668,21.34218],[-102.84945,21.349],[-102.85216,21.35259],[-102.85074,21.34677],[-102.84836,21.34509],[-102.84929,21.34161],[-102.85283,21.33988],[-102.85164,21.34243],[-102.85461,21.34226],[-102.85612,21.34027],[-102.85408,21.33889],[-102.85369,21.33544],[-102.85515,21.3319]]],[[[-102.81671,21.35172],[-102.81703,21.35164],[-102.81426,21.35115],[-102.81542,21.3515],[-102.81671,21.35172]]],[[[-102.80817,21.35435],[-102.80516,21.35387],[-102.80548,21.3551],[-102.80817,21.35435]]],[[[-102.82809,21.36412],[-102.82781,21.36304],[-102.82461,21.36634],[-102.81984,21.36742],[-102.82412,21.37467],[-102.82419,21.37464],[-102.82355,21.36872],[-102.82971,21.37272],[-102.83014,21.37219],[-102.82818,21.36447],[-102.82809,21.36412]]],[[[-102.81069,21.36517],[-102.81099,21.36636],[-102.81182,21.36719],[-102.8162,21.37034],[-102.81379,21.3628],[-102.81817,21.36248],[-102.81945,21.36648],[-102.82215,21.3658],[-102.82204,21.36275],[-102.81972,21.35998],[-102.82045,21.35799],[-102.81746,21.35607],[-102.80838,21.3549],[-102.80863,21.3572],[-102.81374,21.36278],[-102.81069,21.36517]]],[[[-102.78018,21.34467],[-102.77984,21.34388],[-102.77935,21.34428],[-102.77988,21.34471],[-102.78018,21.34467]]],[[[-102.80556,21.3554],[-102.80843,21.36079],[-102.80727,21.35486],[-102.80556,21.3554]]],[[[-102.9043,21.31709],[-102.90393,21.32109],[-102.90783,21.32015],[-102.90741,21.3187],[-102.91267,21.3157],[-102.91296,21.32109],[-102.91206,21.32387],[-102.91421,21.32401],[-102.91568,21.31524],[-102.91243,21.31341],[-102.90886,21.31572],[-102.90479,21.31509],[-102.9043,21.31709]]],[[[-102.9003,21.31028],[-102.90206,21.31422],[-102.90225,21.31453],[-102.90378,21.31644],[-102.9003,21.31028]]],[[[-102.86714,21.3224],[-102.86947,21.3198],[-102.86868,21.31726],[-102.87219,21.31809],[-102.873,21.31569],[-102.87603,21.31589],[-102.87566,21.3119],[-102.87824,21.31566],[-102.87969,21.31296],[-102.87688,21.30988],[-102.88254,21.30896],[-102.87889,21.30722],[-102.87636,21.30834],[-102.87493,21.30497],[-102.87523,21.31048],[-102.86992,21.31024],[-102.87358,21.30466],[-102.87275,21.30179],[-102.86888,21.29553],[-102.87099,21.29429],[-102.86755,21.29329],[-102.86453,21.29833],[-102.8676,21.29799],[-102.87021,21.30078],[-102.86923,21.30476],[-102.86763,21.30445],[-102.86645,21.30898],[-102.8689,21.30755],[-102.86914,21.31261],[-102.87201,21.31253],[-102.87127,21.31538],[-102.86637,21.31301],[-102.86631,21.31632],[-102.86192,21.31711],[-102.86564,21.32314],[-102.86714,21.3224]]],[[[-102.84902,21.29876],[-102.85033,21.3029],[-102.8521,21.30166],[-102.85468,21.30654],[-102.85014,21.30679],[-102.85379,21.30832],[-102.8508,21.30997],[-102.85152,21.31278],[-102.85437,21.31187],[-102.85465,21.30764],[-102.85673,21.30601],[-102.86081,21.30652],[-102.85876,21.30459],[-102.8605,21.30142],[-102.86366,21.30233],[-102.86148,21.2993],[-102.85622,21.29884],[-102.85439,21.29621],[-102.84837,21.2939],[-102.84633,21.29409],[-102.84956,21.29699],[-102.84902,21.29876]]],[[[-102.86537,21.2846],[-102.8648,21.28928],[-102.8665,21.28541],[-102.86537,21.2846]]],[[[-102.89634,21.28218],[-102.89804,21.28376],[-102.8984,21.27938],[-102.89634,21.28218]]],[[[-102.85163,21.27845],[-102.85473,21.28],[-102.85763,21.27834],[-102.85424,21.27676],[-102.85163,21.27845]]],[[[-102.87367,21.27763],[-102.87876,21.27551],[-102.87663,21.27371],[-102.87315,21.27552],[-102.87367,21.27763]]],[[[-102.88884,21.27929],[-102.89077,21.27875],[-102.88725,21.27197],[-102.88671,21.27944],[-102.88884,21.27929]]],[[[-102.89198,21.27762],[-102.8943,21.27608],[-102.89173,21.27297],[-102.88807,21.27153],[-102.89198,21.27762]]],[[[-102.89537,21.27242],[-102.89779,21.27139],[-102.89626,21.2678],[-102.89417,21.26863],[-102.89537,21.27242]]],[[[-102.9016,21.27083],[-102.90478,21.27337],[-102.90522,21.27087],[-102.90848,21.26928],[-102.90626,21.26868],[-102.90806,21.26548],[-102.90397,21.26695],[-102.90524,21.26895],[-102.89946,21.26668],[-102.9031,21.27074],[-102.9016,21.27083]]],[[[-102.9376,21.26289],[-102.9396,21.26263],[-102.93856,21.25597],[-102.9376,21.26289]]],[[[-102.92876,21.25573],[-102.92809,21.25823],[-102.93099,21.25872],[-102.93063,21.26266],[-102.93277,21.25669],[-102.92876,21.25573]]],[[[-102.90854,21.25659],[-102.90961,21.25475],[-102.90516,21.25394],[-102.90854,21.25659]]],[[[-102.87595,21.25219],[-102.8777,21.25127],[-102.88016,21.2532],[-102.88157,21.25148],[-102.87527,21.24928],[-102.87595,21.25219]]],[[[-102.92425,21.25107],[-102.92574,21.24904],[-102.92228,21.24942],[-102.92425,21.25107]]],[[[-102.88827,21.25237],[-102.8888,21.24933],[-102.88651,21.25],[-102.88827,21.25237]]],[[[-102.95713,21.26408],[-102.95864,21.26385],[-102.95833,21.25985],[-102.95624,21.25926],[-102.95556,21.25599],[-102.95785,21.25568],[-102.95077,21.25167],[-102.94903,21.2536],[-102.95197,21.2552],[-102.9517,21.25852],[-102.95588,21.25917],[-102.95713,21.26408]]],[[[-102.95044,21.26477],[-102.95502,21.26321],[-102.95258,21.26281],[-102.95044,21.26477]]],[[[-102.94617,21.26461],[-102.94822,21.26508],[-102.94706,21.25956],[-102.94887,21.26007],[-102.94975,21.25731],[-102.94472,21.25818],[-102.94617,21.26461]]],[[[-102.93172,21.26756],[-102.9349,21.26388],[-102.93149,21.26597],[-102.92634,21.26483],[-102.92676,21.26786],[-102.93172,21.26756]]],[[[-102.95,21.27712],[-102.95198,21.27481],[-102.95601,21.27337],[-102.95556,21.27034],[-102.95667,21.26555],[-102.9539,21.2641],[-102.95333,21.26765],[-102.94635,21.26731],[-102.94491,21.27226],[-102.9488,21.27205],[-102.95,21.27712]]],[[[-102.94135,21.27624],[-102.93917,21.26969],[-102.93591,21.2716],[-102.93507,21.27536],[-102.93839,21.27371],[-102.94135,21.27624]]],[[[-102.92264,21.28118],[-102.92423,21.27902],[-102.92782,21.27978],[-102.92376,21.27611],[-102.92235,21.27716],[-102.92264,21.28118]]],[[[-102.90955,21.28138],[-102.91322,21.28133],[-102.91261,21.27929],[-102.90955,21.28138]]],[[[-102.89914,21.28189],[-102.90263,21.27953],[-102.89919,21.27841],[-102.89914,21.28189]]],[[[-102.91572,21.29473],[-102.91609,21.29319],[-102.92147,21.293],[-102.91907,21.28984],[-102.92134,21.28437],[-102.92402,21.28271],[-102.92137,21.28195],[-102.91672,21.28557],[-102.91704,21.28944],[-102.913,21.29137],[-102.91572,21.29473]]],[[[-102.90891,21.30479],[-102.90583,21.30909],[-102.90803,21.30939],[-102.91108,21.30514],[-102.91041,21.30836],[-102.91395,21.30902],[-102.91461,21.30058],[-102.91711,21.30297],[-102.91953,21.30079],[-102.91458,21.30018],[-102.91423,21.29773],[-102.90905,21.29325],[-102.9109,21.29019],[-102.90677,21.28858],[-102.90544,21.28568],[-102.90354,21.2879],[-102.90865,21.28967],[-102.90767,21.29109],[-102.90909,21.29543],[-102.90737,21.29899],[-102.91146,21.29966],[-102.90891,21.30479]]],[[[-102.88337,21.30512],[-102.88749,21.30443],[-102.88713,21.30284],[-102.88337,21.30512]]],[[[-102.95438,21.29637],[-102.95727,21.29489],[-102.95625,21.28971],[-102.95492,21.29093],[-102.95227,21.28591],[-102.95028,21.28468],[-102.95028,21.28931],[-102.94222,21.28888],[-102.94443,21.29142],[-102.94685,21.29181],[-102.94798,21.28975],[-102.94965,21.2939],[-102.95438,21.29637]]],[[[-102.9273,21.29334],[-102.92964,21.29274],[-102.92795,21.28755],[-102.9257,21.29059],[-102.92833,21.29045],[-102.9273,21.29334]]],[[[-102.92407,21.28694],[-102.92381,21.29011],[-102.92605,21.28507],[-102.92239,21.28479],[-102.92407,21.28694]]],[[[-102.9283,21.28342],[-102.92874,21.27992],[-102.92534,21.28118],[-102.9283,21.28342]]],[[[-102.93592,21.28435],[-102.94,21.28398],[-102.93896,21.28256],[-102.93592,21.28435]]],[[[-102.93101,21.28957],[-102.93177,21.28557],[-102.92902,21.28717],[-102.93101,21.28957]]],[[[-102.97151,21.30414],[-102.96958,21.30035],[-102.967,21.301],[-102.96352,21.29921],[-102.9631,21.30062],[-102.96945,21.30217],[-102.97151,21.30414]]],[[[-102.9683,21.30745],[-102.97105,21.30553],[-102.96485,21.30428],[-102.9683,21.30745]]],[[[-102.93386,21.30457],[-102.93645,21.30851],[-102.94087,21.30764],[-102.93589,21.29889],[-102.93436,21.30086],[-102.931,21.30065],[-102.92743,21.3025],[-102.93128,21.30572],[-102.93386,21.30457]]],[[[-102.91764,21.30413],[-102.91806,21.30619],[-102.92192,21.30425],[-102.91966,21.30267],[-102.91764,21.30413]]],[[[-102.95082,21.27946],[-102.95727,21.27495],[-102.95552,21.27382],[-102.95087,21.27754],[-102.95082,21.27946]]],[[[-102.95887,21.26945],[-102.96137,21.26883],[-102.95822,21.2667],[-102.95887,21.26945]]],[[[-102.9702,21.24864],[-102.97121,21.24572],[-102.96911,21.24644],[-102.9702,21.24864]]],[[[-102.92489,21.26032],[-102.9243,21.25841],[-102.9206,21.25847],[-102.92233,21.26102],[-102.92489,21.26032]]],[[[-102.95315,21.31283],[-102.95556,21.31233],[-102.94907,21.31093],[-102.94848,21.31222],[-102.95315,21.31283]]],[[[-102.92206,21.32011],[-102.92325,21.32052],[-102.92342,21.32033],[-102.9238,21.31674],[-102.92255,21.31519],[-102.92112,21.31775],[-102.92206,21.32011]]],[[[-102.93247,21.31707],[-102.9329,21.3171],[-102.93772,21.31575],[-102.94148,21.31747],[-102.94538,21.31739],[-102.94535,21.31549],[-102.93933,21.31416],[-102.93685,21.31528],[-102.93113,21.31439],[-102.92985,21.31158],[-102.92684,21.31319],[-102.92669,21.31585],[-102.92779,21.31619],[-102.92996,21.31541],[-102.93247,21.31707]]],[[[-102.94804,21.32568],[-102.9487,21.32464],[-102.94943,21.32164],[-102.9447,21.32396],[-102.94471,21.32782],[-102.94699,21.32732],[-102.94776,21.32611],[-102.94804,21.32568]]],[[[-102.86176,21.33404],[-102.86075,21.33149],[-102.85903,21.33394],[-102.86142,21.33645],[-102.86176,21.33404]]],[[[-102.9144,21.34506],[-102.91436,21.34508],[-102.91388,21.34456],[-102.91262,21.34316],[-102.91004,21.34154],[-102.90953,21.3501],[-102.91114,21.34782],[-102.91546,21.3457],[-102.91832,21.34565],[-102.91891,21.34794],[-102.91608,21.34825],[-102.91709,21.34968],[-102.91983,21.34882],[-102.92354,21.35044],[-102.92281,21.34708],[-102.92049,21.34889],[-102.91906,21.34784],[-102.92001,21.34479],[-102.91677,21.34171],[-102.91752,21.33615],[-102.91669,21.33694],[-102.91604,21.34166],[-102.91727,21.34397],[-102.9144,21.34506]]],[[[-102.92703,21.34979],[-102.93007,21.34921],[-102.92617,21.34749],[-102.92703,21.34979]]],[[[-102.92799,21.3546],[-102.92693,21.35195],[-102.92421,21.35322],[-102.92799,21.3546]]],[[[-102.89022,21.37203],[-102.89223,21.37463],[-102.8922,21.37143],[-102.89534,21.37225],[-102.89859,21.37099],[-102.89511,21.36775],[-102.89401,21.37032],[-102.89119,21.36868],[-102.89022,21.37203]]],[[[-102.88537,21.38327],[-102.88577,21.38887],[-102.88859,21.38656],[-102.89084,21.38173],[-102.88979,21.37786],[-102.88753,21.3795],[-102.88422,21.37953],[-102.88537,21.38327]]],[[[-102.87255,21.37878],[-102.87346,21.37992],[-102.87373,21.38025],[-102.87539,21.38233],[-102.87767,21.38039],[-102.87255,21.37878]]],[[[-102.88709,21.39789],[-102.88765,21.3977],[-102.8899,21.39442],[-102.87993,21.38861],[-102.881,21.3869],[-102.87819,21.38586],[-102.87865,21.38125],[-102.87549,21.38246],[-102.87598,21.38328],[-102.87644,21.38708],[-102.87479,21.39179],[-102.87643,21.39134],[-102.87653,21.39494],[-102.87913,21.39752],[-102.8808,21.39436],[-102.88709,21.39789]]],[[[-102.89185,21.39561],[-102.89371,21.39385],[-102.88921,21.39165],[-102.89185,21.39561]]],[[[-102.88034,21.40853],[-102.8826,21.40683],[-102.88085,21.40262],[-102.87869,21.40513],[-102.88034,21.40853]]],[[[-102.88534,21.42575],[-102.88404,21.4245],[-102.8839,21.42897],[-102.88815,21.43296],[-102.88949,21.43217],[-102.89277,21.43583],[-102.89555,21.43718],[-102.89714,21.43753],[-102.89718,21.43565],[-102.89719,21.43534],[-102.8972,21.435],[-102.8945,21.43146],[-102.89309,21.43054],[-102.88709,21.4292],[-102.88652,21.42688],[-102.88578,21.42617],[-102.88534,21.42575]]],[[[-102.88892,21.47209],[-102.88896,21.47192],[-102.88897,21.47187],[-102.8893,21.47025],[-102.88699,21.46802],[-102.88186,21.47218],[-102.87971,21.47242],[-102.87696,21.47015],[-102.87861,21.47672],[-102.88348,21.47165],[-102.88604,21.47084],[-102.88736,21.47332],[-102.88487,21.47316],[-102.88415,21.47626],[-102.88934,21.47502],[-102.88871,21.4731],[-102.88892,21.47209]]],[[[-102.93822,21.48156],[-102.93458,21.48086],[-102.93291,21.48259],[-102.93095,21.48856],[-102.93389,21.48422],[-102.93801,21.48425],[-102.93822,21.48156]]],[[[-102.93549,21.47023],[-102.93717,21.47281],[-102.9381,21.46978],[-102.93549,21.47023]]],[[[-102.93092,21.47128],[-102.93171,21.47045],[-102.93214,21.46754],[-102.93011,21.46867],[-102.93092,21.47128]]],[[[-102.87374,21.48014],[-102.8752,21.48205],[-102.87769,21.48033],[-102.87597,21.47839],[-102.87374,21.48014]]],[[[-102.89792,21.48611],[-102.90037,21.48405],[-102.89701,21.48419],[-102.89792,21.48611]]],[[[-102.94154,21.4868],[-102.94008,21.48439],[-102.93786,21.4865],[-102.93879,21.48825],[-102.94154,21.4868]]],[[[-102.87881,21.52017],[-102.87938,21.52186],[-102.88391,21.51477],[-102.88763,21.51176],[-102.88468,21.5096],[-102.88208,21.5123],[-102.88192,21.51523],[-102.87621,21.51922],[-102.87881,21.52017]]],[[[-102.88254,21.52107],[-102.88296,21.52151],[-102.88512,21.52202],[-102.88606,21.51914],[-102.88254,21.52107]]],[[[-102.86862,21.5271],[-102.87028,21.52698],[-102.87186,21.52184],[-102.86853,21.52532],[-102.86862,21.5271]]],[[[-102.84099,21.53893],[-102.84247,21.53502],[-102.83936,21.53613],[-102.83719,21.53422],[-102.83669,21.53722],[-102.84099,21.53893]]],[[[-102.85012,21.54481],[-102.85141,21.54377],[-102.84859,21.54167],[-102.85012,21.54481]]],[[[-102.81702,21.54733],[-102.81883,21.54554],[-102.81499,21.54587],[-102.81702,21.54733]]],[[[-102.84245,21.55764],[-102.84702,21.55568],[-102.84247,21.55466],[-102.8402,21.55298],[-102.84245,21.55764]]],[[[-102.82237,21.55993],[-102.82477,21.55817],[-102.82135,21.55715],[-102.82237,21.55993]]],[[[-102.85278,21.56038],[-102.85254,21.5619],[-102.85725,21.56263],[-102.85278,21.56038]]],[[[-102.84028,21.56738],[-102.83803,21.56496],[-102.83647,21.56658],[-102.84028,21.56738]]],[[[-102.82127,21.56816],[-102.8217,21.5676],[-102.82211,21.56706],[-102.82127,21.56816]]],[[[-102.81474,21.56491],[-102.81839,21.56283],[-102.81544,21.56253],[-102.81474,21.56491]]],[[[-103.02429,21.25755],[-103.02577,21.25644],[-103.02364,21.25492],[-103.02464,21.25329],[-103.02311,21.25349],[-103.02108,21.2485],[-103.01746,21.25193],[-103.02093,21.25414],[-103.02352,21.25417],[-103.02136,21.25695],[-103.02429,21.25755]]],[[[-102.8855,21.23774],[-102.88879,21.23786],[-102.88688,21.23566],[-102.8855,21.23774]]],[[[-102.92262,21.23865],[-102.92744,21.23633],[-102.93193,21.23669],[-102.93485,21.23352],[-102.93129,21.233],[-102.93048,21.23516],[-102.92489,21.23552],[-102.92253,21.23173],[-102.91654,21.23419],[-102.91837,21.23756],[-102.92141,21.23648],[-102.92262,21.23865]]],[[[-102.91975,21.21917],[-102.92149,21.21795],[-102.91947,21.21626],[-102.91715,21.21838],[-102.91975,21.21917]]],[[[-103.12021,21.32174],[-103.11947,21.32549],[-103.12217,21.32721],[-103.12532,21.32712],[-103.12963,21.32928],[-103.12715,21.33171],[-103.13173,21.33424],[-103.13936,21.33494],[-103.1402,21.33373],[-103.14051,21.33363],[-103.13968,21.33074],[-103.14121,21.32848],[-103.14241,21.32713],[-103.14428,21.32712],[-103.14434,21.32709],[-103.14551,21.32634],[-103.14622,21.32209],[-103.15406,21.31114],[-103.15296,21.31071],[-103.14968,21.31499],[-103.1434,21.31629],[-103.13651,21.31409],[-103.13454,21.31635],[-103.13418,21.31241],[-103.13226,21.3123],[-103.1306,21.30668],[-103.12743,21.30636],[-103.12585,21.31027],[-103.12943,21.31153],[-103.1279,21.31264],[-103.12823,21.31895],[-103.12409,21.3161],[-103.12021,21.32174]]],[[[-103.11341,21.31053],[-103.11124,21.31506],[-103.11274,21.31719],[-103.11298,21.3177],[-103.11308,21.3178],[-103.1135,21.3183],[-103.1142,21.31952],[-103.11452,21.32009],[-103.11462,21.32012],[-103.11796,21.31486],[-103.11807,21.31163],[-103.11588,21.30984],[-103.11341,21.31053]]],[[[-103.10996,21.30187],[-103.10988,21.30157],[-103.11332,21.30039],[-103.11131,21.29582],[-103.11495,21.29735],[-103.11984,21.29782],[-103.12008,21.29583],[-103.10996,21.29237],[-103.11546,21.28988],[-103.11566,21.28518],[-103.11291,21.28643],[-103.1074,21.2845],[-103.1071,21.28207],[-103.10466,21.28376],[-103.10982,21.28579],[-103.10646,21.28639],[-103.1025,21.28328],[-103.09499,21.28882],[-103.09671,21.29176],[-103.10135,21.28956],[-103.10065,21.29245],[-103.10465,21.29408],[-103.1045,21.29521],[-103.10414,21.29563],[-103.10294,21.29626],[-103.10438,21.30068],[-103.10726,21.2969],[-103.11021,21.29776],[-103.10961,21.30095],[-103.10885,21.30289],[-103.11094,21.30411],[-103.10996,21.30187]]],[[[-103.09733,21.09834],[-103.09528,21.10031],[-103.09512,21.10046],[-103.09163,21.10553],[-103.09122,21.10702],[-103.09282,21.10754],[-103.09679,21.10765],[-103.09896,21.1022],[-103.09956,21.09823],[-103.10129,21.0961],[-103.10197,21.09837],[-103.10581,21.10251],[-103.10993,21.10185],[-103.11353,21.10417],[-103.1171,21.10261],[-103.11148,21.09852],[-103.11399,21.09839],[-103.11399,21.09627],[-103.11866,21.0956],[-103.11916,21.09928],[-103.12108,21.09642],[-103.12111,21.1003],[-103.12275,21.09628],[-103.12637,21.0933],[-103.13198,21.08717],[-103.13326,21.08978],[-103.1387,21.09238],[-103.1418,21.0901],[-103.14415,21.09248],[-103.1433,21.09448],[-103.1378,21.09531],[-103.13773,21.0983],[-103.14243,21.09865],[-103.14352,21.09655],[-103.1457,21.09822],[-103.14613,21.0958],[-103.1502,21.09401],[-103.15288,21.0911],[-103.15328,21.09442],[-103.15179,21.09808],[-103.14603,21.09924],[-103.14468,21.10379],[-103.14732,21.10389],[-103.14851,21.10088],[-103.15168,21.10163],[-103.15249,21.1012],[-103.15873,21.10628],[-103.15868,21.10744],[-103.16217,21.10704],[-103.1625,21.10489],[-103.16075,21.10235],[-103.16126,21.08955],[-103.15871,21.0869],[-103.15872,21.08382],[-103.15654,21.08438],[-103.15713,21.08096],[-103.15482,21.08227],[-103.15786,21.07566],[-103.16151,21.07368],[-103.16141,21.07201],[-103.16075,21.07174],[-103.15972,21.07078],[-103.15855,21.07071],[-103.15598,21.07065],[-103.15399,21.07396],[-103.1481,21.07555],[-103.1499,21.08052],[-103.15045,21.08529],[-103.14672,21.08267],[-103.14574,21.08386],[-103.14047,21.08231],[-103.14115,21.07981],[-103.13863,21.07933],[-103.1373,21.07654],[-103.13609,21.07841],[-103.13449,21.074],[-103.13566,21.0723],[-103.13279,21.07371],[-103.13502,21.08078],[-103.13739,21.08127],[-103.13693,21.08427],[-103.13384,21.08298],[-103.13116,21.0841],[-103.13052,21.08088],[-103.12798,21.08204],[-103.13042,21.08324],[-103.12904,21.08672],[-103.12592,21.08846],[-103.11702,21.0891],[-103.11281,21.09311],[-103.1065,21.09548],[-103.10244,21.09408],[-103.09974,21.09496],[-103.09737,21.0983],[-103.09733,21.09834]]],[[[-103.12912,21.10211],[-103.13678,21.10517],[-103.14211,21.10369],[-103.13824,21.10127],[-103.13737,21.09852],[-103.13544,21.09916],[-103.13084,21.09665],[-103.12808,21.10194],[-103.12912,21.10211]]],[[[-103.12132,21.10693],[-103.12504,21.10605],[-103.12222,21.10192],[-103.11992,21.10056],[-103.11451,21.10532],[-103.11063,21.10404],[-103.11016,21.10674],[-103.10632,21.10492],[-103.10596,21.10807],[-103.11252,21.10913],[-103.11443,21.10648],[-103.11921,21.10656],[-103.1199,21.1031],[-103.12202,21.10306],[-103.12132,21.10693]]],[[[-103.12067,21.1095],[-103.11955,21.10746],[-103.11598,21.11204],[-103.11722,21.11308],[-103.12067,21.1095]]],[[[-103.20782,21.33394],[-103.21088,21.33207],[-103.21066,21.32954],[-103.21495,21.33213],[-103.21601,21.32949],[-103.21172,21.32661],[-103.21561,21.32321],[-103.21178,21.32169],[-103.21016,21.32583],[-103.21076,21.31745],[-103.20923,21.31518],[-103.20704,21.31945],[-103.20803,21.32369],[-103.20442,21.32699],[-103.20604,21.32982],[-103.20932,21.33103],[-103.20782,21.33394]]],[[[-103.15938,21.29589],[-103.15623,21.29858],[-103.15267,21.30049],[-103.14832,21.29769],[-103.15237,21.30234],[-103.15246,21.30494],[-103.14873,21.30318],[-103.14896,21.30613],[-103.15356,21.3074],[-103.15408,21.30872],[-103.1599,21.3059],[-103.16135,21.30074],[-103.15938,21.29589]]],[[[-103.13086,21.29078],[-103.13011,21.29047],[-103.12752,21.29103],[-103.126,21.2935],[-103.12793,21.29429],[-103.13008,21.29225],[-103.13398,21.29209],[-103.13145,21.29103],[-103.13086,21.29078]]],[[[-103.11604,21.28861],[-103.11682,21.29],[-103.12062,21.28725],[-103.11594,21.28699],[-103.11604,21.28861]]],[[[-103.11324,21.28001],[-103.11605,21.27627],[-103.11136,21.27461],[-103.11137,21.27214],[-103.10867,21.27296],[-103.11324,21.28001]]],[[[-103.10981,21.26821],[-103.11376,21.26732],[-103.11225,21.26602],[-103.10981,21.26821]]],[[[-103.09758,21.26919],[-103.09803,21.2682],[-103.09721,21.26552],[-103.09847,21.26053],[-103.09546,21.25752],[-103.0933,21.25848],[-103.0894,21.25722],[-103.09147,21.26207],[-103.09009,21.26496],[-103.09758,21.26919]]],[[[-103.10646,21.24561],[-103.10913,21.24851],[-103.11073,21.2461],[-103.1082,21.24405],[-103.10646,21.24561]]],[[[-103.21119,21.2368],[-103.21037,21.23823],[-103.21243,21.24319],[-103.2148,21.24257],[-103.21377,21.23853],[-103.21698,21.23831],[-103.21456,21.23642],[-103.21119,21.2368]]],[[[-103.20573,21.2325],[-103.21122,21.23656],[-103.21492,21.23285],[-103.21159,21.23405],[-103.20573,21.2325]]],[[[-103.20399,21.24968],[-103.20755,21.24742],[-103.2109,21.24706],[-103.2087,21.24491],[-103.20494,21.24557],[-103.20399,21.24968]]],[[[-103.1932,21.25858],[-103.19662,21.25851],[-103.19698,21.25851],[-103.19922,21.25913],[-103.19552,21.25438],[-103.19667,21.25184],[-103.19372,21.25293],[-103.19234,21.2568],[-103.1932,21.25858]]],[[[-103.22696,21.27331],[-103.22891,21.27191],[-103.22695,21.27109],[-103.22415,21.26711],[-103.21921,21.26498],[-103.21991,21.267],[-103.22342,21.26709],[-103.22696,21.27331]]],[[[-103.22165,21.28606],[-103.22148,21.28583],[-103.22116,21.2854],[-103.21799,21.28388],[-103.21762,21.28377],[-103.21591,21.28248],[-103.21213,21.27925],[-103.21608,21.28665],[-103.21213,21.28939],[-103.21509,21.29153],[-103.21587,21.28963],[-103.22363,21.28875],[-103.2227,21.28748],[-103.22165,21.28606]]],[[[-103.23955,21.25734],[-103.23942,21.25856],[-103.24416,21.26119],[-103.23955,21.25734]]],[[[-103.11626,21.21506],[-103.11391,21.2156],[-103.113,21.21723],[-103.11409,21.21816],[-103.11785,21.21896],[-103.1199,21.21982],[-103.12212,21.21996],[-103.11626,21.21506]]],[[[-103.16458,21.18097],[-103.16526,21.18019],[-103.16031,21.17785],[-103.16458,21.18097]]],[[[-103.14528,21.16251],[-103.1453,21.15542],[-103.1442,21.15232],[-103.14531,21.14735],[-103.14293,21.14666],[-103.14107,21.14726],[-103.14397,21.15032],[-103.14299,21.15274],[-103.14005,21.15066],[-103.14185,21.15494],[-103.14342,21.15927],[-103.1424,21.16008],[-103.14342,21.16435],[-103.14528,21.16251]]],[[[-103.09382,21.16036],[-103.09567,21.16322],[-103.09951,21.16006],[-103.09717,21.15617],[-103.09318,21.15843],[-103.09382,21.16036]]],[[[-103.09793,21.15248],[-103.09996,21.15506],[-103.1011,21.15218],[-103.09978,21.14666],[-103.09616,21.14706],[-103.09793,21.15248]]],[[[-103.12981,21.14628],[-103.13101,21.14918],[-103.13284,21.1472],[-103.12981,21.14628]]],[[[-103.17792,21.13326],[-103.18021,21.13267],[-103.17865,21.12977],[-103.17792,21.13326]]],[[[-103.17201,21.11674],[-103.17185,21.11685],[-103.16867,21.12119],[-103.16747,21.12519],[-103.17164,21.12691],[-103.1741,21.12172],[-103.17041,21.12123],[-103.17162,21.11942],[-103.17459,21.11974],[-103.17201,21.11674]]],[[[-103.10481,21.11872],[-103.10751,21.11981],[-103.10826,21.11554],[-103.10414,21.11644],[-103.10481,21.11872]]],[[[-103.09542,21.11772],[-103.09654,21.11605],[-103.09242,21.11492],[-103.09542,21.11772]]],[[[-103.15148,21.06625],[-103.15106,21.06563],[-103.15091,21.06554],[-103.15145,21.06633],[-103.15148,21.06625]]],[[[-103.08065,21.09021],[-103.07916,21.09066],[-103.0768,21.09272],[-103.07522,21.09496],[-103.07595,21.09838],[-103.08698,21.09447],[-103.09198,21.09356],[-103.09033,21.09107],[-103.08724,21.09132],[-103.08204,21.09367],[-103.08065,21.09021]]],[[[-103.1205,21.0785],[-103.11949,21.08009],[-103.12277,21.08212],[-103.12667,21.08073],[-103.12128,21.08008],[-103.1205,21.0785]]],[[[-103.10926,21.09284],[-103.11325,21.09241],[-103.11176,21.08957],[-103.10926,21.09284]]],[[[-103.12872,21.06934],[-103.12852,21.07097],[-103.13298,21.06967],[-103.12872,21.06934]]],[[[-103.13304,21.05963],[-103.13239,21.05912],[-103.13166,21.06086],[-103.13304,21.05963]]],[[[-103.13224,21.05828],[-103.13156,21.05828],[-103.13239,21.05912],[-103.13239,21.05864],[-103.13224,21.05828]]],[[[-103.13143,21.05745],[-103.13031,21.05745],[-103.12906,21.05762],[-103.12906,21.05828],[-103.13156,21.05828],[-103.13154,21.05745],[-103.13143,21.05745]]],[[[-103.1249,21.06158],[-103.12383,21.06138],[-103.12298,21.06241],[-103.12516,21.06225],[-103.1249,21.06158]]],[[[-103.30519,21.91294],[-103.30314,21.91168],[-103.3014,21.91229],[-103.29952,21.91671],[-103.29646,21.91706],[-103.29826,21.91924],[-103.30209,21.9209],[-103.30431,21.9199],[-103.30642,21.92225],[-103.30985,21.92037],[-103.30915,21.91864],[-103.30624,21.9193],[-103.30037,21.91721],[-103.30108,21.91557],[-103.30659,21.91701],[-103.30714,21.91608],[-103.30149,21.91454],[-103.30519,21.91294]]],[[[-103.30159,21.90212],[-103.30158,21.90201],[-103.30134,21.90167],[-103.29733,21.89849],[-103.29392,21.90008],[-103.29705,21.90489],[-103.30159,21.90212]]],[[[-103.32932,21.94089],[-103.32806,21.94172],[-103.32896,21.94293],[-103.33181,21.94385],[-103.33236,21.94292],[-103.33167,21.9403],[-103.32932,21.94089]]],[[[-103.32686,21.9407],[-103.32723,21.94088],[-103.32738,21.93985],[-103.32686,21.9407]]],[[[-103.31764,21.92082],[-103.31807,21.92423],[-103.31878,21.92435],[-103.3208,21.92302],[-103.31764,21.92082]]],[[[-103.30247,21.90994],[-103.30243,21.90957],[-103.3024,21.90933],[-103.30233,21.90875],[-103.30226,21.90812],[-103.30216,21.90724],[-103.29876,21.90776],[-103.30252,21.91046],[-103.30248,21.91009],[-103.30247,21.90994]]],[[[-103.31546,21.93252],[-103.31557,21.93256],[-103.31544,21.9323],[-103.31546,21.93252]]],[[[-103.26971,21.29068],[-103.26914,21.29141],[-103.26831,21.29229],[-103.26696,21.29333],[-103.26654,21.29598],[-103.26769,21.29753],[-103.27427,21.29049],[-103.27095,21.28907],[-103.27038,21.28981],[-103.26971,21.29068]]],[[[-103.31534,21.26682],[-103.31579,21.26523],[-103.31399,21.26277],[-103.31155,21.26492],[-103.31449,21.26949],[-103.31484,21.27264],[-103.31666,21.2705],[-103.31612,21.26898],[-103.31534,21.26682]]],[[[-103.32363,21.26132],[-103.32541,21.25846],[-103.32256,21.25746],[-103.32418,21.25387],[-103.31935,21.25747],[-103.32241,21.25839],[-103.32363,21.26132]]],[[[-103.31625,21.25482],[-103.31411,21.25697],[-103.31658,21.25719],[-103.31877,21.25326],[-103.31625,21.25482]]],[[[-103.23709,21.23242],[-103.23651,21.23492],[-103.24425,21.23349],[-103.23918,21.23027],[-103.23709,21.23242]]],[[[-103.34322,21.20491],[-103.34213,21.20618],[-103.34604,21.2063],[-103.34591,21.20522],[-103.34322,21.20491]]],[[[-102.23446,25.04634],[-102.2345,25.04459],[-102.23063,25.04327],[-102.2298,25.04582],[-102.23446,25.04634]]],[[[-102.2305,24.99233],[-102.23108,24.99376],[-102.23273,24.99573],[-102.23594,24.99474],[-102.24041,24.99101],[-102.23829,24.98682],[-102.2318,24.98794],[-102.233,24.99102],[-102.2305,24.99233]]],[[[-102.24135,24.98892],[-102.24207,24.99314],[-102.24533,24.99056],[-102.24784,24.98558],[-102.24662,24.98264],[-102.24552,24.98512],[-102.24083,24.98575],[-102.24135,24.98892]]],[[[-102.31178,24.98454],[-102.31167,24.98448],[-102.31111,24.98432],[-102.31059,24.9849],[-102.30946,24.98981],[-102.31361,24.99178],[-102.3129,24.98593],[-102.31178,24.98454]]],[[[-102.22899,24.99741],[-102.22988,25.00086],[-102.23122,24.99905],[-102.22899,24.99741]]],[[[-102.24271,25.04024],[-102.24449,25.04096],[-102.24482,25.03775],[-102.24271,25.04024]]],[[[-102.31964,24.13921],[-102.31914,24.13867],[-102.31892,24.13832],[-102.31869,24.13806],[-102.318,24.13702],[-102.31634,24.138],[-102.31757,24.14091],[-102.31989,24.13959],[-102.31982,24.13951],[-102.31964,24.13921]]],[[[-102.5955,24.41078],[-102.59519,24.40943],[-102.57806,24.40843],[-102.57794,24.41016],[-102.59243,24.41067],[-102.59411,24.41073],[-102.5955,24.41078]]],[[[-102.31888,24.92053],[-102.31725,24.92352],[-102.31573,24.92182],[-102.31613,24.91516],[-102.31581,24.91988],[-102.31416,24.92114],[-102.31512,24.92525],[-102.31752,24.92592],[-102.31888,24.92053]]],[[[-102.31705,24.89805],[-102.31983,24.89361],[-102.32033,24.88925],[-102.31683,24.89363],[-102.31705,24.89805]]],[[[-102.30579,24.90744],[-102.30894,24.90717],[-102.30649,24.90432],[-102.30579,24.90744]]],[[[-102.30149,24.9064],[-102.30612,24.90323],[-102.30294,24.90257],[-102.30149,24.9064]]],[[[-102.4046,24.84121],[-102.40805,24.83894],[-102.40569,24.83831],[-102.4046,24.84121]]],[[[-102.39064,24.83754],[-102.39413,24.8384],[-102.3947,24.83567],[-102.38964,24.83462],[-102.39064,24.83754]]],[[[-102.38674,24.84838],[-102.38949,24.8488],[-102.38828,24.84658],[-102.38674,24.84838]]],[[[-102.37221,24.85612],[-102.37393,24.85359],[-102.37142,24.85344],[-102.37221,24.85612]]],[[[-102.38882,24.86258],[-102.38725,24.86559],[-102.39051,24.86322],[-102.38882,24.86258]]],[[[-102.40975,24.87053],[-102.41142,24.87347],[-102.41349,24.87262],[-102.41081,24.86926],[-102.40975,24.87053]]],[[[-102.30999,24.8653],[-102.30933,24.86744],[-102.3132,24.86773],[-102.30999,24.8653]]],[[[-102.41863,24.87697],[-102.42027,24.87661],[-102.41716,24.87331],[-102.41863,24.87697]]],[[[-102.43178,24.88066],[-102.43058,24.87869],[-102.4301,24.87845],[-102.42957,24.8782],[-102.42849,24.87767],[-102.42574,24.87626],[-102.42436,24.87833],[-102.43144,24.88192],[-102.43178,24.88066]]],[[[-102.29588,24.80345],[-102.29911,24.80267],[-102.29843,24.80095],[-102.29378,24.80215],[-102.29588,24.80345]]],[[[-102.27421,24.802],[-102.27969,24.80162],[-102.27401,24.80049],[-102.27421,24.802]]],[[[-102.24734,24.7748],[-102.25121,24.77506],[-102.25152,24.77364],[-102.24734,24.7748]]],[[[-102.29536,24.77244],[-102.29159,24.7731],[-102.29077,24.77167],[-102.29015,24.77449],[-102.29536,24.77244]]],[[[-102.26241,24.75549],[-102.26087,24.75355],[-102.25816,24.75814],[-102.26023,24.7587],[-102.26241,24.75549]]],[[[-102.17999,24.72829],[-102.17985,24.72856],[-102.18077,24.72902],[-102.17999,24.72829]]],[[[-101.94333,24.71146],[-101.94816,24.71501],[-101.94988,24.71864],[-101.95262,24.71753],[-101.95172,24.71526],[-101.95327,24.7119],[-101.94606,24.70942],[-101.94333,24.71146]]],[[[-102.13154,24.68183],[-102.1328,24.68045],[-102.12944,24.67963],[-102.13154,24.68183]]],[[[-102.09805,24.6775],[-102.09963,24.67587],[-102.09843,24.67306],[-102.09649,24.6733],[-102.09805,24.6775]]],[[[-101.53218,24.65148],[-101.52991,24.65045],[-101.52797,24.65102],[-101.52911,24.65165],[-101.53001,24.65216],[-101.5306,24.65249],[-101.53218,24.65148]]],[[[-101.828,24.65479],[-101.82517,24.65216],[-101.82346,24.64676],[-101.81997,24.6461],[-101.82032,24.65128],[-101.82499,24.65182],[-101.81544,24.65492],[-101.81871,24.65769],[-101.828,24.65479]]],[[[-102.09767,24.65075],[-102.09856,24.64815],[-102.09586,24.64962],[-102.09767,24.65075]]],[[[-102.10681,24.65234],[-102.10732,24.65342],[-102.11142,24.65099],[-102.10681,24.65234]]],[[[-102.14105,24.65069],[-102.14085,24.65283],[-102.14458,24.6521],[-102.14369,24.64934],[-102.14105,24.65069]]],[[[-102.11999,24.65046],[-102.12408,24.64925],[-102.1224,24.6466],[-102.1196,24.64856],[-102.11999,24.65046]]],[[[-102.13402,24.64875],[-102.13174,24.64722],[-102.13024,24.64867],[-102.13402,24.64875]]],[[[-102.10708,24.64524],[-102.10654,24.64228],[-102.10391,24.64364],[-102.10708,24.64524]]],[[[-102.12341,24.64036],[-102.12772,24.63719],[-102.13593,24.63631],[-102.13415,24.6351],[-102.1268,24.63579],[-102.12199,24.6385],[-102.12341,24.64036]]],[[[-102.08185,24.59905],[-102.08508,24.59587],[-102.08337,24.59533],[-102.08185,24.59905]]],[[[-102.12101,24.61542],[-102.12349,24.61414],[-102.1245,24.6122],[-102.12083,24.61302],[-102.12101,24.61542]]],[[[-102.10217,24.62656],[-102.09992,24.6305],[-102.10479,24.62785],[-102.1045,24.62501],[-102.10062,24.62295],[-102.09864,24.62514],[-102.10217,24.62656]]],[[[-101.94886,24.62626],[-101.94687,24.63029],[-101.95232,24.62848],[-101.95174,24.62537],[-101.94886,24.62626]]],[[[-102.24878,24.65529],[-102.24882,24.65529],[-102.24896,24.65484],[-102.24896,24.65442],[-102.24813,24.65446],[-102.2484,24.65529],[-102.24878,24.65529]]],[[[-102.14262,24.67465],[-102.14221,24.67605],[-102.14758,24.67527],[-102.14776,24.6726],[-102.14262,24.67465]]],[[[-102.11789,24.67497],[-102.11895,24.67369],[-102.11852,24.66868],[-102.11441,24.66978],[-102.11472,24.67608],[-102.11789,24.67497]]],[[[-102.14616,24.67147],[-102.15136,24.67098],[-102.14977,24.66798],[-102.14528,24.66896],[-102.14616,24.67147]]],[[[-102.15052,24.66673],[-102.15357,24.66672],[-102.15184,24.66382],[-102.14953,24.66473],[-102.15052,24.66673]]],[[[-102.09085,24.65958],[-102.085,24.65962],[-102.08708,24.66173],[-102.09162,24.6621],[-102.09085,24.65958]]],[[[-102.15474,24.66594],[-102.15722,24.66588],[-102.15593,24.66285],[-102.15474,24.66594]]],[[[-102.16138,24.6789],[-102.16119,24.67527],[-102.15493,24.67673],[-102.1552,24.67831],[-102.16138,24.6789]]],[[[-102.15092,24.68262],[-102.15172,24.68472],[-102.15645,24.68207],[-102.15311,24.67914],[-102.15092,24.68262]]],[[[-102.26992,24.70246],[-102.26858,24.70315],[-102.26951,24.70467],[-102.27278,24.70339],[-102.26992,24.70246]]],[[[-102.10676,24.68567],[-102.10729,24.68568],[-102.10774,24.68569],[-102.10888,24.68669],[-102.10863,24.68301],[-102.10676,24.68567]]],[[[-102.11696,24.68505],[-102.12007,24.68405],[-102.11686,24.68331],[-102.11696,24.68505]]],[[[-102.10857,24.62383],[-102.1116,24.62287],[-102.11268,24.61817],[-102.10913,24.61933],[-102.10857,24.62383]]],[[[-102.09287,24.61586],[-102.08815,24.61652],[-102.09171,24.61725],[-102.09287,24.61586]]],[[[-101.95304,24.59009],[-101.95415,24.59184],[-101.95449,24.58684],[-101.95304,24.59009]]],[[[-102.03858,24.58155],[-102.03865,24.5822],[-102.03651,24.58632],[-102.03893,24.58675],[-102.04169,24.58251],[-102.03858,24.58155]]],[[[-102.06118,24.57676],[-102.06122,24.57739],[-102.06127,24.57763],[-102.06153,24.57786],[-102.062,24.57829],[-102.06513,24.58109],[-102.06469,24.57823],[-102.06118,24.57676]]],[[[-102.07477,24.56016],[-102.07501,24.55943],[-102.07018,24.56393],[-102.06866,24.56777],[-102.07576,24.56629],[-102.07192,24.5655],[-102.07477,24.56016]]],[[[-102.04055,24.55807],[-102.03852,24.56129],[-102.04007,24.56208],[-102.04618,24.55296],[-102.04371,24.55388],[-102.04055,24.55807]]],[[[-102.07221,24.53279],[-102.07417,24.53497],[-102.07531,24.53171],[-102.07221,24.53279]]],[[[-101.69948,24.41358],[-101.69561,24.41269],[-101.69471,24.41248],[-101.69381,24.41236],[-101.69487,24.41659],[-101.69728,24.41619],[-101.69948,24.41358]]],[[[-101.69632,24.36117],[-101.6943,24.36438],[-101.70075,24.36098],[-101.69903,24.35982],[-101.69632,24.36117]]],[[[-101.69243,24.36882],[-101.69319,24.36848],[-101.69478,24.36577],[-101.69321,24.36438],[-101.68977,24.36486],[-101.69243,24.36882]]],[[[-101.71743,24.36212],[-101.71895,24.36093],[-101.71667,24.35767],[-101.71561,24.35365],[-101.72023,24.3497],[-101.71866,24.34696],[-101.71489,24.35149],[-101.71097,24.35401],[-101.71357,24.35564],[-101.71301,24.35854],[-101.71336,24.36075],[-101.71743,24.36212]]],[[[-101.84807,24.37344],[-101.84447,24.37281],[-101.84607,24.37459],[-101.84807,24.37344]]],[[[-101.68206,24.37541],[-101.68193,24.37552],[-101.68439,24.37587],[-101.68206,24.37541]]],[[[-101.83662,24.39234],[-101.83956,24.395],[-101.84007,24.39229],[-101.83662,24.39234]]],[[[-102.00708,24.41909],[-102.01076,24.41833],[-102.01069,24.41646],[-102.00775,24.41597],[-102.00708,24.41909]]],[[[-101.83305,24.45764],[-101.83581,24.45827],[-101.83722,24.455],[-101.83305,24.45764]]],[[[-101.9961,24.44091],[-101.99693,24.44369],[-101.99926,24.43797],[-101.99619,24.43789],[-101.9961,24.44091]]],[[[-102.01353,24.43408],[-102.01449,24.43191],[-102.01137,24.43283],[-102.01353,24.43408]]],[[[-101.85094,24.45994],[-101.84819,24.46074],[-101.85049,24.46247],[-101.85094,24.45994]]],[[[-101.83096,24.46929],[-101.83029,24.4653],[-101.82831,24.46949],[-101.83124,24.47207],[-101.83096,24.46929]]],[[[-101.8755,24.48703],[-101.87759,24.48627],[-101.87667,24.48352],[-101.8755,24.48703]]],[[[-101.74936,24.47195],[-101.75208,24.47099],[-101.7501,24.46903],[-101.74936,24.47195]]],[[[-101.8742,24.4737],[-101.875,24.47208],[-101.87119,24.47211],[-101.8742,24.4737]]],[[[-101.82374,24.3675],[-101.82576,24.37258],[-101.8275,24.36716],[-101.82407,24.36559],[-101.82429,24.36272],[-101.81955,24.36256],[-101.81856,24.36519],[-101.81388,24.36847],[-101.82088,24.36895],[-101.82374,24.3675]]],[[[-101.71364,24.3702],[-101.71609,24.36906],[-101.71394,24.36848],[-101.71434,24.36301],[-101.71216,24.36548],[-101.71364,24.3702]]],[[[-101.6864,24.37177],[-101.69103,24.36995],[-101.68699,24.36954],[-101.6864,24.37177]]],[[[-101.80535,24.36087],[-101.80618,24.3576],[-101.80337,24.35929],[-101.80535,24.36087]]],[[[-101.73078,24.35802],[-101.73321,24.35684],[-101.72743,24.35192],[-101.72565,24.35334],[-101.73078,24.35802]]],[[[-101.82003,24.35472],[-101.81941,24.35744],[-101.82559,24.35953],[-101.82346,24.35519],[-101.82003,24.35472]]],[[[-101.83115,24.35721],[-101.83219,24.35871],[-101.83576,24.35137],[-101.83751,24.35436],[-101.83781,24.35052],[-101.83634,24.34618],[-101.83386,24.34565],[-101.83255,24.35111],[-101.83165,24.34997],[-101.82322,24.35188],[-101.83125,24.3564],[-101.83115,24.35721]]],[[[-101.81208,24.34748],[-101.81203,24.34678],[-101.80948,24.35036],[-101.81227,24.34978],[-101.8121,24.34769],[-101.81208,24.34748]]],[[[-101.80689,24.34324],[-101.80715,24.34691],[-101.80968,24.34681],[-101.80903,24.34277],[-101.80689,24.34324]]],[[[-101.79313,24.34221],[-101.79626,24.3437],[-101.79531,24.33988],[-101.79313,24.34221]]],[[[-101.72405,24.3419],[-101.72676,24.34367],[-101.72638,24.34013],[-101.72783,24.33818],[-101.7316,24.33828],[-101.73084,24.33438],[-101.71749,24.3348],[-101.71749,24.33799],[-101.72319,24.33711],[-101.72125,24.34225],[-101.72405,24.3419]]],[[[-101.76972,24.31129],[-101.76982,24.31279],[-101.77958,24.31253],[-101.77955,24.31121],[-101.76972,24.31129]]],[[[-101.73173,24.29537],[-101.72994,24.29791],[-101.72931,24.29879],[-101.72899,24.30327],[-101.73023,24.30025],[-101.73996,24.30005],[-101.73992,24.29565],[-101.73173,24.29537]]],[[[-101.73128,24.29151],[-101.73231,24.29299],[-101.73984,24.29332],[-101.75949,24.29301],[-101.75943,24.29146],[-101.7497,24.29163],[-101.7497,24.29022],[-101.73967,24.29034],[-101.73966,24.29135],[-101.73128,24.29151]]],[[[-101.72392,24.2932],[-101.7244,24.29059],[-101.73003,24.29105],[-101.72991,24.28865],[-101.72,24.28883],[-101.72007,24.29328],[-101.72392,24.2932]]],[[[-101.74213,24.28746],[-101.7397,24.28901],[-101.74973,24.28884],[-101.74966,24.28588],[-101.74183,24.28658],[-101.74213,24.28746]]],[[[-101.73962,24.28463],[-101.75932,24.28431],[-101.75927,24.28142],[-101.74952,24.28147],[-101.74929,24.27914],[-101.73948,24.27934],[-101.73954,24.28178],[-101.74926,24.2817],[-101.74935,24.283],[-101.73961,24.28319],[-101.73962,24.28463]]],[[[-101.71967,24.27673],[-101.71977,24.27832],[-101.72972,24.27819],[-101.72971,24.27663],[-101.71967,24.27673]]],[[[-101.93304,24.27439],[-101.93601,24.27665],[-101.93355,24.27277],[-101.93304,24.27439]]],[[[-101.94489,24.27907],[-101.94724,24.28281],[-101.95095,24.28322],[-101.9516,24.2807],[-101.94489,24.27907]]],[[[-101.94474,24.28729],[-101.94252,24.28817],[-101.94555,24.28952],[-101.94474,24.28729]]],[[[-101.72949,24.27377],[-101.72961,24.27528],[-101.73947,24.27516],[-101.7394,24.27354],[-101.72949,24.27377]]],[[[-101.79677,24.21194],[-101.80285,24.21161],[-101.80251,24.21025],[-101.79698,24.20952],[-101.79677,24.21194]]],[[[-101.80642,24.20894],[-101.80709,24.20977],[-101.81214,24.20768],[-101.80746,24.20695],[-101.80642,24.20894]]],[[[-101.9799,24.15086],[-101.97576,24.14655],[-101.97262,24.14838],[-101.97522,24.15149],[-101.9799,24.15086]]],[[[-101.87344,24.12355],[-101.87344,24.12323],[-101.87261,24.1238],[-101.87344,24.12355]]],[[[-101.87427,24.12306],[-101.87427,24.1224],[-101.87344,24.12323],[-101.8741,24.12323],[-101.87427,24.12306]]],[[[-101.87479,24.12157],[-101.87457,24.12157],[-101.8743,24.12157],[-101.87427,24.1224],[-101.87495,24.1224],[-101.87479,24.12157]]],[[[-102.13793,24.13743],[-102.13827,24.1392],[-102.14153,24.13708],[-102.14364,24.13797],[-102.14261,24.13305],[-102.13776,24.13642],[-102.13793,24.13743]]],[[[-102.15074,24.16499],[-102.15556,24.16157],[-102.15598,24.15785],[-102.15912,24.15871],[-102.15932,24.15573],[-102.15448,24.15283],[-102.15454,24.15085],[-102.16012,24.15054],[-102.15957,24.14626],[-102.15333,24.14703],[-102.15391,24.15422],[-102.1517,24.15455],[-102.1525,24.15766],[-102.15074,24.16499]]],[[[-102.14166,24.16118],[-102.14124,24.16247],[-102.14296,24.16893],[-102.14552,24.16931],[-102.14767,24.17273],[-102.14749,24.16632],[-102.14662,24.16869],[-102.14385,24.16861],[-102.14517,24.16494],[-102.1459,24.15747],[-102.14995,24.15614],[-102.14857,24.15228],[-102.14336,24.15207],[-102.14285,24.15728],[-102.14225,24.15971],[-102.14344,24.16053],[-102.14323,24.16574],[-102.14166,24.16118]]],[[[-102.11101,24.17038],[-102.11196,24.16455],[-102.10957,24.16104],[-102.1075,24.16121],[-102.10719,24.17144],[-102.11101,24.17038]]],[[[-102.14996,24.17546],[-102.15716,24.17606],[-102.15742,24.17423],[-102.1542,24.17436],[-102.15432,24.16932],[-102.14872,24.16773],[-102.14885,24.17409],[-102.14996,24.17546]],[[-102.14999,24.1689],[-102.15218,24.16893],[-102.15241,24.17387],[-102.15013,24.17378],[-102.14999,24.1689]]],[[[-102.00474,24.18214],[-102.00124,24.17901],[-102.00268,24.18283],[-102.00474,24.18214]]],[[[-102.00653,24.18401],[-102.00666,24.18401],[-102.00643,24.18318],[-102.00653,24.18401]]],[[[-102.0071,24.18414],[-102.00666,24.18401],[-102.0067,24.18416],[-102.0071,24.18414]]],[[[-102.15594,24.18094],[-102.15656,24.18078],[-102.15671,24.17796],[-102.15398,24.17967],[-102.15594,24.18094]]],[[[-102.17115,24.18279],[-102.17046,24.18608],[-102.17272,24.18861],[-102.17623,24.18599],[-102.17505,24.18267],[-102.17115,24.18279]]],[[[-102.31511,24.20439],[-102.3152,24.20638],[-102.31869,24.20555],[-102.31511,24.20439]]],[[[-101.80028,24.23864],[-101.80047,24.24776],[-101.80204,24.24772],[-101.8019,24.23864],[-101.80028,24.23864]]],[[[-101.96773,24.22956],[-101.96753,24.22939],[-101.9579,24.23015],[-101.95747,24.23598],[-101.95934,24.23324],[-101.96317,24.23231],[-101.96472,24.23017],[-101.96773,24.22956]]],[[[-101.97808,24.22807],[-101.9763,24.23018],[-101.97724,24.23277],[-101.98058,24.22985],[-101.97808,24.22807]]],[[[-101.79695,24.21449],[-101.79736,24.21795],[-101.79913,24.21607],[-101.79695,24.21449]]],[[[-101.92549,24.21244],[-101.92547,24.21617],[-101.93129,24.21402],[-101.93008,24.21144],[-101.92549,24.21244]]],[[[-101.92465,24.21066],[-101.92551,24.21166],[-101.92945,24.21137],[-101.92943,24.20855],[-101.92465,24.21066]]],[[[-101.81512,24.19258],[-101.81893,24.18737],[-101.82143,24.18608],[-101.82086,24.18537],[-101.8149,24.18969],[-101.81512,24.19258]]],[[[-101.95762,24.19045],[-101.95544,24.18858],[-101.95424,24.19027],[-101.95762,24.19045]]],[[[-101.96265,24.19474],[-101.9615,24.19379],[-101.95979,24.19728],[-101.96265,24.19474]]],[[[-101.93069,24.16923],[-101.92912,24.17046],[-101.93257,24.17281],[-101.93386,24.17147],[-101.93069,24.16923]]],[[[-102.15706,24.16649],[-102.15847,24.16435],[-102.15485,24.16405],[-102.15706,24.16649]]],[[[-101.80489,24.33914],[-101.8071,24.34066],[-101.80729,24.33668],[-101.80489,24.33914]]],[[[-101.79886,24.33295],[-101.79813,24.33589],[-101.80086,24.33336],[-101.79886,24.33295]]],[[[-101.83824,24.33874],[-101.83819,24.33843],[-101.83554,24.33819],[-101.83749,24.34119],[-101.83824,24.33874]]],[[[-101.84531,24.35211],[-101.84779,24.34999],[-101.84421,24.34795],[-101.84281,24.3502],[-101.84531,24.35211]]],[[[-101.84411,24.35752],[-101.8485,24.35845],[-101.84872,24.35711],[-101.84411,24.35752]]],[[[-102.04774,24.57228],[-102.05204,24.57259],[-102.05181,24.56494],[-102.05073,24.56518],[-102.04997,24.57038],[-102.04774,24.57228]]],[[[-102.03634,24.57604],[-102.03771,24.57736],[-102.03756,24.57297],[-102.03634,24.57604]]],[[[-102.0451,24.57517],[-102.04854,24.57512],[-102.04588,24.57331],[-102.0451,24.57517]]],[[[-102.08701,24.5857],[-102.09045,24.58288],[-102.08763,24.58276],[-102.08701,24.5857]]],[[[-102.25136,24.76627],[-102.25103,24.76929],[-102.25309,24.76815],[-102.25136,24.76627]]],[[[-102.30851,24.78003],[-102.30543,24.78085],[-102.3062,24.78264],[-102.30982,24.78111],[-102.30851,24.78003]]],[[[-102.26495,24.78741],[-102.27568,24.7814],[-102.26867,24.78407],[-102.26495,24.78741]]],[[[-102.25542,24.78625],[-102.25434,24.7882],[-102.25833,24.78685],[-102.26052,24.7835],[-102.25913,24.78271],[-102.25542,24.78625]]],[[[-102.29372,24.79492],[-102.2964,24.79465],[-102.29664,24.79017],[-102.29372,24.79492]]],[[[-102.31603,24.79433],[-102.31649,24.79134],[-102.31442,24.79291],[-102.31603,24.79433]]],[[[-102.30906,24.79185],[-102.30855,24.79419],[-102.3114,24.79301],[-102.30906,24.79185]]],[[[-102.31764,24.8],[-102.32314,24.79836],[-102.32318,24.79717],[-102.31619,24.79858],[-102.31764,24.8]]],[[[-102.29064,24.80619],[-102.29545,24.80492],[-102.29214,24.80466],[-102.29064,24.80619]]],[[[-101.87427,24.08491],[-101.87332,24.0841],[-101.87331,24.08493],[-101.87424,24.08493],[-101.87427,24.08491]]],[[[-101.87474,24.07944],[-101.87568,24.08046],[-101.87589,24.08062],[-101.8763,24.08092],[-101.87474,24.07944]]],[[[-101.9731,24.09121],[-101.97039,24.09031],[-101.97139,24.09356],[-101.9731,24.09121]]],[[[-102.01246,23.92936],[-102.01186,23.92965],[-102.01893,23.93928],[-102.01628,23.929],[-102.01477,23.92932],[-102.01275,23.92607],[-102.01246,23.92936]]],[[[-102.03016,23.92448],[-102.03145,23.92844],[-102.03774,23.92609],[-102.03655,23.92439],[-102.03016,23.92448]]],[[[-102.02059,23.95192],[-102.021,23.95218],[-102.02331,23.95182],[-102.02254,23.94562],[-102.0199,23.94613],[-102.02059,23.95192]]],[[[-102.15097,23.97819],[-102.15464,23.97958],[-102.15465,23.97803],[-102.15917,23.977],[-102.15493,23.97492],[-102.15135,23.97513],[-102.15097,23.97819]]],[[[-101.93414,24.00116],[-101.93714,24.00042],[-101.93576,23.99723],[-101.93629,24.00025],[-101.93414,24.00116]]],[[[-101.93438,23.99552],[-101.93219,23.99241],[-101.92872,23.99277],[-101.93044,23.99641],[-101.93438,23.99552]]],[[[-101.94827,23.99509],[-101.95093,23.98991],[-101.94652,23.98665],[-101.94642,23.98963],[-101.94902,23.99143],[-101.94827,23.99509]]],[[[-102.14956,24.00123],[-102.15119,24.00639],[-102.1529,24.00581],[-102.15141,24.0011],[-102.14956,24.00123]]],[[[-102.2013,24.00574],[-102.20477,24.00679],[-102.20523,24.00464],[-102.20133,24.00434],[-102.2013,24.00574]]],[[[-102.05246,24.01161],[-102.05543,24.00911],[-102.05462,24.00409],[-102.05067,24.00533],[-102.04946,24.00973],[-102.05246,24.01161]]],[[[-101.94831,23.99983],[-101.94492,24.00162],[-101.94695,24.00295],[-101.94831,23.99983]]],[[[-102.14851,24.02187],[-102.1485,24.02407],[-102.1537,24.02178],[-102.14851,24.02187]]],[[[-102.21406,24.02706],[-102.21929,24.02715],[-102.22391,24.0249],[-102.21418,24.02491],[-102.21406,24.02706]]],[[[-102.17625,24.06728],[-102.18341,24.06417],[-102.1782,24.06139],[-102.17331,24.06521],[-102.17625,24.06728]]],[[[-102.13646,24.06998],[-102.13634,24.06732],[-102.13277,24.06964],[-102.13646,24.06998]]],[[[-101.82196,24.05777],[-101.82182,24.05828],[-101.82273,24.0579],[-101.82196,24.05777]]],[[[-101.82182,24.05893],[-101.82182,24.05828],[-101.82107,24.05828],[-101.82182,24.05893]]],[[[-101.82931,24.04834],[-101.82931,24.0483],[-101.82931,24.04829],[-101.82848,24.04861],[-101.82931,24.04834]]],[[[-102.05384,24.05184],[-102.05304,24.04787],[-102.05093,24.04954],[-102.05384,24.05184]]],[[[-102.0211,23.88195],[-102.0188,23.88408],[-102.0205,23.88506],[-102.01951,23.89483],[-102.02148,23.89482],[-102.02312,23.88948],[-102.0211,23.88195]]],[[[-102.04251,23.88783],[-102.04463,23.88802],[-102.04372,23.8839],[-102.04042,23.88569],[-102.04251,23.88783]]],[[[-102.04952,23.89125],[-102.04554,23.89431],[-102.04935,23.89837],[-102.05162,23.89629],[-102.04952,23.89125]]],[[[-102.06265,23.89338],[-102.06313,23.89757],[-102.06487,23.89381],[-102.06265,23.89338]]],[[[-102.07277,23.86739],[-102.07162,23.87],[-102.07338,23.87087],[-102.07464,23.86693],[-102.07277,23.86739]]],[[[-102.37961,25.00266],[-102.3818,25.00491],[-102.38253,25.00163],[-102.38862,25.00127],[-102.38791,24.99992],[-102.37794,24.99975],[-102.3725,25.00026],[-102.37322,25.00379],[-102.37549,25.00429],[-102.37961,25.00266]]],[[[-102.39668,25.00003],[-102.39841,25.00419],[-102.40196,25.00154],[-102.39668,25.00003]]],[[[-102.37057,25.0074],[-102.37271,25.01142],[-102.37402,25.00884],[-102.37216,25.00641],[-102.37057,25.0074]]],[[[-102.37667,25.01496],[-102.37345,25.01881],[-102.37814,25.01545],[-102.37667,25.01496]]],[[[-103.12286,21.43724],[-103.12282,21.43919],[-103.12601,21.43898],[-103.12286,21.43724]]],[[[-103.12183,21.4309],[-103.12255,21.43509],[-103.12411,21.43547],[-103.12183,21.4309]]],[[[-103.12546,21.40561],[-103.12226,21.40664],[-103.12267,21.407],[-103.12278,21.40704],[-103.12368,21.40733],[-103.12489,21.40772],[-103.12546,21.40561]]],[[[-103.09707,21.431],[-103.0963,21.42951],[-103.09283,21.43222],[-103.09091,21.42887],[-103.09088,21.42603],[-103.08951,21.42591],[-103.08495,21.42646],[-103.09115,21.42944],[-103.09126,21.43117],[-103.09246,21.43243],[-103.09402,21.43435],[-103.09563,21.43577],[-103.09594,21.43485],[-103.0959,21.43432],[-103.09468,21.43317],[-103.09707,21.431]]],[[[-103.09563,21.42372],[-103.09378,21.42462],[-103.09342,21.42479],[-103.0911,21.42592],[-103.0938,21.42625],[-103.09563,21.42372]]],[[[-103.05946,21.42447],[-103.05913,21.4247],[-103.05761,21.42499],[-103.0573,21.42512],[-103.05612,21.42438],[-103.05485,21.42667],[-103.05609,21.42591],[-103.05651,21.42559],[-103.06028,21.42462],[-103.05946,21.42447]]],[[[-103.03171,21.41847],[-103.03199,21.41889],[-103.03414,21.41811],[-103.03557,21.41406],[-103.03171,21.41847]]],[[[-103.02896,21.4162],[-103.0292,21.41678],[-103.03131,21.41544],[-103.02673,21.41328],[-103.02896,21.4162]]],[[[-103.13997,21.44995],[-103.14238,21.44836],[-103.14087,21.44447],[-103.13835,21.44711],[-103.13997,21.44995]]],[[[-103.13398,21.43007],[-103.13589,21.42816],[-103.13254,21.42776],[-103.13398,21.43007]]],[[[-103.14041,21.42563],[-103.13916,21.41959],[-103.13653,21.42032],[-103.14041,21.42563]]],[[[-103.1343,21.41811],[-103.13173,21.4202],[-103.13312,21.42143],[-103.13598,21.41972],[-103.1343,21.41811]]],[[[-103.12802,21.40874],[-103.12877,21.40932],[-103.13399,21.41356],[-103.13795,21.41294],[-103.1392,21.41367],[-103.14022,21.41618],[-103.14419,21.41704],[-103.13934,21.41049],[-103.13486,21.4089],[-103.13753,21.40665],[-103.13326,21.40477],[-103.13487,21.40277],[-103.13231,21.39871],[-103.13078,21.39842],[-103.12913,21.40314],[-103.12944,21.40536],[-103.12593,21.40608],[-103.12802,21.40874]]],[[[-103.14883,21.40895],[-103.15182,21.40795],[-103.14542,21.40703],[-103.13951,21.40533],[-103.14438,21.40909],[-103.14883,21.40895]]],[[[-103.13593,21.41478],[-103.13598,21.41686],[-103.13854,21.41375],[-103.13593,21.41478]]],[[[-103.13369,21.39562],[-103.13256,21.39671],[-103.13733,21.39899],[-103.13369,21.39562]]],[[[-103.1594,21.39727],[-103.155,21.39376],[-103.14895,21.39395],[-103.15209,21.39742],[-103.1594,21.39727]]],[[[-103.15037,21.42386],[-103.15242,21.42272],[-103.1429,21.42157],[-103.14492,21.42418],[-103.15037,21.42386]]],[[[-103.11087,21.37882],[-103.10865,21.38081],[-103.10717,21.38785],[-103.10972,21.38681],[-103.11141,21.38193],[-103.11087,21.37882]]],[[[-103.11809,21.37009],[-103.11352,21.37645],[-103.11501,21.37608],[-103.11809,21.37009]]],[[[-103.1199,21.38876],[-103.12056,21.38817],[-103.11933,21.38473],[-103.11939,21.38367],[-103.117,21.38396],[-103.11508,21.38641],[-103.11887,21.38702],[-103.1199,21.38876]]],[[[-103.13462,21.34476],[-103.13451,21.34283],[-103.13451,21.34279],[-103.13446,21.34207],[-103.13106,21.33975],[-103.12865,21.33644],[-103.12667,21.33788],[-103.13214,21.34158],[-103.13462,21.34476]]],[[[-103.1224,21.34089],[-103.12673,21.34392],[-103.12585,21.34199],[-103.1224,21.34089]]],[[[-103.0919,21.33233],[-103.09188,21.33508],[-103.09181,21.33807],[-103.09139,21.33884],[-103.09291,21.34397],[-103.09003,21.34279],[-103.08995,21.34333],[-103.08967,21.34507],[-103.08932,21.34626],[-103.08796,21.34801],[-103.08749,21.34862],[-103.08739,21.34874],[-103.08703,21.34921],[-103.08698,21.34928],[-103.08827,21.35148],[-103.08974,21.34926],[-103.09267,21.34934],[-103.09381,21.34938],[-103.09757,21.34958],[-103.09854,21.34964],[-103.09957,21.3478],[-103.10651,21.35007],[-103.10682,21.35009],[-103.10837,21.35025],[-103.11161,21.35086],[-103.11243,21.35101],[-103.11585,21.35195],[-103.11911,21.35265],[-103.127,21.35092],[-103.12669,21.35034],[-103.12226,21.34879],[-103.11997,21.3494],[-103.1149,21.34626],[-103.11529,21.34288],[-103.111,21.34393],[-103.11058,21.34259],[-103.10777,21.34126],[-103.10512,21.34089],[-103.10317,21.34267],[-103.09549,21.34181],[-103.09342,21.33925],[-103.09403,21.33604],[-103.10029,21.33111],[-103.09834,21.32716],[-103.09781,21.33135],[-103.0956,21.32936],[-103.0919,21.33233]]],[[[-103.12267,21.34638],[-103.12146,21.34535],[-103.11838,21.346],[-103.1198,21.34872],[-103.12231,21.34868],[-103.12267,21.34638]]],[[[-103.10096,21.40293],[-103.09713,21.40423],[-103.10024,21.40505],[-103.10096,21.40293]]],[[[-103.11511,21.40167],[-103.11536,21.40128],[-103.11222,21.3985],[-103.10997,21.401],[-103.10489,21.40013],[-103.10321,21.40167],[-103.11254,21.4024],[-103.11511,21.40167]]],[[[-103.10689,21.38862],[-103.11108,21.39458],[-103.10847,21.39647],[-103.11457,21.39288],[-103.11007,21.39197],[-103.10689,21.38862]]],[[[-103.11689,21.39887],[-103.11753,21.39458],[-103.11583,21.3968],[-103.11689,21.39887]]],[[[-103.08619,21.40209],[-103.08391,21.40177],[-103.08267,21.40485],[-103.08619,21.40209]]],[[[-103.02095,21.40228],[-103.01901,21.40415],[-103.02119,21.40525],[-103.02095,21.40228]]],[[[-103.01826,21.39993],[-103.01655,21.40311],[-103.01893,21.40373],[-103.01826,21.39993]]],[[[-103.02468,21.39561],[-103.02394,21.39588],[-103.02646,21.39735],[-103.02577,21.40008],[-103.03162,21.40096],[-103.03234,21.39812],[-103.03,21.39696],[-103.02468,21.39561]]],[[[-103.02132,21.39034],[-103.02127,21.3903],[-103.02265,21.39416],[-103.02203,21.3915],[-103.02132,21.39034]]],[[[-103.00224,21.39287],[-103.00331,21.3956],[-103.00697,21.39006],[-103.00989,21.38789],[-103.00382,21.39033],[-103.00224,21.39287]]],[[[-102.99849,21.38607],[-103.00392,21.38538],[-103.00143,21.38409],[-102.99849,21.38607]]],[[[-103.03415,21.38025],[-103.03468,21.38022],[-103.03625,21.37899],[-103.0333,21.37712],[-103.03336,21.37758],[-103.03339,21.37779],[-103.03342,21.37804],[-103.03349,21.37856],[-103.03363,21.37961],[-103.03415,21.38025]]],[[[-103.03045,21.37122],[-103.03325,21.37675],[-103.03746,21.37544],[-103.03412,21.37222],[-103.03045,21.37122]]],[[[-103.05111,21.38135],[-103.05297,21.37992],[-103.04922,21.37741],[-103.05111,21.38135]]],[[[-103.09107,21.31836],[-103.09269,21.32137],[-103.09722,21.31944],[-103.09107,21.31836]]],[[[-103.19703,21.33739],[-103.19482,21.33551],[-103.18969,21.33811],[-103.19059,21.34066],[-103.1928,21.34031],[-103.19412,21.34566],[-103.1865,21.34301],[-103.18837,21.34799],[-103.1952,21.34748],[-103.19682,21.34484],[-103.19643,21.34178],[-103.19867,21.33876],[-103.20118,21.33995],[-103.19828,21.33798],[-103.19703,21.33739]]],[[[-103.18921,21.37197],[-103.19055,21.37198],[-103.18942,21.36701],[-103.18648,21.36648],[-103.18921,21.37197]]],[[[-103.17627,21.37787],[-103.17839,21.37758],[-103.17635,21.37474],[-103.17518,21.36915],[-103.17279,21.36938],[-103.17267,21.37173],[-103.17512,21.37254],[-103.17342,21.37697],[-103.17627,21.37787]]],[[[-103.18601,21.37708],[-103.18786,21.37621],[-103.18793,21.37306],[-103.18551,21.37129],[-103.18137,21.37153],[-103.1826,21.37583],[-103.18601,21.37708]]],[[[-103.01331,21.72948],[-103.01328,21.7292],[-103.01325,21.72892],[-103.01312,21.72874],[-103.0127,21.72831],[-103.01264,21.72828],[-103.00806,21.71958],[-103.00592,21.71799],[-103.00795,21.71188],[-103.01061,21.71245],[-103.00899,21.70917],[-103.00622,21.70819],[-103.00543,21.7082],[-103.0044,21.70822],[-103.0029,21.70703],[-102.99762,21.70778],[-102.99857,21.70983],[-102.9981,21.71158],[-103.00222,21.71105],[-103.00057,21.71543],[-103.00054,21.71591],[-103.00143,21.71611],[-103.005,21.71777],[-103.00622,21.71915],[-103.00815,21.72401],[-103.0075,21.72579],[-103.01266,21.72931],[-103.01802,21.73568],[-103.01331,21.72948]]],[[[-102.99291,21.71507],[-102.9922,21.7151],[-102.98827,21.71577],[-102.98335,21.71702],[-102.98372,21.71832],[-102.99063,21.72018],[-102.99527,21.71899],[-102.99542,21.72152],[-102.99848,21.72194],[-103.001,21.71898],[-103.00054,21.71591],[-102.99568,21.7152],[-102.99797,21.7153],[-102.9996,21.7151],[-102.9977,21.71229],[-102.99823,21.71052],[-102.99401,21.70997],[-102.99633,21.71239],[-102.99539,21.71395],[-102.99208,21.71285],[-102.99291,21.71507]]],[[[-102.97225,21.71781],[-102.97405,21.71806],[-102.97811,21.71886],[-102.9784,21.71742],[-102.98618,21.71612],[-102.98161,21.71362],[-102.98243,21.70944],[-102.98111,21.70924],[-102.97391,21.70352],[-102.9739,21.71009],[-102.97859,21.71363],[-102.97548,21.71599],[-102.97222,21.71542],[-102.97225,21.71781]]],[[[-102.96412,21.71442],[-102.966,21.71638],[-102.97169,21.71773],[-102.97187,21.71245],[-102.96652,21.71128],[-102.96313,21.71283],[-102.96412,21.71442]]],[[[-102.95999,21.70822],[-102.96276,21.71302],[-102.96102,21.70788],[-102.95999,21.70822]]],[[[-102.94842,21.70973],[-102.94712,21.71493],[-102.94537,21.71695],[-102.94855,21.71499],[-102.95028,21.71303],[-102.94842,21.70973]]],[[[-102.8692,21.72515],[-102.86872,21.72532],[-102.86833,21.7254],[-102.86985,21.7276],[-102.86486,21.72833],[-102.86168,21.72841],[-102.86133,21.72856],[-102.86074,21.72866],[-102.85949,21.72842],[-102.85853,21.72733],[-102.85676,21.72228],[-102.85399,21.72587],[-102.84862,21.73206],[-102.84854,21.72918],[-102.85099,21.72889],[-102.85333,21.72578],[-102.85241,21.72567],[-102.84981,21.72394],[-102.84722,21.71992],[-102.84757,21.71982],[-102.8478,21.71983],[-102.8482,21.71984],[-102.84997,21.71591],[-102.85081,21.72073],[-102.85596,21.72237],[-102.85922,21.71746],[-102.85657,21.71582],[-102.85393,21.71834],[-102.85032,21.71406],[-102.84759,21.71635],[-102.84819,21.71813],[-102.84379,21.71728],[-102.84378,21.71753],[-102.84409,21.718],[-102.84088,21.71887],[-102.8338,21.72284],[-102.83696,21.72414],[-102.84558,21.7253],[-102.84218,21.72742],[-102.84581,21.73119],[-102.83939,21.72857],[-102.83776,21.73206],[-102.84302,21.73358],[-102.8386,21.73399],[-102.83571,21.73651],[-102.83313,21.7348],[-102.82964,21.73472],[-102.83361,21.73269],[-102.82952,21.73136],[-102.82738,21.73507],[-102.8316,21.73629],[-102.82666,21.73627],[-102.82636,21.74224],[-102.81875,21.73573],[-102.81821,21.73759],[-102.82178,21.73963],[-102.82134,21.74188],[-102.82783,21.74632],[-102.82316,21.74395],[-102.8221,21.74703],[-102.82391,21.75054],[-102.82532,21.74792],[-102.82949,21.74723],[-102.83309,21.74406],[-102.83828,21.74564],[-102.83577,21.75067],[-102.83892,21.74773],[-102.8412,21.7505],[-102.84351,21.74996],[-102.8465,21.74536],[-102.84903,21.74627],[-102.84962,21.7421],[-102.84529,21.74434],[-102.84667,21.74091],[-102.85141,21.74028],[-102.85394,21.74414],[-102.85288,21.74585],[-102.86029,21.74247],[-102.86293,21.74582],[-102.86415,21.74351],[-102.86103,21.74187],[-102.86362,21.74089],[-102.85759,21.73706],[-102.86662,21.73792],[-102.8682,21.7321],[-102.87036,21.73118],[-102.87263,21.73671],[-102.87547,21.73414],[-102.88015,21.7333],[-102.87868,21.73089],[-102.87511,21.73215],[-102.87249,21.72962],[-102.87374,21.72769],[-102.87228,21.72482],[-102.86948,21.72505],[-102.8692,21.72515]],[[-102.86268,21.73679],[-102.86019,21.73373],[-102.863,21.73179],[-102.86585,21.73462],[-102.86268,21.73679]]],[[[-102.84727,21.71033],[-102.84755,21.71002],[-102.84726,21.7098],[-102.84659,21.7093],[-102.84674,21.70891],[-102.84689,21.70853],[-102.84672,21.70845],[-102.8461,21.70862],[-102.84537,21.7085],[-102.84517,21.70829],[-102.84498,21.7082],[-102.84475,21.70811],[-102.84457,21.707],[-102.84385,21.70654],[-102.84227,21.70632],[-102.84208,21.7099],[-102.83907,21.71665],[-102.84044,21.71708],[-102.84496,21.71461],[-102.84626,21.71564],[-102.84851,21.71247],[-102.84727,21.71033]]],[[[-102.83905,21.70299],[-102.83863,21.70109],[-102.83743,21.6994],[-102.83726,21.69885],[-102.83622,21.69512],[-102.83606,21.69503],[-102.83453,21.69691],[-102.83462,21.69752],[-102.83503,21.69774],[-102.83558,21.69803],[-102.83482,21.69864],[-102.8372,21.70543],[-102.83444,21.70725],[-102.83154,21.70571],[-102.83367,21.70955],[-102.83952,21.711],[-102.84079,21.70436],[-102.83905,21.70299]]],[[[-102.95508,21.49253],[-102.95656,21.49124],[-102.95372,21.4909],[-102.95673,21.48782],[-102.95311,21.48946],[-102.95343,21.49105],[-102.95508,21.49253]]],[[[-103.00723,21.5092],[-103.00711,21.50962],[-103.01087,21.51329],[-103.01484,21.51175],[-103.01388,21.51015],[-103.01037,21.51118],[-103.01016,21.50717],[-103.00723,21.5092]]],[[[-103.01655,21.50354],[-103.01888,21.50292],[-103.0199,21.50248],[-103.02115,21.49821],[-103.01718,21.50179],[-103.01404,21.50126],[-103.01419,21.49759],[-103.01219,21.50026],[-103.00679,21.4984],[-103.0111,21.50236],[-103.0115,21.50073],[-103.01424,21.50318],[-103.01027,21.50479],[-103.01218,21.50548],[-103.01655,21.50354]]],[[[-103.03,21.50473],[-103.03092,21.50536],[-103.03126,21.50595],[-103.03184,21.50724],[-103.02772,21.50851],[-103.02738,21.51137],[-103.02433,21.51146],[-103.02321,21.51339],[-103.02626,21.51577],[-103.02698,21.52268],[-103.02914,21.52355],[-103.02775,21.52654],[-103.0276,21.53153],[-103.03115,21.5342],[-103.03492,21.53055],[-103.03149,21.52834],[-103.03078,21.52613],[-103.03316,21.52141],[-103.0306,21.51714],[-103.03282,21.51605],[-103.0327,21.51192],[-103.03271,21.51187],[-103.03278,21.51148],[-103.03762,21.50786],[-103.03688,21.50465],[-103.03366,21.50314],[-103.03,21.50473]]],[[[-103.03291,21.51702],[-103.03718,21.51975],[-103.03885,21.51838],[-103.03298,21.51647],[-103.03291,21.51702]]],[[[-103.04992,21.52156],[-103.04832,21.52293],[-103.05171,21.52403],[-103.0519,21.52831],[-103.05595,21.52242],[-103.04992,21.52156]]],[[[-103.06256,21.52175],[-103.06383,21.51913],[-103.06232,21.5148],[-103.06068,21.51373],[-103.05488,21.51688],[-103.05322,21.51756],[-103.05267,21.51812],[-103.05548,21.51757],[-103.05852,21.51899],[-103.05566,21.52421],[-103.06147,21.52521],[-103.06256,21.52175]]],[[[-103.07708,21.52941],[-103.07899,21.52968],[-103.08143,21.51941],[-103.0786,21.51844],[-103.0792,21.51671],[-103.07544,21.51513],[-103.07296,21.5173],[-103.06962,21.51699],[-103.07248,21.51995],[-103.07566,21.51769],[-103.07569,21.52125],[-103.07772,21.52462],[-103.07704,21.52918],[-103.07708,21.52941]]],[[[-103.09317,21.52136],[-103.09367,21.52186],[-103.09368,21.52187],[-103.09378,21.52207],[-103.09384,21.52224],[-103.09628,21.52326],[-103.09581,21.51892],[-103.09093,21.51988],[-103.09317,21.52136]]],[[[-103.09406,21.52974],[-103.09377,21.52841],[-103.09333,21.52807],[-103.09406,21.52974]]],[[[-103.11139,21.5406],[-103.11092,21.54105],[-103.11149,21.54363],[-103.11763,21.54569],[-103.1168,21.54178],[-103.11139,21.5406]]],[[[-103.03868,21.72112],[-103.03874,21.72103],[-103.03899,21.72067],[-103.03961,21.71973],[-103.03962,21.71971],[-103.03567,21.71817],[-103.03776,21.71665],[-103.03413,21.71308],[-103.04232,21.70932],[-103.04447,21.70608],[-103.0508,21.70472],[-103.04391,21.70532],[-103.03659,21.70929],[-103.02978,21.70992],[-103.02938,21.70714],[-103.03406,21.70802],[-103.04083,21.70437],[-103.05111,21.70178],[-103.05606,21.70369],[-103.05592,21.70153],[-103.05276,21.69985],[-103.0509,21.70069],[-103.05031,21.69799],[-103.04734,21.69957],[-103.0463,21.69696],[-103.04421,21.69701],[-103.04312,21.69337],[-103.04592,21.69299],[-103.0419,21.69031],[-103.03761,21.68904],[-103.0365,21.69124],[-103.04215,21.69464],[-103.04594,21.70105],[-103.0431,21.70176],[-103.04118,21.70009],[-103.04022,21.70233],[-103.03457,21.70242],[-103.03663,21.70541],[-103.03136,21.70566],[-103.02718,21.70432],[-103.02467,21.70493],[-103.02406,21.70204],[-103.02157,21.70365],[-103.02275,21.70612],[-103.01905,21.70819],[-103.01501,21.70701],[-103.01329,21.70897],[-103.01454,21.71216],[-103.0223,21.716],[-103.02002,21.71121],[-103.02759,21.70913],[-103.02678,21.71119],[-103.03524,21.72067],[-103.03814,21.72192],[-103.03868,21.72112]]],[[[-103.01016,21.71836],[-103.01042,21.72052],[-103.01309,21.71817],[-103.01695,21.71927],[-103.01676,21.71616],[-103.01217,21.71568],[-103.01016,21.71836]]],[[[-103.02566,21.71632],[-103.02679,21.71196],[-103.0228,21.71128],[-103.02242,21.71455],[-103.02566,21.71632]]],[[[-103.01219,21.70323],[-103.01197,21.7035],[-103.01439,21.70573],[-103.01704,21.70269],[-103.01474,21.70117],[-103.01219,21.70323]]],[[[-103.00253,21.70653],[-103.00212,21.706],[-102.99732,21.70179],[-102.99577,21.6989],[-102.99164,21.69591],[-102.98901,21.69541],[-102.98861,21.6923],[-102.9853,21.69157],[-102.98394,21.69402],[-102.98059,21.69319],[-102.98356,21.68842],[-102.99019,21.68917],[-102.98687,21.68605],[-102.99127,21.6798],[-102.98125,21.67535],[-102.97984,21.67256],[-102.97656,21.67171],[-102.97412,21.67764],[-102.97871,21.68176],[-102.98099,21.68112],[-102.98682,21.68346],[-102.97952,21.68184],[-102.97842,21.6857],[-102.98104,21.68826],[-102.97942,21.69261],[-102.9738,21.69072],[-102.97286,21.68903],[-102.97266,21.69613],[-102.96407,21.69837],[-102.96149,21.69398],[-102.95698,21.69344],[-102.95591,21.69571],[-102.95334,21.69311],[-102.9509,21.69528],[-102.95107,21.69546],[-102.95631,21.69699],[-102.95482,21.69904],[-102.95902,21.70274],[-102.96302,21.7034],[-102.9646,21.70514],[-102.97205,21.70776],[-102.97186,21.70322],[-102.96634,21.70015],[-102.97245,21.70024],[-102.97457,21.70155],[-102.98527,21.70135],[-102.9857,21.69898],[-102.99018,21.70128],[-102.98705,21.70338],[-102.98508,21.70675],[-102.98165,21.7043],[-102.98151,21.70575],[-102.98505,21.70877],[-102.98645,21.70649],[-102.99168,21.70402],[-102.99409,21.70496],[-102.99374,21.70717],[-102.99754,21.70748],[-102.99864,21.70599],[-103.00253,21.70653]]],[[[-102.94603,21.68483],[-102.94592,21.68483],[-102.94581,21.68769],[-102.94883,21.69071],[-102.95262,21.69051],[-102.94718,21.68887],[-102.94603,21.68483]]],[[[-102.96223,21.67537],[-102.95295,21.67984],[-102.95012,21.68377],[-102.95161,21.68477],[-102.95592,21.6825],[-102.95421,21.68468],[-102.94876,21.68695],[-102.95622,21.69022],[-102.96054,21.69031],[-102.96549,21.69277],[-102.9624,21.69231],[-102.96219,21.69406],[-102.96635,21.69509],[-102.96741,21.6967],[-102.97228,21.69586],[-102.97251,21.68896],[-102.96896,21.68591],[-102.96797,21.68819],[-102.96406,21.68556],[-102.95974,21.68534],[-102.95819,21.68016],[-102.9609,21.68362],[-102.9648,21.68471],[-102.96534,21.68334],[-102.96144,21.68077],[-102.96331,21.67755],[-102.96626,21.67713],[-102.96567,21.67425],[-102.96822,21.67197],[-102.96819,21.66873],[-102.96583,21.66752],[-102.9633,21.67244],[-102.96223,21.67537]]],[[[-102.97143,21.66779],[-102.97127,21.66819],[-102.97244,21.67004],[-102.9749,21.6667],[-102.97078,21.66589],[-102.97138,21.66763],[-102.97143,21.66779]]],[[[-102.9951,21.67634],[-102.99154,21.67451],[-102.98903,21.67712],[-102.99092,21.67856],[-102.9951,21.67634]]],[[[-103.01614,21.68027],[-103.01962,21.6816],[-103.02214,21.68094],[-103.01614,21.68027]]],[[[-102.99591,21.66803],[-102.99699,21.66859],[-102.99385,21.66663],[-102.99577,21.66793],[-102.99591,21.66803]]],[[[-102.9874,21.65813],[-102.98759,21.65965],[-102.98772,21.66076],[-102.98777,21.66114],[-102.98906,21.66339],[-102.99379,21.6666],[-102.9906,21.66441],[-102.98892,21.65918],[-102.99047,21.65662],[-102.9874,21.65813]]],[[[-102.92632,21.67042],[-102.92623,21.66826],[-102.92135,21.66737],[-102.92231,21.6701],[-102.92632,21.67042]]],[[[-102.92177,21.6791],[-102.92499,21.67821],[-102.9267,21.67773],[-102.92854,21.67722],[-102.92615,21.6741],[-102.92177,21.6791]]],[[[-102.9133,21.68741],[-102.91702,21.68533],[-102.91225,21.68474],[-102.91632,21.68273],[-102.91608,21.67977],[-102.91394,21.67862],[-102.91011,21.67981],[-102.90933,21.68454],[-102.91118,21.68838],[-102.9133,21.68741]]],[[[-102.87254,21.70496],[-102.86957,21.70484],[-102.87092,21.70586],[-102.86741,21.70986],[-102.86947,21.70915],[-102.87251,21.71288],[-102.87131,21.71552],[-102.87396,21.71913],[-102.87654,21.71188],[-102.88221,21.71557],[-102.88514,21.7134],[-102.88166,21.71139],[-102.87691,21.70513],[-102.87543,21.70507],[-102.87254,21.70496]]],[[[-102.915,21.71111],[-102.91089,21.71442],[-102.91507,21.71412],[-102.915,21.71111]]],[[[-102.88172,21.7193],[-102.87957,21.72044],[-102.88274,21.7236],[-102.88172,21.7193]]],[[[-102.87176,21.7193],[-102.87312,21.71858],[-102.86669,21.71452],[-102.86624,21.71102],[-102.86411,21.71337],[-102.8701,21.71722],[-102.86974,21.72003],[-102.87176,21.7193]]],[[[-102.85982,21.70631],[-102.85961,21.7033],[-102.85659,21.70541],[-102.85982,21.70631]]],[[[-102.86291,21.69548],[-102.86345,21.69108],[-102.85946,21.69287],[-102.86075,21.69438],[-102.8582,21.69603],[-102.85919,21.6988],[-102.86546,21.70135],[-102.86296,21.69689],[-102.86291,21.69548]]],[[[-102.86243,21.67925],[-102.8613,21.67985],[-102.85744,21.68595],[-102.85458,21.68252],[-102.85548,21.68118],[-102.85256,21.67924],[-102.8519,21.68329],[-102.85334,21.68704],[-102.85109,21.68876],[-102.85383,21.69035],[-102.85677,21.6893],[-102.85871,21.69097],[-102.86123,21.68785],[-102.86388,21.68818],[-102.86354,21.68215],[-102.86243,21.67925]]],[[[-102.8808,21.67503],[-102.8836,21.6765],[-102.88394,21.6733],[-102.88045,21.6735],[-102.8808,21.67503]]],[[[-102.9202,21.65364],[-102.92229,21.65662],[-102.92527,21.65604],[-102.92386,21.65351],[-102.92584,21.65119],[-102.92429,21.64532],[-102.92058,21.65026],[-102.92232,21.65127],[-102.9202,21.65364]]],[[[-102.91171,21.67616],[-102.91473,21.67714],[-102.91804,21.67392],[-102.91491,21.67242],[-102.91372,21.66955],[-102.9169,21.66554],[-102.91729,21.6632],[-102.91279,21.65983],[-102.91222,21.658],[-102.91474,21.65377],[-102.91151,21.65356],[-102.90632,21.65648],[-102.90489,21.65499],[-102.90238,21.65948],[-102.9041,21.66561],[-102.90144,21.66373],[-102.90178,21.6662],[-102.90716,21.6675],[-102.91013,21.67522],[-102.91171,21.67616]],[[-102.90885,21.66783],[-102.91152,21.66708],[-102.91075,21.6647],[-102.91258,21.66291],[-102.91383,21.669],[-102.91047,21.67055],[-102.90885,21.66783]],[[-102.90603,21.66245],[-102.90667,21.65806],[-102.91344,21.66123],[-102.91103,21.66364],[-102.90603,21.66245]]],[[[-102.8778,21.66502],[-102.87914,21.66609],[-102.88455,21.66428],[-102.88364,21.66116],[-102.88046,21.66205],[-102.8778,21.66502]]],[[[-102.89121,21.66734],[-102.89428,21.67073],[-102.89697,21.66768],[-102.89111,21.66621],[-102.89121,21.66734]]],[[[-102.8971,21.66791],[-102.89508,21.67138],[-102.8985,21.67106],[-102.8971,21.66791]]],[[[-102.92032,21.66121],[-102.92368,21.66144],[-102.91951,21.65868],[-102.92032,21.66121]]],[[[-102.94071,21.6511],[-102.9401,21.65],[-102.93693,21.65074],[-102.93351,21.64918],[-102.92986,21.65408],[-102.93352,21.65583],[-102.94071,21.6511]]],[[[-102.92593,21.64132],[-102.92576,21.64146],[-102.92548,21.64169],[-102.9253,21.64183],[-102.92761,21.64323],[-102.93101,21.64289],[-102.92969,21.63879],[-102.92885,21.63895],[-102.92879,21.63896],[-102.92601,21.64124],[-102.92593,21.64132]]],[[[-102.92013,21.64195],[-102.91997,21.64297],[-102.92179,21.64432],[-102.92502,21.64198],[-102.92506,21.63614],[-102.92064,21.63871],[-102.92017,21.6417],[-102.92013,21.64195]]],[[[-102.90479,21.62793],[-102.90093,21.63404],[-102.90332,21.63776],[-102.90344,21.63456],[-102.90521,21.63184],[-102.90772,21.63259],[-102.90814,21.62825],[-102.90479,21.62793]]],[[[-102.90957,21.62746],[-102.90957,21.62744],[-102.90962,21.62679],[-102.90963,21.62656],[-102.90968,21.62591],[-102.90968,21.62482],[-102.9072,21.62257],[-102.90672,21.6227],[-102.9063,21.62404],[-102.90946,21.62617],[-102.90949,21.62859],[-102.90957,21.62746]]],[[[-102.96447,21.60866],[-102.96802,21.60883],[-102.96927,21.60609],[-102.96795,21.60442],[-102.96315,21.60712],[-102.96447,21.60866]]],[[[-102.88978,21.59708],[-102.89233,21.59643],[-102.88993,21.59494],[-102.88978,21.59708]]],[[[-103.00846,21.58473],[-103.00674,21.58342],[-103.00452,21.58549],[-103.00269,21.5822],[-103.00045,21.58301],[-103.00039,21.58826],[-103.00204,21.58628],[-103.00175,21.59114],[-103.0067,21.59468],[-103.01033,21.59122],[-103.00846,21.58473]]],[[[-103.00831,21.60322],[-103.01252,21.60379],[-103.01395,21.6004],[-103.01233,21.59805],[-103.01541,21.59798],[-103.01823,21.60262],[-103.01887,21.60015],[-103.01456,21.59682],[-103.01382,21.59442],[-103.01024,21.59852],[-103.00893,21.59592],[-103.00714,21.59801],[-103.00831,21.60322]]],[[[-103.00012,21.60837],[-103.00141,21.60726],[-103.00027,21.60401],[-102.99834,21.60555],[-102.99594,21.60363],[-102.99089,21.60459],[-102.99407,21.60734],[-103.00012,21.60837]]],[[[-102.98781,21.60624],[-102.99428,21.60826],[-102.98996,21.60492],[-102.98781,21.60624]]],[[[-102.9897,21.62081],[-102.98961,21.62142],[-102.99043,21.62098],[-102.99005,21.62085],[-102.9897,21.62081]]],[[[-103.0203,21.61197],[-103.0209,21.61519],[-103.02364,21.61677],[-103.02552,21.61232],[-103.02421,21.60797],[-103.02232,21.60888],[-103.01783,21.6071],[-103.0203,21.61197]]],[[[-103.03415,21.60757],[-103.03736,21.6077],[-103.03908,21.60443],[-103.04183,21.60581],[-103.04029,21.6014],[-103.03629,21.5968],[-103.03682,21.59885],[-103.03449,21.60069],[-103.03309,21.60608],[-103.03415,21.60757]]],[[[-103.02732,21.61056],[-103.02957,21.60833],[-103.02653,21.60678],[-103.02732,21.61056]]],[[[-103.03693,21.61692],[-103.04053,21.61853],[-103.04152,21.61629],[-103.037,21.61256],[-103.03922,21.61099],[-103.04528,21.60977],[-103.04951,21.61466],[-103.0562,21.61665],[-103.05628,21.61458],[-103.05287,21.61137],[-103.05154,21.60654],[-103.04232,21.60499],[-103.04452,21.60738],[-103.03833,21.60907],[-103.03575,21.61092],[-103.03133,21.60985],[-103.03126,21.61244],[-103.03564,21.61781],[-103.03693,21.61692]]],[[[-103.0329,21.62457],[-103.03461,21.62664],[-103.04382,21.62378],[-103.04275,21.62154],[-103.03596,21.61978],[-103.03328,21.61661],[-103.03276,21.62043],[-103.03665,21.62256],[-103.0329,21.62457]]],[[[-103.02053,21.62299],[-103.02247,21.62486],[-103.02611,21.62514],[-103.03189,21.63113],[-103.03308,21.63374],[-103.04574,21.6335],[-103.04626,21.63018],[-103.0373,21.62891],[-103.03674,21.6317],[-103.02946,21.62483],[-103.0287,21.62226],[-103.026,21.62208],[-103.02193,21.61788],[-103.01655,21.61958],[-103.01798,21.62055],[-103.02053,21.62299]]],[[[-103.01832,21.6248],[-103.01273,21.62158],[-103.01583,21.62571],[-103.01648,21.62919],[-103.01875,21.63026],[-103.01974,21.63853],[-103.02082,21.63166],[-103.02306,21.63073],[-103.02234,21.62983],[-103.02167,21.62898],[-103.01908,21.62571],[-103.01966,21.63014],[-103.01622,21.6259],[-103.01832,21.6248]]],[[[-103.00778,21.62745],[-103.00644,21.62814],[-103.00595,21.62954],[-103.01095,21.63188],[-103.00966,21.63287],[-103.01246,21.63532],[-103.01602,21.63549],[-103.01469,21.62927],[-103.01297,21.63039],[-103.01005,21.62587],[-103.00801,21.62733],[-103.00778,21.62745]]],[[[-103.009,21.61943],[-103.00968,21.62441],[-103.011,21.6209],[-103.009,21.61943]]],[[[-103.0123,21.64918],[-103.01985,21.64884],[-103.01973,21.64552],[-103.01685,21.64608],[-103.017,21.64116],[-103.01362,21.64124],[-103.01301,21.63749],[-103.01073,21.63675],[-103.01087,21.64018],[-103.00659,21.63873],[-103.00884,21.64116],[-103.00947,21.64469],[-103.0123,21.64918]]],[[[-103.00446,21.64441],[-103.00799,21.64812],[-103.00742,21.64481],[-103.00446,21.64441]]],[[[-103.03423,21.63616],[-103.0412,21.64454],[-103.04129,21.64902],[-103.04431,21.65292],[-103.04594,21.65264],[-103.04323,21.6485],[-103.04861,21.64477],[-103.04566,21.64349],[-103.04628,21.64054],[-103.04315,21.64192],[-103.04333,21.64471],[-103.04055,21.64343],[-103.03701,21.63769],[-103.03423,21.63616]]],[[[-103.03414,21.64173],[-103.03222,21.63924],[-103.03023,21.64141],[-103.03108,21.64434],[-103.03414,21.64173]]],[[[-103.05255,21.63659],[-103.05358,21.63939],[-103.05692,21.63789],[-103.05343,21.63089],[-103.0509,21.63228],[-103.05255,21.63659]]],[[[-103.06538,21.63273],[-103.06852,21.63305],[-103.065,21.63034],[-103.06538,21.63273]]],[[[-103.04389,21.6286],[-103.04507,21.62905],[-103.04819,21.62413],[-103.04472,21.62366],[-103.03653,21.62703],[-103.03641,21.62805],[-103.04389,21.6286]]],[[[-103.05664,21.62668],[-103.05993,21.62637],[-103.05442,21.62511],[-103.05664,21.62668]]],[[[-103.05925,21.63481],[-103.05798,21.6367],[-103.06232,21.63741],[-103.06,21.63373],[-103.06264,21.63404],[-103.06171,21.63185],[-103.05828,21.63241],[-103.05925,21.63481]]],[[[-103.05812,21.64516],[-103.06274,21.64588],[-103.06284,21.64101],[-103.05661,21.64051],[-103.05812,21.64516]]],[[[-103.04484,21.6498],[-103.05182,21.65083],[-103.05164,21.64429],[-103.04484,21.6498]]],[[[-103.0486,21.65402],[-103.05228,21.65466],[-103.05319,21.6524],[-103.0486,21.65402]]],[[[-103.02229,21.6565],[-103.02548,21.65818],[-103.02343,21.66149],[-103.02671,21.66466],[-103.02634,21.6624],[-103.02876,21.65264],[-103.02588,21.65629],[-103.02153,21.65167],[-103.02229,21.6565]]],[[[-103.00499,21.65658],[-103.00417,21.65443],[-103.00155,21.6552],[-103.00499,21.65658]]],[[[-102.99784,21.64714],[-102.99725,21.647],[-102.99528,21.64768],[-102.99474,21.6512],[-102.99856,21.65663],[-102.99756,21.65283],[-102.99784,21.64714]]],[[[-102.99824,21.65719],[-102.996,21.65816],[-102.99456,21.65898],[-102.99643,21.66204],[-102.99855,21.66164],[-103.00096,21.66468],[-102.99824,21.65719]]],[[[-103.00308,21.67154],[-103.00755,21.67516],[-103.00667,21.67319],[-103.01199,21.67082],[-103.01404,21.66845],[-103.00849,21.66577],[-103.006,21.66226],[-103.00691,21.66679],[-103.00054,21.66784],[-102.99961,21.66465],[-102.99522,21.66424],[-102.99405,21.66599],[-102.99867,21.66868],[-103.00566,21.66921],[-103.00611,21.67095],[-103.00308,21.67154]]],[[[-103.03439,21.66486],[-103.03249,21.66688],[-103.03407,21.66975],[-103.03677,21.66617],[-103.03586,21.66341],[-103.03439,21.66486]]],[[[-103.05631,21.66364],[-103.05854,21.66519],[-103.0618,21.66234],[-103.05804,21.66262],[-103.05607,21.66029],[-103.05631,21.66364]]],[[[-103.0497,21.65899],[-103.05376,21.66067],[-103.05513,21.65765],[-103.05185,21.65867],[-103.0499,21.65598],[-103.04792,21.65774],[-103.0497,21.65899]]],[[[-103.04557,21.66919],[-103.04587,21.66646],[-103.04297,21.66909],[-103.04557,21.66919]]],[[[-103.06183,21.68122],[-103.06324,21.68158],[-103.06246,21.67666],[-103.06183,21.68122]]],[[[-103.06095,21.69953],[-103.0615,21.69509],[-103.05552,21.69128],[-103.05529,21.68672],[-103.05655,21.68317],[-103.05912,21.68348],[-103.05806,21.67958],[-103.05477,21.68144],[-103.05277,21.67674],[-103.05105,21.67888],[-103.04614,21.67894],[-103.03943,21.67443],[-103.04552,21.68135],[-103.04333,21.68121],[-103.03807,21.67835],[-103.04072,21.68327],[-103.04337,21.68333],[-103.05278,21.69019],[-103.05368,21.69354],[-103.05771,21.69601],[-103.06095,21.69953]],[[-103.05112,21.68399],[-103.05246,21.68193],[-103.05614,21.68237],[-103.05161,21.68562],[-103.05112,21.68399]]],[[[-103.06175,21.70598],[-103.05956,21.70312],[-103.0583,21.70501],[-103.06175,21.70598]]],[[[-103.05081,21.69568],[-103.04462,21.69019],[-103.04285,21.69074],[-103.05081,21.69568]]],[[[-103.03677,21.68893],[-103.0395,21.68758],[-103.03407,21.68546],[-103.03677,21.68893]]],[[[-103.02289,21.68487],[-103.02117,21.6907],[-103.02427,21.68728],[-103.02289,21.68487]]],[[[-103.03091,21.68703],[-103.03073,21.68365],[-103.02923,21.68553],[-103.03091,21.68703]]],[[[-103.00194,21.68681],[-103.00207,21.68569],[-102.99898,21.68487],[-102.99837,21.68248],[-102.99565,21.6825],[-102.99782,21.6877],[-103.00194,21.68681]]],[[[-103.02448,21.69388],[-103.02539,21.69475],[-103.02203,21.69985],[-103.02345,21.70171],[-103.02761,21.69849],[-103.02733,21.69518],[-103.02448,21.69388]]],[[[-103.00858,21.67336],[-103.00949,21.67595],[-103.01183,21.67605],[-103.00858,21.67336]]],[[[-103.06549,21.68312],[-103.06765,21.68149],[-103.06432,21.68065],[-103.06549,21.68312]]],[[[-103.06966,21.68363],[-103.07159,21.68229],[-103.06862,21.68108],[-103.06966,21.68363]]],[[[-103.07315,21.68733],[-103.07492,21.68507],[-103.07256,21.68366],[-103.07315,21.68733]]],[[[-103.0661,21.68553],[-103.06735,21.68785],[-103.06886,21.68445],[-103.0661,21.68553]]],[[[-103.06367,21.68894],[-103.06677,21.68928],[-103.06514,21.68678],[-103.06367,21.68894]]],[[[-103.06535,21.69721],[-103.0672,21.69734],[-103.06687,21.69111],[-103.06535,21.69721]]],[[[-102.99736,21.63698],[-102.99942,21.63913],[-102.99911,21.63551],[-102.99736,21.63698]]],[[[-102.98063,21.63901],[-102.98176,21.64228],[-102.98314,21.64356],[-102.98464,21.63991],[-102.98057,21.63852],[-102.98063,21.63901]]],[[[-102.99032,21.63897],[-102.98974,21.63895],[-102.98924,21.64161],[-102.99216,21.64247],[-102.99237,21.64043],[-102.99032,21.63897]]],[[[-103.00061,21.64038],[-103.00445,21.64441],[-103.00568,21.64326],[-103.00169,21.63872],[-103.00061,21.64038]]],[[[-103.0119,21.65221],[-103.01211,21.65364],[-103.01556,21.6555],[-103.01512,21.65187],[-103.0119,21.65221]]],[[[-103.0483,21.63973],[-103.05065,21.64363],[-103.05164,21.64166],[-103.0483,21.63973]]],[[[-102.99838,21.62841],[-103.00155,21.63207],[-103.00418,21.63013],[-103.00346,21.62775],[-102.99779,21.62465],[-103.00127,21.62859],[-102.99838,21.62841]]],[[[-103.03067,21.61731],[-103.03207,21.61524],[-103.02937,21.6135],[-103.02814,21.61538],[-103.03067,21.61731]]],[[[-103.0649,21.62057],[-103.06649,21.61998],[-103.05995,21.61317],[-103.06184,21.61805],[-103.0649,21.62057]]],[[[-103.13075,21.62055],[-103.13343,21.6229],[-103.13404,21.61857],[-103.13049,21.61924],[-103.13075,21.62055]]],[[[-103.04604,21.60456],[-103.0493,21.60404],[-103.04751,21.60164],[-103.04274,21.60326],[-103.04604,21.60456]]],[[[-103.03477,21.59466],[-103.03632,21.59609],[-103.03633,21.59127],[-103.03027,21.5903],[-103.03159,21.59354],[-103.03477,21.59466]]],[[[-103.02407,21.59529],[-103.02585,21.59438],[-103.02124,21.59351],[-103.02407,21.59529]]],[[[-103.04736,21.6013],[-103.05195,21.59918],[-103.05162,21.59709],[-103.04695,21.59669],[-103.04422,21.5993],[-103.04736,21.6013]]],[[[-103.01444,21.59402],[-103.0163,21.59047],[-103.01249,21.58877],[-103.01185,21.59367],[-103.01444,21.59402]]],[[[-103.01523,21.58137],[-103.01389,21.58278],[-103.01767,21.58568],[-103.0181,21.58358],[-103.01641,21.57923],[-103.01523,21.58137]]],[[[-103.02218,21.58109],[-103.02299,21.57847],[-103.02011,21.56994],[-103.0186,21.57019],[-103.02072,21.57507],[-103.02218,21.58109]]],[[[-103.01634,21.57373],[-103.0164,21.57674],[-103.01898,21.57385],[-103.01777,21.57076],[-103.01634,21.57373]]],[[[-102.90766,21.56897],[-102.90758,21.57036],[-102.91038,21.56975],[-102.90766,21.56897]]],[[[-103.01425,21.56349],[-103.01528,21.5603],[-103.01242,21.5619],[-103.01425,21.56349]]],[[[-103.00342,21.56138],[-103.00748,21.56263],[-103.00583,21.56077],[-103.00342,21.56138]]],[[[-103.01898,21.55551],[-103.01925,21.55524],[-103.01467,21.55239],[-103.0137,21.55478],[-103.01898,21.55551]]],[[[-103.02944,21.55402],[-103.03372,21.54998],[-103.03184,21.54879],[-103.02755,21.55256],[-103.02944,21.55402]]],[[[-103.06545,21.52628],[-103.0651,21.52484],[-103.06181,21.52892],[-103.06276,21.53027],[-103.06169,21.5366],[-103.06245,21.53762],[-103.06509,21.54408],[-103.06101,21.54494],[-103.05739,21.55049],[-103.06135,21.54887],[-103.066,21.54441],[-103.06682,21.53651],[-103.06418,21.53353],[-103.06586,21.53059],[-103.06315,21.52918],[-103.06545,21.52628]]],[[[-103.05594,21.5455],[-103.05761,21.54049],[-103.05281,21.54051],[-103.05059,21.54329],[-103.05106,21.54552],[-103.05594,21.5455]]],[[[-103.06168,21.55911],[-103.05886,21.55849],[-103.05658,21.56117],[-103.05897,21.56352],[-103.06303,21.56379],[-103.06472,21.56616],[-103.06054,21.5641],[-103.05501,21.56774],[-103.05288,21.56628],[-103.05207,21.56905],[-103.05433,21.56849],[-103.05556,21.57272],[-103.06005,21.56972],[-103.06159,21.57204],[-103.06859,21.56899],[-103.07674,21.5721],[-103.07668,21.57023],[-103.07175,21.56957],[-103.0686,21.56651],[-103.06941,21.56519],[-103.06834,21.56027],[-103.06168,21.55911]]],[[[-103.07558,21.56111],[-103.07452,21.55643],[-103.07302,21.56089],[-103.07558,21.56111]]],[[[-103.07118,21.55971],[-103.06971,21.56268],[-103.07235,21.56116],[-103.07118,21.55971]]],[[[-103.07794,21.55917],[-103.08149,21.55871],[-103.08402,21.55505],[-103.07794,21.55917]]],[[[-103.06588,21.55358],[-103.06856,21.55244],[-103.06676,21.54994],[-103.06343,21.55169],[-103.06588,21.55358]]],[[[-103.0734,21.56945],[-103.07714,21.56778],[-103.07346,21.56689],[-103.0734,21.56945]]],[[[-103.03521,21.5771],[-103.03988,21.57906],[-103.03943,21.57298],[-103.03761,21.5714],[-103.03397,21.5726],[-103.03632,21.57354],[-103.03521,21.5771]]],[[[-103.03091,21.58175],[-103.02997,21.57836],[-103.02634,21.57552],[-103.0257,21.57778],[-103.03091,21.58175]]],[[[-103.05327,21.58224],[-103.06228,21.58298],[-103.06139,21.5804],[-103.05725,21.57618],[-103.05765,21.57856],[-103.05497,21.57708],[-103.05327,21.58224]]],[[[-103.04681,21.58983],[-103.04819,21.58866],[-103.04579,21.58407],[-103.04851,21.58381],[-103.04783,21.58139],[-103.04462,21.5827],[-103.04436,21.58506],[-103.03829,21.58167],[-103.04128,21.58489],[-103.03453,21.58413],[-103.03163,21.58292],[-103.02829,21.58359],[-103.03701,21.58555],[-103.03921,21.58819],[-103.04305,21.58816],[-103.04681,21.58983]]],[[[-103.07397,21.58563],[-103.07571,21.58738],[-103.07251,21.59008],[-103.07688,21.58931],[-103.07636,21.58535],[-103.07397,21.58563]]],[[[-103.06605,21.58914],[-103.06669,21.58701],[-103.06348,21.58884],[-103.06605,21.58914]]],[[[-103.05649,21.59553],[-103.05635,21.59175],[-103.05372,21.59229],[-103.05378,21.59542],[-103.05649,21.59553]]],[[[-103.06275,21.57924],[-103.06236,21.57398],[-103.0608,21.57692],[-103.06275,21.57924]]],[[[-103.02209,21.56383],[-103.02136,21.56652],[-103.02305,21.57145],[-103.02499,21.57319],[-103.02209,21.56383]]],[[[-103.02087,21.5617],[-103.01632,21.56731],[-103.02011,21.56752],[-103.02087,21.5617]]],[[[-103.00695,21.57607],[-103.0081,21.57521],[-103.00217,21.57389],[-103.00025,21.5751],[-103.00422,21.57712],[-103.00695,21.57607]]],[[[-103.06379,21.57174],[-103.0654,21.57265],[-103.06819,21.5709],[-103.06379,21.57174]]],[[[-103.03791,21.54931],[-103.03954,21.55323],[-103.03857,21.5553],[-103.04059,21.55509],[-103.04169,21.55093],[-103.04675,21.5499],[-103.04221,21.54667],[-103.03791,21.54931]]],[[[-103.00867,21.55145],[-103.01064,21.55328],[-103.01569,21.55031],[-103.0096,21.54912],[-103.00696,21.54751],[-103.00547,21.55092],[-103.00867,21.55145]]],[[[-103.02133,21.53475],[-103.01958,21.53207],[-103.01719,21.53483],[-103.02133,21.53475]]],[[[-103.00385,21.52798],[-103.00415,21.5295],[-103.00843,21.52635],[-103.01346,21.52399],[-103.01393,21.52121],[-103.01141,21.52388],[-103.00969,21.52216],[-103.01325,21.51944],[-103.00896,21.51617],[-103.01011,21.52026],[-103.00795,21.51813],[-103.00297,21.51786],[-103.00225,21.51999],[-103.00565,21.52045],[-103.00385,21.52798]]],[[[-102.94667,21.52481],[-102.94858,21.52731],[-102.95158,21.52574],[-102.95131,21.52029],[-102.9483,21.52132],[-102.94667,21.52481]]],[[[-102.95067,21.51396],[-102.94988,21.51481],[-102.95441,21.51473],[-102.95106,21.51354],[-102.95067,21.51396]]],[[[-103.01965,21.51633],[-103.02221,21.51493],[-103.02076,21.51223],[-103.01878,21.5134],[-103.01965,21.51633]]],[[[-103.01562,21.51842],[-103.0187,21.51558],[-103.01529,21.51593],[-103.01562,21.51842]]],[[[-103.02331,21.53287],[-103.02733,21.53288],[-103.02737,21.52931],[-103.02478,21.52702],[-103.02193,21.52992],[-103.02331,21.53287]]],[[[-103.04137,21.53275],[-103.03962,21.53946],[-103.04162,21.53902],[-103.04152,21.53611],[-103.04341,21.5306],[-103.0483,21.52911],[-103.0495,21.52542],[-103.04344,21.52908],[-103.04137,21.53275]]],[[[-103.05335,21.53438],[-103.05389,21.53146],[-103.06,21.5347],[-103.05783,21.52872],[-103.05583,21.52915],[-103.05084,21.53322],[-103.05335,21.53438]]],[[[-103.0494,21.53916],[-103.05183,21.53958],[-103.05078,21.53721],[-103.0494,21.53916]]],[[[-103.01014,21.54521],[-103.01307,21.54675],[-103.01273,21.54341],[-103.0179,21.54047],[-103.01997,21.54229],[-103.02348,21.54065],[-103.02473,21.53701],[-103.02243,21.536],[-103.02194,21.54058],[-103.01897,21.54021],[-103.02122,21.53858],[-103.01631,21.53796],[-103.01206,21.5406],[-103.01048,21.53878],[-103.01014,21.54521]]],[[[-103.02534,21.54512],[-103.03277,21.54672],[-103.02964,21.54077],[-103.02534,21.54512]]],[[[-103.03732,21.54612],[-103.03693,21.54174],[-103.03564,21.54115],[-103.03561,21.54562],[-103.03732,21.54612]]],[[[-103.04532,21.54394],[-103.04898,21.54271],[-103.04583,21.54152],[-103.04532,21.54394]]],[[[-103.02276,21.55262],[-103.02359,21.55175],[-103.02021,21.54894],[-103.01846,21.55054],[-103.02276,21.55262]]],[[[-103.09153,21.53208],[-103.08959,21.53734],[-103.09242,21.53289],[-103.09153,21.53208]]],[[[-103.07958,21.5418],[-103.0781,21.54654],[-103.07985,21.54663],[-103.07958,21.5418]]],[[[-102.90536,21.6427],[-102.90615,21.64167],[-102.90638,21.64146],[-102.90672,21.64115],[-102.90763,21.64034],[-102.90769,21.64029],[-102.90561,21.63835],[-102.90304,21.63962],[-102.90034,21.63662],[-102.89791,21.63865],[-102.90105,21.64334],[-102.90141,21.64293],[-102.90263,21.6406],[-102.90536,21.6427]]],[[[-102.88526,21.64861],[-102.8849,21.6489],[-102.88827,21.64847],[-102.8906,21.6522],[-102.8914,21.64978],[-102.8897,21.64725],[-102.89411,21.64574],[-102.89334,21.64303],[-102.8855,21.64841],[-102.88526,21.64861]]],[[[-102.8626,21.63394],[-102.86497,21.63588],[-102.86758,21.63145],[-102.86547,21.63265],[-102.86221,21.63131],[-102.8626,21.63394]]],[[[-102.85537,21.69882],[-102.85766,21.69943],[-102.85765,21.6957],[-102.85537,21.69882]]],[[[-102.83438,21.69414],[-102.83417,21.69417],[-102.83422,21.69458],[-102.83476,21.69435],[-102.83438,21.69414]]],[[[-102.9743,21.68591],[-102.97793,21.68537],[-102.97569,21.68387],[-102.97766,21.68144],[-102.97307,21.67967],[-102.97292,21.68676],[-102.9743,21.68591]]],[[[-102.97442,21.71263],[-102.97246,21.70982],[-102.97227,21.71359],[-102.97442,21.71263]]],[[[-102.80784,21.76433],[-102.80905,21.76451],[-102.80943,21.76457],[-102.8101,21.76472],[-102.81152,21.7651],[-102.81264,21.76484],[-102.81366,21.76538],[-102.81456,21.76545],[-102.81491,21.76554],[-102.81501,21.76557],[-102.81504,21.7659],[-102.81692,21.76648],[-102.81721,21.76808],[-102.81721,21.76817],[-102.81792,21.76948],[-102.81788,21.76961],[-102.81794,21.76972],[-102.81813,21.77007],[-102.82168,21.77256],[-102.82367,21.77093],[-102.82093,21.76612],[-102.81744,21.7641],[-102.81489,21.75998],[-102.81181,21.76032],[-102.81155,21.7637],[-102.80784,21.76433]]],[[[-102.95655,21.71806],[-102.95593,21.7147],[-102.95352,21.7129],[-102.95538,21.71835],[-102.95655,21.71806]]],[[[-102.95806,21.72233],[-102.95373,21.72148],[-102.94934,21.72267],[-102.94803,21.72792],[-102.95218,21.72617],[-102.95451,21.72257],[-102.95806,21.72233]]],[[[-103.00033,21.83902],[-103.00599,21.84345],[-103.00988,21.84313],[-103.00826,21.84158],[-103.00897,21.83863],[-103.00007,21.83839],[-103.00033,21.83902]]],[[[-103.01728,21.83974],[-103.01992,21.83795],[-103.01376,21.83528],[-103.01432,21.83289],[-103.01209,21.82541],[-103.00301,21.81848],[-102.99198,21.81553],[-102.99377,21.81153],[-102.99044,21.81073],[-102.99257,21.80947],[-102.9895,21.80498],[-102.98891,21.80892],[-102.98479,21.80818],[-102.98229,21.81053],[-102.98078,21.80664],[-102.97804,21.80883],[-102.97839,21.80606],[-102.98069,21.8034],[-102.97523,21.80408],[-102.97785,21.80592],[-102.97681,21.80894],[-102.97391,21.81149],[-102.97774,21.8102],[-102.97948,21.81193],[-102.97901,21.81504],[-102.98144,21.82178],[-102.98384,21.82033],[-102.98936,21.82236],[-102.98829,21.82643],[-102.9908,21.82944],[-102.98665,21.8327],[-102.98313,21.83386],[-102.98371,21.8356],[-102.98728,21.83451],[-102.98844,21.83647],[-102.99128,21.8363],[-102.9948,21.82859],[-102.99265,21.83488],[-102.99319,21.83725],[-103.00263,21.83498],[-103.00137,21.83673],[-103.00878,21.83754],[-103.01359,21.83684],[-103.01379,21.83987],[-103.01728,21.83974]],[[-103.01188,21.83454],[-103.00999,21.83181],[-103.01283,21.83254],[-103.01188,21.83454]]],[[[-102.97453,21.82535],[-102.97628,21.82351],[-102.9687,21.82238],[-102.97125,21.8155],[-102.9704,21.81168],[-102.96754,21.81224],[-102.97056,21.81621],[-102.96862,21.8205],[-102.96508,21.82247],[-102.96572,21.82508],[-102.97453,21.82535]]],[[[-102.95469,21.82225],[-102.95757,21.82055],[-102.95678,21.81671],[-102.96093,21.816],[-102.95887,21.81494],[-102.96095,21.81277],[-102.96062,21.80919],[-102.9572,21.81157],[-102.95858,21.81349],[-102.95398,21.81372],[-102.94875,21.82029],[-102.95338,21.81831],[-102.95469,21.82225]]],[[[-102.94852,21.81568],[-102.94785,21.81993],[-102.95643,21.80829],[-102.95325,21.80663],[-102.94891,21.81057],[-102.94762,21.81367],[-102.9453,21.81298],[-102.94336,21.81535],[-102.94852,21.81568]]],[[[-102.82326,21.76285],[-102.82359,21.76503],[-102.82736,21.76245],[-102.82326,21.76285]]],[[[-102.81736,21.75857],[-102.81782,21.75939],[-102.82121,21.75546],[-102.81868,21.75423],[-102.82179,21.75226],[-102.8216,21.75519],[-102.82018,21.75736],[-102.82211,21.75935],[-102.82475,21.75801],[-102.8261,21.75952],[-102.833,21.75579],[-102.83401,21.75424],[-102.82812,21.75327],[-102.82474,21.74987],[-102.82386,21.75137],[-102.82075,21.75178],[-102.81731,21.74762],[-102.81793,21.7454],[-102.81528,21.74601],[-102.81068,21.74401],[-102.81305,21.74879],[-102.8192,21.75116],[-102.81732,21.75415],[-102.81479,21.75493],[-102.81279,21.75337],[-102.81059,21.75602],[-102.81476,21.75606],[-102.81502,21.7585],[-102.81736,21.75857]]],[[[-102.80186,21.75694],[-102.80241,21.75917],[-102.81059,21.7622],[-102.81138,21.76085],[-102.8062,21.7581],[-102.80321,21.75537],[-102.80186,21.75694]]],[[[-102.80512,21.75206],[-102.80528,21.75449],[-102.80879,21.75184],[-102.81498,21.75195],[-102.81147,21.74961],[-102.80774,21.74874],[-102.80339,21.75097],[-102.80512,21.75206]]],[[[-102.89148,21.75543],[-102.89176,21.7552],[-102.89176,21.75437],[-102.89225,21.75354],[-102.89278,21.75201],[-102.8945,21.74657],[-102.8953,21.74415],[-102.89109,21.74832],[-102.89081,21.74854],[-102.88824,21.75044],[-102.88804,21.75231],[-102.88804,21.7547],[-102.89148,21.75543]]],[[[-102.86908,21.74251],[-102.87054,21.7357],[-102.8693,21.73423],[-102.86722,21.74017],[-102.86908,21.74251]]],[[[-102.90505,21.72948],[-102.90214,21.73243],[-102.90188,21.73404],[-102.9057,21.73263],[-102.90505,21.72948]]],[[[-102.91789,21.72777],[-102.91548,21.72632],[-102.91075,21.73056],[-102.90832,21.73077],[-102.90325,21.7391],[-102.90714,21.74105],[-102.91233,21.73409],[-102.91347,21.73514],[-102.91757,21.73085],[-102.91426,21.72969],[-102.91578,21.72725],[-102.91789,21.72777]]],[[[-102.94093,21.74241],[-102.94206,21.74278],[-102.94526,21.73739],[-102.93859,21.7371],[-102.93496,21.73573],[-102.93381,21.73233],[-102.93738,21.7299],[-102.93728,21.72353],[-102.93356,21.72008],[-102.93238,21.72476],[-102.92983,21.72861],[-102.92281,21.73229],[-102.91979,21.72855],[-102.91772,21.73037],[-102.92229,21.7323],[-102.92065,21.73356],[-102.92236,21.73838],[-102.92579,21.73948],[-102.92838,21.73796],[-102.93611,21.74095],[-102.93909,21.73931],[-102.94093,21.74241]],[[-102.9281,21.73179],[-102.93041,21.7323],[-102.92662,21.73391],[-102.9254,21.73661],[-102.92223,21.73463],[-102.9281,21.73179]]],[[[-102.92893,21.7594],[-102.93299,21.76266],[-102.93586,21.76851],[-102.9406,21.76689],[-102.94355,21.76123],[-102.94675,21.75843],[-102.95345,21.75709],[-102.95139,21.75455],[-102.95685,21.75567],[-102.96132,21.7556],[-102.96103,21.75745],[-102.96497,21.76079],[-102.96885,21.75696],[-102.96465,21.75707],[-102.96215,21.75382],[-102.95841,21.75294],[-102.95934,21.75063],[-102.94523,21.74528],[-102.94592,21.74366],[-102.94923,21.74423],[-102.94917,21.74587],[-102.95387,21.74824],[-102.95524,21.74666],[-102.96022,21.75045],[-102.96068,21.75244],[-102.96426,21.75305],[-102.96586,21.75101],[-102.96819,21.74422],[-102.96466,21.74077],[-102.95949,21.73919],[-102.95225,21.7349],[-102.95086,21.73541],[-102.95116,21.7395],[-102.94742,21.73869],[-102.94587,21.74214],[-102.94235,21.74455],[-102.9404,21.74252],[-102.93532,21.74242],[-102.93087,21.74012],[-102.93669,21.74435],[-102.93652,21.74864],[-102.93208,21.74288],[-102.93091,21.74398],[-102.9325,21.74746],[-102.93,21.74593],[-102.92787,21.74933],[-102.93616,21.75254],[-102.93171,21.75443],[-102.93513,21.75522],[-102.93694,21.75884],[-102.93443,21.75862],[-102.93357,21.75594],[-102.92951,21.7578],[-102.92683,21.75451],[-102.92429,21.75945],[-102.92893,21.7594]]],[[[-102.91708,21.76875],[-102.92256,21.76856],[-102.92463,21.76652],[-102.92581,21.76204],[-102.92262,21.76169],[-102.92331,21.76569],[-102.92016,21.76646],[-102.92155,21.76225],[-102.91847,21.76422],[-102.91592,21.76214],[-102.92032,21.75921],[-102.91878,21.75752],[-102.91619,21.75941],[-102.91675,21.76111],[-102.91335,21.76273],[-102.91327,21.7647],[-102.91708,21.76875]]],[[[-102.91382,21.75692],[-102.91569,21.76008],[-102.91768,21.75577],[-102.9225,21.7574],[-102.92553,21.75146],[-102.92212,21.74948],[-102.91631,21.7516],[-102.9153,21.74621],[-102.91319,21.74531],[-102.91126,21.74949],[-102.90835,21.75202],[-102.90867,21.75444],[-102.91438,21.7522],[-102.91014,21.75668],[-102.91382,21.75692]]],[[[-102.91937,21.74814],[-102.921,21.74877],[-102.92115,21.74435],[-102.92468,21.7457],[-102.92528,21.74189],[-102.92046,21.74254],[-102.92028,21.73832],[-102.91917,21.74274],[-102.91559,21.74449],[-102.91937,21.74814]]],[[[-102.93108,21.76675],[-102.92905,21.76369],[-102.92889,21.76656],[-102.93108,21.76675]]],[[[-102.92934,21.77013],[-102.93218,21.77063],[-102.93289,21.76785],[-102.92816,21.76822],[-102.92934,21.77013]]],[[[-102.98222,21.7874],[-102.9822,21.78737],[-102.982,21.78719],[-102.98191,21.7871],[-102.98186,21.78704],[-102.98113,21.78603],[-102.97857,21.79007],[-102.98222,21.7874]]],[[[-102.98633,21.79204],[-102.98335,21.78848],[-102.98129,21.79145],[-102.98158,21.79598],[-102.97855,21.79799],[-102.97804,21.80134],[-102.98285,21.79714],[-102.98633,21.79204]]],[[[-103.00825,21.81781],[-103.00446,21.81386],[-103.00541,21.81632],[-103.00825,21.81781]]],[[[-102.99683,21.79348],[-103.00189,21.79623],[-103.00406,21.79475],[-102.99929,21.79245],[-102.99946,21.79032],[-103.00931,21.78699],[-103.00721,21.78668],[-102.99813,21.78924],[-102.99465,21.78734],[-102.99119,21.78798],[-102.99428,21.79164],[-102.99683,21.79348]]],[[[-102.97527,21.76775],[-102.97642,21.77008],[-102.97822,21.77206],[-102.98211,21.76812],[-102.98354,21.76517],[-102.99215,21.76811],[-102.99212,21.76959],[-102.99383,21.76861],[-102.98831,21.76517],[-102.98919,21.7624],[-102.98428,21.76421],[-102.97842,21.7636],[-102.9806,21.76553],[-102.97493,21.76532],[-102.97527,21.76775]]],[[[-102.96728,21.79242],[-102.96901,21.79675],[-102.97091,21.79635],[-102.96995,21.79333],[-102.97078,21.78837],[-102.97241,21.79145],[-102.97558,21.78427],[-102.97617,21.78052],[-102.97436,21.77762],[-102.97393,21.78062],[-102.97165,21.7801],[-102.97037,21.78524],[-102.96864,21.78717],[-102.96728,21.79242]]],[[[-102.9651,21.79309],[-102.96566,21.7939],[-102.9709,21.77947],[-102.9644,21.78204],[-102.96207,21.78574],[-102.95901,21.78812],[-102.96355,21.79025],[-102.9651,21.79309]]],[[[-102.94983,21.78927],[-102.95298,21.78904],[-102.95317,21.78513],[-102.94803,21.78538],[-102.94737,21.78918],[-102.94983,21.78927]]],[[[-102.95583,21.77863],[-102.95539,21.78149],[-102.95813,21.78305],[-102.96036,21.78177],[-102.9627,21.77773],[-102.96009,21.77555],[-102.95583,21.77863]]],[[[-102.96718,21.77742],[-102.9693,21.77902],[-102.97052,21.77702],[-102.96718,21.77742]]],[[[-102.99777,21.76923],[-102.99996,21.76798],[-102.99544,21.76654],[-102.99455,21.76789],[-102.99777,21.76923]]],[[[-103.02599,21.7723],[-103.01979,21.77038],[-103.01745,21.77126],[-103.0203,21.77252],[-103.0261,21.77252],[-103.02599,21.7723]]],[[[-103.01434,21.7806],[-103.01554,21.78249],[-103.01909,21.78205],[-103.0217,21.77885],[-103.01773,21.7782],[-103.00863,21.77257],[-103.00724,21.77618],[-103.01196,21.77632],[-103.01493,21.77924],[-103.0114,21.78031],[-103.00809,21.77877],[-103.00781,21.78169],[-103.01434,21.7806]]],[[[-102.97001,21.73937],[-102.96897,21.73754],[-102.96725,21.74136],[-102.96901,21.74256],[-102.96809,21.74606],[-102.982,21.74836],[-102.98501,21.74716],[-102.98196,21.7456],[-102.97093,21.74025],[-102.97001,21.73937]]],[[[-103.00087,21.73438],[-103.00472,21.7358],[-103.00496,21.7337],[-103.00895,21.73397],[-103.00932,21.73215],[-102.99946,21.73088],[-103.00087,21.73438]]],[[[-102.98543,21.74849],[-102.98545,21.74774],[-102.97937,21.74958],[-102.97573,21.74777],[-102.96656,21.74937],[-102.97567,21.74924],[-102.97961,21.75087],[-102.98543,21.74849]]],[[[-102.97152,21.76091],[-102.97416,21.76104],[-102.97779,21.7551],[-102.97966,21.75666],[-102.98104,21.75423],[-102.97698,21.75175],[-102.97382,21.75199],[-102.97348,21.75515],[-102.9713,21.7567],[-102.97152,21.76091]]],[[[-102.94229,21.718],[-102.93471,21.71816],[-102.9403,21.72085],[-102.94229,21.718]]],[[[-102.96152,21.80781],[-102.96165,21.80448],[-102.95836,21.80659],[-102.96152,21.80781]]],[[[-102.90824,21.80879],[-102.90803,21.80884],[-102.90528,21.81229],[-102.90983,21.8106],[-102.90824,21.80879]]],[[[-102.90324,21.82137],[-102.90092,21.82649],[-102.90459,21.82332],[-102.90324,21.82137]]],[[[-102.91752,21.81449],[-102.92237,21.81273],[-102.91684,21.81235],[-102.91752,21.81449]]],[[[-102.91453,21.80696],[-102.91294,21.80973],[-102.91562,21.8107],[-102.91453,21.80696]]],[[[-102.87946,21.72645],[-102.87924,21.72434],[-102.87673,21.72618],[-102.87946,21.72645]]],[[[-102.8352,21.7143],[-102.83849,21.71425],[-102.83912,21.71165],[-102.83577,21.71096],[-102.8352,21.7143]]],[[[-102.0809,22.80795],[-102.08092,22.81067],[-102.08092,22.81066],[-102.0809,22.80795]]],[[[-102.08085,22.79864],[-102.08083,22.79863],[-102.08083,22.79926],[-102.08085,22.79864]]],[[[-102.09452,22.76139],[-102.09425,22.76027],[-102.09047,22.75748],[-102.09069,22.75801],[-102.09069,22.75802],[-102.09264,22.76256],[-102.09452,22.76139]]],[[[-102.13911,22.7988],[-102.13639,22.79577],[-102.13272,22.79644],[-102.12594,22.80075],[-102.13321,22.79969],[-102.13911,22.7988]]],[[[-102.12009,22.80268],[-102.11835,22.80314],[-102.11826,22.80329],[-102.12009,22.80268]]],[[[-102.117,22.80372],[-102.11615,22.8039],[-102.11614,22.804],[-102.117,22.80372]]],[[[-102.11544,22.80424],[-102.11156,22.80541],[-102.11152,22.80368],[-102.10802,22.80315],[-102.10667,22.80124],[-102.10355,22.80485],[-102.09811,22.80705],[-102.09677,22.81048],[-102.10186,22.80885],[-102.11147,22.80556],[-102.11544,22.80424]]],[[[-102.14175,22.79463],[-102.14155,22.79267],[-102.13874,22.78818],[-102.13561,22.78982],[-102.13623,22.79274],[-102.14175,22.79463]]],[[[-102.12119,22.67777],[-102.11536,22.675],[-102.11132,22.6756],[-102.11074,22.67569],[-102.10866,22.67599],[-102.10789,22.67235],[-102.10706,22.67165],[-102.10287,22.67074],[-102.10122,22.67204],[-102.10309,22.67515],[-102.10373,22.67912],[-102.1064,22.68041],[-102.11288,22.68146],[-102.11528,22.68325],[-102.11833,22.6828],[-102.12373,22.68752],[-102.12702,22.68703],[-102.12989,22.68943],[-102.12611,22.68233],[-102.12078,22.67895],[-102.12119,22.67777]]],[[[-102.10968,22.62265],[-102.10934,22.62169],[-102.10535,22.62251],[-102.10695,22.62497],[-102.10991,22.62448],[-102.10977,22.62342],[-102.10968,22.62265]]],[[[-101.99124,22.71624],[-101.99124,22.71621],[-101.98936,22.71552],[-101.99124,22.71624]]],[[[-101.9447,22.68461],[-101.93949,22.69658],[-101.93965,22.69664],[-101.9447,22.68461]]],[[[-101.94705,22.67923],[-101.94705,22.67922],[-101.947,22.67934],[-101.94705,22.67923]]],[[[-101.94035,22.66129],[-101.93895,22.66395],[-101.95162,22.66876],[-101.95019,22.67202],[-101.94943,22.67377],[-101.956,22.65888],[-101.95053,22.6566],[-101.95213,22.65331],[-101.94544,22.65179],[-101.94035,22.66129]]],[[[-101.96148,22.71187],[-101.96447,22.71623],[-101.96506,22.71295],[-101.96148,22.71187]]],[[[-101.96325,22.70917],[-101.97191,22.70903],[-101.96154,22.70503],[-101.95828,22.70636],[-101.96325,22.70917]]],[[[-102.00485,22.6995],[-102.00557,22.69624],[-101.99921,22.69405],[-101.99815,22.69699],[-102.00485,22.6995]]],[[[-102.00684,22.68611],[-102.00825,22.68216],[-102.00611,22.68145],[-102.00043,22.68359],[-102.00684,22.68611]]],[[[-101.97271,22.67019],[-101.97067,22.67449],[-101.97516,22.67784],[-101.97763,22.67295],[-101.97271,22.67019]]],[[[-101.95403,22.66429],[-101.95746,22.6662],[-101.95988,22.65933],[-101.95662,22.65825],[-101.95403,22.66429]]],[[[-101.96942,22.65884],[-101.96715,22.65665],[-101.96479,22.65743],[-101.96942,22.65884]]],[[[-101.96836,22.71587],[-101.97026,22.71493],[-101.97461,22.71634],[-101.97496,22.71407],[-101.96944,22.71288],[-101.96836,22.71587]]],[[[-101.96445,22.71893],[-101.96606,22.71756],[-101.96774,22.71281],[-101.96657,22.71259],[-101.96445,22.71893]]],[[[-102.68875,24.31816],[-102.68842,24.31813],[-102.68765,24.31885],[-102.68764,24.31888],[-102.69178,24.3206],[-102.69069,24.31834],[-102.68938,24.31822],[-102.68875,24.31816]]],[[[-102.88704,24.3016],[-102.88759,24.30225],[-102.88773,24.30232],[-102.89271,24.30177],[-102.89405,24.29978],[-102.89645,24.30125],[-102.90076,24.30079],[-102.90262,24.29472],[-102.89895,24.29514],[-102.90034,24.29194],[-102.90428,24.2919],[-102.90495,24.28938],[-102.90623,24.29268],[-102.91013,24.29295],[-102.90992,24.29066],[-102.90841,24.28814],[-102.90816,24.28782],[-102.90806,24.2877],[-102.90548,24.28706],[-102.90477,24.28441],[-102.89471,24.28188],[-102.89387,24.28413],[-102.89112,24.28428],[-102.88617,24.28703],[-102.88673,24.28291],[-102.88606,24.28411],[-102.88523,24.28643],[-102.88715,24.29144],[-102.8823,24.29607],[-102.8832,24.29712],[-102.88683,24.29483],[-102.88826,24.29897],[-102.89107,24.30003],[-102.88704,24.3016]]],[[[-102.95323,24.24627],[-102.95302,24.24601],[-102.95256,24.2454],[-102.94759,24.24388],[-102.94449,24.24005],[-102.946,24.24015],[-102.9435,24.2386],[-102.94306,24.23841],[-102.94043,24.23729],[-102.94104,24.24181],[-102.94482,24.2466],[-102.94921,24.24993],[-102.95571,24.25132],[-102.95332,24.24639],[-102.95323,24.24627]]],[[[-102.75397,24.36236],[-102.75381,24.36042],[-102.75008,24.35958],[-102.75397,24.36236]]],[[[-102.75517,24.34848],[-102.7552,24.34804],[-102.75387,24.34712],[-102.75517,24.34848]]],[[[-102.71449,24.36024],[-102.71369,24.35905],[-102.71341,24.35793],[-102.71319,24.35705],[-102.7199,24.35549],[-102.71216,24.3558],[-102.71296,24.35855],[-102.71127,24.35965],[-102.71449,24.36024]]],[[[-102.7499,24.34258],[-102.74854,24.34048],[-102.74854,24.33972],[-102.7479,24.33897],[-102.74022,24.34143],[-102.73757,24.33971],[-102.73455,24.33568],[-102.72831,24.33332],[-102.72551,24.33533],[-102.72386,24.34547],[-102.72777,24.34672],[-102.7333,24.34484],[-102.73567,24.3459],[-102.74016,24.34437],[-102.74262,24.34637],[-102.74271,24.34886],[-102.75196,24.34483],[-102.7499,24.34258]]],[[[-102.74967,24.3417],[-102.74938,24.34055],[-102.74899,24.34055],[-102.74967,24.3417]]],[[[-102.68824,24.32711],[-102.68999,24.32767],[-102.69494,24.32719],[-102.69496,24.32508],[-102.68652,24.32652],[-102.68786,24.32699],[-102.68824,24.32711]]],[[[-102.69992,24.32539],[-102.70309,24.32129],[-102.69847,24.32102],[-102.69766,24.32536],[-102.69992,24.32539]]],[[[-102.89128,24.30434],[-102.896,24.30576],[-102.89864,24.30651],[-102.89617,24.30175],[-102.89128,24.30434]]],[[[-102.88381,24.27415],[-102.8874,24.27782],[-102.88704,24.28226],[-102.8882,24.27745],[-102.88381,24.27415]]],[[[-102.96264,24.24646],[-102.96253,24.24646],[-102.96253,24.24696],[-102.96264,24.24646]]],[[[-102.9617,24.24627],[-102.96253,24.24646],[-102.96253,24.24616],[-102.9617,24.24627]]],[[[-102.95194,24.2373],[-102.95171,24.2373],[-102.95174,24.23813],[-102.95194,24.2373]]],[[[-102.9567,24.17047],[-102.95587,24.16986],[-102.95587,24.17032],[-102.9567,24.17047]]],[[[-102.95087,24.16976],[-102.95587,24.16986],[-102.95335,24.16903],[-102.95087,24.16976]]],[[[-102.95006,24.16819],[-102.94838,24.16819],[-102.95002,24.16903],[-102.95006,24.16819]]],[[[-102.3341,24.10908],[-102.33644,24.11181],[-102.33941,24.1108],[-102.3341,24.10908]]],[[[-102.31869,24.09753],[-102.31843,24.10024],[-102.32104,24.09978],[-102.31869,24.09753]]],[[[-102.34333,24.09381],[-102.34588,24.09673],[-102.34727,24.09437],[-102.34536,24.09241],[-102.34333,24.09381]]],[[[-102.33162,24.09364],[-102.32758,24.0956],[-102.33016,24.09699],[-102.33162,24.09364]]],[[[-102.37768,24.01705],[-102.37762,24.01866],[-102.38022,24.01889],[-102.38376,24.02456],[-102.38288,24.028],[-102.38809,24.02528],[-102.37794,24.01204],[-102.37768,24.01705]]],[[[-102.37717,24.01103],[-102.37673,24.01047],[-102.37518,24.01013],[-102.37512,24.01131],[-102.37717,24.01103]]],[[[-102.37046,24.0018],[-102.35747,23.99117],[-102.35304,23.98513],[-102.35206,23.98492],[-102.35296,23.99975],[-102.35407,24.00081],[-102.36352,24.00308],[-102.36563,24.00001],[-102.37046,24.0018]]],[[[-102.36857,24.00859],[-102.37215,24.00426],[-102.37113,24.00278],[-102.36857,24.00859]]],[[[-102.36667,24.01781],[-102.3643,24.0144],[-102.36781,24.01003],[-102.36321,24.00668],[-102.36152,24.01038],[-102.36473,24.0117],[-102.36254,24.01349],[-102.36399,24.0166],[-102.36667,24.01781]]],[[[-102.3628,24.05075],[-102.36425,24.0502],[-102.36363,24.04633],[-102.3628,24.05075]]],[[[-102.96936,24.26062],[-102.96919,24.26062],[-102.97037,24.26145],[-102.96936,24.26062]]],[[[-102.96775,24.25729],[-102.96669,24.25729],[-102.96836,24.25812],[-102.96836,24.25794],[-102.96775,24.25729]]],[[[-102.90312,24.26634],[-102.90786,24.26469],[-102.91077,24.26241],[-102.9074,24.26185],[-102.90709,24.26351],[-102.90325,24.26447],[-102.90312,24.26634]]],[[[-102.88666,24.26033],[-102.88544,24.25919],[-102.88148,24.26118],[-102.88203,24.26252],[-102.88526,24.26337],[-102.88535,24.26553],[-102.88925,24.26322],[-102.88666,24.26033]]],[[[-102.8983,24.2732],[-102.89625,24.26893],[-102.8931,24.27135],[-102.8983,24.2732]]],[[[-102.96383,24.25562],[-102.96336,24.25562],[-102.96336,24.25633],[-102.96383,24.25562]]],[[[-102.90089,24.22325],[-102.89926,24.22768],[-102.89984,24.23008],[-102.90265,24.23126],[-102.90107,24.23514],[-102.90624,24.23313],[-102.91074,24.23443],[-102.91289,24.23087],[-102.91599,24.22907],[-102.91022,24.22644],[-102.90727,24.22695],[-102.90089,24.22325]]],[[[-102.89343,24.23135],[-102.89259,24.23147],[-102.89135,24.23159],[-102.89285,24.23205],[-102.89343,24.23135]]],[[[-102.90376,24.24138],[-102.90919,24.24338],[-102.91011,24.23941],[-102.91718,24.23976],[-102.91687,24.24298],[-102.92446,24.23722],[-102.923,24.23445],[-102.91439,24.23222],[-102.91213,24.23471],[-102.91331,24.2363],[-102.91064,24.23902],[-102.907,24.23806],[-102.90846,24.24053],[-102.90376,24.24138]]],[[[-102.8931,24.2444],[-102.89701,24.24476],[-102.89886,24.24243],[-102.89477,24.24146],[-102.8931,24.2444]]],[[[-102.9642,24.18666],[-102.9642,24.18734],[-102.96586,24.18726],[-102.9642,24.18666]]],[[[-102.96392,24.18774],[-102.9642,24.18734],[-102.96281,24.18734],[-102.96392,24.18774]]],[[[-102.96003,24.18532],[-102.95837,24.18485],[-102.95887,24.18568],[-102.96003,24.18532]]],[[[-102.95616,24.18485],[-102.95837,24.18485],[-102.95672,24.18401],[-102.95616,24.18485]]],[[[-102.93093,24.28617],[-102.93213,24.28764],[-102.93246,24.28762],[-102.93362,24.28752],[-102.93396,24.2875],[-102.93452,24.28501],[-102.93455,24.28418],[-102.93069,24.28512],[-102.93093,24.28617]]],[[[-102.89857,24.30347],[-102.90328,24.3029],[-102.89904,24.30214],[-102.89857,24.30347]]],[[[-102.88759,24.28401],[-102.89192,24.28118],[-102.88901,24.27932],[-102.88759,24.28401]]],[[[-102.90456,24.2795],[-102.90712,24.27958],[-102.90661,24.27725],[-102.90263,24.27648],[-102.90058,24.27864],[-102.90456,24.2795]]],[[[-102.63991,24.37808],[-102.63109,24.37467],[-102.63083,24.37815],[-102.62778,24.37804],[-102.62811,24.3858],[-102.63125,24.39233],[-102.63977,24.38698],[-102.6358,24.38097],[-102.63991,24.37808]]],[[[-102.69662,22.59925],[-102.69664,22.59633],[-102.69613,22.59644],[-102.69656,22.59895],[-102.69662,22.59925]]],[[[-102.70763,22.61123],[-102.70653,22.60841],[-102.70309,22.60404],[-102.69953,22.60623],[-102.70719,22.61426],[-102.70763,22.61123]]],[[[-103.41455,21.82639],[-103.41887,21.81979],[-103.4172,21.81655],[-103.41551,21.81743],[-103.41455,21.82639]]],[[[-103.42095,21.83525],[-103.41911,21.83223],[-103.41616,21.83324],[-103.42095,21.83525]]],[[[-103.34624,21.82403],[-103.34857,21.83516],[-103.35173,21.84058],[-103.35644,21.83734],[-103.36212,21.83833],[-103.36289,21.83848],[-103.36346,21.8397],[-103.36874,21.84579],[-103.37369,21.84375],[-103.3772,21.83619],[-103.37792,21.83596],[-103.37869,21.83571],[-103.37873,21.8357],[-103.38033,21.8352],[-103.39108,21.83221],[-103.39341,21.82953],[-103.38791,21.82808],[-103.38132,21.83137],[-103.37845,21.82795],[-103.38069,21.82588],[-103.39261,21.82142],[-103.39603,21.81879],[-103.3959,21.81556],[-103.39757,21.81213],[-103.39565,21.81036],[-103.395,21.8116],[-103.38846,21.81239],[-103.37727,21.8157],[-103.37445,21.81341],[-103.37523,21.81841],[-103.35787,21.81853],[-103.35539,21.81552],[-103.34961,21.81512],[-103.34846,21.82082],[-103.34624,21.82403]],[[-103.35444,21.828],[-103.35874,21.8285],[-103.35843,21.83166],[-103.35469,21.83106],[-103.35444,21.828]],[[-103.35054,21.83009],[-103.34877,21.82731],[-103.35174,21.82707],[-103.35054,21.83009]]],[[[-103.0919,21.44949],[-103.09201,21.44922],[-103.09088,21.44762],[-103.08628,21.44696],[-103.08403,21.44335],[-103.07939,21.44496],[-103.07927,21.45009],[-103.08823,21.45018],[-103.09117,21.4513],[-103.09177,21.44981],[-103.0919,21.44949]]],[[[-103.09036,21.46045],[-103.09025,21.45504],[-103.08679,21.46012],[-103.09036,21.46045]]],[[[-103.08754,21.47832],[-103.08698,21.4759],[-103.08384,21.47744],[-103.08696,21.47897],[-103.08508,21.48255],[-103.0867,21.4852],[-103.09019,21.48621],[-103.08702,21.48773],[-103.0905,21.48863],[-103.08929,21.49117],[-103.09309,21.49351],[-103.09341,21.49698],[-103.09791,21.49951],[-103.09974,21.49831],[-103.09933,21.50177],[-103.10102,21.50116],[-103.10075,21.49875],[-103.10431,21.49965],[-103.10742,21.496],[-103.10857,21.49724],[-103.10745,21.50124],[-103.11235,21.50321],[-103.11364,21.49815],[-103.11747,21.4957],[-103.12095,21.49537],[-103.11922,21.49189],[-103.11655,21.49018],[-103.11323,21.49021],[-103.10931,21.49505],[-103.10401,21.49458],[-103.10278,21.49799],[-103.09999,21.49652],[-103.10114,21.49209],[-103.09885,21.4947],[-103.09679,21.49276],[-103.09894,21.48732],[-103.08981,21.48008],[-103.08754,21.47832]]],[[[-103.10463,21.48546],[-103.1049,21.48643],[-103.10772,21.48799],[-103.10748,21.48554],[-103.10463,21.48546]]],[[[-103.10343,21.47864],[-103.10644,21.47751],[-103.10431,21.47427],[-103.10756,21.47374],[-103.10887,21.47169],[-103.10344,21.46929],[-103.10196,21.47174],[-103.10206,21.47663],[-103.09987,21.47951],[-103.10451,21.48065],[-103.11113,21.4843],[-103.1076,21.48059],[-103.10343,21.47864]]],[[[-103.11048,21.44935],[-103.10818,21.45488],[-103.10493,21.45645],[-103.10865,21.45903],[-103.10449,21.46419],[-103.10386,21.4686],[-103.10929,21.46946],[-103.11175,21.46574],[-103.10885,21.46594],[-103.11232,21.4637],[-103.11246,21.45952],[-103.11425,21.46107],[-103.11897,21.45991],[-103.11492,21.45934],[-103.11059,21.45592],[-103.11048,21.44935]]],[[[-103.08419,21.50197],[-103.0857,21.50476],[-103.09031,21.50848],[-103.09315,21.50732],[-103.0973,21.51382],[-103.09992,21.52594],[-103.10583,21.52911],[-103.10871,21.53251],[-103.10791,21.5288],[-103.10418,21.52762],[-103.10249,21.52538],[-103.1003,21.51888],[-103.10121,21.51618],[-103.09615,21.50675],[-103.09237,21.50529],[-103.08965,21.50603],[-103.08603,21.5017],[-103.08476,21.50177],[-103.08419,21.50197]]],[[[-103.08223,21.49279],[-103.08144,21.49664],[-103.0841,21.49309],[-103.08634,21.49745],[-103.08791,21.4966],[-103.0945,21.5016],[-103.09903,21.50195],[-103.09715,21.49995],[-103.08941,21.4964],[-103.08854,21.49237],[-103.0865,21.49373],[-103.08411,21.49014],[-103.08223,21.49279]]],[[[-103.04421,21.50737],[-103.04858,21.5084],[-103.0489,21.50587],[-103.0513,21.50639],[-103.05304,21.50366],[-103.06004,21.50733],[-103.06079,21.50481],[-103.05702,21.50101],[-103.05368,21.50339],[-103.04598,21.50123],[-103.04421,21.50737]]],[[[-103.08215,21.51148],[-103.08239,21.50678],[-103.08074,21.50586],[-103.07935,21.51056],[-103.07451,21.50889],[-103.07278,21.51394],[-103.06993,21.51618],[-103.07479,21.51569],[-103.07697,21.51149],[-103.08215,21.51148]]],[[[-103.04492,21.51373],[-103.04852,21.51082],[-103.04316,21.50971],[-103.04188,21.51311],[-103.04492,21.51373]]],[[[-103.03719,21.51355],[-103.03694,21.51641],[-103.03992,21.51423],[-103.03719,21.51355]]],[[[-103.00934,21.49731],[-103.01104,21.49802],[-103.01234,21.49503],[-103.01637,21.49596],[-103.0178,21.48984],[-103.01933,21.49066],[-103.02257,21.48783],[-103.02542,21.48722],[-103.0193,21.4847],[-103.01922,21.48734],[-103.01515,21.48446],[-103.01439,21.48946],[-103.0168,21.49087],[-103.01462,21.49529],[-103.01229,21.49409],[-103.00934,21.49731]]],[[[-102.97542,21.49274],[-102.97523,21.49344],[-102.97343,21.49616],[-102.97738,21.49462],[-102.97944,21.48727],[-102.97836,21.48603],[-102.97602,21.48888],[-102.97564,21.49187],[-102.97542,21.49274]]],[[[-103.0088,21.48571],[-103.00928,21.48867],[-103.01291,21.48394],[-103.0088,21.48571]]],[[[-102.99966,21.48318],[-103.00221,21.48409],[-103.0032,21.48201],[-102.99966,21.48318]]],[[[-102.97335,21.48254],[-102.97623,21.48284],[-102.97773,21.4809],[-102.97082,21.47665],[-102.97335,21.48254]]],[[[-103.04323,21.48413],[-103.04484,21.48402],[-103.04527,21.47924],[-103.04419,21.47598],[-103.04541,21.47412],[-103.03883,21.47342],[-103.03865,21.47538],[-103.0424,21.47959],[-103.04119,21.48356],[-103.04323,21.48413]]],[[[-103.03674,21.4863],[-103.03702,21.4827],[-103.03421,21.48501],[-103.03257,21.48281],[-103.02871,21.48526],[-103.03215,21.48487],[-103.03674,21.4863]]],[[[-103.01371,21.48441],[-103.01681,21.48375],[-103.01377,21.48216],[-103.01371,21.48441]]],[[[-103.01869,21.48264],[-103.01738,21.48032],[-103.0155,21.48142],[-103.01869,21.48264]]],[[[-102.98992,21.47951],[-102.99244,21.4809],[-102.99284,21.47772],[-102.98992,21.47951]]],[[[-103.05538,21.48587],[-103.05689,21.48506],[-103.05452,21.48248],[-103.05538,21.48587]]],[[[-103.08047,21.49157],[-103.08167,21.49217],[-103.08256,21.49049],[-103.08041,21.48715],[-103.07688,21.4879],[-103.08047,21.49157]]],[[[-103.07227,21.4926],[-103.07229,21.4926],[-103.0768,21.49151],[-103.0748,21.48721],[-103.07447,21.48973],[-103.07014,21.48973],[-103.07227,21.4926]]],[[[-103.02739,21.49642],[-103.03032,21.4962],[-103.03218,21.49204],[-103.0304,21.48943],[-103.02537,21.48929],[-103.03018,21.49445],[-103.02779,21.49401],[-103.02739,21.49642]]],[[[-103.01665,21.47295],[-103.01666,21.47158],[-103.01221,21.4719],[-103.01665,21.47295]]],[[[-102.94712,21.46487],[-102.94905,21.4623],[-102.94629,21.4632],[-102.94712,21.46487]]],[[[-103.01353,21.46423],[-103.01103,21.46711],[-103.01653,21.46473],[-103.0151,21.46322],[-103.01528,21.45736],[-103.01264,21.4612],[-103.01353,21.46423]]],[[[-103.0384,21.45427],[-103.03874,21.45688],[-103.04084,21.45448],[-103.03633,21.4521],[-103.03642,21.4505],[-103.0312,21.44498],[-103.03284,21.44127],[-103.02931,21.44421],[-103.02719,21.4402],[-103.02678,21.44319],[-103.02125,21.44186],[-103.01749,21.43854],[-103.01829,21.44082],[-103.01268,21.4433],[-103.01364,21.44557],[-103.0194,21.44706],[-103.02058,21.45034],[-103.02527,21.45212],[-103.02716,21.44945],[-103.03125,21.45101],[-103.03433,21.44879],[-103.03499,21.45191],[-103.0384,21.45427]]],[[[-103.02744,21.4626],[-103.02943,21.45601],[-103.02667,21.45732],[-103.02744,21.4626]]],[[[-103.04508,21.45755],[-103.04924,21.45665],[-103.04711,21.45406],[-103.04472,21.45533],[-103.04508,21.45755]]],[[[-103.07428,21.45305],[-103.07515,21.45132],[-103.07226,21.44659],[-103.0721,21.45214],[-103.07428,21.45305]]],[[[-103.05349,21.46074],[-103.05286,21.46433],[-103.05519,21.46136],[-103.05349,21.46074]]],[[[-103.08744,21.475],[-103.0879,21.47049],[-103.08456,21.46865],[-103.07963,21.46956],[-103.07666,21.47123],[-103.07431,21.46958],[-103.07199,21.47183],[-103.06613,21.46907],[-103.06693,21.46577],[-103.06197,21.46206],[-103.06279,21.46911],[-103.06838,21.47462],[-103.07282,21.47274],[-103.07667,21.47293],[-103.0803,21.47695],[-103.08744,21.475]]],[[[-103.05591,21.48183],[-103.05881,21.48195],[-103.05904,21.48006],[-103.05581,21.4792],[-103.05591,21.48183]]],[[[-103.04767,21.47364],[-103.05123,21.47441],[-103.04812,21.47009],[-103.04767,21.47364]]],[[[-103.02677,21.47422],[-103.02548,21.4715],[-103.02333,21.47311],[-103.02677,21.47422]]],[[[-103.08784,21.46762],[-103.08788,21.46658],[-103.08676,21.46392],[-103.08048,21.46384],[-103.08012,21.46173],[-103.07782,21.46334],[-103.07689,21.46674],[-103.0793,21.46854],[-103.08309,21.46746],[-103.08784,21.46762]]],[[[-102.99126,21.44253],[-102.99573,21.4404],[-102.99666,21.4374],[-102.99287,21.43589],[-102.99347,21.43857],[-102.99046,21.44151],[-102.99126,21.44253]]],[[[-103.0219,21.43833],[-103.02232,21.43409],[-103.01945,21.4332],[-103.01829,21.43637],[-103.0219,21.43833]]],[[[-102.99735,21.43067],[-102.99594,21.43441],[-103.00234,21.43112],[-103.00038,21.42946],[-102.99735,21.43067]]],[[[-103.02379,21.43319],[-103.02616,21.432],[-103.02694,21.42907],[-103.02496,21.42884],[-103.02379,21.43319]]],[[[-103.03381,21.43197],[-103.034,21.43106],[-103.03355,21.42916],[-103.0285,21.43504],[-103.03248,21.43456],[-103.03381,21.43197]]],[[[-103.0748,21.43927],[-103.07472,21.44057],[-103.07764,21.43815],[-103.08515,21.4369],[-103.08434,21.43309],[-103.08161,21.43608],[-103.07346,21.43743],[-103.0748,21.43927]]],[[[-103.097,21.4392],[-103.09681,21.43882],[-103.09656,21.43834],[-103.09584,21.43693],[-103.09403,21.43944],[-103.097,21.4392]]],[[[-103.08339,21.44052],[-103.08677,21.43918],[-103.08412,21.43846],[-103.08339,21.44052]]],[[[-103.09581,21.44353],[-103.09616,21.44303],[-103.09667,21.44144],[-103.09363,21.43978],[-103.08968,21.44094],[-103.09581,21.44353]]],[[[-103.09164,21.44401],[-103.09335,21.44642],[-103.094,21.44361],[-103.09164,21.44401]]],[[[-103.07189,21.44393],[-103.07674,21.44491],[-103.07485,21.44256],[-103.07189,21.44393]]],[[[-103.10703,21.50312],[-103.10484,21.50261],[-103.10963,21.50959],[-103.1098,21.50667],[-103.10703,21.50312]]],[[[-103.11994,21.50288],[-103.12388,21.50464],[-103.12637,21.5074],[-103.12959,21.5034],[-103.12732,21.50113],[-103.12295,21.5022],[-103.12599,21.49915],[-103.12424,21.49847],[-103.11936,21.5013],[-103.11994,21.50288]]],[[[-103.15703,21.50391],[-103.16275,21.5019],[-103.16143,21.49622],[-103.15848,21.49497],[-103.15843,21.49837],[-103.15634,21.50208],[-103.15703,21.50391]]],[[[-103.17439,21.50079],[-103.17844,21.4994],[-103.17631,21.49667],[-103.17439,21.50079]]],[[[-103.13513,21.50879],[-103.13627,21.51001],[-103.13724,21.50599],[-103.13567,21.50489],[-103.13513,21.50879]]],[[[-103.16501,21.51255],[-103.16702,21.51105],[-103.16489,21.50884],[-103.16501,21.51255]]],[[[-103.14025,21.51499],[-103.1473,21.51492],[-103.14477,21.51206],[-103.13673,21.51243],[-103.14025,21.51499]]],[[[-103.11683,21.51139],[-103.11745,21.5102],[-103.11043,21.50993],[-103.11683,21.51139]]],[[[-103.14524,21.52289],[-103.14642,21.51939],[-103.14262,21.51909],[-103.14212,21.5214],[-103.14524,21.52289]]],[[[-103.13968,21.52131],[-103.14045,21.52417],[-103.142,21.52304],[-103.13968,21.52131]]],[[[-103.15487,21.5242],[-103.15518,21.52517],[-103.15993,21.5215],[-103.15981,21.52022],[-103.15556,21.5223],[-103.15487,21.5242]]],[[[-103.12272,21.52846],[-103.12408,21.53011],[-103.12502,21.52726],[-103.12157,21.52581],[-103.12272,21.52846]]],[[[-103.13966,21.4827],[-103.13948,21.48466],[-103.146,21.47925],[-103.14267,21.47771],[-103.1367,21.47847],[-103.13335,21.47745],[-103.13159,21.48024],[-103.13747,21.48031],[-103.13835,21.47881],[-103.14199,21.48136],[-103.13966,21.4827]]],[[[-103.12479,21.48285],[-103.12771,21.4841],[-103.13027,21.48326],[-103.12862,21.48012],[-103.12479,21.48285]]],[[[-103.11831,21.48099],[-103.11971,21.48014],[-103.11818,21.47682],[-103.11574,21.47582],[-103.11292,21.47871],[-103.11831,21.48099]]],[[[-103.12174,21.47762],[-103.12655,21.48036],[-103.12879,21.47715],[-103.12604,21.47495],[-103.12275,21.47458],[-103.12174,21.47762]]],[[[-103.1389,21.47218],[-103.13937,21.4745],[-103.14187,21.47361],[-103.14391,21.46625],[-103.13449,21.46714],[-103.13915,21.47011],[-103.1389,21.47218]]],[[[-103.12049,21.47152],[-103.12238,21.47085],[-103.11643,21.46682],[-103.11727,21.46537],[-103.12155,21.46644],[-103.12582,21.46947],[-103.12587,21.46629],[-103.1308,21.46562],[-103.13199,21.468],[-103.13312,21.46579],[-103.13027,21.46168],[-103.12751,21.46075],[-103.1263,21.46581],[-103.11961,21.46426],[-103.11513,21.46466],[-103.11638,21.46782],[-103.11765,21.46842],[-103.11708,21.47086],[-103.11963,21.46962],[-103.12049,21.47152]]],[[[-103.14189,21.46212],[-103.14479,21.46153],[-103.13632,21.45968],[-103.14189,21.46212]]],[[[-103.03199,21.42464],[-103.03123,21.42082],[-103.0275,21.41965],[-103.02693,21.42258],[-103.03199,21.42464]]],[[[-103.01135,21.41026],[-103.01034,21.41174],[-103.01404,21.41396],[-103.01442,21.40981],[-103.01135,21.41026]]]]},"properties":{"POTENCIAL":"MEDIO"}}
]}