{"type":"FeatureCollection", "features": [
{"type":"Feature","geometry":{"type":"MultiPolygon","coordinates":[[[[-102.23324,22.80466],[-102.23035,22.8014],[-102.22822,22.80064],[-102.2245,22.81221],[-102.22426,22.81296],[-102.22396,22.81388],[-102.22625,22.8158],[-102.23501,22.80703],[-102.23324,22.80466]]],[[[-102.23221,22.82078],[-102.24121,22.81814],[-102.23416,22.80853],[-102.22883,22.81479],[-102.23039,22.81926],[-102.23221,22.82078]]],[[[-102.84104,22.01376],[-102.84162,22.01075],[-102.8468,22.00909],[-102.84884,22.00281],[-102.84803,21.99857],[-102.84542,21.99578],[-102.84402,22.00334],[-102.84389,22.00336],[-102.84291,22.0035],[-102.84571,22.0057],[-102.8396,22.00853],[-102.84104,22.01376]]],[[[-102.85689,22.01794],[-102.8569,22.01811],[-102.85702,22.01957],[-102.85711,22.02069],[-102.85714,22.02107],[-102.85773,22.02848],[-102.85328,22.03795],[-102.85327,22.03796],[-102.8507,22.04343],[-102.84968,22.05594],[-102.85176,22.05702],[-102.85399,22.05213],[-102.85923,22.0505],[-102.86042,22.04572],[-102.86864,22.03505],[-102.87276,22.0311],[-102.87522,22.02307],[-102.88202,22.01982],[-102.8826,22.01499],[-102.87955,22.01264],[-102.87928,22.00949],[-102.88015,22.00149],[-102.87746,22.00431],[-102.871,22.00351],[-102.87097,22.00345],[-102.87474,22.0022],[-102.87566,21.9952],[-102.8741,21.9888],[-102.87196,21.99541],[-102.87011,21.99251],[-102.86639,21.99988],[-102.86718,22.00297],[-102.86896,22.00992],[-102.86109,22.01326],[-102.85734,22.01647],[-102.85689,22.01794]]],[[[-102.845,22.05958],[-102.83834,22.06624],[-102.83995,22.06697],[-102.84701,22.0616],[-102.84792,22.05714],[-102.84516,22.0593],[-102.845,22.05958]]],[[[-102.88057,22.03634],[-102.87701,22.0362],[-102.87616,22.0359],[-102.87555,22.03536],[-102.87549,22.03463],[-102.87523,22.03557],[-102.87437,22.03605],[-102.8729,22.03763],[-102.87036,22.03824],[-102.86779,22.0481],[-102.86765,22.05332],[-102.87183,22.05738],[-102.87633,22.0531],[-102.87862,22.04817],[-102.88057,22.03634]]],[[[-102.75393,22.61793],[-102.75226,22.62206],[-102.75431,22.62922],[-102.7507,22.63014],[-102.74902,22.63448],[-102.74975,22.6346],[-102.75517,22.63001],[-102.75469,22.6221],[-102.76062,22.6223],[-102.76129,22.61888],[-102.75393,22.61793]]],[[[-102.76825,22.62386],[-102.77632,22.62159],[-102.77985,22.61638],[-102.7746,22.61518],[-102.7658,22.61824],[-102.76392,22.62521],[-102.76708,22.62409],[-102.76825,22.62386]]],[[[-102.76161,22.60072],[-102.76036,22.60834],[-102.7656,22.59909],[-102.76161,22.60072]]],[[[-102.77288,22.59944],[-102.77599,22.598],[-102.76955,22.59561],[-102.76829,22.59813],[-102.77288,22.59944]]],[[[-102.77441,22.59602],[-102.78336,22.60051],[-102.7846,22.59859],[-102.77287,22.59312],[-102.77441,22.59602]]],[[[-102.77569,22.59096],[-102.78025,22.59017],[-102.78111,22.58665],[-102.77616,22.5862],[-102.77328,22.58907],[-102.77569,22.59096]]],[[[-102.76688,22.58415],[-102.77382,22.58219],[-102.7678,22.58082],[-102.76688,22.58415]]],[[[-102.78589,22.58753],[-102.79087,22.58828],[-102.79185,22.58461],[-102.78659,22.58399],[-102.78589,22.58753]]],[[[-102.80543,22.56355],[-102.80798,22.55438],[-102.80218,22.55359],[-102.80665,22.55913],[-102.80311,22.55778],[-102.80543,22.56355]]],[[[-102.78106,22.56019],[-102.78563,22.56038],[-102.78636,22.55768],[-102.78131,22.55749],[-102.78106,22.56019]]],[[[-102.79868,22.55303],[-102.8042,22.55066],[-102.79997,22.54933],[-102.79868,22.55303]]],[[[-102.77866,22.54299],[-102.78829,22.54485],[-102.79087,22.54351],[-102.77935,22.5414],[-102.77866,22.54299]]],[[[-102.79054,22.49561],[-102.79336,22.49609],[-102.79338,22.48981],[-102.79102,22.48925],[-102.79054,22.49561]]],[[[-102.86161,22.43476],[-102.86219,22.44024],[-102.85816,22.45013],[-102.86591,22.44904],[-102.87151,22.44616],[-102.87416,22.43121],[-102.86687,22.43176],[-102.86161,22.43476]]],[[[-102.83615,22.4249],[-102.83727,22.42803],[-102.83718,22.43238],[-102.83883,22.43445],[-102.84296,22.43158],[-102.84454,22.42893],[-102.84746,22.43236],[-102.84289,22.4251],[-102.83965,22.42735],[-102.83615,22.4249]]],[[[-102.8168,22.44575],[-102.81656,22.4457],[-102.81892,22.44674],[-102.81726,22.44587],[-102.8168,22.44575]]],[[[-102.86775,22.39882],[-102.86817,22.4027],[-102.86882,22.40353],[-102.87474,22.39065],[-102.87416,22.38481],[-102.8639,22.38855],[-102.86631,22.3967],[-102.86775,22.39882]]],[[[-102.86947,22.37967],[-102.86654,22.385],[-102.87489,22.38306],[-102.87657,22.379],[-102.86947,22.37967]]],[[[-102.90431,22.38203],[-102.91181,22.38283],[-102.91559,22.37808],[-102.91572,22.37466],[-102.91953,22.37597],[-102.92148,22.37199],[-102.91943,22.36739],[-102.92201,22.35836],[-102.90478,22.36242],[-102.90515,22.35965],[-102.89862,22.35777],[-102.9048,22.35509],[-102.90597,22.34776],[-102.89602,22.34887],[-102.89658,22.35774],[-102.89306,22.35703],[-102.89344,22.36901],[-102.88959,22.37606],[-102.90057,22.37794],[-102.89794,22.38255],[-102.90431,22.38203]]],[[[-102.86999,22.37663],[-102.87873,22.37154],[-102.87939,22.36846],[-102.87553,22.36706],[-102.86999,22.37663]]],[[[-102.85651,22.34793],[-102.86881,22.34944],[-102.87178,22.34544],[-102.86922,22.34225],[-102.85513,22.34377],[-102.85651,22.34793]]],[[[-102.90769,22.31404],[-102.90394,22.32178],[-102.89718,22.32599],[-102.89356,22.32672],[-102.88959,22.33637],[-102.88852,22.34473],[-102.89281,22.34276],[-102.90888,22.31374],[-102.90769,22.31404]]],[[[-102.92614,22.30789],[-102.9267,22.31443],[-102.93361,22.31499],[-102.9314,22.31266],[-102.93233,22.30661],[-102.92614,22.30789]]],[[[-102.8687,22.31579],[-102.86323,22.31271],[-102.86405,22.31639],[-102.8687,22.31579]]],[[[-102.8726,22.29707],[-102.87678,22.29829],[-102.87611,22.29222],[-102.87383,22.29278],[-102.86659,22.28884],[-102.87191,22.29648],[-102.8726,22.29707]]],[[[-102.80113,22.28511],[-102.80576,22.28515],[-102.8052,22.28208],[-102.79673,22.27326],[-102.78779,22.27321],[-102.78517,22.27529],[-102.78258,22.2822],[-102.78872,22.28438],[-102.795,22.28223],[-102.80113,22.28511]]],[[[-102.8777,22.29785],[-102.88073,22.29095],[-102.87684,22.29153],[-102.8777,22.29785]]],[[[-102.82569,22.10237],[-102.83502,22.09842],[-102.83549,22.09336],[-102.82512,22.09839],[-102.82569,22.10237]]],[[[-102.86275,22.09025],[-102.86069,22.09855],[-102.86708,22.09267],[-102.86749,22.08746],[-102.87136,22.08563],[-102.87376,22.07964],[-102.86655,22.08421],[-102.86275,22.09025]]],[[[-102.87986,22.09403],[-102.88433,22.09149],[-102.87868,22.08699],[-102.88247,22.0858],[-102.8859,22.08119],[-102.88775,22.07503],[-102.8908,22.07684],[-102.88697,22.06921],[-102.8838,22.07398],[-102.88432,22.077],[-102.87364,22.08269],[-102.87986,22.09403]]],[[[-102.04906,22.55139],[-102.04841,22.55966],[-102.04405,22.55868],[-102.04045,22.56129],[-102.03716,22.57123],[-102.04585,22.57451],[-102.05605,22.57234],[-102.05182,22.57065],[-102.05536,22.5628],[-102.05713,22.56355],[-102.05569,22.55328],[-102.05044,22.55146],[-102.04906,22.55139]]],[[[-101.91813,22.51102],[-101.91805,22.51133],[-101.92399,22.51166],[-101.92022,22.50995],[-101.91813,22.51102]]],[[[-101.90787,22.14502],[-101.90356,22.13901],[-101.89858,22.13751],[-101.89363,22.1396],[-101.88093,22.14821],[-101.88334,22.15114],[-101.88617,22.14723],[-101.89279,22.14295],[-101.90468,22.14187],[-101.90236,22.14322],[-101.90655,22.14863],[-101.90787,22.14502]]],[[[-101.91208,22.14864],[-101.90875,22.14625],[-101.90705,22.14977],[-101.90871,22.1539],[-101.91225,22.15213],[-101.91208,22.14864]]],[[[-101.8323,22.04051],[-101.8346,22.04249],[-101.8311,22.04668],[-101.83415,22.0452],[-101.84475,22.0519],[-101.85101,22.04648],[-101.85068,22.04343],[-101.85068,22.04342],[-101.85055,22.04343],[-101.85043,22.04325],[-101.84988,22.04362],[-101.84962,22.04341],[-101.84887,22.04282],[-101.84864,22.04165],[-101.84739,22.04089],[-101.84729,22.04073],[-101.8361,22.03977],[-101.83413,22.04032],[-101.83363,22.03997],[-101.83304,22.03956],[-101.83296,22.03918],[-101.8323,22.04051]]],[[[-101.95267,22.14313],[-101.94982,22.14753],[-101.94838,22.15344],[-101.95016,22.15693],[-101.95036,22.15757],[-101.95035,22.15794],[-101.95306,22.15803],[-101.95433,22.1542],[-101.9584,22.15036],[-101.9568,22.15464],[-101.96189,22.15883],[-101.95859,22.15266],[-101.95943,22.14943],[-101.95736,22.14519],[-101.9625,22.1412],[-101.96698,22.13135],[-101.97039,22.1308],[-101.9694,22.12642],[-101.97207,22.12218],[-101.97448,22.11916],[-101.97751,22.11642],[-101.97375,22.11448],[-101.97049,22.11275],[-101.97295,22.11405],[-101.96611,22.12242],[-101.95923,22.12373],[-101.96102,22.13072],[-101.95732,22.1355],[-101.95705,22.13909],[-101.95267,22.14313]]],[[[-102.01941,22.15791],[-102.0189,22.15393],[-102.01708,22.15396],[-102.013,22.15724],[-102.01941,22.15791]]],[[[-101.95731,22.16983],[-101.95328,22.17976],[-101.95121,22.18069],[-101.94739,22.18555],[-101.95084,22.18738],[-101.9537,22.18309],[-101.95769,22.18285],[-101.95455,22.18723],[-101.95833,22.19368],[-101.96303,22.19307],[-101.96515,22.18722],[-101.96143,22.18298],[-101.96612,22.18182],[-101.96274,22.17629],[-101.95756,22.17611],[-101.95731,22.16983]]],[[[-101.94029,22.19696],[-101.94465,22.19602],[-101.94721,22.18663],[-101.93942,22.18418],[-101.93643,22.18489],[-101.94466,22.19141],[-101.94029,22.19696]]],[[[-101.97692,22.1358],[-101.97025,22.13545],[-101.97515,22.14898],[-101.97504,22.1556],[-101.97825,22.15386],[-101.97554,22.14873],[-101.97407,22.13802],[-101.97713,22.13624],[-101.97692,22.1358]]],[[[-101.81429,22.04198],[-101.81532,22.04226],[-101.81522,22.04241],[-101.81084,22.04605],[-101.8178,22.04274],[-101.81637,22.04802],[-101.82041,22.04277],[-101.81817,22.0401],[-101.81429,22.04198]]],[[[-102.29136,23.31587],[-102.2941,23.31843],[-102.29928,23.31105],[-102.29384,23.3079],[-102.29002,23.31458],[-102.29136,23.31587]]],[[[-102.2812,23.01956],[-102.29102,23.01208],[-102.29389,23.00724],[-102.30171,23.0079],[-102.30888,23.00083],[-102.31182,23.00366],[-102.31268,23.00982],[-102.31836,23.01404],[-102.31985,23.02013],[-102.32536,23.02702],[-102.33643,23.02332],[-102.33889,23.01573],[-102.34388,23.01249],[-102.353,23.0059],[-102.35824,22.99986],[-102.35828,22.99982],[-102.35827,22.99977],[-102.35899,22.99769],[-102.35937,22.99821],[-102.3634,22.9959],[-102.36359,22.99587],[-102.36991,22.99419],[-102.36132,22.99171],[-102.38104,22.95418],[-102.38281,22.95072],[-102.37709,22.95004],[-102.37813,22.94783],[-102.38414,22.94827],[-102.38635,22.94418],[-102.38192,22.94444],[-102.38256,22.93715],[-102.38082,22.93211],[-102.39576,22.93191],[-102.39402,22.92625],[-102.39383,22.92545],[-102.38868,22.91248],[-102.38322,22.91101],[-102.37834,22.91215],[-102.37914,22.9163],[-102.37173,22.91643],[-102.3623,22.92747],[-102.35942,22.93373],[-102.35887,22.93492],[-102.34925,22.94439],[-102.34072,22.94982],[-102.34064,22.94987],[-102.33167,22.95243],[-102.32422,22.95707],[-102.32364,22.95773],[-102.32122,22.96043],[-102.31658,22.9596],[-102.31568,22.95482],[-102.31552,22.95395],[-102.31485,22.95115],[-102.31276,22.95129],[-102.3123,22.95704],[-102.30236,22.95776],[-102.30191,22.96335],[-102.31181,22.96258],[-102.31548,22.96789],[-102.32135,22.96934],[-102.31694,22.97533],[-102.31191,22.97385],[-102.31188,22.97385],[-102.31131,22.97416],[-102.31102,22.98506],[-102.30963,22.99228],[-102.302,22.99201],[-102.29928,22.99918],[-102.29007,22.99994],[-102.28922,23.00256],[-102.29486,23.00476],[-102.2812,23.01956]],[[-102.34636,22.99966],[-102.34354,22.9976],[-102.35007,22.99206],[-102.34794,23.00332],[-102.34636,22.99966]]],[[[-102.25978,23.06203],[-102.25978,23.06205],[-102.25985,23.06245],[-102.26062,23.06162],[-102.25987,23.06162],[-102.25978,23.06203]]],[[[-102.28692,23.09908],[-102.28726,23.09825],[-102.28643,23.09832],[-102.28692,23.09908]]],[[[-102.41062,23.11597],[-102.41008,23.1196],[-102.4051,23.12866],[-102.40128,23.13146],[-102.41842,23.13432],[-102.42119,23.13477],[-102.42837,23.13281],[-102.43346,23.12633],[-102.45639,23.0946],[-102.43099,23.09463],[-102.42867,23.08762],[-102.42703,23.09449],[-102.41987,23.09036],[-102.4181,23.09471],[-102.41781,23.09738],[-102.42011,23.09776],[-102.41603,23.11539],[-102.41062,23.11597]]],[[[-102.42176,23.14327],[-102.41882,23.15421],[-102.42108,23.15524],[-102.42841,23.15277],[-102.4294,23.15901],[-102.43674,23.16235],[-102.43763,23.1614],[-102.44125,23.15749],[-102.44284,23.15596],[-102.44357,23.15561],[-102.4451,23.15489],[-102.44264,23.15146],[-102.44735,23.14585],[-102.44815,23.1444],[-102.44344,23.1391],[-102.44496,23.13706],[-102.44033,23.13168],[-102.44157,23.12992],[-102.4482,23.13895],[-102.4524,23.13885],[-102.45373,23.12636],[-102.45607,23.12211],[-102.45664,23.12128],[-102.45736,23.12023],[-102.45822,23.11806],[-102.45213,23.11528],[-102.45479,23.11095],[-102.45864,23.11516],[-102.45928,23.10654],[-102.46204,23.10226],[-102.46936,23.09442],[-102.457,23.09456],[-102.45378,23.09912],[-102.42821,23.13441],[-102.43686,23.13645],[-102.4388,23.13377],[-102.44293,23.13851],[-102.44074,23.14092],[-102.43777,23.13765],[-102.43564,23.14025],[-102.42485,23.13905],[-102.42176,23.14327]]],[[[-102.40758,23.72103],[-102.41007,23.73059],[-102.40974,23.73495],[-102.41033,23.73919],[-102.4111,23.74079],[-102.41495,23.74479],[-102.41643,23.74071],[-102.41836,23.73695],[-102.4214,23.72966],[-102.41235,23.73197],[-102.41247,23.7123],[-102.40544,23.71453],[-102.40696,23.7182],[-102.40758,23.72103]]],[[[-102.4018,23.73213],[-102.40175,23.71777],[-102.395,23.71964],[-102.39674,23.72242],[-102.39335,23.72746],[-102.39305,23.72843],[-102.39297,23.72867],[-102.39263,23.73234],[-102.38881,23.73524],[-102.38934,23.73675],[-102.39027,23.73941],[-102.39151,23.74136],[-102.39186,23.74178],[-102.3935,23.74371],[-102.40106,23.74172],[-102.4018,23.73213]]],[[[-102.37312,23.8025],[-102.36829,23.80742],[-102.36962,23.80942],[-102.37565,23.8071],[-102.37312,23.8025]]],[[[-102.33298,23.88858],[-102.32889,23.88843],[-102.32889,23.8895],[-102.33298,23.88858]]],[[[-102.34695,23.85934],[-102.34638,23.86178],[-102.34721,23.86261],[-102.34775,23.86261],[-102.34695,23.85934]]],[[[-102.36768,23.8773],[-102.36719,23.87927],[-102.36803,23.8801],[-102.36969,23.88093],[-102.37052,23.88177],[-102.37136,23.8826],[-102.371,23.88544],[-102.3736,23.88496],[-102.37406,23.87926],[-102.37754,23.88347],[-102.37617,23.87631],[-102.36768,23.8773]]],[[[-102.33056,23.89114],[-102.33056,23.89176],[-102.33099,23.89176],[-102.33056,23.89114]]],[[[-102.35863,23.64386],[-102.36481,23.64247],[-102.36208,23.63804],[-102.35456,23.64097],[-102.35863,23.64386]]],[[[-102.17538,23.65786],[-102.18217,23.6575],[-102.18467,23.65206],[-102.17371,23.65327],[-102.17538,23.65786]]],[[[-102.53241,23.55975],[-102.53468,23.55755],[-102.52783,23.55579],[-102.5282,23.55932],[-102.53241,23.55975]]],[[[-102.47351,23.51386],[-102.4734,23.50756],[-102.4667,23.5046],[-102.46721,23.51179],[-102.47351,23.51386]]],[[[-102.46647,23.50412],[-102.4746,23.50772],[-102.47468,23.50508],[-102.46605,23.50135],[-102.46647,23.50412]]],[[[-102.48943,23.5035],[-102.48964,23.49998],[-102.48742,23.49914],[-102.48565,23.50427],[-102.48943,23.5035]]],[[[-102.18748,23.45902],[-102.19123,23.46162],[-102.19268,23.45611],[-102.18915,23.45195],[-102.18928,23.45902],[-102.18748,23.45902]]],[[[-102.18007,23.45935],[-102.18478,23.45827],[-102.18244,23.45421],[-102.18007,23.45935]]],[[[-102.3628,23.33313],[-102.36503,23.32643],[-102.36181,23.32547],[-102.3628,23.33313]]],[[[-102.3285,23.19151],[-102.32889,23.19151],[-102.32829,23.19067],[-102.3285,23.19151]]],[[[-102.3164,23.17797],[-102.3164,23.17774],[-102.31557,23.17773],[-102.31625,23.17818],[-102.3164,23.17797]]],[[[-102.31474,23.17495],[-102.31391,23.17485],[-102.31456,23.17569],[-102.31474,23.17495]]],[[[-102.31224,23.1732],[-102.31307,23.17402],[-102.31224,23.17319],[-102.31224,23.1732]]],[[[-102.28643,23.09888],[-102.28643,23.09908],[-102.28656,23.09908],[-102.28643,23.09888]]],[[[-102.30641,23.20126],[-102.30641,23.20067],[-102.30558,23.20117],[-102.30641,23.20126]]],[[[-102.30691,23.199],[-102.30641,23.19983],[-102.30724,23.19982],[-102.30691,23.199]]],[[[-102.30808,23.19791],[-102.30808,23.19734],[-102.30757,23.19734],[-102.30808,23.19791]]],[[[-102.31086,23.19745],[-102.31057,23.19734],[-102.31057,23.19817],[-102.31067,23.19813],[-102.31086,23.19745]]],[[[-102.24979,23.11163],[-102.25062,23.11241],[-102.24981,23.11157],[-102.24979,23.11163]]],[[[-102.48792,23.08688],[-102.48798,23.0869],[-102.48919,23.08704],[-102.4904,23.08392],[-102.48792,23.08688]]],[[[-102.41603,23.10193],[-102.41303,23.1066],[-102.41632,23.10688],[-102.41603,23.10193]]],[[[-102.08775,23.63907],[-102.08746,23.63793],[-102.08733,23.63741],[-102.08773,23.63911],[-102.08775,23.63907]]],[[[-102.32723,23.18883],[-102.32806,23.18901],[-102.32761,23.18818],[-102.32723,23.18883]]],[[[-102.32973,23.06835],[-102.33056,23.06911],[-102.33005,23.06828],[-102.32973,23.06835]]],[[[-102.40199,22.87993],[-102.40318,22.88894],[-102.40782,22.8896],[-102.4087,22.89533],[-102.40451,22.89492],[-102.40819,22.90285],[-102.40821,22.90287],[-102.40804,22.90227],[-102.41097,22.89864],[-102.41287,22.88836],[-102.41303,22.87892],[-102.4185,22.87995],[-102.41868,22.87194],[-102.42296,22.87192],[-102.42013,22.86806],[-102.41857,22.85617],[-102.412,22.86023],[-102.4044,22.86232],[-102.40352,22.87345],[-102.39857,22.86826],[-102.40263,22.86351],[-102.40238,22.86381],[-102.40208,22.86418],[-102.39934,22.8677],[-102.40273,22.86777],[-102.40315,22.86289],[-102.40306,22.85902],[-102.40157,22.85478],[-102.39943,22.85478],[-102.39645,22.86939],[-102.39668,22.86934],[-102.39731,22.86876],[-102.39823,22.8682],[-102.39827,22.86836],[-102.39827,22.86837],[-102.398,22.86855],[-102.39587,22.87055],[-102.39563,22.87121],[-102.39974,22.87429],[-102.40725,22.87548],[-102.40832,22.87195],[-102.41256,22.87288],[-102.40808,22.876],[-102.40108,22.8748],[-102.40785,22.87964],[-102.40199,22.87993]]],[[[-102.42815,22.89828],[-102.43087,22.90349],[-102.43418,22.89995],[-102.42814,22.89818],[-102.42815,22.89828]]],[[[-102.40946,22.85653],[-102.40419,22.85931],[-102.40978,22.86037],[-102.40946,22.85653]]],[[[-102.4185,22.87995],[-102.41758,22.88943],[-102.42015,22.89246],[-102.42469,22.88966],[-102.42622,22.87998],[-102.42887,22.88004],[-102.42608,22.87681],[-102.426,22.87998],[-102.4185,22.87995]]],[[[-102.42608,22.87681],[-102.42498,22.87293],[-102.42097,22.87664],[-102.42608,22.87681]]],[[[-103.48315,22.89383],[-103.48087,22.90342],[-103.48462,22.90971],[-103.48578,22.91072],[-103.48811,22.90824],[-103.49188,22.89468],[-103.4892,22.89133],[-103.48732,22.89624],[-103.48315,22.89383]]],[[[-103.50297,22.8745],[-103.50869,22.87078],[-103.50782,22.86647],[-103.50354,22.86084],[-103.50061,22.86765],[-103.50001,22.87319],[-103.50297,22.8745]]],[[[-103.50306,22.84717],[-103.50279,22.85159],[-103.50622,22.85698],[-103.50623,22.84852],[-103.50328,22.84471],[-103.50306,22.84717]]],[[[-103.5207,22.85053],[-103.52458,22.84982],[-103.51881,22.84344],[-103.50871,22.84335],[-103.50865,22.84622],[-103.5207,22.85053]]],[[[-103.43033,22.80351],[-103.42951,22.80421],[-103.42596,22.81074],[-103.41634,22.81138],[-103.41378,22.81295],[-103.41327,22.81483],[-103.41286,22.81854],[-103.41429,22.8163],[-103.41467,22.81511],[-103.42657,22.81241],[-103.43184,22.81002],[-103.43194,22.80675],[-103.43651,22.80375],[-103.43412,22.80043],[-103.43033,22.80351]]],[[[-103.43319,22.79211],[-103.43767,22.79688],[-103.43747,22.8039],[-103.4402,22.80485],[-103.44457,22.79956],[-103.43527,22.79221],[-103.43319,22.79211]]],[[[-103.53781,22.81831],[-103.53836,22.81397],[-103.54451,22.80625],[-103.53835,22.8137],[-103.52761,22.8193],[-103.53201,22.82028],[-103.53781,22.81831]]],[[[-103.52775,22.82181],[-103.52347,22.82631],[-103.52554,22.82806],[-103.53301,22.82364],[-103.53364,22.82083],[-103.52775,22.82181]]],[[[-103.50921,22.78271],[-103.51534,22.78299],[-103.51151,22.77988],[-103.50921,22.78271]]],[[[-103.5212,22.7816],[-103.52715,22.77947],[-103.52383,22.7761],[-103.5178,22.7803],[-103.51975,22.78194],[-103.52073,22.78171],[-103.5212,22.7816]]],[[[-103.56164,22.76784],[-103.56502,22.76884],[-103.56892,22.76528],[-103.57315,22.75647],[-103.56921,22.75751],[-103.56219,22.76665],[-103.56164,22.76784]]],[[[-103.57816,22.74276],[-103.57937,22.74006],[-103.58116,22.73584],[-103.57688,22.73842],[-103.57267,22.74542],[-103.57433,22.75442],[-103.57798,22.74397],[-103.57816,22.74276]]],[[[-103.57187,22.7321],[-103.57726,22.73059],[-103.57841,22.72602],[-103.56712,22.72581],[-103.57187,22.7321]]],[[[-103.62381,22.71281],[-103.62047,22.70921],[-103.62,22.71282],[-103.62381,22.71281]]],[[[-103.59234,22.70265],[-103.59289,22.70122],[-103.59556,22.69661],[-103.59695,22.69205],[-103.59323,22.69519],[-103.58418,22.69698],[-103.58336,22.70512],[-103.5754,22.70331],[-103.57567,22.70783],[-103.58013,22.70488],[-103.58221,22.70714],[-103.59187,22.70383],[-103.59234,22.70265]]],[[[-103.59001,22.68627],[-103.59751,22.68571],[-103.59256,22.67884],[-103.59001,22.68627]]],[[[-103.25888,21.82156],[-103.2593,21.82425],[-103.25751,21.82578],[-103.25112,21.83198],[-103.26137,21.83091],[-103.26679,21.83453],[-103.27442,21.83433],[-103.27447,21.82892],[-103.27018,21.82724],[-103.27351,21.82533],[-103.27182,21.82377],[-103.27122,21.82604],[-103.26586,21.82474],[-103.26594,21.82222],[-103.25888,21.82156]]],[[[-103.27379,21.84373],[-103.27367,21.83839],[-103.26287,21.84385],[-103.26702,21.84404],[-103.26652,21.84686],[-103.26022,21.84955],[-103.25531,21.84971],[-103.25654,21.85341],[-103.26428,21.85177],[-103.27139,21.84693],[-103.26844,21.8458],[-103.27379,21.84373]]],[[[-103.05624,22.5415],[-103.05638,22.54235],[-103.05692,22.54383],[-103.05714,22.54424],[-103.0572,22.54435],[-103.05548,22.54289],[-103.0549,22.53995],[-103.06284,22.5257],[-103.05603,22.52448],[-103.05843,22.51835],[-103.05634,22.51161],[-103.05141,22.51559],[-103.05035,22.52001],[-103.04538,22.52854],[-103.04297,22.52595],[-103.04557,22.51629],[-103.04385,22.51503],[-103.04312,22.51626],[-103.03768,22.5198],[-103.04058,22.52296],[-103.04039,22.52331],[-103.04027,22.52798],[-103.03684,22.53489],[-103.04594,22.53888],[-103.04303,22.54662],[-103.04713,22.54842],[-103.04523,22.55324],[-103.04155,22.5487],[-103.03148,22.57653],[-103.03257,22.58074],[-103.03868,22.58522],[-103.0376,22.58858],[-103.04855,22.59152],[-103.05328,22.58935],[-103.05783,22.59147],[-103.06283,22.58332],[-103.06251,22.57927],[-103.0705,22.57745],[-103.07269,22.57396],[-103.0775,22.5651],[-103.07997,22.56591],[-103.08304,22.55955],[-103.07886,22.55766],[-103.07185,22.55758],[-103.0679,22.56142],[-103.06353,22.5592],[-103.06617,22.55386],[-103.06308,22.55142],[-103.06011,22.55772],[-103.06132,22.5505],[-103.05889,22.5465],[-103.06042,22.54855],[-103.06198,22.54963],[-103.06164,22.54588],[-103.07438,22.55084],[-103.07249,22.55376],[-103.07579,22.55495],[-103.07854,22.55251],[-103.08424,22.55487],[-103.08479,22.55501],[-103.09099,22.55739],[-103.09364,22.54995],[-103.09189,22.54109],[-103.09571,22.54282],[-103.09591,22.53978],[-103.08931,22.54079],[-103.09153,22.53597],[-103.08541,22.53643],[-103.08412,22.53999],[-103.07378,22.53923],[-103.07682,22.5373],[-103.0753,22.53248],[-103.06932,22.53183],[-103.06594,22.52784],[-103.06466,22.53289],[-103.06681,22.53518],[-103.06083,22.53465],[-103.06349,22.53758],[-103.06355,22.54184],[-103.07308,22.54156],[-103.07243,22.54523],[-103.06902,22.54294],[-103.06288,22.54226],[-103.05649,22.54],[-103.05624,22.5415]],[[-103.05114,22.58615],[-103.05262,22.58164],[-103.05608,22.58245],[-103.05114,22.58615]],[[-103.0453,22.58135],[-103.0505,22.5771],[-103.05061,22.57975],[-103.04585,22.58416],[-103.0453,22.58135]],[[-103.06856,22.57657],[-103.06601,22.57322],[-103.07181,22.56963],[-103.07069,22.57569],[-103.06856,22.57657]],[[-103.05317,22.53246],[-103.05419,22.52871],[-103.05665,22.53175],[-103.05317,22.53246]]],[[[-103.08179,22.44201],[-103.06895,22.44824],[-103.06805,22.45112],[-103.07471,22.45173],[-103.07146,22.46144],[-103.0678,22.4611],[-103.06961,22.45252],[-103.06717,22.45126],[-103.05705,22.45529],[-103.05197,22.46044],[-103.04852,22.47375],[-103.04484,22.47235],[-103.03907,22.47687],[-103.03635,22.47569],[-103.03345,22.48335],[-103.03479,22.48616],[-103.0323,22.49127],[-103.02818,22.49487],[-103.04641,22.49352],[-103.05017,22.49144],[-103.04824,22.48722],[-103.05858,22.49349],[-103.05933,22.49745],[-103.06258,22.49885],[-103.0594,22.49945],[-103.05942,22.50192],[-103.05579,22.50314],[-103.05491,22.50672],[-103.05699,22.50693],[-103.06012,22.51262],[-103.06471,22.51534],[-103.05872,22.51713],[-103.06329,22.52012],[-103.06373,22.5238],[-103.06893,22.51374],[-103.06547,22.50853],[-103.07032,22.50265],[-103.0702,22.49793],[-103.07459,22.49448],[-103.07421,22.49893],[-103.07912,22.49498],[-103.07513,22.49316],[-103.0809,22.48557],[-103.07842,22.48122],[-103.07409,22.4806],[-103.07131,22.47539],[-103.07769,22.469],[-103.08158,22.46039],[-103.07342,22.46078],[-103.07762,22.45668],[-103.0819,22.45734],[-103.0849,22.44866],[-103.08179,22.44201]],[[-103.05568,22.48382],[-103.05629,22.47265],[-103.05971,22.47363],[-103.05909,22.483],[-103.05568,22.48382]],[[-103.06246,22.47377],[-103.07127,22.47025],[-103.07005,22.47362],[-103.06246,22.47377]]],[[[-103.0977,22.47711],[-103.09912,22.48113],[-103.10065,22.47596],[-103.0977,22.47711]]],[[[-103.10133,22.47927],[-103.10523,22.47724],[-103.10452,22.47334],[-103.10063,22.4735],[-103.10133,22.47927]]],[[[-103.09883,22.47377],[-103.10797,22.46788],[-103.10935,22.47187],[-103.11256,22.46803],[-103.11205,22.4633],[-103.11444,22.4601],[-103.11854,22.46011],[-103.11629,22.46591],[-103.1228,22.4643],[-103.1218,22.46722],[-103.12699,22.46971],[-103.12667,22.46081],[-103.11993,22.46156],[-103.12312,22.45764],[-103.12249,22.45402],[-103.12605,22.45463],[-103.12667,22.44987],[-103.11761,22.44817],[-103.11655,22.44605],[-103.12119,22.44065],[-103.11541,22.44112],[-103.11369,22.44369],[-103.10667,22.44334],[-103.10304,22.44106],[-103.09838,22.44239],[-103.09794,22.44551],[-103.10718,22.44885],[-103.10131,22.45173],[-103.10471,22.4622],[-103.09963,22.47214],[-103.10375,22.4616],[-103.10181,22.4582],[-103.09804,22.46436],[-103.09883,22.47377]]],[[[-103.10935,22.43489],[-103.11581,22.43809],[-103.12444,22.42696],[-103.13837,22.4069],[-103.12927,22.40315],[-103.12689,22.40658],[-103.11936,22.40329],[-103.11263,22.41473],[-103.12087,22.41701],[-103.11595,22.42381],[-103.11912,22.42556],[-103.11831,22.43158],[-103.1123,22.42885],[-103.10935,22.43489]]],[[[-103.15095,22.38383],[-103.15579,22.38294],[-103.15559,22.37824],[-103.15912,22.37245],[-103.15809,22.36987],[-103.15061,22.37066],[-103.14786,22.3752],[-103.15339,22.38123],[-103.15095,22.38383]]],[[[-103.10348,22.34119],[-103.10394,22.34123],[-103.10396,22.34123],[-103.10865,22.34163],[-103.10908,22.3404],[-103.09965,22.33663],[-103.10348,22.34119]]],[[[-103.12013,22.34007],[-103.12019,22.33509],[-103.11704,22.33968],[-103.1093,22.33913],[-103.11593,22.34304],[-103.12013,22.34007]]],[[[-103.04488,22.51017],[-103.04595,22.51262],[-103.05131,22.50812],[-103.05823,22.49982],[-103.05889,22.49591],[-103.0547,22.49976],[-103.04872,22.50256],[-103.04282,22.50929],[-103.04488,22.51017]]],[[[-102.96684,21.99595],[-102.9601,21.99541],[-102.96398,21.99968],[-102.96682,22.00142],[-102.97185,22.00304],[-102.97045,21.99672],[-102.96715,21.99557],[-102.96684,21.99595]]],[[[-102.95487,21.99295],[-102.96209,21.9941],[-102.96284,21.99245],[-102.95523,21.98991],[-102.95487,21.99295]]],[[[-102.96845,21.88672],[-102.97564,21.89282],[-102.9773,21.89631],[-102.97949,21.89386],[-102.98206,21.8964],[-102.9895,21.89422],[-102.98677,21.88659],[-102.98241,21.8909],[-102.98581,21.88462],[-102.9849,21.88273],[-102.9848,21.88272],[-102.98032,21.88738],[-102.98043,21.88168],[-102.97676,21.88158],[-102.97527,21.87811],[-102.97218,21.88534],[-102.97002,21.88593],[-102.96845,21.88672]]],[[[-103.56892,23.99605],[-103.56848,23.99324],[-103.56333,23.99167],[-103.56417,23.99632],[-103.56892,23.99605]]],[[[-103.43569,23.98594],[-103.43763,23.99695],[-103.43817,23.99997],[-103.43266,23.9992],[-103.4301,24.00167],[-103.43011,24.01186],[-103.43453,24.01263],[-103.43393,24.00844],[-103.43968,24.00838],[-103.43906,24.00518],[-103.45386,24.00501],[-103.45937,24.00352],[-103.45962,23.99774],[-103.45231,23.99363],[-103.4513,23.98318],[-103.43569,23.98594]]],[[[-103.31561,23.98984],[-103.31428,23.98876],[-103.31049,23.98567],[-103.30971,23.98502],[-103.30944,23.98479],[-103.3026,23.97911],[-103.3044,23.97587],[-103.29391,23.97224],[-103.29133,23.97841],[-103.29778,23.98335],[-103.29939,23.97992],[-103.3005,23.98806],[-103.29697,23.99618],[-103.29978,24.00068],[-103.30533,24.0038],[-103.30016,24.01489],[-103.30355,24.01364],[-103.31054,24.01716],[-103.31342,24.01555],[-103.3091,24.02541],[-103.31169,24.0227],[-103.31531,24.02394],[-103.31388,24.02732],[-103.32,24.02962],[-103.31846,24.03299],[-103.32862,24.03691],[-103.33514,24.02757],[-103.31993,24.0257],[-103.32142,24.02235],[-103.31685,24.02064],[-103.32681,23.99904],[-103.32146,23.99459],[-103.31561,23.98984]]],[[[-103.85389,23.75547],[-103.85262,23.7552],[-103.85631,23.76081],[-103.85723,23.75915],[-103.85389,23.75547]]],[[[-103.40397,23.9468],[-103.39599,23.94522],[-103.39478,23.94887],[-103.38798,23.94778],[-103.38672,23.95051],[-103.38083,23.94827],[-103.37976,23.95609],[-103.37619,23.95969],[-103.39409,23.96594],[-103.39454,23.96496],[-103.40819,23.96622],[-103.41232,23.96493],[-103.41029,23.95337],[-103.40669,23.95217],[-103.40591,23.948],[-103.40397,23.9468]]],[[[-103.3061,23.94162],[-103.31333,23.94419],[-103.31542,23.9405],[-103.31924,23.94183],[-103.32119,23.93792],[-103.31699,23.93655],[-103.31963,23.93328],[-103.31153,23.9347],[-103.31573,23.93615],[-103.314,23.93986],[-103.30809,23.93802],[-103.3061,23.94162]]],[[[-103.66831,23.92416],[-103.67237,23.92414],[-103.67347,23.91979],[-103.66947,23.9197],[-103.66831,23.92416]]],[[[-103.71364,23.90759],[-103.71805,23.91037],[-103.71912,23.90376],[-103.71507,23.90339],[-103.71364,23.90759]]],[[[-103.3149,23.98196],[-103.32097,23.97744],[-103.31783,23.97616],[-103.3149,23.98196]]],[[[-103.33439,23.6575],[-103.33975,23.6601],[-103.34398,23.65845],[-103.33439,23.6575]]],[[[-103.38412,23.64544],[-103.38043,23.64465],[-103.37987,23.64013],[-103.37172,23.63877],[-103.37395,23.64559],[-103.37076,23.65604],[-103.3824,23.65885],[-103.38139,23.65629],[-103.38899,23.65621],[-103.38997,23.65396],[-103.38181,23.65345],[-103.38112,23.64866],[-103.38412,23.64544]]],[[[-103.33726,23.64894],[-103.3397,23.65299],[-103.34737,23.65276],[-103.34218,23.64788],[-103.33726,23.64894]]],[[[-103.12592,23.64208],[-103.13923,23.63445],[-103.13508,23.63281],[-103.13364,23.63726],[-103.12484,23.63913],[-103.12592,23.64208]]],[[[-103.14867,23.62567],[-103.14376,23.62979],[-103.1441,23.6332],[-103.14547,23.63262],[-103.1465,23.63227],[-103.14674,23.63221],[-103.1531,23.62385],[-103.14867,23.62567]]],[[[-103.16538,23.61925],[-103.1714,23.61589],[-103.16956,23.6148],[-103.16538,23.61925]]],[[[-103.15959,23.62489],[-103.16351,23.62038],[-103.16091,23.61967],[-103.15959,23.62489]]],[[[-103.1195,23.61508],[-103.1198,23.61589],[-103.1204,23.61753],[-103.12077,23.61878],[-103.12146,23.62108],[-103.12456,23.61582],[-103.11718,23.61356],[-103.1195,23.61508]]],[[[-103.12157,23.60806],[-103.11855,23.60239],[-103.1155,23.6102],[-103.1132,23.6093],[-103.11437,23.61231],[-103.12157,23.60806]]],[[[-103.25434,23.60851],[-103.24543,23.60748],[-103.24204,23.61185],[-103.23781,23.61563],[-103.24329,23.61379],[-103.24706,23.61488],[-103.24803,23.60857],[-103.25572,23.61128],[-103.25434,23.60851]]],[[[-103.32181,23.62749],[-103.32742,23.62483],[-103.32394,23.62165],[-103.32061,23.62379],[-103.32181,23.62749]]],[[[-103.35872,23.6263],[-103.36786,23.62739],[-103.36617,23.62424],[-103.35652,23.62464],[-103.35872,23.6263]]],[[[-103.27071,23.54652],[-103.2669,23.55324],[-103.26792,23.55515],[-103.27287,23.54788],[-103.27071,23.54652]]],[[[-102.9996,23.86969],[-102.99926,23.86933],[-103.00579,23.868],[-103.00657,23.86668],[-103.00852,23.8654],[-103.00864,23.86532],[-103.00744,23.8627],[-102.99962,23.85926],[-102.99833,23.86588],[-102.99512,23.86715],[-102.98822,23.8728],[-102.98768,23.87614],[-102.98735,23.87818],[-102.98717,23.87927],[-102.98635,23.88081],[-102.9836,23.88486],[-102.98972,23.88692],[-102.99312,23.89345],[-102.99617,23.88804],[-102.99446,23.88338],[-102.99697,23.87701],[-103.00337,23.873],[-103.00499,23.86966],[-102.9996,23.86969]]],[[[-103.0186,23.85561],[-103.0254,23.85221],[-103.02959,23.84463],[-103.03566,23.83767],[-103.03056,23.84285],[-103.02369,23.84173],[-103.01822,23.84412],[-103.01697,23.84671],[-103.01527,23.8522],[-103.00895,23.85357],[-103.00415,23.85255],[-103.00033,23.85568],[-103.01017,23.85421],[-103.0186,23.85561]]],[[[-103.04686,23.83008],[-103.04713,23.82988],[-103.0472,23.82982],[-103.0528,23.82557],[-103.06054,23.82739],[-103.06627,23.82535],[-103.06309,23.82274],[-103.06788,23.81392],[-103.06869,23.8054],[-103.08029,23.79723],[-103.0813,23.7867],[-103.08558,23.7852],[-103.08561,23.78519],[-103.09021,23.78436],[-103.09161,23.78299],[-103.10236,23.79039],[-103.10774,23.7861],[-103.11546,23.78679],[-103.11579,23.7825],[-103.10535,23.78567],[-103.10073,23.78387],[-103.09359,23.78215],[-103.09334,23.78192],[-103.09194,23.78063],[-103.09139,23.78012],[-103.09031,23.77764],[-103.08811,23.78078],[-103.07994,23.77971],[-103.07498,23.78904],[-103.07653,23.79537],[-103.06512,23.79781],[-103.06566,23.80582],[-103.05964,23.80658],[-103.05801,23.80797],[-103.05372,23.81486],[-103.04904,23.81514],[-103.04837,23.81558],[-103.04742,23.8162],[-103.04741,23.81621],[-103.047,23.81648],[-103.04566,23.81735],[-103.04699,23.81869],[-103.04422,23.82508],[-103.03571,23.82681],[-103.03554,23.82705],[-103.03575,23.82972],[-103.04065,23.83387],[-103.04213,23.83275],[-103.04305,23.83213],[-103.04634,23.83047],[-103.03914,23.82896],[-103.04519,23.82779],[-103.04686,23.83008]]],[[[-103.09394,23.75773],[-103.10096,23.75552],[-103.1065,23.75145],[-103.10598,23.74747],[-103.10332,23.74431],[-103.10505,23.74028],[-103.10772,23.73713],[-103.10326,23.73956],[-103.09922,23.7479],[-103.09546,23.74883],[-103.08771,23.7544],[-103.08594,23.75724],[-103.08461,23.76133],[-103.08651,23.76539],[-103.0851,23.76873],[-103.08798,23.77425],[-103.08347,23.77888],[-103.08721,23.77979],[-103.09029,23.77647],[-103.09037,23.77437],[-103.08953,23.76987],[-103.08786,23.7667],[-103.09219,23.75921],[-103.09394,23.75773]]],[[[-103.14053,23.84559],[-103.13554,23.84596],[-103.13735,23.84918],[-103.14053,23.84559]]],[[[-103.13745,23.83655],[-103.14011,23.83742],[-103.14046,23.83195],[-103.13745,23.83655]]],[[[-101.39332,21.99814],[-101.39103,21.99545],[-101.39596,21.99127],[-101.39464,21.98828],[-101.39712,21.98606],[-101.39859,21.98476],[-101.39939,21.98404],[-101.39955,21.98389],[-101.39854,21.983],[-101.39548,21.96805],[-101.39357,21.96809],[-101.39162,21.96982],[-101.38636,21.97388],[-101.38399,21.97399],[-101.38392,21.97409],[-101.38392,21.97412],[-101.38395,21.9748],[-101.38401,21.97604],[-101.38444,21.9823],[-101.38352,21.98217],[-101.37659,21.98118],[-101.37657,21.98127],[-101.37631,21.98172],[-101.37606,21.98201],[-101.37595,21.98226],[-101.37575,21.98271],[-101.37567,21.983],[-101.38911,21.98428],[-101.39076,21.99821],[-101.39332,21.99814]]],[[[-101.41347,21.99832],[-101.40883,21.99902],[-101.40906,22.00208],[-101.4143,22.00156],[-101.41347,21.99832]]],[[[-101.38758,22.01795],[-101.39095,22.01459],[-101.39156,22.00743],[-101.37456,22.00825],[-101.36859,22.01093],[-101.37625,22.01392],[-101.38594,22.01456],[-101.38758,22.01795]]],[[[-101.40041,21.95944],[-101.40061,21.96003],[-101.40354,21.96124],[-101.4029,21.95609],[-101.40154,21.95677],[-101.40067,21.95776],[-101.40041,21.95944]]],[[[-102.48108,23.06024],[-102.48302,23.05314],[-102.48377,23.05179],[-102.48604,23.0411],[-102.48907,23.03783],[-102.49863,23.03637],[-102.50166,23.03223],[-102.50181,23.02708],[-102.49644,23.03034],[-102.49567,23.03101],[-102.4917,23.03445],[-102.48964,23.02856],[-102.48985,23.0232],[-102.48222,23.0215],[-102.45963,23.01905],[-102.45917,23.02287],[-102.45582,23.0228],[-102.45534,23.02642],[-102.44746,23.03199],[-102.4475,23.04367],[-102.43763,23.04214],[-102.43748,23.04872],[-102.43217,23.05056],[-102.4366,23.04946],[-102.43909,23.05177],[-102.43938,23.05915],[-102.4367,23.06618],[-102.43459,23.07808],[-102.42938,23.08462],[-102.43417,23.08504],[-102.43306,23.08961],[-102.44668,23.08942],[-102.44739,23.08245],[-102.45347,23.0864],[-102.45356,23.09094],[-102.45926,23.09057],[-102.48108,23.06024]]],[[[-102.41023,22.96773],[-102.41021,22.9673],[-102.41004,22.96409],[-102.40999,22.96328],[-102.40997,22.96281],[-102.41817,22.96168],[-102.41641,22.95643],[-102.40985,22.96078],[-102.40263,22.96076],[-102.40278,22.96666],[-102.39898,22.96602],[-102.39917,22.95985],[-102.39538,22.96138],[-102.39559,22.97338],[-102.41058,22.97737],[-102.41023,22.96773]]],[[[-102.41443,22.96793],[-102.41285,22.96819],[-102.41221,22.97732],[-102.41536,22.97677],[-102.41443,22.96793]]],[[[-102.44494,22.92489],[-102.43749,22.92835],[-102.43451,22.93281],[-102.43685,22.93759],[-102.44831,22.93564],[-102.44788,22.93774],[-102.45395,22.93807],[-102.4572,22.92884],[-102.44494,22.92489]]],[[[-102.57488,23.06786],[-102.57471,23.06866],[-102.57862,23.06995],[-102.58105,23.06712],[-102.57674,23.06555],[-102.57488,23.06786]]],[[[-102.60176,23.02581],[-102.60117,23.02664],[-102.60173,23.02664],[-102.60176,23.02581]]],[[[-102.5996,23.02914],[-102.60033,23.02914],[-102.60117,23.02831],[-102.60117,23.02748],[-102.60117,23.02664],[-102.59969,23.02738],[-102.5996,23.02914]]],[[[-102.46007,23.01526],[-102.46477,23.01752],[-102.46395,23.00913],[-102.4602,23.01381],[-102.45274,23.00869],[-102.45259,23.01024],[-102.46007,23.01526]]],[[[-102.44725,23.00385],[-102.46181,23.00298],[-102.46303,22.99819],[-102.46288,22.98874],[-102.45987,22.98555],[-102.44731,22.98782],[-102.44725,23.00385]]],[[[-102.12788,22.55745],[-102.12816,22.55332],[-102.12828,22.55168],[-102.12919,22.53849],[-102.13981,22.5403],[-102.14137,22.53629],[-102.14324,22.52361],[-102.13015,22.52197],[-102.13159,22.51784],[-102.1364,22.51828],[-102.13845,22.50682],[-102.1383,22.50038],[-102.13431,22.49909],[-102.13311,22.50496],[-102.12678,22.50362],[-102.12296,22.52268],[-102.12273,22.52896],[-102.12271,22.52896],[-102.11116,22.52706],[-102.10535,22.53332],[-102.10133,22.53362],[-102.10063,22.53367],[-102.08703,22.53452],[-102.09119,22.53995],[-102.09301,22.54704],[-102.09104,22.55294],[-102.0872,22.55411],[-102.09157,22.55359],[-102.09921,22.55231],[-102.10237,22.55528],[-102.10945,22.55476],[-102.10458,22.56056],[-102.11657,22.56327],[-102.1206,22.55838],[-102.12787,22.5575],[-102.12788,22.55745]]],[[[-102.21126,22.44702],[-102.21126,22.44701],[-102.20804,22.4457],[-102.20759,22.45011],[-102.21126,22.44702]]],[[[-102.2506,22.53667],[-102.25263,22.53353],[-102.25855,22.51246],[-102.25663,22.50963],[-102.25671,22.50587],[-102.25675,22.50372],[-102.2568,22.50122],[-102.25519,22.50488],[-102.25111,22.50414],[-102.25249,22.49948],[-102.25682,22.50033],[-102.25697,22.49305],[-102.25698,22.49268],[-102.25674,22.48626],[-102.25686,22.48481],[-102.25676,22.48009],[-102.26279,22.4764],[-102.25589,22.47759],[-102.24998,22.47684],[-102.24877,22.4805],[-102.25207,22.48615],[-102.25608,22.48629],[-102.24942,22.50834],[-102.25009,22.51955],[-102.2506,22.53667]]],[[[-102.21834,22.68256],[-102.2206,22.68892],[-102.22788,22.68803],[-102.2308,22.68502],[-102.22041,22.68033],[-102.21834,22.68256]]],[[[-102.23591,22.64186],[-102.23632,22.63862],[-102.23154,22.63877],[-102.23168,22.64199],[-102.23591,22.64186]]],[[[-102.22516,22.61211],[-102.21728,22.6161],[-102.21418,22.62125],[-102.22782,22.62176],[-102.22778,22.61956],[-102.22699,22.6184],[-102.22693,22.61831],[-102.22615,22.61596],[-102.22558,22.61374],[-102.22516,22.61211]]],[[[-102.3193,22.60917],[-102.32046,22.60861],[-102.31319,22.60554],[-102.31761,22.60924],[-102.3193,22.60917]]],[[[-102.31248,22.60559],[-102.30935,22.60584],[-102.3066,22.60265],[-102.30172,22.59844],[-102.30189,22.59633],[-102.30156,22.59625],[-102.30144,22.60361],[-102.30274,22.60585],[-102.31193,22.60789],[-102.31248,22.60559]]],[[[-102.23828,22.58237],[-102.24096,22.57715],[-102.23359,22.58041],[-102.23292,22.58384],[-102.23828,22.58237]]],[[[-102.2751,22.58188],[-102.26555,22.58167],[-102.26455,22.58501],[-102.2751,22.58188]]],[[[-102.33659,22.61566],[-102.33547,22.6114],[-102.33127,22.61199],[-102.3314,22.61581],[-102.33659,22.61566]]],[[[-102.24452,22.57089],[-102.24467,22.57016],[-102.24474,22.5698],[-102.24509,22.5655],[-102.24166,22.56587],[-102.24033,22.57057],[-102.24452,22.57089]]],[[[-102.19815,22.44261],[-102.20633,22.44267],[-102.20792,22.44064],[-102.20109,22.43567],[-102.19815,22.44261]]],[[[-103.48541,24.30686],[-103.48607,24.30006],[-103.49858,24.29714],[-103.49423,24.29667],[-103.49978,24.29298],[-103.49472,24.29276],[-103.48128,24.28876],[-103.47553,24.30468],[-103.48036,24.30869],[-103.48146,24.31192],[-103.48085,24.3151],[-103.48184,24.31871],[-103.48406,24.31834],[-103.48634,24.31218],[-103.48629,24.31209],[-103.4865,24.31017],[-103.48541,24.30966],[-103.48491,24.30867],[-103.48541,24.30686]]],[[[-103.57968,24.17856],[-103.58022,24.17974],[-103.58093,24.17955],[-103.57968,24.17856]]],[[[-103.60396,24.15303],[-103.60577,24.15115],[-103.61955,24.12256],[-103.62201,24.11746],[-103.62202,24.11746],[-103.63597,24.11029],[-103.64043,24.11738],[-103.64079,24.11796],[-103.64501,24.12466],[-103.64518,24.12494],[-103.65439,24.13956],[-103.65603,24.14224],[-103.65806,24.14554],[-103.66007,24.14884],[-103.66036,24.14933],[-103.67673,24.1404],[-103.67693,24.14029],[-103.67898,24.13917],[-103.68007,24.13859],[-103.68538,24.13572],[-103.68032,24.1353],[-103.68239,24.13266],[-103.68393,24.12348],[-103.68892,24.12],[-103.68924,24.11888],[-103.68967,24.11737],[-103.69002,24.11676],[-103.69032,24.11565],[-103.69052,24.11532],[-103.68923,24.11285],[-103.68099,24.11375],[-103.6753,24.11272],[-103.66974,24.11271],[-103.66935,24.11238],[-103.65921,24.10331],[-103.65913,24.09967],[-103.65827,24.09879],[-103.65207,24.09791],[-103.64133,24.09192],[-103.6382,24.09603],[-103.63698,24.09172],[-103.63295,24.09375],[-103.6298,24.09196],[-103.62009,24.09485],[-103.61896,24.09683],[-103.61892,24.09684],[-103.61051,24.10145],[-103.60766,24.10895],[-103.60598,24.11159],[-103.60502,24.11294],[-103.60443,24.11377],[-103.6041,24.11402],[-103.60131,24.11486],[-103.59961,24.11537],[-103.5948,24.11628],[-103.59245,24.12063],[-103.59418,24.12768],[-103.585,24.13362],[-103.57624,24.13894],[-103.57325,24.14683],[-103.56722,24.15712],[-103.5694,24.16597],[-103.57663,24.16691],[-103.58726,24.17044],[-103.60396,24.15303]]],[[[-103.40352,24.07468],[-103.39843,24.06803],[-103.40971,24.06089],[-103.41088,24.06197],[-103.41092,24.05888],[-103.38826,24.05881],[-103.38836,24.05632],[-103.36861,24.05649],[-103.36869,24.06936],[-103.36441,24.07148],[-103.36599,24.07824],[-103.36864,24.07965],[-103.37562,24.07711],[-103.38493,24.07675],[-103.38968,24.08309],[-103.40342,24.07737],[-103.38731,24.07712],[-103.38833,24.07439],[-103.40352,24.07468]]],[[[-103.52687,24.29171],[-103.52899,24.29226],[-103.52865,24.29201],[-103.52687,24.29171]]],[[[-103.47062,24.32108],[-103.47031,24.32078],[-103.47062,24.32108],[-103.47085,24.32127],[-103.47093,24.32124],[-103.47062,24.32108]]],[[[-103.46893,24.32042],[-103.46921,24.32057],[-103.46936,24.32065],[-103.46984,24.32068],[-103.46893,24.32042]]],[[[-103.32919,24.01755],[-103.33909,24.01927],[-103.34247,24.01183],[-103.33953,24.00928],[-103.33318,24.00875],[-103.32919,24.01755]]],[[[-101.5809,24.83808],[-101.57585,24.84064],[-101.5786,24.84192],[-101.5809,24.83808]]],[[[-101.73399,24.1313],[-101.74518,24.12921],[-101.74963,24.12614],[-101.74813,24.11968],[-101.73896,24.12562],[-101.73436,24.12647],[-101.73399,24.1313]]],[[[-101.56942,24.11096],[-101.56881,24.11688],[-101.57353,24.11683],[-101.57764,24.11138],[-101.5734,24.10782],[-101.56942,24.11096]]],[[[-102.23872,22.38089],[-102.24255,22.37884],[-102.24274,22.37874],[-102.24898,22.38579],[-102.24904,22.3854],[-102.25205,22.37435],[-102.25132,22.37435],[-102.24624,22.37418],[-102.23775,22.37408],[-102.23763,22.3751],[-102.2347,22.37359],[-102.22889,22.37443],[-102.23264,22.37857],[-102.23872,22.38089]]],[[[-102.264,22.47552],[-102.26763,22.47901],[-102.26825,22.48728],[-102.27122,22.48917],[-102.26971,22.49508],[-102.27449,22.50606],[-102.27347,22.51204],[-102.27248,22.51782],[-102.27512,22.5191],[-102.27611,22.52892],[-102.27436,22.53402],[-102.28814,22.53853],[-102.29451,22.53807],[-102.29837,22.53826],[-102.30408,22.53854],[-102.30417,22.53419],[-102.29498,22.53397],[-102.2898,22.53062],[-102.28772,22.514],[-102.2913,22.51452],[-102.29286,22.50967],[-102.29164,22.5008],[-102.28765,22.49706],[-102.28777,22.49258],[-102.29419,22.4909],[-102.29433,22.48857],[-102.30386,22.48744],[-102.30006,22.46855],[-102.29851,22.45954],[-102.29848,22.45955],[-102.29831,22.45959],[-102.29739,22.45527],[-102.29586,22.44777],[-102.29554,22.44622],[-102.29537,22.4455],[-102.29441,22.44078],[-102.29009,22.41994],[-102.29008,22.41992],[-102.28992,22.41985],[-102.28912,22.4194],[-102.28842,22.41833],[-102.2881,22.41728],[-102.28742,22.41615],[-102.2872,22.41611],[-102.28493,22.41684],[-102.28437,22.41627],[-102.28335,22.41595],[-102.28254,22.41563],[-102.28184,22.4138],[-102.27761,22.41411],[-102.27725,22.4139],[-102.27696,22.41368],[-102.27684,22.41338],[-102.2766,22.41334],[-102.27642,22.41332],[-102.27335,22.41391],[-102.27161,22.41255],[-102.27099,22.41206],[-102.27254,22.40964],[-102.27301,22.40883],[-102.2704,22.40791],[-102.26878,22.40748],[-102.26838,22.4072],[-102.2681,22.407],[-102.2674,22.40657],[-102.2664,22.40449],[-102.26571,22.4042],[-102.26397,22.39911],[-102.26076,22.39868],[-102.26055,22.39537],[-102.25866,22.39326],[-102.25788,22.39279],[-102.25072,22.38803],[-102.25394,22.39427],[-102.2639,22.40895],[-102.26604,22.40638],[-102.26876,22.41187],[-102.26559,22.41327],[-102.2638,22.40911],[-102.25949,22.41622],[-102.26187,22.42083],[-102.26432,22.43763],[-102.25925,22.43921],[-102.25441,22.43755],[-102.25115,22.43926],[-102.25408,22.44589],[-102.24895,22.44643],[-102.2505,22.4508],[-102.24536,22.45158],[-102.2464,22.45557],[-102.25607,22.45422],[-102.25616,22.45148],[-102.26148,22.45079],[-102.26418,22.45962],[-102.28014,22.45688],[-102.27682,22.44752],[-102.28423,22.44586],[-102.28686,22.45491],[-102.29387,22.4541],[-102.29637,22.46011],[-102.26233,22.46588],[-102.26843,22.4737],[-102.264,22.47552]],[[-102.27497,22.50344],[-102.2794,22.50314],[-102.28357,22.49953],[-102.28354,22.50415],[-102.27497,22.50344]],[[-102.26463,22.4276],[-102.26741,22.42711],[-102.26934,22.43238],[-102.26511,22.43238],[-102.26463,22.4276]]],[[[-102.26853,22.49099],[-102.2686,22.49189],[-102.26884,22.49273],[-102.26922,22.49376],[-102.26853,22.49099]]],[[[-102.08454,22.34914],[-102.08631,22.35666],[-102.08711,22.3522],[-102.09054,22.34919],[-102.08454,22.34914]]],[[[-102.0793,22.31208],[-102.0758,22.31544],[-102.08015,22.31851],[-102.0793,22.31208]]],[[[-101.96533,22.25387],[-101.96593,22.25637],[-101.9696,22.25946],[-101.96948,22.26522],[-101.96543,22.26452],[-101.96384,22.26926],[-101.95916,22.27157],[-101.95989,22.27652],[-101.95683,22.2815],[-101.95369,22.28226],[-101.95631,22.29001],[-101.96336,22.28855],[-101.9676,22.292],[-101.96998,22.28584],[-101.96317,22.28306],[-101.97311,22.27727],[-101.96897,22.27098],[-101.9738,22.26509],[-101.9782,22.26711],[-101.9775,22.26265],[-101.9864,22.26238],[-101.98866,22.26451],[-101.9911,22.2591],[-101.99282,22.26389],[-102.00208,22.26694],[-101.99768,22.27219],[-101.99965,22.27469],[-101.99378,22.27331],[-101.99447,22.27615],[-101.9909,22.28528],[-101.98285,22.2835],[-101.97531,22.29805],[-101.97059,22.29722],[-101.97065,22.29986],[-101.96445,22.3075],[-101.96046,22.30755],[-101.95762,22.31423],[-101.96617,22.3141],[-101.96384,22.32068],[-101.95908,22.3237],[-101.95071,22.32493],[-101.95232,22.3271],[-101.9531,22.32815],[-101.95733,22.33013],[-101.96551,22.32425],[-101.9661,22.32383],[-101.96796,22.32349],[-101.96828,22.3235],[-101.9773,22.33032],[-101.99055,22.32458],[-101.99746,22.32695],[-101.99981,22.32211],[-102.00268,22.3318],[-102.00713,22.32842],[-102.01421,22.32648],[-102.01623,22.31931],[-102.02195,22.31435],[-102.02289,22.30765],[-102.02701,22.30459],[-102.03381,22.30351],[-102.03714,22.30522],[-102.04324,22.31382],[-102.05387,22.31917],[-102.05441,22.31993],[-102.0602,22.3243],[-102.07047,22.31666],[-102.07028,22.30775],[-102.07221,22.30491],[-102.06739,22.30327],[-102.06362,22.302],[-102.06248,22.30161],[-102.05861,22.30064],[-102.0567,22.29993],[-102.0576,22.29615],[-102.05566,22.29531],[-102.0565,22.2948],[-102.0576,22.29414],[-102.05841,22.29365],[-102.05121,22.29121],[-102.04179,22.29523],[-102.04155,22.29545],[-102.03734,22.29909],[-102.03179,22.2889],[-102.03076,22.28893],[-102.0288,22.27863],[-102.03105,22.27432],[-102.02981,22.27057],[-102.02921,22.26901],[-102.02916,22.26903],[-102.02907,22.26906],[-102.02856,22.26922],[-102.02821,22.2679],[-102.02814,22.26764],[-102.0283,22.26646],[-102.0284,22.26599],[-102.02581,22.25624],[-102.02376,22.25146],[-102.02249,22.24164],[-102.00965,22.24154],[-102.00487,22.24141],[-102.00212,22.24136],[-102.00151,22.23898],[-101.99975,22.23173],[-101.9893,22.23192],[-101.98744,22.22649],[-101.98511,22.22724],[-101.98156,22.23665],[-101.98197,22.23171],[-101.9689,22.23146],[-101.97647,22.23277],[-101.97484,22.23645],[-101.96427,22.23623],[-101.9708,22.24624],[-101.96685,22.25229],[-101.97248,22.25353],[-101.96737,22.25558],[-101.96533,22.25387]],[[-101.97569,22.3029],[-101.97844,22.30083],[-101.98316,22.29153],[-101.9892,22.29221],[-101.98874,22.29672],[-101.99286,22.29689],[-101.99241,22.30153],[-101.98429,22.30103],[-101.97967,22.31006],[-101.97319,22.30971],[-101.97569,22.3029]]],[[[-103.41989,24.42548],[-103.42102,24.42521],[-103.42049,24.42501],[-103.41989,24.42548]]],[[[-102.9471,22.81086],[-102.9458,22.80098],[-102.94701,22.79435],[-102.93827,22.79698],[-102.94529,22.81004],[-102.94653,22.81524],[-102.94686,22.81199],[-102.9471,22.81086]]],[[[-102.94733,22.82079],[-102.94754,22.82098],[-102.9475,22.82052],[-102.94733,22.82079]]],[[[-102.95032,22.82243],[-102.95004,22.82265],[-102.9501,22.82273],[-102.95032,22.82243]]],[[[-102.93438,22.80109],[-102.935,22.80148],[-102.93764,22.79564],[-102.94773,22.79315],[-102.95236,22.78775],[-102.95542,22.78047],[-102.9543,22.77344],[-102.95406,22.77258],[-102.95381,22.77165],[-102.95359,22.77085],[-102.95415,22.76316],[-102.95239,22.75835],[-102.95664,22.75098],[-102.96087,22.74854],[-102.95969,22.75339],[-102.96333,22.74925],[-102.96496,22.74366],[-102.96351,22.74092],[-102.96101,22.74437],[-102.96147,22.73828],[-102.96364,22.74063],[-102.96368,22.74053],[-102.96392,22.73999],[-102.96505,22.73991],[-102.9676,22.72758],[-102.97056,22.71928],[-102.97002,22.71542],[-102.97946,22.70758],[-102.98224,22.7085],[-102.98074,22.69975],[-102.98386,22.69296],[-102.98608,22.68386],[-102.98222,22.68137],[-102.98156,22.67398],[-102.98341,22.67153],[-102.98133,22.66688],[-102.97803,22.67314],[-102.97352,22.67018],[-102.97666,22.66898],[-102.97752,22.66474],[-102.97259,22.66489],[-102.97157,22.66847],[-102.96154,22.67482],[-102.96335,22.67768],[-102.95909,22.68156],[-102.95823,22.68879],[-102.9546,22.68768],[-102.95414,22.68222],[-102.9499,22.68315],[-102.95118,22.68857],[-102.96397,22.69262],[-102.96361,22.69658],[-102.95647,22.70461],[-102.95627,22.70853],[-102.95268,22.71106],[-102.95836,22.71121],[-102.96071,22.71551],[-102.96333,22.7146],[-102.9568,22.7215],[-102.94739,22.7277],[-102.94459,22.73301],[-102.93422,22.73567],[-102.9316,22.73919],[-102.92693,22.73725],[-102.92458,22.74179],[-102.91869,22.74755],[-102.92149,22.74926],[-102.92641,22.74747],[-102.93037,22.7415],[-102.92771,22.74966],[-102.92378,22.74911],[-102.92206,22.7534],[-102.9165,22.75719],[-102.9102,22.7565],[-102.90961,22.76445],[-102.91184,22.76935],[-102.9195,22.76809],[-102.92037,22.77233],[-102.92414,22.77162],[-102.92653,22.77482],[-102.92793,22.77063],[-102.931,22.77014],[-102.92961,22.77714],[-102.93156,22.77803],[-102.93373,22.76699],[-102.92794,22.76594],[-102.92847,22.76263],[-102.93486,22.76369],[-102.93173,22.77954],[-102.93548,22.79584],[-102.9311,22.79529],[-102.93174,22.79947],[-102.93339,22.80049],[-102.93438,22.80109]],[[-102.96305,22.71089],[-102.96245,22.70747],[-102.95787,22.70843],[-102.96422,22.70186],[-102.96817,22.70077],[-102.96543,22.70622],[-102.9688,22.70545],[-102.97054,22.70933],[-102.96305,22.71089]]],[[[-102.88316,22.77031],[-102.88438,22.77322],[-102.88868,22.7676],[-102.88316,22.77031]]],[[[-102.93409,22.69161],[-102.93637,22.68816],[-102.94136,22.68584],[-102.93189,22.68322],[-102.93409,22.69161]]],[[[-102.89088,22.68905],[-102.89867,22.68868],[-102.9105,22.6791],[-102.91346,22.67266],[-102.91596,22.67807],[-102.91111,22.68223],[-102.93345,22.68085],[-102.94092,22.67868],[-102.9439,22.67381],[-102.94262,22.66392],[-102.93863,22.66964],[-102.93068,22.67075],[-102.9262,22.65796],[-102.92138,22.65664],[-102.91805,22.6613],[-102.92317,22.66613],[-102.91171,22.66928],[-102.9037,22.6746],[-102.89126,22.67538],[-102.88892,22.67864],[-102.88943,22.68862],[-102.89088,22.68905]]],[[[-103.06306,22.70147],[-103.06264,22.69833],[-103.06256,22.69777],[-103.06343,22.69346],[-103.064,22.69132],[-103.06492,22.68639],[-103.05374,22.68601],[-103.05469,22.67796],[-103.05137,22.67621],[-103.04861,22.66837],[-103.05095,22.66886],[-103.05246,22.66356],[-103.05286,22.66278],[-103.0474,22.65925],[-103.04781,22.65572],[-103.04463,22.65331],[-103.04031,22.64857],[-103.03336,22.64783],[-103.04287,22.64791],[-103.04569,22.63776],[-103.04512,22.63518],[-103.03263,22.6277],[-103.02135,22.63311],[-103.03207,22.62613],[-103.03407,22.62032],[-103.03017,22.61837],[-103.03235,22.61246],[-103.0365,22.61376],[-103.0381,22.61056],[-103.04338,22.61563],[-103.04987,22.60725],[-103.05689,22.59316],[-103.05463,22.59072],[-103.0466,22.59354],[-103.03606,22.58998],[-103.03598,22.59241],[-103.02973,22.59116],[-103.03029,22.59531],[-103.02789,22.59958],[-103.02298,22.59484],[-103.01595,22.60332],[-103.01491,22.60921],[-103.01239,22.60811],[-103.01032,22.61421],[-103.01271,22.61593],[-103.01358,22.6246],[-103.00765,22.6356],[-103.00697,22.64081],[-103.01404,22.64114],[-103.01854,22.64407],[-103.0199,22.64186],[-103.02461,22.64449],[-103.02311,22.64717],[-103.02955,22.64785],[-103.03145,22.65023],[-103.02855,22.66025],[-103.02411,22.6549],[-103.02511,22.65105],[-103.01232,22.6473],[-103.01242,22.64422],[-103.00662,22.6415],[-103.00449,22.64639],[-103.01052,22.65128],[-103.00554,22.65967],[-103.00578,22.66913],[-103.02607,22.69081],[-103.03259,22.69388],[-103.03454,22.68958],[-103.03787,22.6919],[-103.03648,22.69735],[-103.0315,22.69652],[-103.03525,22.70049],[-103.04135,22.70125],[-103.04934,22.7054],[-103.04986,22.70295],[-103.04222,22.69796],[-103.04977,22.70115],[-103.0518,22.71023],[-103.05746,22.71114],[-103.06044,22.71089],[-103.05547,22.70614],[-103.05781,22.70254],[-103.06306,22.70147]],[[-103.04054,22.63857],[-103.03924,22.63471],[-103.0439,22.63781],[-103.04054,22.63857]],[[-103.02816,22.63459],[-103.03081,22.6312],[-103.03397,22.63309],[-103.03371,22.63771],[-103.02816,22.63459]],[[-103.01621,22.63368],[-103.01884,22.62724],[-103.02215,22.62918],[-103.0198,22.63384],[-103.01621,22.63368]],[[-103.03398,22.60606],[-103.03468,22.59898],[-103.0366,22.60145],[-103.04101,22.59919],[-103.04111,22.60322],[-103.03709,22.60156],[-103.04003,22.60611],[-103.04391,22.60512],[-103.03845,22.60987],[-103.03398,22.60606]]],[[[-102.9966,22.71883],[-102.99525,22.71222],[-102.98996,22.70798],[-102.98455,22.70675],[-102.97981,22.71209],[-102.99098,22.71569],[-102.9966,22.71883]]],[[[-103.00297,22.67149],[-103.00308,22.67581],[-103.01089,22.68201],[-103.01309,22.67818],[-103.00836,22.67331],[-103.00297,22.67149]]],[[[-102.99148,22.66329],[-102.99605,22.67267],[-102.99639,22.66571],[-102.99386,22.66213],[-102.98637,22.66055],[-102.98578,22.66292],[-102.99148,22.66329]]],[[[-102.94421,22.66527],[-102.9469,22.66216],[-102.94421,22.66038],[-102.94421,22.66527]]],[[[-103.00238,22.63493],[-103.00697,22.63742],[-103.0074,22.63543],[-103.01339,22.62392],[-103.01226,22.61581],[-103.00882,22.61812],[-103.0065,22.62407],[-103.00947,22.62626],[-103.0054,22.63459],[-103.00238,22.63493]]],[[[-102.98287,22.63174],[-102.98349,22.63483],[-102.98988,22.6365],[-102.98695,22.63258],[-102.99097,22.6248],[-102.99256,22.63141],[-102.99837,22.634],[-102.99749,22.61994],[-102.99369,22.61922],[-102.98956,22.6218],[-102.98911,22.62376],[-102.98481,22.62531],[-102.98287,22.63174]]],[[[-102.98527,22.62089],[-102.98591,22.62249],[-102.98878,22.61969],[-102.98986,22.62056],[-102.99254,22.6191],[-102.99536,22.61883],[-102.9989,22.61623],[-102.99934,22.61325],[-102.99523,22.61573],[-102.99319,22.61343],[-102.9932,22.61538],[-102.99164,22.61894],[-102.9883,22.61814],[-102.98547,22.62065],[-102.98527,22.62089]]],[[[-102.99196,22.61067],[-102.98761,22.61801],[-102.99118,22.6171],[-102.99129,22.61516],[-102.99291,22.61494],[-102.99306,22.60962],[-102.99196,22.61067]]],[[[-102.78443,22.60855],[-102.79021,22.61148],[-102.7916,22.60941],[-102.78641,22.60674],[-102.78443,22.60855]]],[[[-102.99952,22.61618],[-103.00102,22.61211],[-103.00317,22.61645],[-103.0089,22.61437],[-103.00949,22.61091],[-103.01801,22.59802],[-103.02404,22.59145],[-103.01756,22.59397],[-103.01141,22.59304],[-103.01032,22.59694],[-103.00758,22.59761],[-103.00672,22.60036],[-103.00485,22.60229],[-103.00111,22.60433],[-103.00036,22.60875],[-102.99786,22.61162],[-102.99954,22.61256],[-102.99952,22.61618]]],[[[-103.00106,22.6014],[-102.99869,22.60886],[-103.00018,22.60789],[-103.00068,22.60269],[-103.00392,22.60237],[-103.01083,22.59276],[-103.00106,22.6014]]],[[[-103.05294,22.60169],[-103.06336,22.60587],[-103.06471,22.60126],[-103.06937,22.59789],[-103.06223,22.59578],[-103.0581,22.5919],[-103.05294,22.60169]]],[[[-103.04841,22.61872],[-103.04836,22.61836],[-103.04829,22.61727],[-103.04843,22.61699],[-103.04996,22.61671],[-103.05246,22.61699],[-103.05412,22.61782],[-103.05502,22.61782],[-103.0547,22.61147],[-103.04864,22.60982],[-103.04469,22.61521],[-103.04841,22.61872]]],[[[-103.04871,22.62113],[-103.0485,22.61945],[-103.0404,22.61995],[-103.03932,22.6261],[-103.04516,22.62818],[-103.04182,22.62323],[-103.04871,22.62113]]],[[[-103.03418,22.61852],[-103.03732,22.62345],[-103.03997,22.61863],[-103.03418,22.61852]]],[[[-103.05044,22.65728],[-103.05262,22.64963],[-103.05626,22.65308],[-103.05688,22.64719],[-103.04093,22.64835],[-103.04424,22.65255],[-103.05044,22.65728]]],[[[-102.9538,22.80017],[-102.95368,22.80154],[-102.95293,22.81033],[-102.95067,22.80616],[-102.95378,22.81523],[-102.95536,22.81435],[-102.95619,22.81521],[-102.96235,22.80059],[-102.96037,22.79625],[-102.96139,22.79239],[-102.95675,22.79263],[-102.95388,22.79922],[-102.9538,22.80017]]],[[[-103.03024,22.55085],[-103.03274,22.55591],[-103.02942,22.56203],[-103.02932,22.56768],[-103.02692,22.56983],[-103.0328,22.5713],[-103.04227,22.54626],[-103.02789,22.54556],[-103.03,22.54965],[-103.03024,22.55085]]],[[[-102.40989,22.9049],[-102.40561,22.91708],[-102.40853,22.9168],[-102.40989,22.9049]]],[[[-102.42111,22.9538],[-102.41822,22.94902],[-102.41614,22.94038],[-102.4189,22.93976],[-102.41838,22.93246],[-102.41263,22.93265],[-102.41493,22.9287],[-102.42612,22.92739],[-102.42253,22.92365],[-102.409,22.9239],[-102.41317,22.92817],[-102.40822,22.92786],[-102.40543,22.9319],[-102.40469,22.94597],[-102.41109,22.94598],[-102.4137,22.94049],[-102.41705,22.95133],[-102.42111,22.9538]]],[[[-102.43207,22.91645],[-102.42819,22.91385],[-102.42848,22.9188],[-102.43207,22.91645]]],[[[-102.43012,22.93322],[-102.42963,22.92824],[-102.42689,22.92876],[-102.43012,22.93322]]],[[[-102.40377,22.8315],[-102.40395,22.83025],[-102.3987,22.83286],[-102.39912,22.83649],[-102.40355,22.8319],[-102.40377,22.8315]]],[[[-102.31257,22.94566],[-102.31101,22.94193],[-102.31237,22.93506],[-102.30693,22.93549],[-102.30565,22.93895],[-102.31048,22.93855],[-102.3103,22.94213],[-102.30389,22.94071],[-102.30338,22.94633],[-102.31257,22.94566]]],[[[-102.29574,22.96701],[-102.29503,22.96943],[-102.30138,22.96899],[-102.30154,22.96665],[-102.29574,22.96701]]],[[[-102.29349,22.86949],[-102.29693,22.87166],[-102.29734,22.87436],[-102.29958,22.87715],[-102.3027,22.87565],[-102.30231,22.87074],[-102.29875,22.86397],[-102.29523,22.86421],[-102.29349,22.86949]]],[[[-102.28816,22.87953],[-102.2872,22.87555],[-102.28292,22.87427],[-102.28251,22.87889],[-102.28816,22.87953]]],[[[-102.28029,22.87446],[-102.2806,22.87652],[-102.28599,22.86828],[-102.27909,22.86683],[-102.27637,22.87231],[-102.28029,22.87446]]],[[[-102.26102,22.86436],[-102.26689,22.8643],[-102.26709,22.85475],[-102.26106,22.85456],[-102.26102,22.86436]]],[[[-102.02171,22.70259],[-102.01763,22.70001],[-102.01972,22.69583],[-102.00745,22.69113],[-102.00618,22.69502],[-102.01473,22.70136],[-102.02171,22.70259]]],[[[-102.07693,22.65405],[-102.08126,22.65231],[-102.08408,22.64496],[-102.08232,22.64147],[-102.06794,22.63591],[-102.06275,22.64085],[-102.05842,22.65077],[-102.06765,22.65389],[-102.06886,22.65108],[-102.07693,22.65405]]],[[[-102.07451,22.61522],[-102.07026,22.6238],[-102.07945,22.62672],[-102.08049,22.62414],[-102.07907,22.61463],[-102.07451,22.61522]]],[[[-102.08481,22.62416],[-102.08926,22.62574],[-102.08415,22.61596],[-102.08128,22.62278],[-102.08481,22.62416]]],[[[-102.1002,22.61015],[-102.10438,22.61271],[-102.10618,22.60505],[-102.10411,22.60418],[-102.1002,22.61015]]],[[[-102.08527,22.60295],[-102.08887,22.60725],[-102.09081,22.60588],[-102.0871,22.6017],[-102.08527,22.60295]]],[[[-102.10158,22.5868],[-102.10106,22.59123],[-102.10492,22.58311],[-102.10158,22.5868]]],[[[-102.09152,22.58577],[-102.09156,22.57912],[-102.08521,22.58241],[-102.09152,22.58577]]],[[[-103.23905,24.05224],[-103.23894,24.05649],[-103.2427,24.05646],[-103.24269,24.05225],[-103.23905,24.05224]]],[[[-102.69508,23.00412],[-102.69359,23.00494],[-102.69359,23.005],[-102.69359,23.00583],[-102.69442,23.00666],[-102.69525,23.00749],[-102.69525,23.01082],[-102.69609,23.01166],[-102.69692,23.01249],[-102.69775,23.01332],[-102.69853,23.01332],[-102.70311,23.00461],[-102.70691,23.00666],[-102.70178,22.99979],[-102.70538,22.99973],[-102.70289,22.99639],[-102.6995,23.00041],[-102.70032,23.00704],[-102.6967,23.00848],[-102.69508,23.00412]]],[[[-102.69256,22.99484],[-102.68954,22.99671],[-102.68966,22.9969],[-102.6898,22.99655],[-102.68987,22.99651],[-102.69026,22.9975],[-102.69026,22.99782],[-102.69059,22.99833],[-102.69109,22.9991],[-102.69508,23.00412],[-102.69733,23.00243],[-102.69256,22.99484]]],[[[-102.72431,23.03997],[-102.72606,23.03997],[-102.72773,23.03913],[-102.72825,23.0383],[-102.7302,23.03069],[-102.72665,23.03049],[-102.72662,23.03664],[-102.72431,23.03997]]],[[[-102.75081,23.03747],[-102.75187,23.03747],[-102.75187,23.03736],[-102.75081,23.03747]]],[[[-102.7197,23.02821],[-102.71893,23.03241],[-102.72177,23.03503],[-102.72182,23.02882],[-102.7197,23.02821]]],[[[-102.74726,23.02665],[-102.75637,23.02696],[-102.75654,23.02382],[-102.75016,23.02649],[-102.75034,23.02216],[-102.74742,23.02213],[-102.74726,23.02665]]],[[[-102.70941,23.0262],[-102.71107,23.02581],[-102.71191,23.02498],[-102.71274,23.02415],[-102.71319,23.02331],[-102.7102,23.01424],[-102.7072,23.01531],[-102.70941,23.0262]]],[[[-102.73134,23.0215],[-102.73981,23.02033],[-102.75095,23.01108],[-102.74738,23.01087],[-102.74657,23.0066],[-102.7412,23.0051],[-102.73325,23.01509],[-102.73134,23.0215]]],[[[-102.72568,23.00712],[-102.728,23.01073],[-102.73063,23.00757],[-102.72568,23.00712]]],[[[-102.76102,23.02058],[-102.76588,23.02084],[-102.76611,23.01664],[-102.77109,23.01688],[-102.77123,23.01419],[-102.76635,23.01385],[-102.76612,23.01647],[-102.76128,23.01625],[-102.76102,23.02058]]],[[[-102.70737,23.02998],[-102.70774,23.02998],[-102.70774,23.02989],[-102.70737,23.02998]]],[[[-102.75777,23.00062],[-102.76242,23.00088],[-102.76254,22.99629],[-102.75798,22.99607],[-102.75777,23.00062]]],[[[-102.71669,22.98599],[-102.71865,22.98409],[-102.7158,22.98073],[-102.71137,22.98227],[-102.71669,22.98599]]],[[[-102.7032,22.97857],[-102.70051,22.97954],[-102.70615,22.98398],[-102.7032,22.97857]]],[[[-102.71615,22.97969],[-102.71762,22.98272],[-102.7223,22.98079],[-102.72063,22.97726],[-102.71615,22.97969]]],[[[-102.7903,23.47943],[-102.78812,23.48831],[-102.79106,23.49302],[-102.79766,23.4838],[-102.7968,23.48056],[-102.79498,23.47366],[-102.79209,23.47254],[-102.7903,23.47943]]],[[[-102.78018,23.47947],[-102.7831,23.48365],[-102.78439,23.47836],[-102.78823,23.47892],[-102.78927,23.47545],[-102.78377,23.4734],[-102.78018,23.47947]]],[[[-102.66058,23.14321],[-102.66112,23.14238],[-102.66066,23.14238],[-102.66058,23.14321]]],[[[-102.66679,23.17652],[-102.66694,23.17569],[-102.66692,23.17569],[-102.66679,23.17652]]],[[[-102.66528,23.17741],[-102.66528,23.17818],[-102.66611,23.17735],[-102.66557,23.17735],[-102.66528,23.17741]]],[[[-102.66278,23.18493],[-102.66278,23.18485],[-102.66195,23.18503],[-102.66278,23.18493]]],[[[-102.82228,23.46657],[-102.83078,23.46531],[-102.83337,23.45059],[-102.81862,23.45067],[-102.80869,23.45459],[-102.81081,23.46109],[-102.82337,23.46022],[-102.82228,23.46657]]],[[[-102.83672,23.43185],[-102.83359,23.43371],[-102.8368,23.4367],[-102.83672,23.43185]]],[[[-102.98983,23.41449],[-102.99614,23.41789],[-103.00116,23.41769],[-103.0032,23.41574],[-102.98983,23.41449]]],[[[-102.99553,23.40464],[-103.00389,23.40674],[-103.00421,23.40314],[-102.99531,23.40281],[-102.99553,23.40464]]],[[[-103.02277,23.39539],[-103.03041,23.39924],[-103.03279,23.39491],[-103.02166,23.39332],[-103.02277,23.39539]]],[[[-103.00705,23.40294],[-103.01228,23.40702],[-103.01256,23.40125],[-103.01627,23.40129],[-103.0154,23.39751],[-102.99942,23.39705],[-102.99953,23.39903],[-103.00965,23.39926],[-103.00705,23.40294]]],[[[-102.62442,23.37254],[-102.62966,23.36749],[-102.62837,23.36423],[-102.62442,23.37254]]],[[[-102.74458,23.35912],[-102.74928,23.36218],[-102.75322,23.36089],[-102.75357,23.35446],[-102.74609,23.35318],[-102.74458,23.35912]]],[[[-102.99221,23.33042],[-102.99281,23.33664],[-102.99613,23.33656],[-102.99631,23.33208],[-102.99221,23.33042]]],[[[-102.92443,23.32556],[-102.92685,23.32213],[-102.92691,23.31693],[-102.92299,23.31621],[-102.92266,23.31241],[-102.91767,23.31209],[-102.91683,23.31671],[-102.90344,23.31607],[-102.90345,23.32514],[-102.92443,23.32556]]],[[[-103.06649,23.3557],[-103.06948,23.3529],[-103.07542,23.35399],[-103.08321,23.34378],[-103.08287,23.33901],[-103.05087,23.31791],[-103.0548,23.31349],[-103.07294,23.31837],[-103.08012,23.30661],[-103.06048,23.3008],[-103.04758,23.29272],[-103.04218,23.28801],[-103.04853,23.29018],[-103.05306,23.28628],[-103.0617,23.28986],[-103.0675,23.27905],[-103.06192,23.27855],[-103.05165,23.27395],[-103.05281,23.2706],[-103.04874,23.26942],[-103.04827,23.27288],[-103.04357,23.27828],[-103.04054,23.27622],[-103.03787,23.28189],[-103.04226,23.28491],[-103.03746,23.28449],[-103.0307,23.29684],[-103.02408,23.29535],[-103.01736,23.30803],[-103.01263,23.30772],[-103.00882,23.31228],[-103.01254,23.31797],[-103.02625,23.32543],[-103.02098,23.32457],[-103.02024,23.32909],[-103.04171,23.34181],[-103.04158,23.34266],[-103.05849,23.35182],[-103.05817,23.34691],[-103.06746,23.35179],[-103.06116,23.35222],[-103.06649,23.3557]]],[[[-103.05057,23.38121],[-103.05274,23.38224],[-103.05997,23.37583],[-103.06015,23.37259],[-103.05477,23.36686],[-103.05456,23.36122],[-103.06057,23.36267],[-103.06244,23.36014],[-103.05937,23.3578],[-103.05833,23.35292],[-103.03737,23.34214],[-103.03718,23.34589],[-103.03284,23.34469],[-103.03232,23.34925],[-103.02613,23.34591],[-103.02629,23.33812],[-103.02179,23.33743],[-103.01976,23.34021],[-103.01841,23.36051],[-103.02938,23.35741],[-103.03142,23.36211],[-103.03295,23.37171],[-103.03521,23.36934],[-103.04228,23.37272],[-103.04325,23.3681],[-103.04863,23.37478],[-103.05057,23.38121]]],[[[-103.01787,23.38757],[-103.00515,23.36462],[-102.9979,23.36247],[-102.99677,23.36783],[-103.00091,23.37411],[-103.0017,23.38377],[-103.00568,23.38434],[-103.00636,23.38044],[-103.01787,23.38757]]],[[[-102.99664,23.38517],[-102.99869,23.38141],[-102.99449,23.38144],[-102.99664,23.38517]]],[[[-102.99664,23.38517],[-102.9977,23.39318],[-103.00136,23.39321],[-103.00102,23.38618],[-102.99664,23.38517]]],[[[-102.98692,23.36206],[-102.98797,23.36529],[-102.9897,23.37368],[-102.98947,23.37954],[-102.98929,23.38405],[-102.98792,23.38897],[-102.99171,23.38967],[-102.99447,23.385],[-102.99148,23.38112],[-102.99779,23.37319],[-102.993,23.36698],[-102.9926,23.36161],[-102.98868,23.35818],[-102.98692,23.36206]]],[[[-103.00748,23.36699],[-103.01169,23.36944],[-103.01156,23.37503],[-103.01708,23.37626],[-103.01784,23.36863],[-103.00738,23.36516],[-103.00748,23.36699]]],[[[-103.01511,23.38151],[-103.01978,23.38307],[-103.01915,23.37944],[-103.01348,23.37845],[-103.01511,23.38151]]],[[[-103.09056,23.3592],[-103.09371,23.36121],[-103.09243,23.35652],[-103.09056,23.3592]]],[[[-102.99525,23.31641],[-102.99997,23.31985],[-102.99621,23.32045],[-102.99614,23.32059],[-102.99988,23.32517],[-103.00193,23.32128],[-103.00976,23.32002],[-103.0093,23.31643],[-103.00247,23.3071],[-102.99805,23.30749],[-102.99336,23.31453],[-102.99525,23.31641]]],[[[-102.98203,23.30116],[-102.97245,23.30237],[-102.97049,23.31191],[-102.97414,23.31431],[-102.98017,23.31062],[-102.98349,23.31916],[-102.98572,23.32072],[-102.98945,23.32064],[-102.99212,23.31412],[-102.99326,23.30748],[-102.9852,23.30759],[-102.98502,23.30391],[-102.98203,23.30116]]],[[[-102.90609,23.29569],[-102.90643,23.30522],[-102.90951,23.30511],[-102.90856,23.29589],[-102.90609,23.29569]]],[[[-102.97094,23.299],[-102.98247,23.29875],[-102.98229,23.29696],[-102.98199,23.29669],[-102.98058,23.29543],[-102.97815,23.29326],[-102.96978,23.29644],[-102.97094,23.299]]],[[[-102.96896,23.28944],[-102.97056,23.28268],[-102.96515,23.28209],[-102.96574,23.2852],[-102.96896,23.28944]]],[[[-103.00323,23.28357],[-102.99603,23.28824],[-102.99498,23.29165],[-103.00428,23.2926],[-103.01113,23.28507],[-103.00874,23.28332],[-103.00557,23.28626],[-103.00323,23.28357]]],[[[-102.9662,23.2597],[-102.96539,23.27376],[-102.97174,23.27568],[-102.97344,23.26915],[-102.9662,23.2597]]],[[[-103.01951,23.2687],[-103.0205,23.26581],[-103.03034,23.25753],[-103.02938,23.25285],[-102.99994,23.23892],[-102.99618,23.24591],[-102.99052,23.24323],[-102.98493,23.24716],[-102.97766,23.24197],[-102.97583,23.24542],[-102.97081,23.2454],[-102.97436,23.25227],[-102.97946,23.25591],[-102.9802,23.25065],[-102.99103,23.25543],[-102.99222,23.25326],[-103.00414,23.26102],[-103.01951,23.2687]]],[[[-103.00357,23.27246],[-103.00584,23.27142],[-102.9991,23.2651],[-102.99844,23.26901],[-103.00357,23.27246]]],[[[-103.02691,23.26458],[-103.03015,23.26968],[-103.03803,23.25975],[-103.03089,23.26413],[-103.02691,23.26458]]],[[[-103.07429,23.25932],[-103.07908,23.26242],[-103.08146,23.26065],[-103.07601,23.25736],[-103.07429,23.25932]]],[[[-102.97754,23.25924],[-102.97443,23.26142],[-102.97679,23.26407],[-102.97964,23.26187],[-102.97754,23.25924]]],[[[-103.00179,23.23683],[-103.00627,23.24098],[-103.01255,23.22617],[-103.0173,23.22455],[-103.01524,23.22046],[-103.00913,23.21668],[-103.00568,23.22485],[-102.99924,23.22871],[-102.99276,23.2286],[-102.99078,23.23424],[-103.00162,23.23482],[-103.00179,23.23683]]],[[[-103.05333,23.22551],[-103.05496,23.22225],[-103.05172,23.21961],[-103.05144,23.21435],[-103.05412,23.20821],[-103.04959,23.20687],[-103.0441,23.20208],[-103.04064,23.20931],[-103.03123,23.21153],[-103.03163,23.21333],[-103.04095,23.21903],[-103.0395,23.22293],[-103.04467,23.22535],[-103.04682,23.22159],[-103.05333,23.22551]]],[[[-103.02289,23.20227],[-103.02641,23.20348],[-103.02504,23.20752],[-103.02927,23.20961],[-103.03393,23.19845],[-103.02869,23.19669],[-103.02748,23.20037],[-103.02404,23.19902],[-103.02289,23.20227]]],[[[-103.00645,23.20092],[-103.00838,23.20665],[-103.01196,23.20863],[-103.01709,23.20317],[-103.00556,23.19507],[-103.00645,23.20092]]],[[[-103.07443,23.16867],[-103.07494,23.17117],[-103.08002,23.17061],[-103.08373,23.16662],[-103.08154,23.16135],[-103.0775,23.16293],[-103.075,23.15608],[-103.07306,23.159],[-103.07443,23.16867]]],[[[-103.17615,23.15043],[-103.17275,23.14811],[-103.15914,23.14592],[-103.15924,23.14819],[-103.15122,23.14748],[-103.14566,23.15072],[-103.14677,23.14646],[-103.13418,23.15205],[-103.13592,23.15913],[-103.13447,23.16296],[-103.12974,23.16256],[-103.13232,23.1589],[-103.13062,23.15486],[-103.1236,23.15794],[-103.12226,23.16329],[-103.11907,23.16033],[-103.11654,23.16333],[-103.12038,23.16448],[-103.12074,23.16802],[-103.12952,23.16842],[-103.12938,23.17216],[-103.12467,23.17286],[-103.12335,23.17758],[-103.12737,23.17669],[-103.13088,23.1721],[-103.13107,23.1684],[-103.13801,23.16661],[-103.14159,23.17124],[-103.14351,23.16275],[-103.1538,23.16275],[-103.15845,23.1599],[-103.16019,23.15463],[-103.16407,23.15272],[-103.1709,23.15485],[-103.17671,23.15481],[-103.17616,23.15046],[-103.17615,23.15043]]],[[[-103.18958,23.15618],[-103.1808,23.16027],[-103.18617,23.16016],[-103.18761,23.16484],[-103.19645,23.16353],[-103.1904,23.15616],[-103.18958,23.15618]]],[[[-103.19863,23.16603],[-103.20364,23.16649],[-103.20297,23.16238],[-103.19956,23.16246],[-103.19863,23.16603]]],[[[-103.07769,23.20486],[-103.08529,23.21007],[-103.09084,23.21096],[-103.09382,23.21383],[-103.09887,23.20936],[-103.09737,23.20283],[-103.10189,23.19856],[-103.10098,23.19352],[-103.09763,23.19348],[-103.09206,23.1704],[-103.08098,23.17164],[-103.08214,23.17665],[-103.07334,23.17786],[-103.07371,23.19218],[-103.07551,23.19579],[-103.07415,23.20121],[-103.07769,23.20486]]],[[[-103.05519,23.18592],[-103.05351,23.1896],[-103.06408,23.19577],[-103.06657,23.19246],[-103.06174,23.18544],[-103.05519,23.18592]]],[[[-102.92667,23.17806],[-102.92866,23.17469],[-102.92304,23.17427],[-102.92667,23.17806]]],[[[-103.05883,23.17301],[-103.06083,23.17693],[-103.06602,23.17604],[-103.0661,23.1723],[-103.05883,23.17301]]],[[[-103.14245,23.17478],[-103.14038,23.17566],[-103.14178,23.18083],[-103.14638,23.17573],[-103.14245,23.17478]]],[[[-103.07138,23.22495],[-103.07552,23.22622],[-103.07914,23.22057],[-103.08815,23.21611],[-103.08944,23.21391],[-103.08256,23.20945],[-103.07769,23.21511],[-103.06917,23.21163],[-103.07195,23.20823],[-103.06569,23.20553],[-103.06393,23.21044],[-103.06081,23.20982],[-103.05905,23.21451],[-103.06696,23.21777],[-103.06552,23.22355],[-103.07138,23.22495]]],[[[-103.1039,23.21339],[-103.10328,23.2167],[-103.11054,23.21437],[-103.1039,23.21339]]],[[[-103.05935,23.23217],[-103.05612,23.23716],[-103.06324,23.24136],[-103.06797,23.23759],[-103.06893,23.23095],[-103.06347,23.22684],[-103.05935,23.23217]]],[[[-103.08335,23.23966],[-103.08763,23.24209],[-103.08493,23.23702],[-103.08335,23.23966]]],[[[-103.06946,23.24255],[-103.07492,23.2456],[-103.07612,23.24292],[-103.0708,23.23998],[-103.06946,23.24255]]],[[[-103.03867,23.24571],[-103.04267,23.2485],[-103.04593,23.24439],[-103.04183,23.24079],[-103.03867,23.24571]]],[[[-103.07189,23.25196],[-103.07222,23.24768],[-103.06899,23.24621],[-103.06643,23.24989],[-103.07189,23.25196]]],[[[-103.02829,23.2452],[-103.03548,23.25051],[-103.03681,23.24753],[-103.0296,23.24332],[-103.02829,23.2452]]],[[[-103.16139,23.15772],[-103.158,23.1625],[-103.1652,23.16612],[-103.16776,23.15777],[-103.16139,23.15772]]],[[[-103.09322,23.16455],[-103.09098,23.1682],[-103.09665,23.16587],[-103.09322,23.16455]]],[[[-103.11504,23.15615],[-103.11459,23.14892],[-103.11145,23.15171],[-103.11504,23.15615]]],[[[-103.13409,23.15169],[-103.14691,23.14578],[-103.14792,23.14074],[-103.14444,23.13514],[-103.12752,23.13447],[-103.12322,23.14047],[-103.11699,23.13974],[-103.11755,23.14411],[-103.131,23.14],[-103.13409,23.15169]]],[[[-103.17295,23.13946],[-103.17909,23.13837],[-103.17877,23.13486],[-103.17466,23.13547],[-103.17326,23.13127],[-103.16745,23.13079],[-103.16293,23.13435],[-103.17295,23.13946]]],[[[-103.12096,23.12929],[-103.12623,23.13171],[-103.12388,23.12476],[-103.11387,23.12709],[-103.11457,23.12987],[-103.12096,23.12929]]],[[[-103.12385,23.11554],[-103.1208,23.11683],[-103.12247,23.12409],[-103.12607,23.12343],[-103.12385,23.11554]]],[[[-103.08715,23.29477],[-103.10729,23.30062],[-103.11113,23.29399],[-103.10846,23.28695],[-103.10436,23.29198],[-103.09306,23.28871],[-103.09761,23.28227],[-103.09546,23.28134],[-103.08715,23.29477]]],[[[-103.17091,23.10278],[-103.16526,23.10693],[-103.17079,23.10767],[-103.17091,23.10278]]],[[[-102.32786,22.4293],[-102.32268,22.42986],[-102.32129,22.43331],[-102.32676,22.43179],[-102.32786,22.4293]]],[[[-102.35455,22.41226],[-102.34774,22.42022],[-102.34093,22.42594],[-102.33617,22.42584],[-102.32939,22.42877],[-102.33161,22.42909],[-102.32745,22.43463],[-102.34414,22.43907],[-102.34935,22.43792],[-102.35103,22.43207],[-102.35319,22.4333],[-102.357,22.42868],[-102.35379,22.4175],[-102.35455,22.41226]]],[[[-102.31077,22.5237],[-102.31409,22.52123],[-102.31644,22.52845],[-102.32164,22.52878],[-102.32359,22.5231],[-102.32339,22.51353],[-102.32526,22.50975],[-102.31875,22.50882],[-102.3171,22.51063],[-102.31594,22.50397],[-102.30727,22.50316],[-102.30572,22.51966],[-102.29599,22.51993],[-102.29585,22.52446],[-102.31077,22.5237]]],[[[-102.34606,22.45271],[-102.34199,22.45356],[-102.34558,22.45957],[-102.33976,22.45949],[-102.3433,22.45704],[-102.33924,22.45559],[-102.33954,22.45252],[-102.32371,22.45826],[-102.31921,22.46372],[-102.32258,22.46882],[-102.32769,22.46766],[-102.32849,22.47149],[-102.33603,22.47754],[-102.34407,22.47917],[-102.34717,22.47188],[-102.34649,22.46525],[-102.34937,22.46386],[-102.34629,22.45305],[-102.34606,22.45271]]],[[[-101.34222,24.40633],[-101.34221,24.40716],[-101.34229,24.40716],[-101.34222,24.40633]]],[[[-101.33241,24.40133],[-101.33306,24.40133],[-101.33234,24.4005],[-101.33241,24.40133]]],[[[-101.35887,24.39374],[-101.35803,24.39301],[-101.35885,24.39384],[-101.35887,24.39374]]],[[[-101.35637,24.39082],[-101.3572,24.39134],[-101.3572,24.39095],[-101.35637,24.39082]]],[[[-102.75882,23.51563],[-102.75833,23.51776],[-102.76745,23.51858],[-102.76848,23.51509],[-102.75991,23.51398],[-102.75882,23.51563]]],[[[-102.63889,23.09659],[-102.63947,23.09742],[-102.64113,23.09742],[-102.63999,23.0961],[-102.63889,23.09659]]],[[[-102.64472,23.00666],[-102.64613,23.00749],[-102.64779,23.00833],[-102.64835,23.00833],[-102.64646,23.00145],[-102.64472,23.00666]]],[[[-102.68539,23.00416],[-102.68609,23.00416],[-102.68609,23.00374],[-102.68539,23.00416]]],[[[-102.68398,23.005],[-102.68443,23.005],[-102.68443,23.00473],[-102.68398,23.005]]],[[[-102.68276,23.00614],[-102.6836,23.00583],[-102.6836,23.00522],[-102.68276,23.00614]]],[[[-102.67073,23.02165],[-102.67277,23.02165],[-102.67277,23.0213],[-102.67073,23.02165]]],[[[-102.66506,23.02498],[-102.66611,23.02498],[-102.66694,23.02415],[-102.66694,23.02331],[-102.66694,23.02308],[-102.66506,23.02498]]],[[[-102.67444,23.01782],[-102.67503,23.01749],[-102.67527,23.01735],[-102.6761,23.01665],[-102.67777,23.01582],[-102.67777,23.01166],[-102.67777,23.0114],[-102.67632,23.01025],[-102.6688,23.01439],[-102.6678,23.01293],[-102.65453,23.02033],[-102.65612,23.02287],[-102.65755,23.02248],[-102.65734,23.02063],[-102.66914,23.02082],[-102.67444,23.01782]]],[[[-102.67941,23.01082],[-102.67943,23.01082],[-102.67943,23.01081],[-102.67941,23.01082]]],[[[-102.65693,23.00833],[-102.65339,23.01287],[-102.656,23.01657],[-102.66126,23.01373],[-102.65858,23.00985],[-102.66772,23.00315],[-102.66649,23.00091],[-102.65791,23.00575],[-102.65693,23.00833]]],[[[-102.64887,22.97849],[-102.64132,22.98569],[-102.64426,22.98926],[-102.64362,22.99718],[-102.64501,23.00063],[-102.64809,22.99782],[-102.64887,22.97849]]],[[[-102.672,22.98862],[-102.67546,22.98663],[-102.67281,22.98275],[-102.67726,22.98199],[-102.67557,22.9795],[-102.6681,22.98358],[-102.672,22.98862]]],[[[-102.6804,22.99443],[-102.68369,22.99254],[-102.68118,22.9887],[-102.6777,22.99072],[-102.6804,22.99443]]],[[[-102.68425,22.97999],[-102.68896,22.98064],[-102.69398,22.97759],[-102.68738,22.97302],[-102.68425,22.97999]]],[[[-102.6803,22.97396],[-102.68699,22.96479],[-102.68597,22.96172],[-102.68025,22.96716],[-102.6803,22.97396]]],[[[-102.68884,22.98388],[-102.69152,22.98876],[-102.69408,22.98787],[-102.69392,22.98326],[-102.68884,22.98388]]]]},"properties":{"POTENCIAL":"ALTO"}},
{"type":"Feature","geometry":{"type":"MultiPolygon","coordinates":[[[[-102.22625,22.8158],[-102.22396,22.81388],[-102.22367,22.81479],[-102.22625,22.8158]]],[[[-102.30983,22.69036],[-102.29809,22.67405],[-102.28598,22.6734],[-102.27906,22.67862],[-102.28376,22.68268],[-102.2871,22.68229],[-102.28435,22.67812],[-102.29166,22.67892],[-102.30008,22.69021],[-102.30618,22.69309],[-102.31136,22.69279],[-102.30983,22.69036]]],[[[-102.28266,22.82095],[-102.28544,22.82357],[-102.28744,22.81995],[-102.29065,22.81928],[-102.29265,22.81886],[-102.29269,22.80886],[-102.29038,22.80515],[-102.29052,22.79774],[-102.29291,22.79331],[-102.2893,22.78976],[-102.28398,22.793],[-102.28437,22.80538],[-102.27715,22.80345],[-102.27392,22.8071],[-102.27443,22.81281],[-102.27709,22.80966],[-102.28455,22.80991],[-102.27711,22.81324],[-102.28218,22.81595],[-102.28266,22.82095]]],[[[-102.25985,22.82573],[-102.26222,22.82523],[-102.26238,22.82136],[-102.25518,22.81917],[-102.25985,22.82573]]],[[[-102.26226,22.81191],[-102.26521,22.80705],[-102.27103,22.80881],[-102.27323,22.80144],[-102.26377,22.79881],[-102.25809,22.80907],[-102.26226,22.81191]]],[[[-102.27374,22.79169],[-102.273,22.79651],[-102.27651,22.7982],[-102.28087,22.79488],[-102.27944,22.78477],[-102.28049,22.77939],[-102.2783,22.77877],[-102.27374,22.79169]]],[[[-102.30229,22.79832],[-102.30757,22.79398],[-102.30041,22.79387],[-102.30229,22.79832]]],[[[-102.30118,22.80566],[-102.30728,22.80747],[-102.30747,22.80337],[-102.30118,22.80566]]],[[[-102.29293,22.80938],[-102.29872,22.81042],[-102.2988,22.80652],[-102.29295,22.80655],[-102.29293,22.80938]]],[[[-102.28392,22.74701],[-102.27921,22.75787],[-102.28389,22.75758],[-102.28392,22.74701]]],[[[-102.297,22.71502],[-102.29193,22.7211],[-102.29227,22.72251],[-102.31547,22.72921],[-102.31388,22.7224],[-102.31587,22.72062],[-102.31524,22.71857],[-102.3037,22.71639],[-102.2994,22.71695],[-102.30021,22.72339],[-102.297,22.71502]]],[[[-102.31899,22.71848],[-102.32052,22.71801],[-102.32126,22.71778],[-102.31863,22.71371],[-102.3091,22.71427],[-102.30393,22.71212],[-102.29774,22.7142],[-102.31899,22.71848]]],[[[-102.2885,22.70745],[-102.29296,22.71094],[-102.29773,22.71055],[-102.30604,22.70002],[-102.30392,22.69612],[-102.3099,22.69476],[-102.29891,22.69078],[-102.30007,22.69664],[-102.28986,22.69793],[-102.29033,22.70722],[-102.2885,22.70745]]],[[[-102.30674,22.73867],[-102.31001,22.73912],[-102.30924,22.7335],[-102.30674,22.73867]]],[[[-102.8468,22.00909],[-102.84162,22.01075],[-102.84104,22.01376],[-102.8468,22.00909]]],[[[-102.85064,22.0057],[-102.84982,22.00861],[-102.84741,22.01332],[-102.84399,22.0141],[-102.84155,22.01895],[-102.83929,22.01792],[-102.83786,22.01992],[-102.83841,22.02524],[-102.84279,22.02836],[-102.84738,22.02746],[-102.85177,22.02353],[-102.85427,22.02554],[-102.85581,22.01701],[-102.85314,22.01133],[-102.8535,22.00957],[-102.85379,22.00814],[-102.85409,22.00721],[-102.85592,22.00099],[-102.85594,22.00088],[-102.85628,21.99638],[-102.857,21.98495],[-102.85289,21.985],[-102.85013,21.98887],[-102.84582,21.98846],[-102.84542,21.99578],[-102.84803,21.99857],[-102.84884,22.00281],[-102.85064,22.0057]]],[[[-102.85328,22.03795],[-102.85773,22.02848],[-102.85714,22.02107],[-102.85513,22.02319],[-102.85416,22.02736],[-102.85266,22.02803],[-102.85501,22.03278],[-102.85328,22.03795]]],[[[-102.84516,22.0593],[-102.84792,22.05714],[-102.84968,22.05594],[-102.8507,22.04343],[-102.85327,22.03796],[-102.8508,22.03939],[-102.84827,22.0459],[-102.8471,22.04206],[-102.85204,22.03744],[-102.84816,22.03246],[-102.85206,22.02784],[-102.84552,22.02991],[-102.8404,22.03818],[-102.8439,22.03944],[-102.84215,22.04552],[-102.84537,22.05053],[-102.84516,22.0593]]],[[[-102.80798,22.55438],[-102.80543,22.56355],[-102.81044,22.56471],[-102.81204,22.56163],[-102.80798,22.55438]]],[[[-102.85816,22.45013],[-102.86219,22.44024],[-102.86161,22.43476],[-102.85491,22.4337],[-102.84977,22.44456],[-102.85816,22.45013]]],[[[-102.84788,22.43133],[-102.84746,22.43236],[-102.84454,22.42893],[-102.84296,22.43158],[-102.84129,22.4344],[-102.84009,22.43481],[-102.83802,22.43892],[-102.83423,22.43881],[-102.82996,22.43263],[-102.82671,22.43969],[-102.82132,22.43931],[-102.81726,22.44587],[-102.81892,22.44674],[-102.82392,22.44398],[-102.83376,22.44213],[-102.84587,22.44762],[-102.84803,22.44706],[-102.8557,22.43088],[-102.84831,22.42739],[-102.84788,22.43133]]],[[[-102.83727,22.42803],[-102.83615,22.4249],[-102.83286,22.42209],[-102.83341,22.42639],[-102.83727,22.42803]]],[[[-102.83883,22.43445],[-102.83718,22.43238],[-102.83171,22.42856],[-102.82639,22.42982],[-102.8245,22.43633],[-102.83156,22.43064],[-102.83648,22.43518],[-102.83883,22.43445]]],[[[-102.86631,22.3967],[-102.8639,22.38855],[-102.86358,22.39765],[-102.86631,22.3967]]],[[[-102.86881,22.34944],[-102.85651,22.34793],[-102.85914,22.35071],[-102.86941,22.35232],[-102.86881,22.34944]]],[[[-102.89419,22.31422],[-102.89356,22.32159],[-102.89898,22.32208],[-102.89827,22.32507],[-102.89356,22.32672],[-102.89718,22.32599],[-102.90394,22.32178],[-102.90769,22.31404],[-102.89419,22.31422]]],[[[-102.87117,22.31584],[-102.87808,22.31598],[-102.88002,22.30923],[-102.87358,22.30681],[-102.86954,22.31022],[-102.86906,22.30569],[-102.86696,22.31093],[-102.86323,22.31271],[-102.8687,22.31579],[-102.87117,22.31584]]],[[[-102.87191,22.29648],[-102.86659,22.28884],[-102.86523,22.29079],[-102.87102,22.29964],[-102.87191,22.29648]]],[[[-102.88073,22.29095],[-102.8777,22.29785],[-102.88004,22.29812],[-102.88073,22.29095]]],[[[-102.88008,22.16395],[-102.88438,22.15848],[-102.87761,22.15361],[-102.8775,22.16204],[-102.88008,22.16395]]],[[[-102.89185,22.16297],[-102.88732,22.15986],[-102.88525,22.15578],[-102.88848,22.15361],[-102.88029,22.15119],[-102.87448,22.15096],[-102.87227,22.15382],[-102.87179,22.15993],[-102.87473,22.16154],[-102.87451,22.15241],[-102.87769,22.153],[-102.88316,22.15592],[-102.88753,22.16272],[-102.89142,22.16343],[-102.89185,22.16297]]],[[[-102.85573,22.15322],[-102.85602,22.15535],[-102.85616,22.15641],[-102.85885,22.15854],[-102.86681,22.15825],[-102.86537,22.15314],[-102.85515,22.15028],[-102.85373,22.15199],[-102.85573,22.15322]]],[[[-101.77859,22.29894],[-101.7891,22.29786],[-101.7889,22.29594],[-101.77985,22.29656],[-101.77497,22.29376],[-101.77303,22.29811],[-101.77859,22.29894]]],[[[-101.76752,22.32316],[-101.76538,22.32773],[-101.76538,22.32774],[-101.76097,22.34482],[-101.76022,22.34821],[-101.75988,22.35275],[-101.76171,22.35258],[-101.7621,22.35254],[-101.77655,22.35116],[-101.78073,22.34856],[-101.78109,22.35118],[-101.7815,22.35121],[-101.78477,22.3514],[-101.78673,22.35144],[-101.79125,22.35163],[-101.79338,22.35174],[-101.79568,22.35184],[-101.78997,22.35762],[-101.79569,22.36399],[-101.79953,22.3595],[-101.80254,22.35202],[-101.80762,22.35221],[-101.80799,22.35223],[-101.8093,22.34729],[-101.81236,22.3452],[-101.82035,22.35145],[-101.81928,22.34101],[-101.81726,22.33804],[-101.8209,22.3351],[-101.81935,22.33085],[-101.82502,22.3281],[-101.82793,22.33067],[-101.83703,22.31872],[-101.84647,22.30287],[-101.84414,22.30271],[-101.84913,22.29776],[-101.85287,22.29287],[-101.85763,22.2919],[-101.86002,22.28797],[-101.86612,22.28939],[-101.8726,22.28773],[-101.87461,22.2823],[-101.86979,22.28052],[-101.87182,22.27608],[-101.86862,22.2731],[-101.87158,22.26277],[-101.87528,22.2591],[-101.86607,22.26364],[-101.866,22.26757],[-101.86123,22.27323],[-101.85326,22.27917],[-101.85157,22.27449],[-101.84776,22.27495],[-101.8445,22.28272],[-101.8492,22.2956],[-101.8389,22.29645],[-101.84135,22.27733],[-101.83503,22.27509],[-101.83273,22.26791],[-101.83696,22.26645],[-101.83458,22.2608],[-101.83616,22.25743],[-101.83519,22.25155],[-101.83252,22.25075],[-101.83017,22.24368],[-101.82077,22.25024],[-101.8189,22.25336],[-101.81935,22.26863],[-101.82583,22.26962],[-101.82647,22.27653],[-101.82237,22.27908],[-101.81624,22.27509],[-101.8203,22.27088],[-101.80472,22.26626],[-101.80285,22.27195],[-101.81236,22.27695],[-101.80404,22.27845],[-101.79744,22.27455],[-101.79596,22.27667],[-101.7953,22.28055],[-101.79423,22.2871],[-101.79418,22.28741],[-101.7936,22.29107],[-101.79345,22.29207],[-101.79325,22.29374],[-101.79225,22.29938],[-101.78591,22.29979],[-101.7859,22.29979],[-101.77799,22.30032],[-101.76752,22.32316]],[[-101.78404,22.34209],[-101.77757,22.34051],[-101.78702,22.33907],[-101.78999,22.34138],[-101.78404,22.34209]],[[-101.81742,22.30598],[-101.81855,22.303],[-101.82435,22.3029],[-101.81742,22.30598]],[[-101.8611,22.28573],[-101.86436,22.27951],[-101.87042,22.28439],[-101.8611,22.28573]]],[[[-101.77177,22.45494],[-101.77634,22.45642],[-101.77734,22.45331],[-101.78311,22.45338],[-101.78465,22.44291],[-101.76174,22.4417],[-101.76502,22.44718],[-101.76412,22.45238],[-101.77177,22.45494]]],[[[-101.75073,22.39746],[-101.75495,22.39545],[-101.75658,22.38187],[-101.761,22.38384],[-101.76647,22.37852],[-101.73789,22.36735],[-101.73822,22.37348],[-101.74141,22.37624],[-101.74288,22.38655],[-101.74973,22.38998],[-101.75235,22.38955],[-101.75073,22.39746]]],[[[-101.71992,22.36023],[-101.71922,22.36473],[-101.72986,22.36719],[-101.73154,22.35694],[-101.7212,22.35546],[-101.7201,22.35956],[-101.71992,22.36023]]],[[[-101.73507,22.32719],[-101.73436,22.3323],[-101.75432,22.33985],[-101.75388,22.3299],[-101.73625,22.32371],[-101.73507,22.32719]]],[[[-101.75598,22.3376],[-101.75789,22.33866],[-101.76062,22.33287],[-101.75944,22.32941],[-101.75598,22.3376]]],[[[-101.74218,22.31557],[-101.74344,22.32198],[-101.74657,22.31674],[-101.74218,22.31557]]],[[[-102.01936,22.44022],[-102.02459,22.43821],[-102.03204,22.43884],[-102.032,22.43657],[-102.03542,22.43542],[-102.03881,22.43465],[-102.04004,22.42712],[-102.04139,22.42277],[-102.03309,22.42176],[-102.03414,22.4161],[-102.03056,22.41054],[-102.03346,22.40687],[-102.02501,22.39824],[-102.00927,22.41375],[-102.00903,22.39421],[-101.99913,22.39392],[-101.99683,22.39521],[-101.99717,22.41428],[-101.99058,22.41448],[-101.98969,22.41752],[-102.00888,22.41732],[-102.00616,22.44092],[-102.01703,22.4409],[-102.01936,22.44022]]],[[[-101.95114,22.51655],[-101.95631,22.50639],[-101.95428,22.50297],[-101.95043,22.50408],[-101.94752,22.50047],[-101.93922,22.50353],[-101.94219,22.51144],[-101.9492,22.51309],[-101.95114,22.51655]]],[[[-101.92865,22.50585],[-101.92022,22.50995],[-101.92399,22.51166],[-101.92608,22.51264],[-101.93197,22.50868],[-101.93106,22.50625],[-101.92865,22.50585]]],[[[-101.95748,22.49195],[-101.9538,22.4962],[-101.95864,22.50138],[-101.96308,22.49863],[-101.95748,22.49195]]],[[[-101.97043,22.48548],[-101.97338,22.48945],[-101.97395,22.48399],[-101.97043,22.48548]]],[[[-101.90875,22.14625],[-101.91208,22.14864],[-101.91652,22.14655],[-101.91859,22.14259],[-101.92392,22.13884],[-101.93198,22.13838],[-101.93551,22.14272],[-101.93524,22.14843],[-101.93947,22.14983],[-101.93654,22.14552],[-101.93709,22.138],[-101.93456,22.13514],[-101.93647,22.13104],[-101.94035,22.13109],[-101.93758,22.12655],[-101.93511,22.12775],[-101.94251,22.11803],[-101.9371,22.11729],[-101.9332,22.12236],[-101.92364,22.12098],[-101.92165,22.11556],[-101.9231,22.11228],[-101.91808,22.11251],[-101.91812,22.1097],[-101.92406,22.10537],[-101.92805,22.10036],[-101.93382,22.09861],[-101.93607,22.0919],[-101.91761,22.09843],[-101.9163,22.10058],[-101.90954,22.10163],[-101.90286,22.09932],[-101.8869,22.10171],[-101.89448,22.10157],[-101.89051,22.10528],[-101.90021,22.11348],[-101.90469,22.11596],[-101.9074,22.11222],[-101.91182,22.11135],[-101.91005,22.11557],[-101.90321,22.11835],[-101.89575,22.13505],[-101.88726,22.14315],[-101.88223,22.14062],[-101.88041,22.14389],[-101.87965,22.14593],[-101.87966,22.14618],[-101.87967,22.14624],[-101.88093,22.14821],[-101.89363,22.1396],[-101.89858,22.13751],[-101.90356,22.13901],[-101.90787,22.14502],[-101.90875,22.14625]],[[-101.90401,22.12569],[-101.90954,22.1188],[-101.91081,22.12315],[-101.90401,22.12569]],[[-101.92063,22.12324],[-101.91628,22.11919],[-101.91201,22.12236],[-101.91314,22.11691],[-101.91727,22.11502],[-101.92063,22.12324]],[[-101.90263,22.10801],[-101.89801,22.10765],[-101.9023,22.10482],[-101.90897,22.10771],[-101.90289,22.11154],[-101.90263,22.10801]]],[[[-101.82922,22.04739],[-101.83061,22.04687],[-101.8311,22.04668],[-101.8346,22.04249],[-101.8323,22.04051],[-101.8331,22.04378],[-101.82922,22.04739]]],[[[-101.85417,22.04433],[-101.85495,22.0418],[-101.85068,22.04342],[-101.85068,22.04343],[-101.85101,22.04648],[-101.85417,22.04433]]],[[[-101.94795,22.1528],[-101.94748,22.1521],[-101.94489,22.14833],[-101.94336,22.15502],[-101.95016,22.15693],[-101.94838,22.15344],[-101.94795,22.1528]]],[[[-102.01952,22.15879],[-102.01917,22.15964],[-102.01696,22.16312],[-102.01562,22.16524],[-102.01427,22.16738],[-102.01379,22.1683],[-102.01399,22.16836],[-102.02497,22.16858],[-102.03163,22.16344],[-102.03386,22.15364],[-102.03288,22.15366],[-102.03179,22.15368],[-102.0275,22.15376],[-102.0189,22.15393],[-102.01941,22.15791],[-102.01952,22.15879]]],[[[-101.95121,22.18069],[-101.95328,22.17976],[-101.95731,22.16983],[-101.95281,22.16725],[-101.95554,22.172],[-101.95274,22.17479],[-101.95121,22.18069]]],[[[-101.86754,22.0723],[-101.86552,22.07899],[-101.87019,22.07227],[-101.87642,22.07261],[-101.88001,22.07037],[-101.8772,22.06837],[-101.88012,22.06431],[-101.86754,22.0723]]],[[[-101.81395,22.0492],[-101.81033,22.05244],[-101.8147,22.05237],[-101.81411,22.04913],[-101.81395,22.0492]]],[[[-101.80937,22.04671],[-101.81068,22.04612],[-101.81084,22.04605],[-101.81522,22.04241],[-101.80937,22.04671]]],[[[-101.82041,22.04277],[-101.81637,22.04802],[-101.81664,22.05155],[-101.82041,22.04277]]],[[[-102.25987,23.06162],[-102.26062,23.06162],[-102.26015,23.0602],[-102.25987,23.06162]]],[[[-102.28643,23.09832],[-102.28726,23.09825],[-102.28809,23.09742],[-102.28976,23.09659],[-102.29059,23.09575],[-102.29226,23.09492],[-102.29309,23.09409],[-102.29392,23.09326],[-102.29392,23.09076],[-102.29475,23.08993],[-102.29392,23.0841],[-102.29475,23.08326],[-102.29475,23.0816],[-102.29559,23.08077],[-102.29444,23.07724],[-102.29008,23.07617],[-102.28457,23.07043],[-102.27852,23.07453],[-102.27064,23.07221],[-102.27046,23.0757],[-102.28057,23.07672],[-102.2861,23.07847],[-102.287,23.0848],[-102.28343,23.08681],[-102.28261,23.09229],[-102.28643,23.09832]]],[[[-102.35278,23.06467],[-102.35473,23.06288],[-102.3581,23.05369],[-102.35707,23.04155],[-102.35537,23.03827],[-102.36011,23.0382],[-102.35842,23.0345],[-102.36,23.02821],[-102.35434,23.02742],[-102.35199,23.03442],[-102.34842,23.03434],[-102.34953,23.02375],[-102.3599,23.02301],[-102.35983,23.02129],[-102.35681,23.01994],[-102.35657,23.01993],[-102.35642,23.01992],[-102.3555,23.01841],[-102.35437,23.01654],[-102.355,23.01302],[-102.35462,23.0084],[-102.35506,23.00766],[-102.35592,23.00587],[-102.35666,23.00484],[-102.35672,23.00467],[-102.35694,23.0033],[-102.35808,23.00036],[-102.35828,22.99982],[-102.35824,22.99986],[-102.353,23.0059],[-102.34388,23.01249],[-102.34388,23.01332],[-102.34471,23.01415],[-102.34471,23.01499],[-102.34555,23.01582],[-102.34555,23.01749],[-102.34638,23.01832],[-102.34391,23.02287],[-102.33527,23.02907],[-102.33056,23.03664],[-102.33306,23.03664],[-102.33555,23.0358],[-102.33722,23.03497],[-102.33972,23.03497],[-102.34055,23.0358],[-102.34055,23.0408],[-102.34138,23.04163],[-102.34221,23.04163],[-102.34388,23.0408],[-102.34471,23.03997],[-102.34555,23.03997],[-102.34638,23.0408],[-102.34638,23.0433],[-102.34721,23.04413],[-102.34721,23.04746],[-102.34804,23.04829],[-102.34766,23.05227],[-102.34312,23.05694],[-102.33615,23.05607],[-102.33222,23.05828],[-102.33222,23.05912],[-102.33222,23.05995],[-102.33306,23.06078],[-102.33019,23.0677],[-102.33005,23.06828],[-102.33056,23.06911],[-102.33149,23.07478],[-102.32806,23.07993],[-102.32889,23.08077],[-102.32889,23.0816],[-102.32973,23.08243],[-102.32832,23.08627],[-102.33554,23.0802],[-102.34324,23.0898],[-102.34371,23.08511],[-102.3474,23.08023],[-102.35211,23.07819],[-102.35042,23.06843],[-102.35278,23.06467]]],[[[-102.41781,23.09738],[-102.4181,23.09471],[-102.41987,23.09036],[-102.42703,23.09449],[-102.42867,23.08762],[-102.42938,23.08462],[-102.43459,23.07808],[-102.4367,23.06618],[-102.43938,23.05915],[-102.43909,23.05177],[-102.4366,23.04946],[-102.43217,23.05056],[-102.4375,23.05197],[-102.43772,23.06123],[-102.435,23.07175],[-102.42182,23.06986],[-102.42135,23.0716],[-102.40413,23.06901],[-102.40161,23.0717],[-102.40323,23.07479],[-102.3998,23.07743],[-102.40067,23.08029],[-102.4115,23.08045],[-102.41044,23.08468],[-102.40612,23.08451],[-102.40605,23.09079],[-102.39978,23.09081],[-102.39956,23.09478],[-102.41392,23.09475],[-102.41781,23.09738]]],[[[-102.40128,23.13146],[-102.4051,23.12866],[-102.41008,23.1196],[-102.41062,23.11597],[-102.40657,23.11846],[-102.40553,23.1266],[-102.4034,23.12889],[-102.39376,23.12775],[-102.39381,23.13317],[-102.40128,23.13146]]],[[[-102.41882,23.15421],[-102.42176,23.14327],[-102.41568,23.15279],[-102.41882,23.15421]]],[[[-102.4294,23.15901],[-102.42841,23.15277],[-102.42108,23.15524],[-102.4294,23.15901]]],[[[-102.45607,23.12211],[-102.45373,23.12636],[-102.4524,23.13885],[-102.45687,23.1323],[-102.46024,23.12461],[-102.45607,23.12211]]],[[[-102.46762,23.10358],[-102.46798,23.10242],[-102.46966,23.09709],[-102.47001,23.09597],[-102.47026,23.09488],[-102.46936,23.09442],[-102.46204,23.10226],[-102.45928,23.10654],[-102.45864,23.11516],[-102.46367,23.11554],[-102.46762,23.10358]]],[[[-102.41319,23.75631],[-102.41936,23.75002],[-102.41643,23.74071],[-102.41495,23.74479],[-102.4111,23.74079],[-102.41087,23.74436],[-102.41416,23.75048],[-102.41011,23.7572],[-102.41319,23.75631]]],[[[-102.4214,23.72966],[-102.41836,23.73695],[-102.42186,23.736],[-102.4214,23.72966]]],[[[-102.43917,23.74938],[-102.43341,23.75687],[-102.44169,23.76511],[-102.43927,23.77186],[-102.44115,23.77709],[-102.44213,23.77683],[-102.44259,23.75893],[-102.43652,23.75963],[-102.43732,23.75487],[-102.45198,23.7572],[-102.45074,23.75342],[-102.44313,23.75163],[-102.4426,23.74779],[-102.44625,23.74581],[-102.44949,23.74902],[-102.44737,23.74195],[-102.44475,23.74351],[-102.43917,23.74938]]],[[[-102.43948,23.78354],[-102.43528,23.78063],[-102.43476,23.7861],[-102.43948,23.78354]]],[[[-102.46333,23.76824],[-102.46304,23.76462],[-102.45888,23.76144],[-102.45984,23.76696],[-102.46333,23.76824]]],[[[-102.40175,23.71777],[-102.4018,23.73213],[-102.403,23.71742],[-102.40175,23.71777]]],[[[-102.39335,23.72746],[-102.39674,23.72242],[-102.395,23.71964],[-102.39335,23.72746]]],[[[-102.43663,23.80273],[-102.43631,23.81213],[-102.43812,23.81253],[-102.4389,23.80313],[-102.43663,23.80273]]],[[[-102.31734,23.86793],[-102.30991,23.86107],[-102.30852,23.86598],[-102.31331,23.86497],[-102.31406,23.87131],[-102.31734,23.86793]]],[[[-102.31781,23.89041],[-102.32209,23.88505],[-102.32889,23.88843],[-102.33298,23.88858],[-102.33763,23.88541],[-102.33796,23.88473],[-102.34063,23.87788],[-102.34609,23.87658],[-102.34533,23.87471],[-102.34094,23.87716],[-102.33409,23.88299],[-102.33034,23.874],[-102.32457,23.87322],[-102.32076,23.87657],[-102.31781,23.89041]]],[[[-102.34775,23.86261],[-102.34721,23.86261],[-102.34798,23.86345],[-102.34775,23.86261]]],[[[-102.32889,23.89169],[-102.33056,23.89176],[-102.33056,23.89114],[-102.32889,23.89169]]],[[[-102.33099,23.89176],[-102.33056,23.89176],[-102.3303,23.89209],[-102.33099,23.89176]]],[[[-102.29706,23.88807],[-102.30096,23.88745],[-102.30254,23.88288],[-102.30193,23.87654],[-102.30557,23.87574],[-102.30557,23.86672],[-102.29247,23.87081],[-102.29572,23.87611],[-102.29706,23.88807]]],[[[-102.52953,23.70592],[-102.53477,23.70723],[-102.5386,23.70521],[-102.5367,23.69765],[-102.53539,23.70038],[-102.52861,23.70393],[-102.52953,23.70592]]],[[[-102.5597,23.69303],[-102.55123,23.69554],[-102.55182,23.69777],[-102.55903,23.69551],[-102.5597,23.69303]]],[[[-101.99071,23.67839],[-101.99492,23.68035],[-101.99434,23.67354],[-101.99071,23.67839]]],[[[-101.99007,23.6625],[-101.99679,23.65884],[-101.99219,23.65157],[-101.98543,23.65701],[-101.99007,23.6625]]],[[[-101.99665,23.64989],[-102.00009,23.6518],[-102.00076,23.64731],[-101.99665,23.64989]]],[[[-101.99155,23.64575],[-101.99231,23.64591],[-101.99244,23.62584],[-101.99144,23.62553],[-101.99155,23.64575]]],[[[-102.05981,23.63463],[-102.06774,23.63567],[-102.07009,23.62363],[-102.06377,23.62314],[-102.06224,23.63101],[-102.05981,23.63463]]],[[[-102.52015,23.63573],[-102.51964,23.64076],[-102.5295,23.64085],[-102.53176,23.634],[-102.53454,23.63088],[-102.53113,23.62859],[-102.529,23.63279],[-102.52325,23.63334],[-102.52015,23.63573]]],[[[-102.08199,23.65546],[-102.08264,23.65242],[-102.09104,23.65357],[-102.09075,23.64808],[-102.09969,23.65016],[-102.10193,23.64525],[-102.10179,23.63575],[-102.08737,23.63569],[-102.08757,23.63116],[-102.0823,23.63104],[-102.08241,23.63573],[-102.0796,23.63565],[-102.08071,23.64942],[-102.0754,23.65351],[-102.08199,23.65546]],[[-102.08775,23.63907],[-102.08773,23.63911],[-102.08733,23.63741],[-102.08746,23.63793],[-102.08775,23.63907]]],[[[-102.03981,23.63435],[-102.0375,23.63873],[-102.0458,23.63966],[-102.04877,23.63534],[-102.03981,23.63435]]],[[[-102.04218,23.66319],[-102.04631,23.65959],[-102.03944,23.659],[-102.03477,23.66239],[-102.04218,23.66319]]],[[[-101.99161,23.60596],[-102.00293,23.60666],[-102.0052,23.60299],[-101.99425,23.5987],[-101.99161,23.60596]]],[[[-102.00759,23.60239],[-102.02182,23.59038],[-102.01876,23.57769],[-102.01726,23.57785],[-102.01584,23.56954],[-102.00785,23.56943],[-102.00763,23.57688],[-102.00976,23.57692],[-102.00984,23.58694],[-102.00774,23.58761],[-102.00759,23.60239]]],[[[-102.06431,23.60496],[-102.08692,23.60642],[-102.08553,23.60025],[-102.08638,23.58455],[-102.07794,23.58402],[-102.08108,23.58009],[-102.08772,23.58047],[-102.08881,23.57446],[-102.08571,23.57432],[-102.08931,23.56977],[-102.08016,23.56975],[-102.08018,23.56257],[-102.07466,23.5617],[-102.07102,23.58115],[-102.0687,23.58633],[-102.07478,23.58769],[-102.07461,23.59465],[-102.06937,23.59473],[-102.06397,23.60121],[-102.06431,23.60496]]],[[[-102.12444,23.57556],[-102.14161,23.57618],[-102.14179,23.56677],[-102.13616,23.56642],[-102.13655,23.56236],[-102.12833,23.5551],[-102.12142,23.55477],[-102.12033,23.56685],[-102.11874,23.57261],[-102.12444,23.57556]]],[[[-102.13698,23.55136],[-102.14711,23.55156],[-102.14826,23.55714],[-102.15445,23.55741],[-102.15549,23.54695],[-102.13717,23.54718],[-102.13698,23.55136]]],[[[-102.12633,23.53376],[-102.12803,23.53663],[-102.12839,23.54698],[-102.1354,23.54717],[-102.13565,23.54131],[-102.13269,23.54119],[-102.13298,23.53399],[-102.12633,23.53376]]],[[[-102.14798,23.54015],[-102.15495,23.54039],[-102.15416,23.53814],[-102.1473,23.53799],[-102.14798,23.54015]]],[[[-102.09289,23.55387],[-102.09839,23.55076],[-102.09711,23.54221],[-102.08726,23.54165],[-102.09825,23.53239],[-102.09261,23.53166],[-102.08048,23.54143],[-102.08439,23.54164],[-102.08511,23.5508],[-102.08222,23.54663],[-102.07555,23.54666],[-102.07684,23.55359],[-102.08866,23.5535],[-102.09241,23.5524],[-102.09289,23.55387]]],[[[-102.07902,23.53296],[-102.07693,23.53553],[-102.07967,23.54141],[-102.09012,23.53244],[-102.08781,23.53047],[-102.09038,23.5271],[-102.08376,23.52934],[-102.07902,23.53296]]],[[[-102.13193,23.60135],[-102.14099,23.6011],[-102.14132,23.58364],[-102.12926,23.58353],[-102.13026,23.59232],[-102.12637,23.59283],[-102.1264,23.59853],[-102.13193,23.60135]]],[[[-102.48964,23.49998],[-102.48943,23.5035],[-102.49425,23.50512],[-102.49594,23.49998],[-102.48964,23.49998]]],[[[-102.46295,23.46071],[-102.46235,23.46045],[-102.45798,23.45859],[-102.45436,23.46986],[-102.45625,23.47425],[-102.45751,23.47405],[-102.4588,23.47385],[-102.46578,23.4747],[-102.47016,23.4755],[-102.47087,23.46369],[-102.46295,23.46071]]],[[[-102.46151,23.45225],[-102.46954,23.45538],[-102.47236,23.4503],[-102.45601,23.44403],[-102.45472,23.44793],[-102.44363,23.44528],[-102.44228,23.44898],[-102.4534,23.4516],[-102.45743,23.44772],[-102.46151,23.45225]]],[[[-102.46275,23.41845],[-102.46626,23.41196],[-102.46192,23.41112],[-102.45957,23.41933],[-102.46151,23.41879],[-102.46275,23.41845]]],[[[-102.3614,23.37938],[-102.36461,23.3805],[-102.36607,23.37655],[-102.37095,23.3746],[-102.37163,23.3663],[-102.3745,23.36332],[-102.36967,23.36155],[-102.36682,23.36499],[-102.36376,23.36274],[-102.35971,23.36589],[-102.36326,23.37366],[-102.3614,23.37938]]],[[[-102.36503,23.32643],[-102.3628,23.33313],[-102.36708,23.33309],[-102.36725,23.32511],[-102.36503,23.32643]]],[[[-102.38407,23.32623],[-102.38394,23.32892],[-102.37758,23.33033],[-102.37752,23.33312],[-102.38565,23.33312],[-102.38407,23.32623]]],[[[-102.38718,23.30017],[-102.3888,23.30444],[-102.39827,23.29711],[-102.39358,23.29691],[-102.38889,23.29382],[-102.38718,23.30017]]],[[[-102.33172,23.29687],[-102.33543,23.29843],[-102.33849,23.29521],[-102.33459,23.29345],[-102.33584,23.28763],[-102.32904,23.28864],[-102.32664,23.29249],[-102.33172,23.29687]]],[[[-102.44956,23.28941],[-102.45835,23.28859],[-102.46059,23.2855],[-102.45875,23.27827],[-102.4562,23.2791],[-102.45227,23.2753],[-102.4484,23.27492],[-102.45124,23.28401],[-102.44956,23.28941]]],[[[-102.28201,23.28001],[-102.28551,23.2733],[-102.27762,23.27508],[-102.27582,23.27976],[-102.28201,23.28001]]],[[[-102.34818,23.27685],[-102.35204,23.27974],[-102.35161,23.2747],[-102.34818,23.27685]]],[[[-102.39226,23.28909],[-102.39222,23.29097],[-102.39883,23.28888],[-102.39226,23.28909]]],[[[-102.43219,23.25794],[-102.44653,23.25639],[-102.44216,23.24852],[-102.44197,23.23593],[-102.44029,23.22754],[-102.4373,23.22451],[-102.42895,23.23282],[-102.4256,23.23076],[-102.43268,23.22376],[-102.42794,23.22027],[-102.42323,23.21409],[-102.41155,23.21397],[-102.41151,23.21878],[-102.40286,23.21866],[-102.40276,23.21414],[-102.39951,23.21423],[-102.39956,23.2214],[-102.40178,23.2231],[-102.4115,23.22308],[-102.41168,23.23213],[-102.40773,23.23219],[-102.40855,23.23743],[-102.41793,23.22922],[-102.42649,23.23599],[-102.42933,23.23585],[-102.42995,23.2406],[-102.42184,23.2407],[-102.41963,23.24647],[-102.41183,23.24961],[-102.41284,23.25459],[-102.41941,23.25205],[-102.42006,23.25391],[-102.43159,23.25374],[-102.43219,23.25794]]],[[[-102.35789,23.2394],[-102.36665,23.23011],[-102.35915,23.22958],[-102.35517,23.23512],[-102.35789,23.2394]]],[[[-102.34933,23.23134],[-102.35209,23.23284],[-102.35659,23.23004],[-102.35156,23.22771],[-102.34933,23.23134]]],[[[-102.36254,23.22531],[-102.36644,23.2281],[-102.36783,23.22532],[-102.36254,23.22531]]],[[[-102.36346,23.21756],[-102.36398,23.21725],[-102.36407,23.21719],[-102.36566,23.21128],[-102.35482,23.20955],[-102.35249,23.21821],[-102.35591,23.21412],[-102.35314,23.2221],[-102.36013,23.22115],[-102.36346,23.21756]]],[[[-102.41116,23.19645],[-102.41001,23.1971],[-102.40999,23.20511],[-102.4284,23.20498],[-102.42684,23.19597],[-102.4119,23.19605],[-102.41121,23.19643],[-102.41116,23.19645]]],[[[-102.32829,23.19067],[-102.32889,23.19151],[-102.32865,23.1927],[-102.33061,23.18893],[-102.33853,23.18945],[-102.34135,23.17971],[-102.34211,23.18435],[-102.35204,23.18235],[-102.3499,23.17679],[-102.34128,23.17518],[-102.34055,23.17874],[-102.33269,23.178],[-102.3292,23.18266],[-102.32786,23.17812],[-102.32001,23.1779],[-102.3164,23.17933],[-102.3164,23.18485],[-102.31724,23.18568],[-102.31724,23.18651],[-102.3189,23.18734],[-102.31973,23.18734],[-102.3214,23.18734],[-102.32473,23.18651],[-102.32639,23.18651],[-102.32723,23.18734],[-102.32723,23.188],[-102.32761,23.18818],[-102.32806,23.18901],[-102.32806,23.19044],[-102.32829,23.19067]]],[[[-102.31224,23.17319],[-102.31307,23.17402],[-102.31391,23.17485],[-102.31474,23.17495],[-102.31224,23.17319]]],[[[-102.29755,23.16498],[-102.29201,23.16162],[-102.28692,23.15295],[-102.28643,23.14904],[-102.28726,23.14821],[-102.28809,23.14821],[-102.29059,23.14904],[-102.29309,23.14988],[-102.29559,23.15071],[-102.29725,23.15071],[-102.29725,23.14988],[-102.29808,23.14904],[-102.29892,23.14821],[-102.29975,23.14738],[-102.30058,23.14654],[-102.30025,23.14181],[-102.29126,23.13654],[-102.29211,23.13357],[-102.29107,23.13011],[-102.28348,23.13527],[-102.27769,23.1436],[-102.2756,23.13905],[-102.27644,23.13822],[-102.27644,23.13572],[-102.27727,23.13489],[-102.27644,23.1249],[-102.27727,23.12406],[-102.27727,23.12323],[-102.2781,23.1224],[-102.2781,23.12157],[-102.27893,23.12073],[-102.27893,23.1199],[-102.27977,23.11907],[-102.27977,23.11823],[-102.2806,23.1174],[-102.28143,23.11657],[-102.28143,23.11574],[-102.28226,23.1149],[-102.28226,23.11241],[-102.2831,23.11157],[-102.28226,23.10241],[-102.2831,23.10158],[-102.28393,23.10075],[-102.28476,23.09992],[-102.28643,23.09908],[-102.28643,23.09888],[-102.28319,23.09383],[-102.27777,23.09534],[-102.27735,23.09086],[-102.2736,23.09272],[-102.27374,23.09783],[-102.2777,23.10228],[-102.28199,23.10182],[-102.2795,23.11261],[-102.26693,23.1124],[-102.2666,23.11753],[-102.26954,23.1196],[-102.26807,23.13273],[-102.27184,23.13583],[-102.26778,23.13654],[-102.26627,23.12719],[-102.26386,23.12823],[-102.26544,23.13398],[-102.26344,23.14508],[-102.26421,23.14807],[-102.26696,23.14706],[-102.2707,23.14954],[-102.26666,23.15538],[-102.2786,23.15614],[-102.28172,23.1584],[-102.27956,23.16606],[-102.2828,23.16949],[-102.28789,23.16925],[-102.29029,23.17415],[-102.2877,23.17503],[-102.28756,23.17557],[-102.29233,23.17892],[-102.28797,23.18567],[-102.28366,23.18885],[-102.30389,23.19199],[-102.30026,23.20098],[-102.30558,23.20117],[-102.30641,23.20067],[-102.30641,23.19983],[-102.30691,23.199],[-102.30757,23.19734],[-102.30808,23.19734],[-102.30891,23.19734],[-102.30974,23.19817],[-102.31057,23.19817],[-102.31057,23.19734],[-102.3103,23.19469],[-102.31012,23.19287],[-102.30972,23.18896],[-102.29808,23.17985],[-102.29892,23.17902],[-102.29892,23.17569],[-102.29975,23.17569],[-102.30071,23.17569],[-102.29636,23.17381],[-102.29755,23.16498]]],[[[-102.30227,23.16903],[-102.29875,23.16612],[-102.2997,23.17151],[-102.30227,23.16903]]],[[[-102.3148,23.16789],[-102.31761,23.16242],[-102.32006,23.15237],[-102.31731,23.14722],[-102.31412,23.15337],[-102.3125,23.16149],[-102.30974,23.1657],[-102.31057,23.16653],[-102.31057,23.16722],[-102.31432,23.16295],[-102.3148,23.16789]]],[[[-102.25096,23.14582],[-102.25072,23.15399],[-102.25502,23.15196],[-102.25459,23.14706],[-102.25096,23.14582]]],[[[-102.24467,23.12327],[-102.24646,23.12557],[-102.25278,23.12292],[-102.24902,23.12057],[-102.24467,23.12327]]],[[[-102.24981,23.11157],[-102.25062,23.11241],[-102.25058,23.11285],[-102.25374,23.11572],[-102.25385,23.11177],[-102.24981,23.11157]]],[[[-102.25764,23.1132],[-102.26355,23.111],[-102.26086,23.10913],[-102.25764,23.1132]]],[[[-102.26706,23.09693],[-102.27106,23.0975],[-102.27392,23.08572],[-102.26872,23.08401],[-102.26706,23.09693]]],[[[-102.26015,23.09095],[-102.25661,23.09431],[-102.26233,23.09348],[-102.26015,23.09095]]],[[[-102.32153,23.14096],[-102.31853,23.14489],[-102.32266,23.14542],[-102.32153,23.14096]]],[[[-102.40817,23.15684],[-102.41217,23.15572],[-102.41636,23.15002],[-102.40674,23.14699],[-102.40233,23.15329],[-102.40817,23.15684]]],[[[-102.41788,23.16001],[-102.42373,23.15682],[-102.41913,23.15659],[-102.41788,23.16001]]],[[[-102.39468,23.155],[-102.39168,23.15906],[-102.39477,23.16108],[-102.39775,23.15678],[-102.39468,23.155]]],[[[-102.43343,23.18397],[-102.43432,23.18207],[-102.42419,23.17988],[-102.42498,23.18406],[-102.43343,23.18397]]],[[[-102.49106,23.08252],[-102.4904,23.08392],[-102.48919,23.08704],[-102.49286,23.08717],[-102.4924,23.08078],[-102.49106,23.08252]]],[[[-102.41303,23.1066],[-102.41603,23.10193],[-102.40917,23.10121],[-102.40861,23.10627],[-102.41303,23.1066]]],[[[-102.26449,23.07529],[-102.26387,23.07567],[-102.26362,23.0761],[-102.26327,23.07934],[-102.26449,23.07529]]],[[[-102.40819,22.90286],[-102.40821,22.90287],[-102.40819,22.90285],[-102.40451,22.89492],[-102.40377,22.89143],[-102.4036,22.89054],[-102.40318,22.88894],[-102.40199,22.87993],[-102.39724,22.88685],[-102.39457,22.89605],[-102.39641,22.89927],[-102.39047,22.90012],[-102.39051,22.90845],[-102.37765,22.90852],[-102.37834,22.91215],[-102.38322,22.91101],[-102.38868,22.91248],[-102.39383,22.92545],[-102.39402,22.92625],[-102.39576,22.93191],[-102.39646,22.91543],[-102.39862,22.9125],[-102.40301,22.91253],[-102.40295,22.91892],[-102.40561,22.91708],[-102.40989,22.9049],[-102.40792,22.90361],[-102.40819,22.90286]]],[[[-103.54451,22.80625],[-103.53836,22.81397],[-103.53781,22.81831],[-103.54403,22.82251],[-103.5418,22.82392],[-103.54808,22.82608],[-103.54797,22.82258],[-103.54244,22.81812],[-103.54552,22.81336],[-103.54309,22.8087],[-103.54451,22.80625]]],[[[-103.50836,22.78226],[-103.5047,22.78226],[-103.50392,22.78774],[-103.50709,22.78366],[-103.5086,22.78549],[-103.51534,22.78299],[-103.50921,22.78271],[-103.50836,22.78226]]],[[[-103.57874,22.78701],[-103.57057,22.77928],[-103.57135,22.78626],[-103.57874,22.78701]]],[[[-103.58116,22.73584],[-103.57937,22.74006],[-103.58546,22.73662],[-103.58116,22.73584]]],[[[-103.58479,22.75194],[-103.58515,22.75436],[-103.60444,22.74507],[-103.60498,22.73896],[-103.59401,22.74079],[-103.59089,22.7381],[-103.58884,22.74244],[-103.58619,22.74204],[-103.58754,22.75181],[-103.58479,22.75194]]],[[[-103.2593,21.82425],[-103.25888,21.82156],[-103.2541,21.82426],[-103.2593,21.82425]]],[[[-103.25112,21.83198],[-103.25751,21.82578],[-103.24997,21.82602],[-103.25112,21.83198]]],[[[-103.27316,21.89906],[-103.27005,21.89777],[-103.27223,21.90049],[-103.2783,21.90167],[-103.27836,21.90402],[-103.2794,21.90132],[-103.274,21.89941],[-103.27316,21.89906]]],[[[-103.06895,22.44824],[-103.08179,22.44201],[-103.07959,22.43906],[-103.08391,22.43525],[-103.08263,22.43047],[-103.07961,22.43672],[-103.07503,22.43503],[-103.07215,22.44441],[-103.06895,22.44824]]],[[[-102.87955,22.01264],[-102.8826,22.01499],[-102.88492,22.01179],[-102.87955,22.01264]]],[[[-102.88237,21.99811],[-102.88163,21.99785],[-102.87975,21.99951],[-102.88001,22.0008],[-102.88015,22.00149],[-102.87928,22.00949],[-102.88384,22.00694],[-102.88128,22.00485],[-102.88237,21.99811]]],[[[-102.87588,21.98839],[-102.87103,21.98893],[-102.87011,21.99251],[-102.87196,21.99541],[-102.8741,21.9888],[-102.87566,21.9952],[-102.87588,21.98839]]],[[[-102.87606,21.93153],[-102.8804,21.92816],[-102.87974,21.91936],[-102.87889,21.9212],[-102.86926,21.91927],[-102.8717,21.922],[-102.8677,21.92749],[-102.87544,21.92952],[-102.87606,21.93153]]],[[[-102.87887,21.9346],[-102.87792,21.93432],[-102.87737,21.93415],[-102.87643,21.93387],[-102.87224,21.93581],[-102.86305,21.93522],[-102.85791,21.94396],[-102.86342,21.94634],[-102.87735,21.94692],[-102.87959,21.94291],[-102.87879,21.93587],[-102.87887,21.9346]]],[[[-102.9729,21.87212],[-102.97233,21.8708],[-102.97158,21.87024],[-102.97048,21.87154],[-102.9729,21.87212]]],[[[-102.97505,21.89342],[-102.97336,21.89518],[-102.9773,21.89631],[-102.97564,21.89282],[-102.97505,21.89342]]],[[[-102.98677,21.88659],[-102.9895,21.89422],[-102.99234,21.89415],[-102.98815,21.88541],[-102.98677,21.88659]]],[[[-102.98043,21.88168],[-102.98032,21.88738],[-102.9848,21.88272],[-102.98043,21.88168]]],[[[-103.84224,23.75216],[-103.84239,23.75283],[-103.84726,23.75849],[-103.84401,23.74902],[-103.8399,23.7487],[-103.84224,23.75216]]],[[[-103.54924,23.93532],[-103.54763,23.93933],[-103.55123,23.93852],[-103.54924,23.93532]]],[[[-103.65097,23.8311],[-103.65322,23.83334],[-103.6568,23.82996],[-103.64962,23.82565],[-103.65097,23.8311]]],[[[-103.40034,23.65134],[-103.40162,23.65216],[-103.40171,23.65223],[-103.403,23.65306],[-103.40797,23.6541],[-103.40094,23.64662],[-103.40034,23.65134]]],[[[-103.11678,23.67626],[-103.11667,23.67627],[-103.11621,23.6833],[-103.11839,23.68415],[-103.12591,23.67948],[-103.13312,23.68024],[-103.13251,23.68857],[-103.13726,23.69046],[-103.14286,23.68573],[-103.14677,23.68522],[-103.14702,23.67879],[-103.14122,23.67573],[-103.13686,23.67634],[-103.12764,23.6712],[-103.12564,23.67528],[-103.11797,23.67476],[-103.11678,23.67626]]],[[[-103.22034,23.71609],[-103.21965,23.71992],[-103.2232,23.71976],[-103.22034,23.71609]]],[[[-103.33975,23.6601],[-103.33439,23.6575],[-103.32995,23.65698],[-103.33511,23.66134],[-103.33975,23.6601]]],[[[-103.37987,23.64013],[-103.38043,23.64465],[-103.38412,23.64544],[-103.3833,23.64104],[-103.37987,23.64013]]],[[[-103.13923,23.63445],[-103.12592,23.64208],[-103.12489,23.64596],[-103.13109,23.6494],[-103.13516,23.64949],[-103.13708,23.64437],[-103.14124,23.63973],[-103.13923,23.63445]]],[[[-103.1537,23.63063],[-103.14596,23.63601],[-103.15384,23.63854],[-103.15943,23.63351],[-103.15786,23.62857],[-103.15389,23.63054],[-103.1537,23.63063]]],[[[-103.1714,23.61589],[-103.16538,23.61925],[-103.16351,23.62038],[-103.15959,23.62489],[-103.16217,23.62658],[-103.16706,23.62507],[-103.17292,23.61733],[-103.1714,23.61589]]],[[[-103.11855,23.60239],[-103.12157,23.60806],[-103.1248,23.60026],[-103.13401,23.59349],[-103.13021,23.5929],[-103.11855,23.60239]]],[[[-103.11437,23.61231],[-103.1132,23.6093],[-103.10842,23.61072],[-103.11283,23.61496],[-103.11437,23.61231]]],[[[-103.23975,23.61125],[-103.24204,23.61185],[-103.24543,23.60748],[-103.25434,23.60851],[-103.25467,23.60855],[-103.25591,23.60869],[-103.25911,23.60906],[-103.26007,23.60848],[-103.25061,23.59964],[-103.24501,23.59632],[-103.23808,23.60305],[-103.23446,23.60298],[-103.23701,23.61053],[-103.23975,23.61125]]],[[[-103.20181,23.60646],[-103.19988,23.60361],[-103.19545,23.60522],[-103.20181,23.60646]]],[[[-103.19748,23.63424],[-103.20064,23.63354],[-103.20233,23.6285],[-103.20679,23.62811],[-103.20309,23.61906],[-103.19681,23.61709],[-103.19535,23.6202],[-103.19748,23.63424]]],[[[-103.14686,23.63811],[-103.1421,23.64136],[-103.1438,23.64575],[-103.14729,23.64472],[-103.14686,23.63811]]],[[[-103.21565,23.58795],[-103.21979,23.589],[-103.2123,23.58178],[-103.21003,23.5857],[-103.21565,23.58795]]],[[[-102.99756,23.58789],[-102.99097,23.59218],[-103.00076,23.59156],[-103.00091,23.5862],[-102.99756,23.58789]]],[[[-102.96017,23.57535],[-102.96191,23.57084],[-102.96748,23.56957],[-102.96417,23.54895],[-102.96006,23.54884],[-102.96004,23.56508],[-102.96337,23.56486],[-102.96012,23.56923],[-102.96017,23.57535]]],[[[-103.2669,23.55324],[-103.27071,23.54652],[-103.26309,23.55002],[-103.2669,23.55324]]],[[[-103.32244,23.55678],[-103.32494,23.55928],[-103.32589,23.55525],[-103.32191,23.5514],[-103.31453,23.55414],[-103.31523,23.55764],[-103.31829,23.55531],[-103.32244,23.55678]]],[[[-103.00499,23.86966],[-103.00337,23.873],[-102.99697,23.87701],[-102.99446,23.88338],[-102.99617,23.88804],[-102.99733,23.87911],[-103.00191,23.87968],[-103.00681,23.87558],[-103.00905,23.8738],[-103.00499,23.86966]]],[[[-102.99038,23.86472],[-102.98379,23.86775],[-102.98094,23.86648],[-102.9783,23.87306],[-102.98017,23.87611],[-102.98495,23.87731],[-102.97693,23.87857],[-102.97126,23.88504],[-102.9836,23.88486],[-102.98635,23.88081],[-102.98717,23.87927],[-102.98735,23.87818],[-102.98768,23.87614],[-102.98822,23.8728],[-102.99512,23.86715],[-102.99833,23.86588],[-102.99962,23.85926],[-102.99191,23.85808],[-102.98766,23.86311],[-102.99038,23.86472]]],[[[-103.04634,23.83047],[-103.04305,23.83213],[-103.04213,23.83275],[-103.04065,23.83387],[-103.03566,23.83767],[-103.02959,23.84463],[-103.0254,23.85221],[-103.0186,23.85561],[-103.02044,23.85763],[-103.0304,23.84863],[-103.02887,23.84698],[-103.03638,23.83891],[-103.04069,23.83922],[-103.04634,23.83047]]],[[[-103.06054,23.82739],[-103.0528,23.82557],[-103.0472,23.82982],[-103.05157,23.82764],[-103.06054,23.82739]]],[[[-103.07082,23.8291],[-103.07327,23.83096],[-103.07648,23.83028],[-103.07931,23.83469],[-103.08442,23.83722],[-103.07908,23.83141],[-103.0797,23.82843],[-103.06957,23.82207],[-103.06745,23.81773],[-103.06874,23.80817],[-103.07177,23.80751],[-103.07321,23.80318],[-103.08041,23.80172],[-103.0855,23.79485],[-103.08415,23.78975],[-103.09021,23.78436],[-103.08561,23.78519],[-103.08558,23.7852],[-103.0813,23.7867],[-103.08029,23.79723],[-103.06869,23.8054],[-103.06788,23.81392],[-103.06309,23.82274],[-103.06627,23.82535],[-103.07082,23.8291]]],[[[-103.09219,23.75921],[-103.08786,23.7667],[-103.08953,23.76987],[-103.09033,23.77138],[-103.09043,23.7729],[-103.09031,23.77764],[-103.09139,23.78012],[-103.09194,23.78063],[-103.09334,23.78192],[-103.09359,23.78215],[-103.10073,23.78387],[-103.09651,23.78225],[-103.09912,23.77386],[-103.10272,23.76755],[-103.10064,23.76763],[-103.09838,23.75868],[-103.09455,23.75951],[-103.09189,23.76453],[-103.09219,23.75921]]],[[[-103.10598,23.74747],[-103.1065,23.75145],[-103.10096,23.75552],[-103.09394,23.75773],[-103.10234,23.75752],[-103.11131,23.75456],[-103.10598,23.74747]]],[[[-103.10822,23.73658],[-103.10773,23.73712],[-103.10772,23.73713],[-103.10505,23.74028],[-103.10822,23.73658]]],[[[-103.05801,23.80797],[-103.05964,23.80658],[-103.05585,23.80444],[-103.05182,23.80849],[-103.05296,23.81077],[-103.05801,23.80797]]],[[[-103.01895,23.84262],[-103.02199,23.83845],[-103.01757,23.83881],[-103.0122,23.83029],[-103.01022,23.83034],[-103.00928,23.84001],[-103.01175,23.8442],[-103.01697,23.84671],[-103.01822,23.84412],[-103.01895,23.84262]]],[[[-103.00033,23.85568],[-103.00415,23.85255],[-102.99854,23.85312],[-102.99572,23.85108],[-102.99318,23.85491],[-102.99755,23.85796],[-103.00033,23.85568]]],[[[-103.10574,23.74562],[-103.10774,23.74119],[-103.11235,23.73845],[-103.11542,23.73393],[-103.10991,23.73535],[-103.10514,23.74096],[-103.10574,23.74562]]],[[[-103.11399,23.73039],[-103.11164,23.73395],[-103.11608,23.73281],[-103.11399,23.73039]]],[[[-103.13554,23.84596],[-103.14053,23.84559],[-103.14011,23.83742],[-103.13745,23.83655],[-103.13554,23.84596]]],[[[-103.12598,23.84745],[-103.13546,23.83826],[-103.12981,23.83607],[-103.13001,23.83937],[-103.1232,23.83896],[-103.12166,23.8417],[-103.12598,23.84745]]],[[[-103.09866,23.71995],[-103.10313,23.71819],[-103.09862,23.71163],[-103.10095,23.70162],[-103.09511,23.71036],[-103.09989,23.71795],[-103.09866,23.71995]]],[[[-101.40906,22.00208],[-101.40883,21.99902],[-101.41347,21.99832],[-101.40271,21.99781],[-101.40238,21.98323],[-101.41615,21.98524],[-101.41529,21.97618],[-101.41729,21.96993],[-101.41403,21.96178],[-101.41596,21.96089],[-101.41385,21.95427],[-101.41654,21.9544],[-101.41621,21.94858],[-101.40938,21.94663],[-101.40512,21.94864],[-101.40465,21.95037],[-101.40463,21.95044],[-101.4043,21.95279],[-101.40406,21.95333],[-101.40402,21.95343],[-101.40382,21.95378],[-101.4029,21.95609],[-101.40354,21.96124],[-101.40061,21.96003],[-101.40065,21.96015],[-101.40092,21.96082],[-101.40093,21.96086],[-101.3986,21.96514],[-101.39834,21.96531],[-101.39548,21.96805],[-101.39854,21.983],[-101.39955,21.98389],[-101.39939,21.98404],[-101.39859,21.98476],[-101.39712,21.98606],[-101.39464,21.98828],[-101.39596,21.99127],[-101.39103,21.99545],[-101.39332,21.99814],[-101.40263,21.99781],[-101.40314,22.002],[-101.40906,22.00208]],[[-101.40324,21.97875],[-101.40049,21.97547],[-101.40539,21.97365],[-101.40631,21.97715],[-101.40324,21.97875]]],[[[-101.47122,22.10747],[-101.47561,22.10766],[-101.48364,22.10128],[-101.48385,22.09393],[-101.48559,22.09078],[-101.48032,22.08947],[-101.47737,22.09248],[-101.46592,22.09335],[-101.46208,22.0962],[-101.4656,22.10149],[-101.47012,22.1007],[-101.4692,22.10698],[-101.47122,22.10747]]],[[[-101.7244,22.03781],[-101.72689,22.03743],[-101.71969,22.03258],[-101.72218,22.02864],[-101.72442,22.03068],[-101.73319,22.0237],[-101.73209,22.01988],[-101.72396,22.02428],[-101.72488,22.00676],[-101.72085,22.00377],[-101.71511,22.00401],[-101.71423,21.99997],[-101.70639,22.00183],[-101.70669,22.01995],[-101.70992,22.02293],[-101.70407,22.02275],[-101.70248,22.02959],[-101.70016,22.02916],[-101.69937,22.04058],[-101.70149,22.04471],[-101.70722,22.04691],[-101.72006,22.04366],[-101.72109,22.03997],[-101.7244,22.03781]]],[[[-101.39156,22.00743],[-101.39095,22.01459],[-101.38758,22.01795],[-101.39196,22.02072],[-101.3918,22.02485],[-101.40256,22.02631],[-101.41086,22.0243],[-101.40946,22.00611],[-101.39156,22.00743]]],[[[-102.49863,23.03637],[-102.48907,23.03783],[-102.48604,23.0411],[-102.48377,23.05179],[-102.48771,23.05147],[-102.49863,23.03637]]],[[[-102.48985,23.0232],[-102.48964,23.02856],[-102.4917,23.03445],[-102.49567,23.03101],[-102.49644,23.03034],[-102.50181,23.02708],[-102.50166,23.03223],[-102.50492,23.02775],[-102.49351,23.02205],[-102.48985,23.0232]]],[[[-102.44746,23.03199],[-102.45534,23.02642],[-102.45582,23.0228],[-102.44742,23.02262],[-102.44746,23.03199]]],[[[-102.3634,22.9959],[-102.35937,22.99821],[-102.36232,23.00495],[-102.36864,23.00344],[-102.3638,23.00048],[-102.3634,22.9959]]],[[[-102.36991,22.99419],[-102.36359,22.99587],[-102.36559,23.00037],[-102.37099,23.00157],[-102.36498,23.0087],[-102.37258,23.00597],[-102.37195,22.99749],[-102.36917,22.99944],[-102.36991,22.99419]]],[[[-102.60173,23.02664],[-102.60117,23.02664],[-102.60117,23.02748],[-102.60171,23.02748],[-102.60173,23.02664]]],[[[-102.59955,23.02998],[-102.60033,23.02914],[-102.5996,23.02914],[-102.59955,23.02998]]],[[[-102.37413,23.03452],[-102.37636,23.03192],[-102.37059,23.02962],[-102.36956,23.03246],[-102.37413,23.03452]]],[[[-102.40404,23.04908],[-102.4156,23.0512],[-102.41562,23.04651],[-102.41137,23.04589],[-102.41301,23.04135],[-102.40704,23.04017],[-102.40404,23.04908]]],[[[-102.10617,22.52623],[-102.10255,22.52568],[-102.0985,22.52506],[-102.09008,22.52383],[-102.07717,22.5243],[-102.07715,22.52431],[-102.07645,22.528],[-102.0769,22.53358],[-102.06788,22.53117],[-102.07152,22.5281],[-102.06867,22.5266],[-102.06723,22.52554],[-102.06447,22.52326],[-102.0599,22.52391],[-102.05765,22.52783],[-102.05831,22.53566],[-102.08173,22.53642],[-102.08859,22.54769],[-102.08817,22.54986],[-102.0872,22.55411],[-102.09104,22.55294],[-102.09301,22.54704],[-102.09119,22.53995],[-102.08703,22.53452],[-102.10063,22.53367],[-102.10133,22.53362],[-102.10535,22.53332],[-102.11116,22.52706],[-102.10617,22.52623]]],[[[-102.29413,22.55854],[-102.29491,22.55048],[-102.29144,22.54874],[-102.29106,22.54415],[-102.28752,22.54402],[-102.28814,22.53853],[-102.27436,22.53402],[-102.27611,22.52892],[-102.27512,22.5191],[-102.27248,22.51782],[-102.27347,22.51204],[-102.27449,22.50606],[-102.26971,22.49508],[-102.26922,22.49376],[-102.26884,22.49273],[-102.27011,22.49969],[-102.26495,22.4968],[-102.26776,22.49503],[-102.26841,22.48938],[-102.26831,22.48814],[-102.26825,22.48728],[-102.26763,22.47901],[-102.264,22.47552],[-102.26279,22.4764],[-102.25676,22.48009],[-102.25686,22.48481],[-102.25911,22.48213],[-102.26323,22.48625],[-102.25674,22.48626],[-102.25698,22.49268],[-102.25697,22.49305],[-102.25682,22.50033],[-102.2568,22.50122],[-102.25675,22.50372],[-102.25671,22.50587],[-102.25663,22.50963],[-102.25855,22.51246],[-102.25263,22.53353],[-102.2506,22.53667],[-102.25161,22.55966],[-102.25363,22.56459],[-102.25703,22.56236],[-102.26077,22.56829],[-102.26115,22.57262],[-102.26762,22.57102],[-102.27108,22.57314],[-102.27309,22.56251],[-102.27492,22.57147],[-102.26838,22.57545],[-102.27544,22.57455],[-102.2828,22.57531],[-102.28594,22.57769],[-102.28634,22.57373],[-102.29281,22.57198],[-102.30431,22.57231],[-102.30171,22.56886],[-102.29362,22.56428],[-102.29413,22.55854]],[[-102.26401,22.5111],[-102.26713,22.51154],[-102.26777,22.51902],[-102.26454,22.51746],[-102.26226,22.51071],[-102.26382,22.51106],[-102.26401,22.5111]]],[[[-102.33726,22.65311],[-102.33477,22.64813],[-102.33074,22.64997],[-102.33146,22.65386],[-102.33726,22.65311]]],[[[-102.23194,22.62241],[-102.24149,22.62207],[-102.24634,22.62335],[-102.24886,22.62701],[-102.25324,22.62708],[-102.2544,22.63229],[-102.25193,22.64037],[-102.2417,22.64037],[-102.23632,22.63862],[-102.23591,22.64186],[-102.23503,22.64737],[-102.2592,22.65203],[-102.26036,22.64518],[-102.25846,22.64398],[-102.25906,22.62683],[-102.25347,22.62484],[-102.26177,22.62294],[-102.25224,22.6089],[-102.23463,22.60754],[-102.22956,22.61013],[-102.23092,22.61526],[-102.22909,22.62103],[-102.23194,22.62241]]],[[[-102.32326,22.60595],[-102.32464,22.60342],[-102.32196,22.60108],[-102.31762,22.60185],[-102.31293,22.59874],[-102.31683,22.59615],[-102.32246,22.59663],[-102.32092,22.58548],[-102.31636,22.58506],[-102.31709,22.57928],[-102.31056,22.57865],[-102.30997,22.59028],[-102.30559,22.59228],[-102.30557,22.5972],[-102.30189,22.59633],[-102.30172,22.59844],[-102.3066,22.60265],[-102.30935,22.60584],[-102.31248,22.60559],[-102.31319,22.60554],[-102.32046,22.60861],[-102.32326,22.60595]]],[[[-102.25052,22.58695],[-102.25042,22.5822],[-102.24669,22.57797],[-102.24189,22.5834],[-102.2473,22.59439],[-102.25015,22.59176],[-102.25052,22.58695]]],[[[-102.24096,22.57715],[-102.23828,22.58237],[-102.24084,22.58304],[-102.24343,22.57791],[-102.24096,22.57715]]],[[[-102.26555,22.58167],[-102.2751,22.58188],[-102.27152,22.57858],[-102.26689,22.5777],[-102.26555,22.58167]]],[[[-102.2757,22.61101],[-102.26784,22.60959],[-102.26803,22.62503],[-102.27747,22.6251],[-102.27737,22.62185],[-102.27265,22.62123],[-102.27369,22.61481],[-102.2757,22.61101]]],[[[-102.31814,22.6191],[-102.32154,22.61906],[-102.31981,22.61504],[-102.31814,22.6191]]],[[[-102.32983,22.57283],[-102.3216,22.56956],[-102.32062,22.57338],[-102.32961,22.57375],[-102.32983,22.57283]]],[[[-102.24509,22.5655],[-102.24474,22.5698],[-102.24467,22.57016],[-102.24452,22.57089],[-102.24685,22.57098],[-102.24509,22.5655]]],[[[-101.88868,22.32681],[-101.88906,22.32697],[-101.89034,22.32753],[-101.8907,22.32766],[-101.893,22.32767],[-101.89448,22.32797],[-101.89261,22.3264],[-101.88975,22.32546],[-101.88633,22.32336],[-101.88602,22.32313],[-101.88461,22.32209],[-101.88357,22.32542],[-101.88255,22.32965],[-101.87649,22.32932],[-101.86937,22.3375],[-101.87953,22.33595],[-101.88868,22.32681]]],[[[-101.96343,22.35292],[-101.96662,22.35306],[-101.97845,22.35343],[-101.98482,22.35358],[-102.0084,22.35383],[-102.00904,22.3814],[-102.02069,22.38151],[-102.02078,22.38315],[-102.03867,22.38318],[-102.04499,22.37768],[-102.04604,22.38118],[-102.0557,22.38112],[-102.05502,22.37566],[-102.05851,22.37559],[-102.06113,22.37903],[-102.07005,22.38137],[-102.07139,22.38577],[-102.07931,22.38613],[-102.08583,22.38817],[-102.08877,22.3726],[-102.0889,22.37137],[-102.08545,22.36619],[-102.0886,22.36747],[-102.08694,22.3643],[-102.08407,22.36088],[-102.08631,22.35666],[-102.08454,22.34914],[-102.08217,22.34892],[-102.08262,22.33776],[-102.08016,22.33227],[-102.08023,22.32655],[-102.07978,22.32336],[-102.07628,22.32092],[-102.08015,22.31851],[-102.0758,22.31544],[-102.0793,22.31208],[-102.07294,22.30977],[-102.07562,22.30607],[-102.07368,22.30541],[-102.07221,22.30491],[-102.07028,22.30775],[-102.07047,22.31666],[-102.0602,22.3243],[-102.05441,22.31993],[-102.05387,22.31917],[-102.04324,22.31382],[-102.03714,22.30522],[-102.03381,22.30351],[-102.02701,22.30459],[-102.02289,22.30765],[-102.02195,22.31435],[-102.01623,22.31931],[-102.01421,22.32648],[-102.00713,22.32842],[-102.00268,22.3318],[-101.99981,22.32211],[-101.99746,22.32695],[-101.99055,22.32458],[-101.9773,22.33032],[-101.96828,22.3235],[-101.96726,22.32762],[-101.97318,22.32782],[-101.97287,22.33973],[-101.97935,22.33941],[-101.97776,22.34921],[-101.96287,22.34898],[-101.96332,22.32746],[-101.96551,22.32425],[-101.95733,22.33013],[-101.9531,22.32815],[-101.9533,22.33173],[-101.95666,22.33225],[-101.95712,22.3386],[-101.95367,22.34803],[-101.94996,22.35232],[-101.95581,22.35263],[-101.96343,22.35292]],[[-102.05881,22.34743],[-102.06117,22.34038],[-102.06347,22.34487],[-102.06991,22.34481],[-102.06847,22.35439],[-102.06206,22.35257],[-102.05881,22.34743]],[[-101.98804,22.34561],[-101.9859,22.33898],[-101.98371,22.33912],[-101.98393,22.3328],[-101.99814,22.33325],[-101.99882,22.33536],[-101.99027,22.33579],[-101.98804,22.34561]],[[-102.04959,22.33684],[-102.04315,22.33543],[-102.03751,22.33161],[-102.03216,22.33169],[-102.03461,22.32186],[-102.04013,22.33083],[-102.04716,22.33159],[-102.04959,22.33684]]],[[[-101.9667,22.36001],[-101.96791,22.36839],[-101.97533,22.36964],[-101.97447,22.36055],[-101.9667,22.36001]]],[[[-101.93576,22.35522],[-101.93552,22.3546],[-101.92919,22.35216],[-101.9172,22.35295],[-101.92227,22.35557],[-101.92635,22.35435],[-101.93277,22.35641],[-101.93576,22.35522]]],[[[-103.56953,24.18345],[-103.58022,24.17974],[-103.57968,24.17856],[-103.57956,24.17846],[-103.58726,24.17044],[-103.57663,24.16691],[-103.5694,24.16597],[-103.56722,24.15712],[-103.57325,24.14683],[-103.57624,24.13894],[-103.585,24.13362],[-103.59418,24.12768],[-103.59245,24.12063],[-103.5948,24.11628],[-103.58913,24.11468],[-103.58212,24.11654],[-103.57649,24.12466],[-103.57495,24.1209],[-103.56909,24.12333],[-103.56363,24.13008],[-103.56783,24.12908],[-103.56468,24.13302],[-103.56166,24.14528],[-103.56141,24.15512],[-103.55639,24.15722],[-103.55158,24.16231],[-103.55512,24.17575],[-103.55821,24.18192],[-103.55898,24.18739],[-103.56198,24.19136],[-103.56511,24.18682],[-103.56953,24.18345]]],[[[-103.40342,24.07737],[-103.38968,24.08309],[-103.38493,24.07675],[-103.37562,24.07711],[-103.36864,24.07965],[-103.36599,24.07824],[-103.36441,24.07148],[-103.35203,24.08355],[-103.34449,24.0753],[-103.3381,24.08166],[-103.34701,24.0921],[-103.34928,24.09498],[-103.35431,24.10126],[-103.37154,24.11533],[-103.36694,24.11804],[-103.3667,24.12088],[-103.37076,24.12675],[-103.37619,24.12215],[-103.38453,24.12438],[-103.38687,24.12178],[-103.39202,24.12195],[-103.39247,24.11882],[-103.3991,24.11895],[-103.39979,24.11295],[-103.42781,24.11333],[-103.4267,24.11576],[-103.4342,24.11794],[-103.43629,24.11354],[-103.44943,24.11347],[-103.4471,24.10889],[-103.44646,24.10104],[-103.43752,24.10097],[-103.43573,24.09088],[-103.43085,24.0908],[-103.43003,24.08674],[-103.42535,24.08373],[-103.42515,24.07817],[-103.42272,24.07541],[-103.40829,24.07629],[-103.40839,24.06389],[-103.41088,24.06197],[-103.40971,24.06089],[-103.39843,24.06803],[-103.40352,24.07468],[-103.40342,24.07737]],[[-103.39705,24.10328],[-103.39509,24.10009],[-103.41221,24.10009],[-103.40856,24.10193],[-103.39691,24.1008],[-103.39705,24.10328]],[[-103.4153,24.1054],[-103.42034,24.10288],[-103.42033,24.10638],[-103.4153,24.1054]],[[-103.39386,24.10274],[-103.38982,24.10003],[-103.39476,24.10006],[-103.39386,24.10274]],[[-103.41638,24.0997],[-103.3969,24.09895],[-103.40318,24.09666],[-103.41636,24.09815],[-103.41638,24.0997]],[[-103.3869,24.09887],[-103.38589,24.09404],[-103.39014,24.0971],[-103.39677,24.09349],[-103.39651,24.09889],[-103.3869,24.09887]],[[-103.36713,24.08737],[-103.36262,24.08424],[-103.36607,24.08346],[-103.36713,24.08737]]],[[[-103.6753,24.11272],[-103.68099,24.11375],[-103.68923,24.11285],[-103.68727,24.1103],[-103.6753,24.11272]]],[[[-103.64133,24.09192],[-103.65207,24.09791],[-103.65011,24.09382],[-103.64715,24.09414],[-103.64566,24.09021],[-103.64133,24.09192]]],[[[-103.6298,24.09196],[-103.63295,24.09375],[-103.63698,24.09172],[-103.6298,24.09196]]],[[[-103.60766,24.10895],[-103.61051,24.10145],[-103.61892,24.09684],[-103.60745,24.10279],[-103.60766,24.10895]]],[[[-103.47093,24.32124],[-103.47085,24.32127],[-103.47135,24.32153],[-103.47093,24.32124]]],[[[-103.39367,24.15232],[-103.4009,24.14521],[-103.38852,24.14496],[-103.38836,24.14865],[-103.38425,24.15211],[-103.39292,24.1523],[-103.39367,24.15232]]],[[[-103.38563,24.23503],[-103.38768,24.23389],[-103.38351,24.22765],[-103.37911,24.23014],[-103.38563,24.23503]]],[[[-101.5729,24.84148],[-101.57369,24.84125],[-101.57419,24.84111],[-101.57496,24.8409],[-101.57585,24.84064],[-101.5809,24.83808],[-101.57231,24.84164],[-101.57289,24.84148],[-101.5729,24.84148]]],[[[-101.5962,24.82188],[-101.59563,24.82237],[-101.59297,24.82343],[-101.59201,24.82377],[-101.59021,24.82368],[-101.59139,24.82615],[-101.59806,24.82282],[-101.59752,24.82077],[-101.5962,24.82188]]],[[[-102.03997,24.2113],[-102.0422,24.21374],[-102.0434,24.20818],[-102.03997,24.2113]]],[[[-102.02525,24.2033],[-102.03081,24.20706],[-102.03098,24.20335],[-102.02525,24.2033]]],[[[-101.39156,24.10705],[-101.38998,24.11177],[-101.39366,24.11261],[-101.39456,24.1074],[-101.39156,24.10705]]],[[[-102.25441,22.43755],[-102.25925,22.43921],[-102.26432,22.43763],[-102.26187,22.42083],[-102.25949,22.41622],[-102.2638,22.40911],[-102.2639,22.40895],[-102.25394,22.39427],[-102.25072,22.38803],[-102.25044,22.38767],[-102.25029,22.38748],[-102.24997,22.38729],[-102.24964,22.38714],[-102.24943,22.38668],[-102.24908,22.38609],[-102.24898,22.38579],[-102.24274,22.37874],[-102.24255,22.37884],[-102.23872,22.38089],[-102.24104,22.38315],[-102.23933,22.38803],[-102.24184,22.39901],[-102.23516,22.39814],[-102.23251,22.40287],[-102.23006,22.40162],[-102.22706,22.40678],[-102.22097,22.40624],[-102.21832,22.41031],[-102.21561,22.40969],[-102.21412,22.41511],[-102.22468,22.41617],[-102.22869,22.40929],[-102.23917,22.41195],[-102.23888,22.41755],[-102.24546,22.41806],[-102.24623,22.4253],[-102.25706,22.42347],[-102.25787,22.42671],[-102.25283,22.43143],[-102.25441,22.43755]]],[[[-102.18897,22.3994],[-102.19447,22.40143],[-102.19706,22.39936],[-102.199,22.38875],[-102.18864,22.38889],[-102.18665,22.39366],[-102.17669,22.3928],[-102.17666,22.40018],[-102.1865,22.40114],[-102.18897,22.3994]]],[[[-102.20869,22.39383],[-102.21209,22.39505],[-102.21288,22.38999],[-102.20321,22.38825],[-102.20222,22.3929],[-102.20869,22.39383]]],[[[-102.21491,22.40014],[-102.21746,22.40148],[-102.22028,22.39664],[-102.22511,22.39894],[-102.22758,22.3945],[-102.22047,22.39065],[-102.21491,22.40014]]],[[[-101.91522,22.2517],[-101.91737,22.25386],[-101.91946,22.25032],[-101.91616,22.24822],[-101.91522,22.2517]]],[[[-101.85821,22.23814],[-101.86277,22.23154],[-101.85989,22.22918],[-101.85926,22.23465],[-101.85592,22.23439],[-101.85821,22.23814]]],[[[-103.07269,22.57396],[-103.0705,22.57745],[-103.06251,22.57927],[-103.06283,22.58332],[-103.07569,22.576],[-103.07269,22.57396]]],[[[-102.95014,22.81965],[-102.95232,22.81446],[-102.94686,22.81199],[-102.94653,22.81524],[-102.94924,22.81748],[-102.9475,22.82052],[-102.94754,22.82098],[-102.95004,22.82265],[-102.95032,22.82243],[-102.95014,22.81965]]],[[[-102.95089,22.81102],[-102.95074,22.81069],[-102.95043,22.81001],[-102.94951,22.808],[-102.94943,22.80781],[-102.95097,22.79931],[-102.95191,22.79589],[-102.95409,22.79109],[-102.94701,22.79435],[-102.9458,22.80098],[-102.9471,22.81086],[-102.95089,22.81102]]],[[[-102.9548,22.78791],[-102.9564,22.78384],[-102.95632,22.78211],[-102.95607,22.77916],[-102.95607,22.77915],[-102.95717,22.77733],[-102.95821,22.77113],[-102.95825,22.77019],[-102.95826,22.77014],[-102.95835,22.76797],[-102.95838,22.76752],[-102.9584,22.76705],[-102.95864,22.76182],[-102.95893,22.75928],[-102.95969,22.75339],[-102.96087,22.74854],[-102.95664,22.75098],[-102.95239,22.75835],[-102.95415,22.76316],[-102.95359,22.77085],[-102.95381,22.77165],[-102.95406,22.77258],[-102.9543,22.77344],[-102.95542,22.78047],[-102.95236,22.78775],[-102.94773,22.79315],[-102.9548,22.78791]]],[[[-102.9654,22.74091],[-102.96517,22.74017],[-102.96505,22.73991],[-102.96392,22.73999],[-102.9654,22.74091]]],[[[-103.05258,22.66361],[-103.05329,22.66312],[-103.05286,22.66278],[-103.05246,22.66356],[-103.05258,22.66361]]],[[[-102.98761,22.61801],[-102.99196,22.61067],[-102.98682,22.6092],[-102.98531,22.61483],[-102.98761,22.61801]]],[[[-103.05502,22.61782],[-103.05412,22.61782],[-103.05454,22.61865],[-103.05502,22.61782]]],[[[-102.95334,22.79857],[-102.95184,22.80243],[-102.95067,22.80616],[-102.95293,22.81033],[-102.95368,22.80154],[-102.95334,22.79857]]],[[[-102.95371,22.8173],[-102.95496,22.81564],[-102.95536,22.81435],[-102.95378,22.81523],[-102.95371,22.8173]]],[[[-103.05013,22.61699],[-103.05246,22.61699],[-103.04996,22.61671],[-103.05013,22.61699]]],[[[-102.97786,21.80392],[-102.97624,21.8048],[-102.97948,21.81193],[-102.98144,21.82178],[-102.98384,21.82033],[-102.98936,21.82236],[-102.98829,21.82643],[-102.9908,21.82944],[-102.98342,21.83473],[-102.98381,21.83557],[-102.99319,21.83725],[-103.00263,21.83498],[-103.00137,21.83673],[-103.01359,21.83684],[-103.01379,21.83987],[-103.02005,21.83755],[-103.01376,21.83528],[-103.01209,21.82541],[-103.00301,21.81848],[-102.99198,21.81553],[-102.99377,21.81153],[-102.99015,21.80651],[-102.98913,21.80628],[-102.98784,21.80984],[-102.98229,21.81053],[-102.98111,21.80383],[-102.98,21.80376],[-102.97786,21.80392]]],[[[-102.37173,22.91643],[-102.37032,22.91645],[-102.36924,22.90108],[-102.36187,22.90069],[-102.36045,22.90363],[-102.35221,22.90343],[-102.35238,22.9084],[-102.3433,22.9132],[-102.34469,22.91453],[-102.33243,22.91804],[-102.34077,22.92843],[-102.34664,22.92873],[-102.34797,22.92351],[-102.35052,22.92677],[-102.352,22.93496],[-102.34342,22.935],[-102.34136,22.93016],[-102.33735,22.93039],[-102.33761,22.92491],[-102.33498,22.92243],[-102.32946,22.92267],[-102.32965,22.9267],[-102.33478,22.92693],[-102.33296,22.93383],[-102.33615,22.93502],[-102.3238,22.93648],[-102.32298,22.9343],[-102.31237,22.93506],[-102.31101,22.94193],[-102.31257,22.94566],[-102.31319,22.94716],[-102.31409,22.94933],[-102.31485,22.95115],[-102.31552,22.95395],[-102.31568,22.95482],[-102.31658,22.9596],[-102.32122,22.96043],[-102.32364,22.95773],[-102.32422,22.95707],[-102.33167,22.95243],[-102.34064,22.94987],[-102.34072,22.94982],[-102.34925,22.94439],[-102.35887,22.93492],[-102.35942,22.93373],[-102.3623,22.92747],[-102.37173,22.91643]]],[[[-102.34205,22.91004],[-102.34416,22.90375],[-102.34042,22.90384],[-102.34205,22.91004]]],[[[-102.3027,22.87565],[-102.29958,22.87715],[-102.29734,22.87436],[-102.29943,22.88395],[-102.30449,22.88379],[-102.3027,22.87565]]],[[[-102.33278,22.86295],[-102.33759,22.8624],[-102.33386,22.854],[-102.32235,22.82422],[-102.31918,22.82499],[-102.32037,22.83087],[-102.32434,22.83686],[-102.3255,22.84768],[-102.33107,22.86205],[-102.33278,22.86295]]],[[[-102.27822,22.83967],[-102.27852,22.84065],[-102.27867,22.84115],[-102.28125,22.84283],[-102.28183,22.83524],[-102.27805,22.83913],[-102.27822,22.83967]]],[[[-102.26718,22.8328],[-102.26836,22.82703],[-102.26583,22.82737],[-102.26718,22.8328]]],[[[-102.34664,22.92873],[-102.34529,22.93261],[-102.34938,22.93264],[-102.34664,22.92873]]],[[[-102.05163,22.67612],[-102.04807,22.67478],[-102.04543,22.68079],[-102.05092,22.68267],[-102.05138,22.67751],[-102.05163,22.67612]]],[[[-103.20635,24.12169],[-103.20749,24.12287],[-103.21626,24.11545],[-103.20853,24.10669],[-103.20219,24.11361],[-103.19935,24.11878],[-103.20322,24.12238],[-103.20635,24.12169]]],[[[-103.10092,23.9327],[-103.09992,23.93466],[-103.10521,23.93883],[-103.11258,23.93976],[-103.1195,23.94311],[-103.12118,23.9397],[-103.11071,23.93618],[-103.10322,23.93658],[-103.10299,23.93485],[-103.10092,23.9327]]],[[[-102.69858,23.01393],[-102.69858,23.01348],[-102.69853,23.01332],[-102.69775,23.01332],[-102.6982,23.01415],[-102.69858,23.01393]]],[[[-102.72825,23.0383],[-102.72773,23.03913],[-102.72822,23.03913],[-102.72825,23.0383]]],[[[-102.72425,23.0408],[-102.72606,23.03997],[-102.72431,23.03997],[-102.72425,23.0408]]],[[[-102.75187,23.03736],[-102.75187,23.03747],[-102.75373,23.03747],[-102.75187,23.03736]]],[[[-102.75077,23.0383],[-102.75187,23.03747],[-102.75081,23.03747],[-102.75077,23.0383]]],[[[-102.71319,23.02331],[-102.71274,23.02415],[-102.7132,23.02415],[-102.71319,23.02331]]],[[[-102.71107,23.02618],[-102.71107,23.02581],[-102.70941,23.0262],[-102.71107,23.02618]]],[[[-102.70736,23.03081],[-102.70774,23.02998],[-102.70737,23.02998],[-102.70736,23.03081]]],[[[-102.69005,22.9975],[-102.69026,22.9975],[-102.68987,22.99651],[-102.6898,22.99655],[-102.68966,22.9969],[-102.69005,22.9975]]],[[[-102.69349,23.005],[-102.69359,23.005],[-102.69359,23.00494],[-102.69349,23.005]]],[[[-102.87029,23.5083],[-102.86788,23.51233],[-102.86443,23.51204],[-102.86778,23.51795],[-102.87634,23.51921],[-102.87815,23.51413],[-102.86939,23.51337],[-102.87029,23.5083]]],[[[-102.66066,23.14238],[-102.66112,23.14238],[-102.66085,23.13573],[-102.65602,23.13611],[-102.66096,23.13949],[-102.66066,23.14238]]],[[[-102.66692,23.17569],[-102.66694,23.17569],[-102.66693,23.17563],[-102.66692,23.17569]]],[[[-102.66557,23.17735],[-102.66611,23.17735],[-102.66611,23.17724],[-102.66557,23.17735]]],[[[-102.66195,23.18503],[-102.66278,23.18485],[-102.66278,23.18318],[-102.66361,23.18235],[-102.66361,23.18068],[-102.66445,23.17985],[-102.66445,23.17902],[-102.66528,23.17818],[-102.66528,23.17741],[-102.66114,23.18043],[-102.66195,23.18503]]],[[[-102.80062,23.09658],[-102.80078,23.10261],[-102.80293,23.10261],[-102.80062,23.09658]]],[[[-102.79278,23.08299],[-102.79246,23.08843],[-102.7976,23.09093],[-102.79278,23.08299]]],[[[-102.91343,23.52737],[-102.91595,23.5333],[-102.92026,23.53328],[-102.92033,23.52673],[-102.91343,23.52737]]],[[[-102.90356,23.51579],[-102.90605,23.51569],[-102.9057,23.50912],[-102.90375,23.50904],[-102.90356,23.51579]]],[[[-102.91223,23.50385],[-102.91624,23.50441],[-102.91676,23.50016],[-102.91285,23.49958],[-102.91223,23.50385]]],[[[-102.90958,23.49738],[-102.91746,23.49781],[-102.91696,23.49356],[-102.90958,23.49738]]],[[[-102.98724,23.45544],[-102.99289,23.45637],[-102.99304,23.45149],[-102.98862,23.45166],[-102.98724,23.45544]]],[[[-102.99754,23.46707],[-103.00117,23.46836],[-103.0048,23.46207],[-102.9997,23.46175],[-102.99825,23.4575],[-102.99393,23.45904],[-102.99754,23.46707]]],[[[-103.01554,23.4453],[-103.02223,23.44183],[-103.01546,23.44191],[-103.01554,23.4453]]],[[[-102.83359,23.43371],[-102.83672,23.43185],[-102.8352,23.42987],[-102.82894,23.42982],[-102.82916,23.43353],[-102.83359,23.43371]]],[[[-103.00116,23.41769],[-102.99614,23.41789],[-102.98983,23.41449],[-102.99355,23.41751],[-102.99103,23.42075],[-102.98651,23.41725],[-102.98268,23.42036],[-102.98532,23.43301],[-102.99159,23.43487],[-102.99277,23.42978],[-102.99802,23.42767],[-102.99455,23.42411],[-102.99854,23.42341],[-103.00116,23.41769]]],[[[-103.03209,23.42703],[-103.03323,23.43082],[-103.03718,23.43153],[-103.03457,23.42491],[-103.03566,23.42147],[-103.02965,23.41992],[-103.03209,23.42703]]],[[[-102.84981,23.42524],[-102.85094,23.41909],[-102.8389,23.41782],[-102.83764,23.42516],[-102.8257,23.42397],[-102.82582,23.42751],[-102.8398,23.42864],[-102.84084,23.42568],[-102.84594,23.42616],[-102.84981,23.42524]]],[[[-102.92299,23.41523],[-102.92721,23.41578],[-102.92582,23.4065],[-102.91567,23.40576],[-102.91132,23.41026],[-102.91556,23.41261],[-102.92282,23.413],[-102.92299,23.41523]]],[[[-102.93979,23.4049],[-102.93588,23.40485],[-102.93591,23.40874],[-102.9466,23.40989],[-102.94713,23.40586],[-102.93979,23.4049]]],[[[-102.93234,23.40033],[-102.93614,23.40037],[-102.93661,23.39699],[-102.93216,23.39673],[-102.93234,23.40033]]],[[[-102.88302,23.39569],[-102.88311,23.39836],[-102.89398,23.39808],[-102.8941,23.39534],[-102.88302,23.39569]]],[[[-103.02998,23.4025],[-103.03041,23.39924],[-103.02277,23.39539],[-103.02848,23.40593],[-103.02998,23.404],[-103.02998,23.4025]]],[[[-103.01522,23.40854],[-103.02179,23.41019],[-103.02521,23.4182],[-103.02943,23.41683],[-103.03159,23.40987],[-103.0284,23.40652],[-103.02333,23.39746],[-103.01915,23.39752],[-103.01767,23.40567],[-103.01522,23.40854]]],[[[-102.96123,23.39317],[-102.97247,23.39236],[-102.97686,23.37802],[-102.97426,23.37434],[-102.96786,23.37486],[-102.96799,23.37154],[-102.95919,23.37063],[-102.9592,23.37789],[-102.96212,23.37824],[-102.96192,23.38458],[-102.95929,23.38449],[-102.96123,23.39317]]],[[[-102.95287,23.38608],[-102.95279,23.3915],[-102.95882,23.3914],[-102.95287,23.38608]]],[[[-102.92737,23.38762],[-102.93058,23.39025],[-102.93619,23.38946],[-102.94004,23.3861],[-102.93782,23.38121],[-102.93314,23.38107],[-102.93293,23.37767],[-102.92717,23.37609],[-102.92737,23.38762]]],[[[-102.88509,23.38529],[-102.89154,23.38683],[-102.89272,23.37706],[-102.90047,23.37753],[-102.9005,23.3818],[-102.90661,23.38263],[-102.90656,23.37565],[-102.89983,23.37552],[-102.89874,23.37178],[-102.90371,23.3684],[-102.89937,23.36336],[-102.8954,23.36672],[-102.89674,23.37098],[-102.89151,23.37407],[-102.88521,23.37491],[-102.8845,23.38027],[-102.88104,23.37678],[-102.87269,23.37971],[-102.8734,23.38287],[-102.88314,23.38259],[-102.88509,23.38529]]],[[[-102.85729,23.36744],[-102.85832,23.36819],[-102.8622,23.36432],[-102.85283,23.36491],[-102.85289,23.36677],[-102.85724,23.3674],[-102.85729,23.36744]]],[[[-102.95928,23.36402],[-102.97263,23.363],[-102.9727,23.359],[-102.97874,23.35723],[-102.97007,23.35752],[-102.96671,23.35079],[-102.9594,23.35072],[-102.95928,23.36402]]],[[[-102.95324,23.33655],[-102.95024,23.34298],[-102.93487,23.34387],[-102.93485,23.35093],[-102.94718,23.35093],[-102.94683,23.34589],[-102.95865,23.34511],[-102.95854,23.33649],[-102.95324,23.33655]]],[[[-102.95923,23.33649],[-102.95925,23.34509],[-102.96919,23.34496],[-102.97002,23.33637],[-102.95923,23.33649]]],[[[-102.99281,23.33664],[-102.99221,23.33042],[-102.98434,23.33047],[-102.98531,23.32581],[-102.98098,23.32587],[-102.97951,23.32897],[-102.98487,23.33683],[-102.99281,23.33664]]],[[[-102.91891,23.33357],[-102.92138,23.33379],[-102.92181,23.33955],[-102.92507,23.34013],[-102.9251,23.34542],[-102.92848,23.34529],[-102.92845,23.34071],[-102.93495,23.34031],[-102.93467,23.33683],[-102.92947,23.3371],[-102.92942,23.33074],[-102.92025,23.33173],[-102.91891,23.33357]]],[[[-102.92685,23.32213],[-102.92443,23.32556],[-102.92679,23.3277],[-102.92685,23.32213]]],[[[-102.98947,23.37954],[-102.9897,23.37368],[-102.98797,23.36529],[-102.98241,23.36552],[-102.98079,23.36072],[-102.97337,23.36113],[-102.97865,23.37021],[-102.9781,23.37504],[-102.98612,23.37568],[-102.98947,23.37954]]],[[[-102.93303,23.37069],[-102.93325,23.37536],[-102.93619,23.3751],[-102.9364,23.37073],[-102.93303,23.37069]]],[[[-102.92127,23.37168],[-102.9211,23.37405],[-102.92716,23.37412],[-102.9272,23.37165],[-102.92127,23.37168]]],[[[-102.98572,23.32072],[-102.98349,23.31916],[-102.98017,23.31062],[-102.97414,23.31431],[-102.97049,23.31191],[-102.97245,23.30237],[-102.96513,23.30206],[-102.96548,23.308],[-102.97457,23.32103],[-102.98572,23.32072]]],[[[-102.99212,23.31412],[-102.98945,23.32064],[-102.99346,23.32056],[-102.99212,23.31412]]],[[[-102.96083,23.31556],[-102.95992,23.32094],[-102.96763,23.3211],[-102.96635,23.31117],[-102.96179,23.31084],[-102.96083,23.31556]]],[[[-102.94652,23.32127],[-102.95317,23.32112],[-102.95338,23.31558],[-102.94661,23.3149],[-102.94652,23.32127]]],[[[-102.50646,23.29526],[-102.51823,23.29524],[-102.52189,23.29248],[-102.51452,23.28827],[-102.50656,23.29192],[-102.50646,23.29526]]],[[[-102.58379,23.2873],[-102.5858,23.28724],[-102.58423,23.27855],[-102.5779,23.27892],[-102.57902,23.28525],[-102.58379,23.2873]]],[[[-102.99603,23.28824],[-103.00323,23.28357],[-103.00341,23.27926],[-102.99281,23.27932],[-102.98698,23.28238],[-102.98469,23.2811],[-102.97957,23.28459],[-102.98623,23.28277],[-102.99603,23.28824]]],[[[-102.96539,23.27376],[-102.9662,23.2597],[-102.96399,23.26252],[-102.96539,23.27376]]],[[[-102.98076,23.27068],[-102.98512,23.27532],[-102.98648,23.27267],[-102.9831,23.26838],[-102.98076,23.27068]]],[[[-102.81048,23.19118],[-102.80986,23.19161],[-102.81136,23.1959],[-102.82242,23.19442],[-102.8229,23.18838],[-102.81041,23.19227],[-102.81048,23.19118]]],[[[-102.83706,23.1941],[-102.84136,23.19306],[-102.84073,23.1855],[-102.8432,23.18319],[-102.85398,23.18238],[-102.8529,23.17763],[-102.83802,23.1736],[-102.83094,23.18218],[-102.83521,23.19307],[-102.83706,23.1941]]],[[[-102.82456,23.18052],[-102.82378,23.18494],[-102.82908,23.1865],[-102.82911,23.17992],[-102.82456,23.18052]]],[[[-102.82711,23.16132],[-102.82288,23.16346],[-102.82571,23.16949],[-102.82987,23.17186],[-102.8346,23.16381],[-102.82711,23.16132]]],[[[-102.93185,23.27049],[-102.93677,23.27006],[-102.93462,23.26689],[-102.93185,23.27049]]],[[[-103.13516,23.3326],[-103.13353,23.32856],[-103.13794,23.33096],[-103.14306,23.3286],[-103.14154,23.3255],[-103.13627,23.32593],[-103.13394,23.32342],[-103.13172,23.32938],[-103.13516,23.3326]]],[[[-103.12194,23.32944],[-103.125,23.33469],[-103.12692,23.33399],[-103.12194,23.32944]]],[[[-103.13114,23.33437],[-103.13501,23.34017],[-103.13402,23.33276],[-103.13114,23.33437]]],[[[-103.14042,23.33529],[-103.14382,23.33704],[-103.14379,23.33337],[-103.14042,23.33529]]],[[[-102.87839,23.32282],[-102.88109,23.31902],[-102.877,23.31898],[-102.87839,23.32282]]],[[[-102.91189,23.38782],[-102.91945,23.38767],[-102.9199,23.38091],[-102.91159,23.38108],[-102.90937,23.38565],[-102.91189,23.38782]]],[[[-102.8536,23.38644],[-102.86072,23.3878],[-102.86057,23.38606],[-102.8536,23.38644]]],[[[-102.92206,23.42641],[-102.93033,23.42535],[-102.93123,23.42066],[-102.93637,23.41854],[-102.92684,23.41788],[-102.92625,23.42256],[-102.92234,23.42172],[-102.92206,23.42641]]],[[[-103.87744,23.58516],[-103.87248,23.58342],[-103.86468,23.58491],[-103.86176,23.58729],[-103.87744,23.58516]]],[[[-102.32268,22.42986],[-102.32786,22.4293],[-102.32939,22.42877],[-102.33617,22.42584],[-102.34093,22.42594],[-102.34774,22.42022],[-102.35455,22.41226],[-102.35113,22.40565],[-102.3513,22.4116],[-102.34724,22.41053],[-102.34438,22.40419],[-102.33651,22.39675],[-102.33209,22.39675],[-102.32118,22.40057],[-102.32117,22.40431],[-102.32116,22.40529],[-102.32116,22.4053],[-102.3211,22.40991],[-102.3211,22.40992],[-102.32109,22.40999],[-102.32105,22.41439],[-102.32103,22.41829],[-102.321,22.41836],[-102.31929,22.42287],[-102.31896,22.42374],[-102.32412,22.42632],[-102.32268,22.42986]]],[[[-102.31644,22.52845],[-102.31409,22.52123],[-102.31077,22.5237],[-102.31259,22.52831],[-102.31644,22.52845]]],[[[-102.32526,22.50975],[-102.32339,22.51353],[-102.32359,22.5231],[-102.32164,22.52878],[-102.32562,22.52906],[-102.32961,22.52504],[-102.33694,22.52851],[-102.33518,22.5241],[-102.3293,22.521],[-102.33061,22.50916],[-102.32912,22.50702],[-102.32526,22.50975]]],[[[-102.35178,22.44669],[-102.35424,22.44901],[-102.35779,22.4467],[-102.35178,22.44669]]],[[[-101.1895,24.63211],[-101.18761,24.62292],[-101.17792,24.60459],[-101.17378,24.60559],[-101.17398,24.613],[-101.17784,24.61761],[-101.18484,24.62205],[-101.1895,24.63211]]],[[[-101.18324,24.58114],[-101.18317,24.57972],[-101.1796,24.57655],[-101.17681,24.58234],[-101.18324,24.58114]]],[[[-101.33234,24.4005],[-101.33306,24.40133],[-101.33389,24.40216],[-101.33389,24.4055],[-101.33472,24.40716],[-101.33472,24.40799],[-101.34138,24.40799],[-101.34221,24.40716],[-101.34222,24.40633],[-101.34151,24.39708],[-101.33205,24.39701],[-101.33234,24.4005]]],[[[-101.3572,24.39095],[-101.3572,24.39134],[-101.35803,24.39217],[-101.35803,24.39301],[-101.35887,24.39374],[-101.35935,24.39128],[-101.3572,24.39095]]],[[[-102.79766,23.4838],[-102.79106,23.49302],[-102.79673,23.48795],[-102.79766,23.4838]]],[[[-102.7282,23.5935],[-102.7316,23.59231],[-102.73471,23.58392],[-102.7303,23.5832],[-102.7282,23.5935]]],[[[-102.76529,23.56614],[-102.7778,23.55637],[-102.77278,23.55147],[-102.76779,23.55378],[-102.76603,23.55821],[-102.75987,23.56506],[-102.76529,23.56614]]],[[[-102.76911,23.54423],[-102.7667,23.54579],[-102.75364,23.55471],[-102.75951,23.55656],[-102.76126,23.55554],[-102.76889,23.55147],[-102.77467,23.54065],[-102.76911,23.54423]]],[[[-102.77727,23.53503],[-102.78846,23.53509],[-102.78932,23.53175],[-102.78369,23.53177],[-102.7843,23.52883],[-102.77892,23.52851],[-102.77727,23.53503]]],[[[-102.82763,23.53037],[-102.83205,23.52876],[-102.83484,23.51731],[-102.83274,23.51516],[-102.8358,23.51245],[-102.8287,23.50956],[-102.82305,23.51516],[-102.8182,23.51422],[-102.82223,23.52077],[-102.82506,23.52841],[-102.82763,23.53037]]],[[[-102.81963,23.50946],[-102.82085,23.51239],[-102.82524,23.51027],[-102.81963,23.50946]]],[[[-102.83516,23.51947],[-102.84426,23.5233],[-102.84825,23.51806],[-102.84825,23.51299],[-102.83979,23.51414],[-102.83516,23.51947]]],[[[-102.85531,23.51867],[-102.85696,23.51656],[-102.86158,23.51812],[-102.86189,23.51341],[-102.85566,23.51194],[-102.85531,23.51867]]],[[[-102.8342,23.52485],[-102.84025,23.52789],[-102.84045,23.52488],[-102.83506,23.52178],[-102.8342,23.52485]]],[[[-102.85096,23.49669],[-102.85343,23.49789],[-102.8551,23.49317],[-102.85246,23.49239],[-102.85096,23.49669]]],[[[-102.63863,23.09691],[-102.63947,23.09742],[-102.63889,23.09659],[-102.63863,23.09691]]],[[[-102.64835,23.00833],[-102.64779,23.00833],[-102.64829,23.00916],[-102.64835,23.00833]]],[[[-102.64446,23.00709],[-102.64613,23.00749],[-102.64472,23.00666],[-102.64446,23.00709]]],[[[-102.68609,23.00374],[-102.68609,23.00416],[-102.68687,23.00416],[-102.68609,23.00374]]],[[[-102.68443,23.00473],[-102.68443,23.005],[-102.68609,23.00416],[-102.68539,23.00416],[-102.68443,23.00473]]],[[[-102.6836,23.00522],[-102.6836,23.00583],[-102.68443,23.005],[-102.68398,23.005],[-102.6836,23.00522]]],[[[-102.6831,23.00666],[-102.6836,23.00583],[-102.68276,23.00614],[-102.6831,23.00666]]],[[[-102.67072,23.02248],[-102.67277,23.02165],[-102.67073,23.02165],[-102.67072,23.02248]]],[[[-102.66694,23.02308],[-102.66694,23.02331],[-102.66861,23.02311],[-102.66694,23.02308]]],[[[-102.66611,23.0252],[-102.66611,23.02498],[-102.66506,23.02498],[-102.66611,23.0252]]],[[[-102.6761,23.01688],[-102.6761,23.01665],[-102.67527,23.01735],[-102.6761,23.01688]]],[[[-102.67777,23.01595],[-102.67777,23.01582],[-102.6761,23.01665],[-102.6765,23.01665],[-102.67777,23.01595]]],[[[-102.67943,23.01081],[-102.67943,23.01082],[-102.67952,23.01082],[-102.67943,23.01081]]],[[[-102.67777,23.0114],[-102.67777,23.01166],[-102.67943,23.01082],[-102.67941,23.01082],[-102.67777,23.0114]]],[[[-102.63587,22.99554],[-102.63604,22.99118],[-102.63517,22.99174],[-102.63587,22.99568],[-102.63587,22.99554]]],[[[-102.23632,22.37386],[-102.23558,22.37354],[-102.2347,22.37359],[-102.23763,22.3751],[-102.23775,22.37408],[-102.23674,22.37401],[-102.23632,22.37386]]]]},"properties":{"POTENCIAL":"MEDIO"}}
]}